{"type": "FeatureCollection", "features": [{"type": "Feature", "geometry": {"type": "Point", "coordinates": [-77.0061065, -12.1314916]}, "properties": {"id": 33820214, "feat_type": "way", "quality_categories": "missing_tags, older_than_five_years, uncanny_keys", "issue_ids": "[0, 1, 2]", "osm_url": "https://www.openstreetmap.org/way/33820214", "josm_url": "http://127.0.0.1:8111/load_object?new_layer=false&objects=w33820214", "id_url": "https://www.openstreetmap.org/edit?editor=id&way=33820214#map=20/-12.1314916/-77.0061065"}}, {"type": "Feature", "geometry": {"type": "Point", "coordinates": [-77.0038855, -12.1215472]}, "properties": {"id": 46263923, "feat_type": "way", "quality_categories": "uncanny_keys", "issue_ids": "[3]", "osm_url": "https://www.openstreetmap.org/way/46263923", "josm_url": "http://127.0.0.1:8111/load_object?new_layer=false&objects=w46263923", "id_url": "https://www.openstreetmap.org/edit?editor=id&way=46263923#map=20/-12.1215472/-77.0038855"}}, {"type": "Feature", "geometry": {"type": "Point", "coordinates": [-77.0591176, -12.052213]}, "properties": {"id": 53833391, "feat_type": "way", "quality_categories": "missing_tags, uncanny_keys", "issue_ids": "[4, 2]", "osm_url": "https://www.openstreetmap.org/way/53833391", "josm_url": "http://127.0.0.1:8111/load_object?new_layer=false&objects=w53833391", "id_url": "https://www.openstreetmap.org/edit?editor=id&way=53833391#map=20/-12.052213/-77.0591176"}}, {"type": "Feature", "geometry": {"type": "Point", "coordinates": [-77.0585013, -12.0520192]}, "properties": {"id": 53833398, "feat_type": "way", "quality_categories": "missing_tags, older_than_five_years, uncanny_keys", "issue_ids": "[5, 6, 2]", "osm_url": "https://www.openstreetmap.org/way/53833398", "josm_url": "http://127.0.0.1:8111/load_object?new_layer=false&objects=w53833398", "id_url": "https://www.openstreetmap.org/edit?editor=id&way=53833398#map=20/-12.0520192/-77.0585013"}}, {"type": "Feature", "geometry": {"type": "Point", "coordinates": [-77.0590006, -12.0519321]}, "properties": {"id": 53833399, "feat_type": "way", "quality_categories": "missing_tags, older_than_five_years, uncanny_keys", "issue_ids": "[4, 7, 2]", "osm_url": "https://www.openstreetmap.org/way/53833399", "josm_url": "http://127.0.0.1:8111/load_object?new_layer=false&objects=w53833399", "id_url": "https://www.openstreetmap.org/edit?editor=id&way=53833399#map=20/-12.0519321/-77.0590006"}}, {"type": "Feature", "geometry": {"type": "Point", "coordinates": [-77.0595789, -12.0520417]}, "properties": {"id": 53833400, "feat_type": "way", "quality_categories": "missing_tags, uncanny_keys", "issue_ids": "[8, 2]", "osm_url": "https://www.openstreetmap.org/way/53833400", "josm_url": "http://127.0.0.1:8111/load_object?new_layer=false&objects=w53833400", "id_url": "https://www.openstreetmap.org/edit?editor=id&way=53833400#map=20/-12.0520417/-77.0595789"}}, {"type": "Feature", "geometry": {"type": "Point", "coordinates": [-77.0594648, -12.0517595]}, "properties": {"id": 53833405, "feat_type": "way", "quality_categories": "uncanny_keys", "issue_ids": "[8]", "osm_url": "https://www.openstreetmap.org/way/53833405", "josm_url": "http://127.0.0.1:8111/load_object?new_layer=false&objects=w53833405", "id_url": "https://www.openstreetmap.org/edit?editor=id&way=53833405#map=20/-12.0517595/-77.0594648"}}, {"type": "Feature", "geometry": {"type": "Point", "coordinates": [-77.0651597, -12.0518401]}, "properties": {"id": 54609975, "feat_type": "way", "quality_categories": "missing_tags, uncanny_keys", "issue_ids": "[9, 2]", "osm_url": "https://www.openstreetmap.org/way/54609975", "josm_url": "http://127.0.0.1:8111/load_object?new_layer=false&objects=w54609975", "id_url": "https://www.openstreetmap.org/edit?editor=id&way=54609975#map=20/-12.0518401/-77.0651597"}}, {"type": "Feature", "geometry": {"type": "Point", "coordinates": [-77.0147902, -11.9845497]}, "properties": {"id": 67624795, "feat_type": "way", "quality_categories": "uncanny_keys", "issue_ids": "[10]", "osm_url": "https://www.openstreetmap.org/way/67624795", "josm_url": "http://127.0.0.1:8111/load_object?new_layer=false&objects=w67624795", "id_url": "https://www.openstreetmap.org/edit?editor=id&way=67624795#map=20/-11.9845497/-77.0147902"}}, {"type": "Feature", "geometry": {"type": "Point", "coordinates": [-77.0109758, -12.0227772]}, "properties": {"id": 68200164, "feat_type": "way", "quality_categories": "uncanny_keys", "issue_ids": "[11]", "osm_url": "https://www.openstreetmap.org/way/68200164", "josm_url": "http://127.0.0.1:8111/load_object?new_layer=false&objects=w68200164", "id_url": "https://www.openstreetmap.org/edit?editor=id&way=68200164#map=20/-12.0227772/-77.0109758"}}, {"type": "Feature", "geometry": {"type": "Point", "coordinates": [-77.0056421, -12.0188957]}, "properties": {"id": 68212696, "feat_type": "way", "quality_categories": "missing_tags, older_than_five_years, uncanny_keys", "issue_ids": "[12, 13, 2]", "osm_url": "https://www.openstreetmap.org/way/68212696", "josm_url": "http://127.0.0.1:8111/load_object?new_layer=false&objects=w68212696", "id_url": "https://www.openstreetmap.org/edit?editor=id&way=68212696#map=20/-12.0188957/-77.0056421"}}, {"type": "Feature", "geometry": {"type": "Point", "coordinates": [-77.0080037, -12.0212348]}, "properties": {"id": 68212705, "feat_type": "way", "quality_categories": "missing_tags, older_than_five_years, uncanny_keys", "issue_ids": "[14, 13, 2]", "osm_url": "https://www.openstreetmap.org/way/68212705", "josm_url": "http://127.0.0.1:8111/load_object?new_layer=false&objects=w68212705", "id_url": "https://www.openstreetmap.org/edit?editor=id&way=68212705#map=20/-12.0212348/-77.0080037"}}, {"type": "Feature", "geometry": {"type": "Point", "coordinates": [-77.01466, -12.0088361]}, "properties": {"id": 68314463, "feat_type": "way", "quality_categories": "missing_tags, older_than_five_years, uncanny_keys", "issue_ids": "[15, 16, 2]", "osm_url": "https://www.openstreetmap.org/way/68314463", "josm_url": "http://127.0.0.1:8111/load_object?new_layer=false&objects=w68314463", "id_url": "https://www.openstreetmap.org/edit?editor=id&way=68314463#map=20/-12.0088361/-77.01466"}}, {"type": "Feature", "geometry": {"type": "Point", "coordinates": [-77.0135017, -12.010388]}, "properties": {"id": 68314464, "feat_type": "way", "quality_categories": "missing_tags, older_than_five_years, uncanny_keys", "issue_ids": "[17, 16, 2]", "osm_url": "https://www.openstreetmap.org/way/68314464", "josm_url": "http://127.0.0.1:8111/load_object?new_layer=false&objects=w68314464", "id_url": "https://www.openstreetmap.org/edit?editor=id&way=68314464#map=20/-12.010388/-77.0135017"}}, {"type": "Feature", "geometry": {"type": "Point", "coordinates": [-77.0106733, -12.0220067]}, "properties": {"id": 68317934, "feat_type": "way", "quality_categories": "missing_tags, older_than_five_years, uncanny_keys", "issue_ids": "[18, 13, 2]", "osm_url": "https://www.openstreetmap.org/way/68317934", "josm_url": "http://127.0.0.1:8111/load_object?new_layer=false&objects=w68317934", "id_url": "https://www.openstreetmap.org/edit?editor=id&way=68317934#map=20/-12.0220067/-77.0106733"}}, {"type": "Feature", "geometry": {"type": "Point", "coordinates": [-77.010781, -12.0235536]}, "properties": {"id": 68317963, "feat_type": "way", "quality_categories": "missing_tags, older_than_five_years, uncanny_keys", "issue_ids": "[19, 13, 2]", "osm_url": "https://www.openstreetmap.org/way/68317963", "josm_url": "http://127.0.0.1:8111/load_object?new_layer=false&objects=w68317963", "id_url": "https://www.openstreetmap.org/edit?editor=id&way=68317963#map=20/-12.0235536/-77.010781"}}, {"type": "Feature", "geometry": {"type": "Point", "coordinates": [-77.058858, -12.0297167]}, "properties": {"id": 71094146, "feat_type": "way", "quality_categories": "missing_tags, older_than_five_years, uncanny_keys", "issue_ids": "[20, 21, 2]", "osm_url": "https://www.openstreetmap.org/way/71094146", "josm_url": "http://127.0.0.1:8111/load_object?new_layer=false&objects=w71094146", "id_url": "https://www.openstreetmap.org/edit?editor=id&way=71094146#map=20/-12.0297167/-77.058858"}}, {"type": "Feature", "geometry": {"type": "Point", "coordinates": [-77.0563089, -11.936382]}, "properties": {"id": 111799948, "feat_type": "way", "quality_categories": "uncanny_keys", "issue_ids": "[22]", "osm_url": "https://www.openstreetmap.org/way/111799948", "josm_url": "http://127.0.0.1:8111/load_object?new_layer=false&objects=w111799948", "id_url": "https://www.openstreetmap.org/edit?editor=id&way=111799948#map=20/-11.936382/-77.0563089"}}, {"type": "Feature", "geometry": {"type": "Point", "coordinates": [-77.0559198, -11.9365569]}, "properties": {"id": 111800071, "feat_type": "way", "quality_categories": "uncanny_keys", "issue_ids": "[23]", "osm_url": "https://www.openstreetmap.org/way/111800071", "josm_url": "http://127.0.0.1:8111/load_object?new_layer=false&objects=w111800071", "id_url": "https://www.openstreetmap.org/edit?editor=id&way=111800071#map=20/-11.9365569/-77.0559198"}}, {"type": "Feature", "geometry": {"type": "Point", "coordinates": [-77.066932, -11.9336819]}, "properties": {"id": 111800072, "feat_type": "way", "quality_categories": "missing_tags, uncanny_keys", "issue_ids": "[24, 2]", "osm_url": "https://www.openstreetmap.org/way/111800072", "josm_url": "http://127.0.0.1:8111/load_object?new_layer=false&objects=w111800072", "id_url": "https://www.openstreetmap.org/edit?editor=id&way=111800072#map=20/-11.9336819/-77.066932"}}, {"type": "Feature", "geometry": {"type": "Point", "coordinates": [-76.9984196, -12.0597054]}, "properties": {"id": 111881317, "feat_type": "way", "quality_categories": "missing_tags, uncanny_keys", "issue_ids": "[25, 2]", "osm_url": "https://www.openstreetmap.org/way/111881317", "josm_url": "http://127.0.0.1:8111/load_object?new_layer=false&objects=w111881317", "id_url": "https://www.openstreetmap.org/edit?editor=id&way=111881317#map=20/-12.0597054/-76.9984196"}}, {"type": "Feature", "geometry": {"type": "Point", "coordinates": [-77.0556509, -11.9301152]}, "properties": {"id": 111883963, "feat_type": "way", "quality_categories": "missing_tags, uncanny_keys", "issue_ids": "[26, 2]", "osm_url": "https://www.openstreetmap.org/way/111883963", "josm_url": "http://127.0.0.1:8111/load_object?new_layer=false&objects=w111883963", "id_url": "https://www.openstreetmap.org/edit?editor=id&way=111883963#map=20/-11.9301152/-77.0556509"}}, {"type": "Feature", "geometry": {"type": "Point", "coordinates": [-77.0044871, -12.0667423]}, "properties": {"id": 111886781, "feat_type": "way", "quality_categories": "uncanny_keys", "issue_ids": "[27]", "osm_url": "https://www.openstreetmap.org/way/111886781", "josm_url": "http://127.0.0.1:8111/load_object?new_layer=false&objects=w111886781", "id_url": "https://www.openstreetmap.org/edit?editor=id&way=111886781#map=20/-12.0667423/-77.0044871"}}, {"type": "Feature", "geometry": {"type": "Point", "coordinates": [-76.9998011, -12.0664264]}, "properties": {"id": 111890588, "feat_type": "way", "quality_categories": "missing_tags, older_than_five_years, uncanny_keys", "issue_ids": "[28, 29, 2]", "osm_url": "https://www.openstreetmap.org/way/111890588", "josm_url": "http://127.0.0.1:8111/load_object?new_layer=false&objects=w111890588", "id_url": "https://www.openstreetmap.org/edit?editor=id&way=111890588#map=20/-12.0664264/-76.9998011"}}, {"type": "Feature", "geometry": {"type": "Point", "coordinates": [-77.0818945, -12.0824708]}, "properties": {"id": 111892060, "feat_type": "way", "quality_categories": "older_than_five_years, uncanny_keys", "issue_ids": "[30, 31]", "osm_url": "https://www.openstreetmap.org/way/111892060", "josm_url": "http://127.0.0.1:8111/load_object?new_layer=false&objects=w111892060", "id_url": "https://www.openstreetmap.org/edit?editor=id&way=111892060#map=20/-12.0824708/-77.0818945"}}, {"type": "Feature", "geometry": {"type": "Point", "coordinates": [-76.9953659, -12.0581952]}, "properties": {"id": 111894676, "feat_type": "way", "quality_categories": "missing_tags, older_than_five_years, uncanny_keys", "issue_ids": "[32, 33, 2]", "osm_url": "https://www.openstreetmap.org/way/111894676", "josm_url": "http://127.0.0.1:8111/load_object?new_layer=false&objects=w111894676", "id_url": "https://www.openstreetmap.org/edit?editor=id&way=111894676#map=20/-12.0581952/-76.9953659"}}, {"type": "Feature", "geometry": {"type": "Point", "coordinates": [-77.022344, -12.0351913]}, "properties": {"id": 111897759, "feat_type": "way", "quality_categories": "missing_tags, uncanny_keys", "issue_ids": "[34, 2]", "osm_url": "https://www.openstreetmap.org/way/111897759", "josm_url": "http://127.0.0.1:8111/load_object?new_layer=false&objects=w111897759", "id_url": "https://www.openstreetmap.org/edit?editor=id&way=111897759#map=20/-12.0351913/-77.022344"}}, {"type": "Feature", "geometry": {"type": "Point", "coordinates": [-76.9573747, -12.1489655]}, "properties": {"id": 111898306, "feat_type": "way", "quality_categories": "missing_tags, uncanny_keys", "issue_ids": "[35, 2]", "osm_url": "https://www.openstreetmap.org/way/111898306", "josm_url": "http://127.0.0.1:8111/load_object?new_layer=false&objects=w111898306", "id_url": "https://www.openstreetmap.org/edit?editor=id&way=111898306#map=20/-12.1489655/-76.9573747"}}, {"type": "Feature", "geometry": {"type": "Point", "coordinates": [-77.0796704, -12.0823611]}, "properties": {"id": 111898704, "feat_type": "way", "quality_categories": "missing_tags, uncanny_keys", "issue_ids": "[36, 2]", "osm_url": "https://www.openstreetmap.org/way/111898704", "josm_url": "http://127.0.0.1:8111/load_object?new_layer=false&objects=w111898704", "id_url": "https://www.openstreetmap.org/edit?editor=id&way=111898704#map=20/-12.0823611/-77.0796704"}}, {"type": "Feature", "geometry": {"type": "Point", "coordinates": [-76.9898612, -12.1553139]}, "properties": {"id": 111899519, "feat_type": "way", "quality_categories": "uncanny_keys", "issue_ids": "[37]", "osm_url": "https://www.openstreetmap.org/way/111899519", "josm_url": "http://127.0.0.1:8111/load_object?new_layer=false&objects=w111899519", "id_url": "https://www.openstreetmap.org/edit?editor=id&way=111899519#map=20/-12.1553139/-76.9898612"}}, {"type": "Feature", "geometry": {"type": "Point", "coordinates": [-76.995744, -12.0575553]}, "properties": {"id": 111903947, "feat_type": "way", "quality_categories": "missing_tags, older_than_five_years, uncanny_keys", "issue_ids": "[38, 39, 2]", "osm_url": "https://www.openstreetmap.org/way/111903947", "josm_url": "http://127.0.0.1:8111/load_object?new_layer=false&objects=w111903947", "id_url": "https://www.openstreetmap.org/edit?editor=id&way=111903947#map=20/-12.0575553/-76.995744"}}, {"type": "Feature", "geometry": {"type": "Point", "coordinates": [-76.9396652, -12.1110696]}, "properties": {"id": 111904190, "feat_type": "way", "quality_categories": "uncanny_keys", "issue_ids": "[40]", "osm_url": "https://www.openstreetmap.org/way/111904190", "josm_url": "http://127.0.0.1:8111/load_object?new_layer=false&objects=w111904190", "id_url": "https://www.openstreetmap.org/edit?editor=id&way=111904190#map=20/-12.1110696/-76.9396652"}}, {"type": "Feature", "geometry": {"type": "Point", "coordinates": [-77.0559041, -11.9316958]}, "properties": {"id": 111904266, "feat_type": "way", "quality_categories": "missing_tags, uncanny_keys", "issue_ids": "[41, 2]", "osm_url": "https://www.openstreetmap.org/way/111904266", "josm_url": "http://127.0.0.1:8111/load_object?new_layer=false&objects=w111904266", "id_url": "https://www.openstreetmap.org/edit?editor=id&way=111904266#map=20/-11.9316958/-77.0559041"}}, {"type": "Feature", "geometry": {"type": "Point", "coordinates": [-76.9960164, -12.0583369]}, "properties": {"id": 111905470, "feat_type": "way", "quality_categories": "missing_tags, older_than_five_years, uncanny_keys", "issue_ids": "[42, 33, 2]", "osm_url": "https://www.openstreetmap.org/way/111905470", "josm_url": "http://127.0.0.1:8111/load_object?new_layer=false&objects=w111905470", "id_url": "https://www.openstreetmap.org/edit?editor=id&way=111905470#map=20/-12.0583369/-76.9960164"}}, {"type": "Feature", "geometry": {"type": "Point", "coordinates": [-77.0831549, -12.0078845]}, "properties": {"id": 111908988, "feat_type": "way", "quality_categories": "missing_tags, older_than_five_years, uncanny_keys", "issue_ids": "[43, 44, 2]", "osm_url": "https://www.openstreetmap.org/way/111908988", "josm_url": "http://127.0.0.1:8111/load_object?new_layer=false&objects=w111908988", "id_url": "https://www.openstreetmap.org/edit?editor=id&way=111908988#map=20/-12.0078845/-77.0831549"}}, {"type": "Feature", "geometry": {"type": "Point", "coordinates": [-77.0090558, -12.0214545]}, "properties": {"id": 111917527, "feat_type": "way", "quality_categories": "missing_tags, older_than_five_years, uncanny_keys", "issue_ids": "[45, 13, 2]", "osm_url": "https://www.openstreetmap.org/way/111917527", "josm_url": "http://127.0.0.1:8111/load_object?new_layer=false&objects=w111917527", "id_url": "https://www.openstreetmap.org/edit?editor=id&way=111917527#map=20/-12.0214545/-77.0090558"}}, {"type": "Feature", "geometry": {"type": "Point", "coordinates": [-77.0671659, -11.9952095]}, "properties": {"id": 111922984, "feat_type": "way", "quality_categories": "uncanny_keys", "issue_ids": "[46]", "osm_url": "https://www.openstreetmap.org/way/111922984", "josm_url": "http://127.0.0.1:8111/load_object?new_layer=false&objects=w111922984", "id_url": "https://www.openstreetmap.org/edit?editor=id&way=111922984#map=20/-11.9952095/-77.0671659"}}, {"type": "Feature", "geometry": {"type": "Point", "coordinates": [-77.0031554, -12.068733]}, "properties": {"id": 111927155, "feat_type": "way", "quality_categories": "missing_tags, older_than_five_years, uncanny_keys", "issue_ids": "[47, 29, 2]", "osm_url": "https://www.openstreetmap.org/way/111927155", "josm_url": "http://127.0.0.1:8111/load_object?new_layer=false&objects=w111927155", "id_url": "https://www.openstreetmap.org/edit?editor=id&way=111927155#map=20/-12.068733/-77.0031554"}}, {"type": "Feature", "geometry": {"type": "Point", "coordinates": [-77.0652546, -11.9960895]}, "properties": {"id": 111928718, "feat_type": "way", "quality_categories": "uncanny_keys", "issue_ids": "[48]", "osm_url": "https://www.openstreetmap.org/way/111928718", "josm_url": "http://127.0.0.1:8111/load_object?new_layer=false&objects=w111928718", "id_url": "https://www.openstreetmap.org/edit?editor=id&way=111928718#map=20/-11.9960895/-77.0652546"}}, {"type": "Feature", "geometry": {"type": "Point", "coordinates": [-76.9572368, -12.1526471]}, "properties": {"id": 111932815, "feat_type": "way", "quality_categories": "missing_tags, older_than_five_years, uncanny_keys", "issue_ids": "[49, 50, 2]", "osm_url": "https://www.openstreetmap.org/way/111932815", "josm_url": "http://127.0.0.1:8111/load_object?new_layer=false&objects=w111932815", "id_url": "https://www.openstreetmap.org/edit?editor=id&way=111932815#map=20/-12.1526471/-76.9572368"}}, {"type": "Feature", "geometry": {"type": "Point", "coordinates": [-77.0026838, -12.0596749]}, "properties": {"id": 111933128, "feat_type": "way", "quality_categories": "missing_tags, older_than_five_years, uncanny_keys", "issue_ids": "[51, 52, 2]", "osm_url": "https://www.openstreetmap.org/way/111933128", "josm_url": "http://127.0.0.1:8111/load_object?new_layer=false&objects=w111933128", "id_url": "https://www.openstreetmap.org/edit?editor=id&way=111933128#map=20/-12.0596749/-77.0026838"}}, {"type": "Feature", "geometry": {"type": "Point", "coordinates": [-77.0657651, -11.9954601]}, "properties": {"id": 111934072, "feat_type": "way", "quality_categories": "uncanny_keys", "issue_ids": "[53]", "osm_url": "https://www.openstreetmap.org/way/111934072", "josm_url": "http://127.0.0.1:8111/load_object?new_layer=false&objects=w111934072", "id_url": "https://www.openstreetmap.org/edit?editor=id&way=111934072#map=20/-11.9954601/-77.0657651"}}, {"type": "Feature", "geometry": {"type": "Point", "coordinates": [-77.0681211, -11.9931703]}, "properties": {"id": 111934989, "feat_type": "way", "quality_categories": "uncanny_keys", "issue_ids": "[54]", "osm_url": "https://www.openstreetmap.org/way/111934989", "josm_url": "http://127.0.0.1:8111/load_object?new_layer=false&objects=w111934989", "id_url": "https://www.openstreetmap.org/edit?editor=id&way=111934989#map=20/-11.9931703/-77.0681211"}}, {"type": "Feature", "geometry": {"type": "Point", "coordinates": [-76.9495383, -12.1586313]}, "properties": {"id": 111937847, "feat_type": "way", "quality_categories": "older_than_five_years, uncanny_keys", "issue_ids": "[55, 56]", "osm_url": "https://www.openstreetmap.org/way/111937847", "josm_url": "http://127.0.0.1:8111/load_object?new_layer=false&objects=w111937847", "id_url": "https://www.openstreetmap.org/edit?editor=id&way=111937847#map=20/-12.1586313/-76.9495383"}}, {"type": "Feature", "geometry": {"type": "Point", "coordinates": [-76.9953659, -12.0581952]}, "properties": {"id": 111940012, "feat_type": "way", "quality_categories": "missing_tags, older_than_five_years, uncanny_keys", "issue_ids": "[57, 58, 2]", "osm_url": "https://www.openstreetmap.org/way/111940012", "josm_url": "http://127.0.0.1:8111/load_object?new_layer=false&objects=w111940012", "id_url": "https://www.openstreetmap.org/edit?editor=id&way=111940012#map=20/-12.0581952/-76.9953659"}}, {"type": "Feature", "geometry": {"type": "Point", "coordinates": [-76.8893286, -12.089528]}, "properties": {"id": 111940081, "feat_type": "way", "quality_categories": "missing_tags, uncanny_keys", "issue_ids": "[59, 2]", "osm_url": "https://www.openstreetmap.org/way/111940081", "josm_url": "http://127.0.0.1:8111/load_object?new_layer=false&objects=w111940081", "id_url": "https://www.openstreetmap.org/edit?editor=id&way=111940081#map=20/-12.089528/-76.8893286"}}, {"type": "Feature", "geometry": {"type": "Point", "coordinates": [-77.0661771, -11.9938057]}, "properties": {"id": 111945545, "feat_type": "way", "quality_categories": "uncanny_keys", "issue_ids": "[60]", "osm_url": "https://www.openstreetmap.org/way/111945545", "josm_url": "http://127.0.0.1:8111/load_object?new_layer=false&objects=w111945545", "id_url": "https://www.openstreetmap.org/edit?editor=id&way=111945545#map=20/-11.9938057/-77.0661771"}}, {"type": "Feature", "geometry": {"type": "Point", "coordinates": [-76.9983245, -12.0589832]}, "properties": {"id": 111947801, "feat_type": "way", "quality_categories": "missing_tags, older_than_five_years, uncanny_keys", "issue_ids": "[61, 39, 2]", "osm_url": "https://www.openstreetmap.org/way/111947801", "josm_url": "http://127.0.0.1:8111/load_object?new_layer=false&objects=w111947801", "id_url": "https://www.openstreetmap.org/edit?editor=id&way=111947801#map=20/-12.0589832/-76.9983245"}}, {"type": "Feature", "geometry": {"type": "Point", "coordinates": [-77.006705, -12.0245515]}, "properties": {"id": 111951884, "feat_type": "way", "quality_categories": "missing_tags, older_than_five_years, uncanny_keys", "issue_ids": "[62, 63, 2]", "osm_url": "https://www.openstreetmap.org/way/111951884", "josm_url": "http://127.0.0.1:8111/load_object?new_layer=false&objects=w111951884", "id_url": "https://www.openstreetmap.org/edit?editor=id&way=111951884#map=20/-12.0245515/-77.006705"}}, {"type": "Feature", "geometry": {"type": "Point", "coordinates": [-77.0678181, -11.9929316]}, "properties": {"id": 111952140, "feat_type": "way", "quality_categories": "uncanny_keys", "issue_ids": "[54]", "osm_url": "https://www.openstreetmap.org/way/111952140", "josm_url": "http://127.0.0.1:8111/load_object?new_layer=false&objects=w111952140", "id_url": "https://www.openstreetmap.org/edit?editor=id&way=111952140#map=20/-11.9929316/-77.0678181"}}, {"type": "Feature", "geometry": {"type": "Point", "coordinates": [-76.7060071, -11.9407298]}, "properties": {"id": 111954655, "feat_type": "way", "quality_categories": "missing_tags, older_than_five_years, uncanny_keys", "issue_ids": "[64, 65, 2]", "osm_url": "https://www.openstreetmap.org/way/111954655", "josm_url": "http://127.0.0.1:8111/load_object?new_layer=false&objects=w111954655", "id_url": "https://www.openstreetmap.org/edit?editor=id&way=111954655#map=20/-11.9407298/-76.7060071"}}, {"type": "Feature", "geometry": {"type": "Point", "coordinates": [-77.0674618, -11.99367]}, "properties": {"id": 111955636, "feat_type": "way", "quality_categories": "uncanny_keys", "issue_ids": "[66]", "osm_url": "https://www.openstreetmap.org/way/111955636", "josm_url": "http://127.0.0.1:8111/load_object?new_layer=false&objects=w111955636", "id_url": "https://www.openstreetmap.org/edit?editor=id&way=111955636#map=20/-11.99367/-77.0674618"}}, {"type": "Feature", "geometry": {"type": "Point", "coordinates": [-76.9970182, -12.0582857]}, "properties": {"id": 111959358, "feat_type": "way", "quality_categories": "missing_tags, older_than_five_years, uncanny_keys", "issue_ids": "[67, 39, 2]", "osm_url": "https://www.openstreetmap.org/way/111959358", "josm_url": "http://127.0.0.1:8111/load_object?new_layer=false&objects=w111959358", "id_url": "https://www.openstreetmap.org/edit?editor=id&way=111959358#map=20/-12.0582857/-76.9970182"}}, {"type": "Feature", "geometry": {"type": "Point", "coordinates": [-77.0083083, -12.0215419]}, "properties": {"id": 111962763, "feat_type": "way", "quality_categories": "missing_tags, older_than_five_years, uncanny_keys", "issue_ids": "[68, 13, 2]", "osm_url": "https://www.openstreetmap.org/way/111962763", "josm_url": "http://127.0.0.1:8111/load_object?new_layer=false&objects=w111962763", "id_url": "https://www.openstreetmap.org/edit?editor=id&way=111962763#map=20/-12.0215419/-77.0083083"}}, {"type": "Feature", "geometry": {"type": "Point", "coordinates": [-76.9832753, -12.1103282]}, "properties": {"id": 111964812, "feat_type": "way", "quality_categories": "uncanny_keys", "issue_ids": "[69]", "osm_url": "https://www.openstreetmap.org/way/111964812", "josm_url": "http://127.0.0.1:8111/load_object?new_layer=false&objects=w111964812", "id_url": "https://www.openstreetmap.org/edit?editor=id&way=111964812#map=20/-12.1103282/-76.9832753"}}, {"type": "Feature", "geometry": {"type": "Point", "coordinates": [-77.0092078, -12.0238409]}, "properties": {"id": 111965098, "feat_type": "way", "quality_categories": "missing_tags, uncanny_keys", "issue_ids": "[70, 2]", "osm_url": "https://www.openstreetmap.org/way/111965098", "josm_url": "http://127.0.0.1:8111/load_object?new_layer=false&objects=w111965098", "id_url": "https://www.openstreetmap.org/edit?editor=id&way=111965098#map=20/-12.0238409/-77.0092078"}}, {"type": "Feature", "geometry": {"type": "Point", "coordinates": [-76.9813677, -12.0770961]}, "properties": {"id": 115572637, "feat_type": "way", "quality_categories": "missing_tags, older_than_five_years, uncanny_keys", "issue_ids": "[71, 72, 2]", "osm_url": "https://www.openstreetmap.org/way/115572637", "josm_url": "http://127.0.0.1:8111/load_object?new_layer=false&objects=w115572637", "id_url": "https://www.openstreetmap.org/edit?editor=id&way=115572637#map=20/-12.0770961/-76.9813677"}}, {"type": "Feature", "geometry": {"type": "Point", "coordinates": [-76.9816068, -12.0775274]}, "properties": {"id": 115572650, "feat_type": "way", "quality_categories": "missing_tags, older_than_five_years, uncanny_keys", "issue_ids": "[73, 72, 2]", "osm_url": "https://www.openstreetmap.org/way/115572650", "josm_url": "http://127.0.0.1:8111/load_object?new_layer=false&objects=w115572650", "id_url": "https://www.openstreetmap.org/edit?editor=id&way=115572650#map=20/-12.0775274/-76.9816068"}}, {"type": "Feature", "geometry": {"type": "Point", "coordinates": [-76.9829726, -12.0772506]}, "properties": {"id": 115572663, "feat_type": "way", "quality_categories": "missing_tags, uncanny_keys", "issue_ids": "[74, 2]", "osm_url": "https://www.openstreetmap.org/way/115572663", "josm_url": "http://127.0.0.1:8111/load_object?new_layer=false&objects=w115572663", "id_url": "https://www.openstreetmap.org/edit?editor=id&way=115572663#map=20/-12.0772506/-76.9829726"}}, {"type": "Feature", "geometry": {"type": "Point", "coordinates": [-76.9822133, -12.0769429]}, "properties": {"id": 115678856, "feat_type": "way", "quality_categories": "missing_tags, older_than_five_years, uncanny_keys", "issue_ids": "[75, 72, 2]", "osm_url": "https://www.openstreetmap.org/way/115678856", "josm_url": "http://127.0.0.1:8111/load_object?new_layer=false&objects=w115678856", "id_url": "https://www.openstreetmap.org/edit?editor=id&way=115678856#map=20/-12.0769429/-76.9822133"}}, {"type": "Feature", "geometry": {"type": "Point", "coordinates": [-77.058239, -11.9773265]}, "properties": {"id": 118276358, "feat_type": "way", "quality_categories": "missing_tags, uncanny_keys", "issue_ids": "[76, 2]", "osm_url": "https://www.openstreetmap.org/way/118276358", "josm_url": "http://127.0.0.1:8111/load_object?new_layer=false&objects=w118276358", "id_url": "https://www.openstreetmap.org/edit?editor=id&way=118276358#map=20/-11.9773265/-77.058239"}}, {"type": "Feature", "geometry": {"type": "Point", "coordinates": [-77.0769654, -12.0481031]}, "properties": {"id": 121289994, "feat_type": "way", "quality_categories": "uncanny_keys", "issue_ids": "[77]", "osm_url": "https://www.openstreetmap.org/way/121289994", "josm_url": "http://127.0.0.1:8111/load_object?new_layer=false&objects=w121289994", "id_url": "https://www.openstreetmap.org/edit?editor=id&way=121289994#map=20/-12.0481031/-77.0769654"}}, {"type": "Feature", "geometry": {"type": "Point", "coordinates": [-76.9823807, -12.0772443]}, "properties": {"id": 121296400, "feat_type": "way", "quality_categories": "missing_tags, older_than_five_years, uncanny_keys", "issue_ids": "[78, 72, 2]", "osm_url": "https://www.openstreetmap.org/way/121296400", "josm_url": "http://127.0.0.1:8111/load_object?new_layer=false&objects=w121296400", "id_url": "https://www.openstreetmap.org/edit?editor=id&way=121296400#map=20/-12.0772443/-76.9823807"}}, {"type": "Feature", "geometry": {"type": "Point", "coordinates": [-77.0799148, -11.931749]}, "properties": {"id": 124146822, "feat_type": "way", "quality_categories": "older_than_five_years, uncanny_keys", "issue_ids": "[79, 80]", "osm_url": "https://www.openstreetmap.org/way/124146822", "josm_url": "http://127.0.0.1:8111/load_object?new_layer=false&objects=w124146822", "id_url": "https://www.openstreetmap.org/edit?editor=id&way=124146822#map=20/-11.931749/-77.0799148"}}, {"type": "Feature", "geometry": {"type": "Point", "coordinates": [-77.0811415, -12.0584317]}, "properties": {"id": 131940612, "feat_type": "way", "quality_categories": "uncanny_keys", "issue_ids": "[81]", "osm_url": "https://www.openstreetmap.org/way/131940612", "josm_url": "http://127.0.0.1:8111/load_object?new_layer=false&objects=w131940612", "id_url": "https://www.openstreetmap.org/edit?editor=id&way=131940612#map=20/-12.0584317/-77.0811415"}}, {"type": "Feature", "geometry": {"type": "Point", "coordinates": [-76.9402428, -12.1096838]}, "properties": {"id": 143820567, "feat_type": "way", "quality_categories": "uncanny_keys", "issue_ids": "[82]", "osm_url": "https://www.openstreetmap.org/way/143820567", "josm_url": "http://127.0.0.1:8111/load_object?new_layer=false&objects=w143820567", "id_url": "https://www.openstreetmap.org/edit?editor=id&way=143820567#map=20/-12.1096838/-76.9402428"}}, {"type": "Feature", "geometry": {"type": "Point", "coordinates": [-76.9824928, -12.0917044]}, "properties": {"id": 149293681, "feat_type": "way", "quality_categories": "missing_tags, older_than_five_years, uncanny_keys", "issue_ids": "[83, 56, 2]", "osm_url": "https://www.openstreetmap.org/way/149293681", "josm_url": "http://127.0.0.1:8111/load_object?new_layer=false&objects=w149293681", "id_url": "https://www.openstreetmap.org/edit?editor=id&way=149293681#map=20/-12.0917044/-76.9824928"}}, {"type": "Feature", "geometry": {"type": "Point", "coordinates": [-76.9821287, -12.1094964]}, "properties": {"id": 149319694, "feat_type": "way", "quality_categories": "older_than_five_years, uncanny_keys", "issue_ids": "[84, 85]", "osm_url": "https://www.openstreetmap.org/way/149319694", "josm_url": "http://127.0.0.1:8111/load_object?new_layer=false&objects=w149319694", "id_url": "https://www.openstreetmap.org/edit?editor=id&way=149319694#map=20/-12.1094964/-76.9821287"}}, {"type": "Feature", "geometry": {"type": "Point", "coordinates": [-76.9992732, -12.0679908]}, "properties": {"id": 164058642, "feat_type": "way", "quality_categories": "uncanny_keys", "issue_ids": "[86]", "osm_url": "https://www.openstreetmap.org/way/164058642", "josm_url": "http://127.0.0.1:8111/load_object?new_layer=false&objects=w164058642", "id_url": "https://www.openstreetmap.org/edit?editor=id&way=164058642#map=20/-12.0679908/-76.9992732"}}, {"type": "Feature", "geometry": {"type": "Point", "coordinates": [-77.0062999, -12.0631645]}, "properties": {"id": 164059063, "feat_type": "way", "quality_categories": "missing_tags, older_than_five_years, uncanny_keys", "issue_ids": "[87, 7, 2]", "osm_url": "https://www.openstreetmap.org/way/164059063", "josm_url": "http://127.0.0.1:8111/load_object?new_layer=false&objects=w164059063", "id_url": "https://www.openstreetmap.org/edit?editor=id&way=164059063#map=20/-12.0631645/-77.0062999"}}, {"type": "Feature", "geometry": {"type": "Point", "coordinates": [-77.0076659, -12.0215321]}, "properties": {"id": 183758790, "feat_type": "way", "quality_categories": "missing_tags, older_than_five_years, uncanny_keys", "issue_ids": "[88, 13, 2]", "osm_url": "https://www.openstreetmap.org/way/183758790", "josm_url": "http://127.0.0.1:8111/load_object?new_layer=false&objects=w183758790", "id_url": "https://www.openstreetmap.org/edit?editor=id&way=183758790#map=20/-12.0215321/-77.0076659"}}, {"type": "Feature", "geometry": {"type": "Point", "coordinates": [-77.0086516, -12.0203338]}, "properties": {"id": 183758910, "feat_type": "way", "quality_categories": "missing_tags, older_than_five_years, uncanny_keys", "issue_ids": "[89, 13, 2]", "osm_url": "https://www.openstreetmap.org/way/183758910", "josm_url": "http://127.0.0.1:8111/load_object?new_layer=false&objects=w183758910", "id_url": "https://www.openstreetmap.org/edit?editor=id&way=183758910#map=20/-12.0203338/-77.0086516"}}, {"type": "Feature", "geometry": {"type": "Point", "coordinates": [-77.012071, -12.0079141]}, "properties": {"id": 184184558, "feat_type": "way", "quality_categories": "missing_tags, older_than_five_years, uncanny_keys", "issue_ids": "[90, 16, 2]", "osm_url": "https://www.openstreetmap.org/way/184184558", "josm_url": "http://127.0.0.1:8111/load_object?new_layer=false&objects=w184184558", "id_url": "https://www.openstreetmap.org/edit?editor=id&way=184184558#map=20/-12.0079141/-77.012071"}}, {"type": "Feature", "geometry": {"type": "Point", "coordinates": [-76.9964496, -12.0802514]}, "properties": {"id": 202424775, "feat_type": "way", "quality_categories": "missing_tags, older_than_five_years, uncanny_keys", "issue_ids": "[91, 92, 2]", "osm_url": "https://www.openstreetmap.org/way/202424775", "josm_url": "http://127.0.0.1:8111/load_object?new_layer=false&objects=w202424775", "id_url": "https://www.openstreetmap.org/edit?editor=id&way=202424775#map=20/-12.0802514/-76.9964496"}}, {"type": "Feature", "geometry": {"type": "Point", "coordinates": [-76.9956439, -12.0809197]}, "properties": {"id": 202424778, "feat_type": "way", "quality_categories": "missing_tags, older_than_five_years, uncanny_keys", "issue_ids": "[93, 92, 2]", "osm_url": "https://www.openstreetmap.org/way/202424778", "josm_url": "http://127.0.0.1:8111/load_object?new_layer=false&objects=w202424778", "id_url": "https://www.openstreetmap.org/edit?editor=id&way=202424778#map=20/-12.0809197/-76.9956439"}}, {"type": "Feature", "geometry": {"type": "Point", "coordinates": [-77.0683011, -11.9923016]}, "properties": {"id": 246253518, "feat_type": "way", "quality_categories": "uncanny_keys", "issue_ids": "[94]", "osm_url": "https://www.openstreetmap.org/way/246253518", "josm_url": "http://127.0.0.1:8111/load_object?new_layer=false&objects=w246253518", "id_url": "https://www.openstreetmap.org/edit?editor=id&way=246253518#map=20/-11.9923016/-77.0683011"}}, {"type": "Feature", "geometry": {"type": "Point", "coordinates": [-77.0674245, -11.9921541]}, "properties": {"id": 246253519, "feat_type": "way", "quality_categories": "uncanny_keys", "issue_ids": "[95]", "osm_url": "https://www.openstreetmap.org/way/246253519", "josm_url": "http://127.0.0.1:8111/load_object?new_layer=false&objects=w246253519", "id_url": "https://www.openstreetmap.org/edit?editor=id&way=246253519#map=20/-11.9921541/-77.0674245"}}, {"type": "Feature", "geometry": {"type": "Point", "coordinates": [-77.0671803, -11.9924673]}, "properties": {"id": 246253520, "feat_type": "way", "quality_categories": "uncanny_keys", "issue_ids": "[96]", "osm_url": "https://www.openstreetmap.org/way/246253520", "josm_url": "http://127.0.0.1:8111/load_object?new_layer=false&objects=w246253520", "id_url": "https://www.openstreetmap.org/edit?editor=id&way=246253520#map=20/-11.9924673/-77.0671803"}}, {"type": "Feature", "geometry": {"type": "Point", "coordinates": [-76.9932854, -12.1637309]}, "properties": {"id": 275296747, "feat_type": "way", "quality_categories": "missing_tags, older_than_five_years, uncanny_keys", "issue_ids": "[97, 98, 2]", "osm_url": "https://www.openstreetmap.org/way/275296747", "josm_url": "http://127.0.0.1:8111/load_object?new_layer=false&objects=w275296747", "id_url": "https://www.openstreetmap.org/edit?editor=id&way=275296747#map=20/-12.1637309/-76.9932854"}}, {"type": "Feature", "geometry": {"type": "Point", "coordinates": [-77.0556871, -11.9292403]}, "properties": {"id": 302110855, "feat_type": "way", "quality_categories": "missing_tags, uncanny_keys", "issue_ids": "[99, 2]", "osm_url": "https://www.openstreetmap.org/way/302110855", "josm_url": "http://127.0.0.1:8111/load_object?new_layer=false&objects=w302110855", "id_url": "https://www.openstreetmap.org/edit?editor=id&way=302110855#map=20/-11.9292403/-77.0556871"}}, {"type": "Feature", "geometry": {"type": "Point", "coordinates": [-77.054416, -11.9299183]}, "properties": {"id": 302110857, "feat_type": "way", "quality_categories": "missing_tags, uncanny_keys", "issue_ids": "[100, 2]", "osm_url": "https://www.openstreetmap.org/way/302110857", "josm_url": "http://127.0.0.1:8111/load_object?new_layer=false&objects=w302110857", "id_url": "https://www.openstreetmap.org/edit?editor=id&way=302110857#map=20/-11.9299183/-77.054416"}}, {"type": "Feature", "geometry": {"type": "Point", "coordinates": [-77.0549557, -11.9357799]}, "properties": {"id": 302111247, "feat_type": "way", "quality_categories": "uncanny_keys", "issue_ids": "[101]", "osm_url": "https://www.openstreetmap.org/way/302111247", "josm_url": "http://127.0.0.1:8111/load_object?new_layer=false&objects=w302111247", "id_url": "https://www.openstreetmap.org/edit?editor=id&way=302111247#map=20/-11.9357799/-77.0549557"}}, {"type": "Feature", "geometry": {"type": "Point", "coordinates": [-77.0567323, -11.9373297]}, "properties": {"id": 302111248, "feat_type": "way", "quality_categories": "older_than_five_years, uncanny_keys", "issue_ids": "[102, 103]", "osm_url": "https://www.openstreetmap.org/way/302111248", "josm_url": "http://127.0.0.1:8111/load_object?new_layer=false&objects=w302111248", "id_url": "https://www.openstreetmap.org/edit?editor=id&way=302111248#map=20/-11.9373297/-77.0567323"}}, {"type": "Feature", "geometry": {"type": "Point", "coordinates": [-77.0479624, -12.0144329]}, "properties": {"id": 302112495, "feat_type": "way", "quality_categories": "missing_tags, uncanny_keys", "issue_ids": "[104, 2]", "osm_url": "https://www.openstreetmap.org/way/302112495", "josm_url": "http://127.0.0.1:8111/load_object?new_layer=false&objects=w302112495", "id_url": "https://www.openstreetmap.org/edit?editor=id&way=302112495#map=20/-12.0144329/-77.0479624"}}, {"type": "Feature", "geometry": {"type": "Point", "coordinates": [-77.0183527, -12.1331784]}, "properties": {"id": 307031814, "feat_type": "way", "quality_categories": "older_than_five_years, uncanny_keys", "issue_ids": "[105, 106]", "osm_url": "https://www.openstreetmap.org/way/307031814", "josm_url": "http://127.0.0.1:8111/load_object?new_layer=false&objects=w307031814", "id_url": "https://www.openstreetmap.org/edit?editor=id&way=307031814#map=20/-12.1331784/-77.0183527"}}, {"type": "Feature", "geometry": {"type": "Point", "coordinates": [-77.1035206, -12.0662807]}, "properties": {"id": 328618159, "feat_type": "way", "quality_categories": "missing_tags, uncanny_keys", "issue_ids": "[107, 2]", "osm_url": "https://www.openstreetmap.org/way/328618159", "josm_url": "http://127.0.0.1:8111/load_object?new_layer=false&objects=w328618159", "id_url": "https://www.openstreetmap.org/edit?editor=id&way=328618159#map=20/-12.0662807/-77.1035206"}}, {"type": "Feature", "geometry": {"type": "Point", "coordinates": [-77.0697346, -11.9955552]}, "properties": {"id": 330874286, "feat_type": "way", "quality_categories": "missing_tags, uncanny_keys", "issue_ids": "[108, 2]", "osm_url": "https://www.openstreetmap.org/way/330874286", "josm_url": "http://127.0.0.1:8111/load_object?new_layer=false&objects=w330874286", "id_url": "https://www.openstreetmap.org/edit?editor=id&way=330874286#map=20/-11.9955552/-77.0697346"}}, {"type": "Feature", "geometry": {"type": "Point", "coordinates": [-77.0087935, -12.082068]}, "properties": {"id": 332362853, "feat_type": "way", "quality_categories": "uncanny_keys", "issue_ids": "[109]", "osm_url": "https://www.openstreetmap.org/way/332362853", "josm_url": "http://127.0.0.1:8111/load_object?new_layer=false&objects=w332362853", "id_url": "https://www.openstreetmap.org/edit?editor=id&way=332362853#map=20/-12.082068/-77.0087935"}}, {"type": "Feature", "geometry": {"type": "Point", "coordinates": [-77.0095537, -12.0827079]}, "properties": {"id": 332362855, "feat_type": "way", "quality_categories": "missing_tags, older_than_five_years, uncanny_keys", "issue_ids": "[110, 111, 2]", "osm_url": "https://www.openstreetmap.org/way/332362855", "josm_url": "http://127.0.0.1:8111/load_object?new_layer=false&objects=w332362855", "id_url": "https://www.openstreetmap.org/edit?editor=id&way=332362855#map=20/-12.0827079/-77.0095537"}}, {"type": "Feature", "geometry": {"type": "Point", "coordinates": [-77.0009139, -12.1212225]}, "properties": {"id": 338364994, "feat_type": "way", "quality_categories": "uncanny_keys", "issue_ids": "[112]", "osm_url": "https://www.openstreetmap.org/way/338364994", "josm_url": "http://127.0.0.1:8111/load_object?new_layer=false&objects=w338364994", "id_url": "https://www.openstreetmap.org/edit?editor=id&way=338364994#map=20/-12.1212225/-77.0009139"}}, {"type": "Feature", "geometry": {"type": "Point", "coordinates": [-76.9816108, -12.0752253]}, "properties": {"id": 357309710, "feat_type": "way", "quality_categories": "missing_tags, older_than_five_years, uncanny_keys", "issue_ids": "[113, 114, 2]", "osm_url": "https://www.openstreetmap.org/way/357309710", "josm_url": "http://127.0.0.1:8111/load_object?new_layer=false&objects=w357309710", "id_url": "https://www.openstreetmap.org/edit?editor=id&way=357309710#map=20/-12.0752253/-76.9816108"}}, {"type": "Feature", "geometry": {"type": "Point", "coordinates": [-76.981621, -12.0915945]}, "properties": {"id": 357515780, "feat_type": "way", "quality_categories": "missing_tags, older_than_five_years, uncanny_keys", "issue_ids": "[83, 56, 2]", "osm_url": "https://www.openstreetmap.org/way/357515780", "josm_url": "http://127.0.0.1:8111/load_object?new_layer=false&objects=w357515780", "id_url": "https://www.openstreetmap.org/edit?editor=id&way=357515780#map=20/-12.0915945/-76.981621"}}, {"type": "Feature", "geometry": {"type": "Point", "coordinates": [-77.0686979, -12.0138665]}, "properties": {"id": 366385714, "feat_type": "way", "quality_categories": "missing_tags, uncanny_keys", "issue_ids": "[115, 2]", "osm_url": "https://www.openstreetmap.org/way/366385714", "josm_url": "http://127.0.0.1:8111/load_object?new_layer=false&objects=w366385714", "id_url": "https://www.openstreetmap.org/edit?editor=id&way=366385714#map=20/-12.0138665/-77.0686979"}}, {"type": "Feature", "geometry": {"type": "Point", "coordinates": [-77.0845902, -11.8564966]}, "properties": {"id": 388732309, "feat_type": "way", "quality_categories": "missing_tags, uncanny_keys", "issue_ids": "[116, 2]", "osm_url": "https://www.openstreetmap.org/way/388732309", "josm_url": "http://127.0.0.1:8111/load_object?new_layer=false&objects=w388732309", "id_url": "https://www.openstreetmap.org/edit?editor=id&way=388732309#map=20/-11.8564966/-77.0845902"}}, {"type": "Feature", "geometry": {"type": "Point", "coordinates": [-77.0891934, -11.8531271]}, "properties": {"id": 388732310, "feat_type": "way", "quality_categories": "missing_tags, uncanny_keys", "issue_ids": "[117, 2]", "osm_url": "https://www.openstreetmap.org/way/388732310", "josm_url": "http://127.0.0.1:8111/load_object?new_layer=false&objects=w388732310", "id_url": "https://www.openstreetmap.org/edit?editor=id&way=388732310#map=20/-11.8531271/-77.0891934"}}, {"type": "Feature", "geometry": {"type": "Point", "coordinates": [-77.0965848, -11.8472609]}, "properties": {"id": 388732311, "feat_type": "way", "quality_categories": "missing_tags, uncanny_keys", "issue_ids": "[118, 2]", "osm_url": "https://www.openstreetmap.org/way/388732311", "josm_url": "http://127.0.0.1:8111/load_object?new_layer=false&objects=w388732311", "id_url": "https://www.openstreetmap.org/edit?editor=id&way=388732311#map=20/-11.8472609/-77.0965848"}}, {"type": "Feature", "geometry": {"type": "Point", "coordinates": [-77.0561746, -12.0309824]}, "properties": {"id": 392383864, "feat_type": "way", "quality_categories": "missing_tags, uncanny_keys", "issue_ids": "[119, 2]", "osm_url": "https://www.openstreetmap.org/way/392383864", "josm_url": "http://127.0.0.1:8111/load_object?new_layer=false&objects=w392383864", "id_url": "https://www.openstreetmap.org/edit?editor=id&way=392383864#map=20/-12.0309824/-77.0561746"}}, {"type": "Feature", "geometry": {"type": "Point", "coordinates": [-76.9819032, -12.090195]}, "properties": {"id": 394516732, "feat_type": "way", "quality_categories": "missing_tags, older_than_five_years, uncanny_keys", "issue_ids": "[120, 121, 2]", "osm_url": "https://www.openstreetmap.org/way/394516732", "josm_url": "http://127.0.0.1:8111/load_object?new_layer=false&objects=w394516732", "id_url": "https://www.openstreetmap.org/edit?editor=id&way=394516732#map=20/-12.090195/-76.9819032"}}, {"type": "Feature", "geometry": {"type": "Point", "coordinates": [-76.9900401, -12.0336505]}, "properties": {"id": 394760587, "feat_type": "way", "quality_categories": "missing_tags, uncanny_keys", "issue_ids": "[122, 2]", "osm_url": "https://www.openstreetmap.org/way/394760587", "josm_url": "http://127.0.0.1:8111/load_object?new_layer=false&objects=w394760587", "id_url": "https://www.openstreetmap.org/edit?editor=id&way=394760587#map=20/-12.0336505/-76.9900401"}}, {"type": "Feature", "geometry": {"type": "Point", "coordinates": [-77.0364007, -12.0392899]}, "properties": {"id": 400445437, "feat_type": "way", "quality_categories": "missing_tags, older_than_five_years, uncanny_keys", "issue_ids": "[123, 124, 2]", "osm_url": "https://www.openstreetmap.org/way/400445437", "josm_url": "http://127.0.0.1:8111/load_object?new_layer=false&objects=w400445437", "id_url": "https://www.openstreetmap.org/edit?editor=id&way=400445437#map=20/-12.0392899/-77.0364007"}}, {"type": "Feature", "geometry": {"type": "Point", "coordinates": [-76.9306781, -12.2505261]}, "properties": {"id": 401678206, "feat_type": "way", "quality_categories": "older_than_five_years, uncanny_keys", "issue_ids": "[125, 126]", "osm_url": "https://www.openstreetmap.org/way/401678206", "josm_url": "http://127.0.0.1:8111/load_object?new_layer=false&objects=w401678206", "id_url": "https://www.openstreetmap.org/edit?editor=id&way=401678206#map=20/-12.2505261/-76.9306781"}}, {"type": "Feature", "geometry": {"type": "Point", "coordinates": [-77.069015, -11.9592822]}, "properties": {"id": 405584331, "feat_type": "way", "quality_categories": "missing_tags, older_than_five_years, uncanny_keys", "issue_ids": "[127, 128, 2]", "osm_url": "https://www.openstreetmap.org/way/405584331", "josm_url": "http://127.0.0.1:8111/load_object?new_layer=false&objects=w405584331", "id_url": "https://www.openstreetmap.org/edit?editor=id&way=405584331#map=20/-11.9592822/-77.069015"}}, {"type": "Feature", "geometry": {"type": "Point", "coordinates": [-77.0374908, -12.0644513]}, "properties": {"id": 409656626, "feat_type": "way", "quality_categories": "missing_tags, uncanny_keys", "issue_ids": "[129, 2]", "osm_url": "https://www.openstreetmap.org/way/409656626", "josm_url": "http://127.0.0.1:8111/load_object?new_layer=false&objects=w409656626", "id_url": "https://www.openstreetmap.org/edit?editor=id&way=409656626#map=20/-12.0644513/-77.0374908"}}, {"type": "Feature", "geometry": {"type": "Point", "coordinates": [-77.0043035, -12.1219366]}, "properties": {"id": 426688781, "feat_type": "way", "quality_categories": "uncanny_keys", "issue_ids": "[3]", "osm_url": "https://www.openstreetmap.org/way/426688781", "josm_url": "http://127.0.0.1:8111/load_object?new_layer=false&objects=w426688781", "id_url": "https://www.openstreetmap.org/edit?editor=id&way=426688781#map=20/-12.1219366/-77.0043035"}}, {"type": "Feature", "geometry": {"type": "Point", "coordinates": [-76.9968952, -12.0406878]}, "properties": {"id": 428246012, "feat_type": "way", "quality_categories": "older_than_five_years, uncanny_keys", "issue_ids": "[130, 131]", "osm_url": "https://www.openstreetmap.org/way/428246012", "josm_url": "http://127.0.0.1:8111/load_object?new_layer=false&objects=w428246012", "id_url": "https://www.openstreetmap.org/edit?editor=id&way=428246012#map=20/-12.0406878/-76.9968952"}}, {"type": "Feature", "geometry": {"type": "Point", "coordinates": [-76.7008154, -11.9425503]}, "properties": {"id": 429717880, "feat_type": "way", "quality_categories": "missing_tags, uncanny_keys", "issue_ids": "[132, 2]", "osm_url": "https://www.openstreetmap.org/way/429717880", "josm_url": "http://127.0.0.1:8111/load_object?new_layer=false&objects=w429717880", "id_url": "https://www.openstreetmap.org/edit?editor=id&way=429717880#map=20/-11.9425503/-76.7008154"}}, {"type": "Feature", "geometry": {"type": "Point", "coordinates": [-77.0687103, -12.0526835]}, "properties": {"id": 430115980, "feat_type": "way", "quality_categories": "uncanny_keys", "issue_ids": "[133]", "osm_url": "https://www.openstreetmap.org/way/430115980", "josm_url": "http://127.0.0.1:8111/load_object?new_layer=false&objects=w430115980", "id_url": "https://www.openstreetmap.org/edit?editor=id&way=430115980#map=20/-12.0526835/-77.0687103"}}, {"type": "Feature", "geometry": {"type": "Point", "coordinates": [-77.0091028, -12.135927]}, "properties": {"id": 430635757, "feat_type": "way", "quality_categories": "older_than_five_years, uncanny_keys", "issue_ids": "[134, 135]", "osm_url": "https://www.openstreetmap.org/way/430635757", "josm_url": "http://127.0.0.1:8111/load_object?new_layer=false&objects=w430635757", "id_url": "https://www.openstreetmap.org/edit?editor=id&way=430635757#map=20/-12.135927/-77.0091028"}}, {"type": "Feature", "geometry": {"type": "Point", "coordinates": [-77.0677175, -11.99336]}, "properties": {"id": 431989528, "feat_type": "way", "quality_categories": "uncanny_keys", "issue_ids": "[136]", "osm_url": "https://www.openstreetmap.org/way/431989528", "josm_url": "http://127.0.0.1:8111/load_object?new_layer=false&objects=w431989528", "id_url": "https://www.openstreetmap.org/edit?editor=id&way=431989528#map=20/-11.99336/-77.0677175"}}, {"type": "Feature", "geometry": {"type": "Point", "coordinates": [-77.0660602, -11.995203]}, "properties": {"id": 431989529, "feat_type": "way", "quality_categories": "uncanny_keys", "issue_ids": "[137]", "osm_url": "https://www.openstreetmap.org/way/431989529", "josm_url": "http://127.0.0.1:8111/load_object?new_layer=false&objects=w431989529", "id_url": "https://www.openstreetmap.org/edit?editor=id&way=431989529#map=20/-11.995203/-77.0660602"}}, {"type": "Feature", "geometry": {"type": "Point", "coordinates": [-77.0686951, -11.9914991]}, "properties": {"id": 431989530, "feat_type": "way", "quality_categories": "uncanny_keys", "issue_ids": "[138]", "osm_url": "https://www.openstreetmap.org/way/431989530", "josm_url": "http://127.0.0.1:8111/load_object?new_layer=false&objects=w431989530", "id_url": "https://www.openstreetmap.org/edit?editor=id&way=431989530#map=20/-11.9914991/-77.0686951"}}, {"type": "Feature", "geometry": {"type": "Point", "coordinates": [-77.0663285, -11.99491]}, "properties": {"id": 431989536, "feat_type": "way", "quality_categories": "uncanny_keys", "issue_ids": "[139]", "osm_url": "https://www.openstreetmap.org/way/431989536", "josm_url": "http://127.0.0.1:8111/load_object?new_layer=false&objects=w431989536", "id_url": "https://www.openstreetmap.org/edit?editor=id&way=431989536#map=20/-11.99491/-77.0663285"}}, {"type": "Feature", "geometry": {"type": "Point", "coordinates": [-77.0804223, -11.9323122]}, "properties": {"id": 432171873, "feat_type": "way", "quality_categories": "older_than_five_years, uncanny_keys", "issue_ids": "[140, 80]", "osm_url": "https://www.openstreetmap.org/way/432171873", "josm_url": "http://127.0.0.1:8111/load_object?new_layer=false&objects=w432171873", "id_url": "https://www.openstreetmap.org/edit?editor=id&way=432171873#map=20/-11.9323122/-77.0804223"}}, {"type": "Feature", "geometry": {"type": "Point", "coordinates": [-76.6880274, -11.93269]}, "properties": {"id": 432433766, "feat_type": "way", "quality_categories": "missing_tags, older_than_five_years, uncanny_keys", "issue_ids": "[141, 142, 2]", "osm_url": "https://www.openstreetmap.org/way/432433766", "josm_url": "http://127.0.0.1:8111/load_object?new_layer=false&objects=w432433766", "id_url": "https://www.openstreetmap.org/edit?editor=id&way=432433766#map=20/-11.93269/-76.6880274"}}, {"type": "Feature", "geometry": {"type": "Point", "coordinates": [-77.1018215, -12.0824765]}, "properties": {"id": 435252833, "feat_type": "way", "quality_categories": "older_than_five_years, uncanny_keys", "issue_ids": "[143, 144]", "osm_url": "https://www.openstreetmap.org/way/435252833", "josm_url": "http://127.0.0.1:8111/load_object?new_layer=false&objects=w435252833", "id_url": "https://www.openstreetmap.org/edit?editor=id&way=435252833#map=20/-12.0824765/-77.1018215"}}, {"type": "Feature", "geometry": {"type": "Point", "coordinates": [-77.0371944, -11.9032317]}, "properties": {"id": 435542214, "feat_type": "way", "quality_categories": "missing_tags, uncanny_keys", "issue_ids": "[145, 2]", "osm_url": "https://www.openstreetmap.org/way/435542214", "josm_url": "http://127.0.0.1:8111/load_object?new_layer=false&objects=w435542214", "id_url": "https://www.openstreetmap.org/edit?editor=id&way=435542214#map=20/-11.9032317/-77.0371944"}}, {"type": "Feature", "geometry": {"type": "Point", "coordinates": [-77.0374301, -11.9038228]}, "properties": {"id": 435542217, "feat_type": "way", "quality_categories": "missing_tags, uncanny_keys", "issue_ids": "[9, 2]", "osm_url": "https://www.openstreetmap.org/way/435542217", "josm_url": "http://127.0.0.1:8111/load_object?new_layer=false&objects=w435542217", "id_url": "https://www.openstreetmap.org/edit?editor=id&way=435542217#map=20/-11.9038228/-77.0374301"}}, {"type": "Feature", "geometry": {"type": "Point", "coordinates": [-77.0372221, -11.9041202]}, "properties": {"id": 435542847, "feat_type": "way", "quality_categories": "missing_tags, uncanny_keys", "issue_ids": "[146, 2]", "osm_url": "https://www.openstreetmap.org/way/435542847", "josm_url": "http://127.0.0.1:8111/load_object?new_layer=false&objects=w435542847", "id_url": "https://www.openstreetmap.org/edit?editor=id&way=435542847#map=20/-11.9041202/-77.0372221"}}, {"type": "Feature", "geometry": {"type": "Point", "coordinates": [-77.0365738, -11.9050921]}, "properties": {"id": 435542850, "feat_type": "way", "quality_categories": "missing_tags, uncanny_keys", "issue_ids": "[147, 2]", "osm_url": "https://www.openstreetmap.org/way/435542850", "josm_url": "http://127.0.0.1:8111/load_object?new_layer=false&objects=w435542850", "id_url": "https://www.openstreetmap.org/edit?editor=id&way=435542850#map=20/-11.9050921/-77.0365738"}}, {"type": "Feature", "geometry": {"type": "Point", "coordinates": [-76.9314189, -12.0374367]}, "properties": {"id": 436303332, "feat_type": "way", "quality_categories": "missing_tags, uncanny_keys", "issue_ids": "[148, 2]", "osm_url": "https://www.openstreetmap.org/way/436303332", "josm_url": "http://127.0.0.1:8111/load_object?new_layer=false&objects=w436303332", "id_url": "https://www.openstreetmap.org/edit?editor=id&way=436303332#map=20/-12.0374367/-76.9314189"}}, {"type": "Feature", "geometry": {"type": "Point", "coordinates": [-77.069813, -12.0512336]}, "properties": {"id": 436779661, "feat_type": "way", "quality_categories": "missing_tags, uncanny_keys", "issue_ids": "[149, 2]", "osm_url": "https://www.openstreetmap.org/way/436779661", "josm_url": "http://127.0.0.1:8111/load_object?new_layer=false&objects=w436779661", "id_url": "https://www.openstreetmap.org/edit?editor=id&way=436779661#map=20/-12.0512336/-77.069813"}}, {"type": "Feature", "geometry": {"type": "Point", "coordinates": [-76.996715, -12.163391]}, "properties": {"id": 438455567, "feat_type": "way", "quality_categories": "older_than_five_years, uncanny_keys", "issue_ids": "[150, 151]", "osm_url": "https://www.openstreetmap.org/way/438455567", "josm_url": "http://127.0.0.1:8111/load_object?new_layer=false&objects=w438455567", "id_url": "https://www.openstreetmap.org/edit?editor=id&way=438455567#map=20/-12.163391/-76.996715"}}, {"type": "Feature", "geometry": {"type": "Point", "coordinates": [-76.9894079, -12.1552241]}, "properties": {"id": 438663146, "feat_type": "way", "quality_categories": "older_than_five_years, uncanny_keys", "issue_ids": "[152, 153]", "osm_url": "https://www.openstreetmap.org/way/438663146", "josm_url": "http://127.0.0.1:8111/load_object?new_layer=false&objects=w438663146", "id_url": "https://www.openstreetmap.org/edit?editor=id&way=438663146#map=20/-12.1552241/-76.9894079"}}, {"type": "Feature", "geometry": {"type": "Point", "coordinates": [-76.9899904, -12.1548194]}, "properties": {"id": 438663150, "feat_type": "way", "quality_categories": "uncanny_keys", "issue_ids": "[152]", "osm_url": "https://www.openstreetmap.org/way/438663150", "josm_url": "http://127.0.0.1:8111/load_object?new_layer=false&objects=w438663150", "id_url": "https://www.openstreetmap.org/edit?editor=id&way=438663150#map=20/-12.1548194/-76.9899904"}}, {"type": "Feature", "geometry": {"type": "Point", "coordinates": [-76.9806241, -12.107933]}, "properties": {"id": 438744886, "feat_type": "way", "quality_categories": "uncanny_keys", "issue_ids": "[154]", "osm_url": "https://www.openstreetmap.org/way/438744886", "josm_url": "http://127.0.0.1:8111/load_object?new_layer=false&objects=w438744886", "id_url": "https://www.openstreetmap.org/edit?editor=id&way=438744886#map=20/-12.107933/-76.9806241"}}, {"type": "Feature", "geometry": {"type": "Point", "coordinates": [-77.0026694, -12.1203275]}, "properties": {"id": 438866568, "feat_type": "way", "quality_categories": "uncanny_keys", "issue_ids": "[155]", "osm_url": "https://www.openstreetmap.org/way/438866568", "josm_url": "http://127.0.0.1:8111/load_object?new_layer=false&objects=w438866568", "id_url": "https://www.openstreetmap.org/edit?editor=id&way=438866568#map=20/-12.1203275/-77.0026694"}}, {"type": "Feature", "geometry": {"type": "Point", "coordinates": [-77.0477486, -12.0356683]}, "properties": {"id": 441102619, "feat_type": "way", "quality_categories": "missing_tags, uncanny_keys", "issue_ids": "[156, 2]", "osm_url": "https://www.openstreetmap.org/way/441102619", "josm_url": "http://127.0.0.1:8111/load_object?new_layer=false&objects=w441102619", "id_url": "https://www.openstreetmap.org/edit?editor=id&way=441102619#map=20/-12.0356683/-77.0477486"}}, {"type": "Feature", "geometry": {"type": "Point", "coordinates": [-77.0696381, -12.013408]}, "properties": {"id": 441718684, "feat_type": "way", "quality_categories": "missing_tags, uncanny_keys", "issue_ids": "[115, 2]", "osm_url": "https://www.openstreetmap.org/way/441718684", "josm_url": "http://127.0.0.1:8111/load_object?new_layer=false&objects=w441718684", "id_url": "https://www.openstreetmap.org/edit?editor=id&way=441718684#map=20/-12.013408/-77.0696381"}}, {"type": "Feature", "geometry": {"type": "Point", "coordinates": [-77.171241, -11.8000941]}, "properties": {"id": 441939063, "feat_type": "way", "quality_categories": "missing_tags, uncanny_keys", "issue_ids": "[157, 2]", "osm_url": "https://www.openstreetmap.org/way/441939063", "josm_url": "http://127.0.0.1:8111/load_object?new_layer=false&objects=w441939063", "id_url": "https://www.openstreetmap.org/edit?editor=id&way=441939063#map=20/-11.8000941/-77.171241"}}, {"type": "Feature", "geometry": {"type": "Point", "coordinates": [-76.986168, -12.1594432]}, "properties": {"id": 441955155, "feat_type": "way", "quality_categories": "uncanny_keys", "issue_ids": "[158]", "osm_url": "https://www.openstreetmap.org/way/441955155", "josm_url": "http://127.0.0.1:8111/load_object?new_layer=false&objects=w441955155", "id_url": "https://www.openstreetmap.org/edit?editor=id&way=441955155#map=20/-12.1594432/-76.986168"}}, {"type": "Feature", "geometry": {"type": "Point", "coordinates": [-77.0852632, -12.0805563]}, "properties": {"id": 442872361, "feat_type": "way", "quality_categories": "missing_tags, older_than_five_years, uncanny_keys", "issue_ids": "[159, 160, 2]", "osm_url": "https://www.openstreetmap.org/way/442872361", "josm_url": "http://127.0.0.1:8111/load_object?new_layer=false&objects=w442872361", "id_url": "https://www.openstreetmap.org/edit?editor=id&way=442872361#map=20/-12.0805563/-77.0852632"}}, {"type": "Feature", "geometry": {"type": "Point", "coordinates": [-77.0321846, -12.0311301]}, "properties": {"id": 443054710, "feat_type": "way", "quality_categories": "missing_tags, uncanny_keys", "issue_ids": "[161, 2]", "osm_url": "https://www.openstreetmap.org/way/443054710", "josm_url": "http://127.0.0.1:8111/load_object?new_layer=false&objects=w443054710", "id_url": "https://www.openstreetmap.org/edit?editor=id&way=443054710#map=20/-12.0311301/-77.0321846"}}, {"type": "Feature", "geometry": {"type": "Point", "coordinates": [-77.012407, -12.0650728]}, "properties": {"id": 443497685, "feat_type": "way", "quality_categories": "older_than_five_years, uncanny_keys", "issue_ids": "[162, 163]", "osm_url": "https://www.openstreetmap.org/way/443497685", "josm_url": "http://127.0.0.1:8111/load_object?new_layer=false&objects=w443497685", "id_url": "https://www.openstreetmap.org/edit?editor=id&way=443497685#map=20/-12.0650728/-77.012407"}}, {"type": "Feature", "geometry": {"type": "Point", "coordinates": [-77.0104865, -12.0706469]}, "properties": {"id": 443626529, "feat_type": "way", "quality_categories": "missing_tags, uncanny_keys", "issue_ids": "[164, 2]", "osm_url": "https://www.openstreetmap.org/way/443626529", "josm_url": "http://127.0.0.1:8111/load_object?new_layer=false&objects=w443626529", "id_url": "https://www.openstreetmap.org/edit?editor=id&way=443626529#map=20/-12.0706469/-77.0104865"}}, {"type": "Feature", "geometry": {"type": "Point", "coordinates": [-77.0102499, -12.0709627]}, "properties": {"id": 443626530, "feat_type": "way", "quality_categories": "missing_tags, uncanny_keys", "issue_ids": "[165, 2]", "osm_url": "https://www.openstreetmap.org/way/443626530", "josm_url": "http://127.0.0.1:8111/load_object?new_layer=false&objects=w443626530", "id_url": "https://www.openstreetmap.org/edit?editor=id&way=443626530#map=20/-12.0709627/-77.0102499"}}, {"type": "Feature", "geometry": {"type": "Point", "coordinates": [-77.0479806, -12.0317029]}, "properties": {"id": 444774855, "feat_type": "way", "quality_categories": "missing_tags, uncanny_keys", "issue_ids": "[166, 2]", "osm_url": "https://www.openstreetmap.org/way/444774855", "josm_url": "http://127.0.0.1:8111/load_object?new_layer=false&objects=w444774855", "id_url": "https://www.openstreetmap.org/edit?editor=id&way=444774855#map=20/-12.0317029/-77.0479806"}}, {"type": "Feature", "geometry": {"type": "Point", "coordinates": [-77.0473421, -12.0317142]}, "properties": {"id": 444774856, "feat_type": "way", "quality_categories": "missing_tags, uncanny_keys", "issue_ids": "[167, 2]", "osm_url": "https://www.openstreetmap.org/way/444774856", "josm_url": "http://127.0.0.1:8111/load_object?new_layer=false&objects=w444774856", "id_url": "https://www.openstreetmap.org/edit?editor=id&way=444774856#map=20/-12.0317142/-77.0473421"}}, {"type": "Feature", "geometry": {"type": "Point", "coordinates": [-76.8814409, -12.0895454]}, "properties": {"id": 445971596, "feat_type": "way", "quality_categories": "older_than_five_years, uncanny_keys", "issue_ids": "[168, 169]", "osm_url": "https://www.openstreetmap.org/way/445971596", "josm_url": "http://127.0.0.1:8111/load_object?new_layer=false&objects=w445971596", "id_url": "https://www.openstreetmap.org/edit?editor=id&way=445971596#map=20/-12.0895454/-76.8814409"}}, {"type": "Feature", "geometry": {"type": "Point", "coordinates": [-77.1024492, -12.0809882]}, "properties": {"id": 446734245, "feat_type": "way", "quality_categories": "missing_tags, uncanny_keys", "issue_ids": "[170, 2]", "osm_url": "https://www.openstreetmap.org/way/446734245", "josm_url": "http://127.0.0.1:8111/load_object?new_layer=false&objects=w446734245", "id_url": "https://www.openstreetmap.org/edit?editor=id&way=446734245#map=20/-12.0809882/-77.1024492"}}, {"type": "Feature", "geometry": {"type": "Point", "coordinates": [-77.1023419, -12.0807575]}, "properties": {"id": 446734246, "feat_type": "way", "quality_categories": "missing_tags, uncanny_keys", "issue_ids": "[171, 2]", "osm_url": "https://www.openstreetmap.org/way/446734246", "josm_url": "http://127.0.0.1:8111/load_object?new_layer=false&objects=w446734246", "id_url": "https://www.openstreetmap.org/edit?editor=id&way=446734246#map=20/-12.0807575/-77.1023419"}}, {"type": "Feature", "geometry": {"type": "Point", "coordinates": [-77.1027303, -12.0803204]}, "properties": {"id": 446734248, "feat_type": "way", "quality_categories": "missing_tags, uncanny_keys", "issue_ids": "[9, 2]", "osm_url": "https://www.openstreetmap.org/way/446734248", "josm_url": "http://127.0.0.1:8111/load_object?new_layer=false&objects=w446734248", "id_url": "https://www.openstreetmap.org/edit?editor=id&way=446734248#map=20/-12.0803204/-77.1027303"}}, {"type": "Feature", "geometry": {"type": "Point", "coordinates": [-77.1017636, -12.0810147]}, "properties": {"id": 446734251, "feat_type": "way", "quality_categories": "missing_tags, uncanny_keys", "issue_ids": "[172, 2]", "osm_url": "https://www.openstreetmap.org/way/446734251", "josm_url": "http://127.0.0.1:8111/load_object?new_layer=false&objects=w446734251", "id_url": "https://www.openstreetmap.org/edit?editor=id&way=446734251#map=20/-12.0810147/-77.1017636"}}, {"type": "Feature", "geometry": {"type": "Point", "coordinates": [-77.1012358, -12.0812983]}, "properties": {"id": 446734252, "feat_type": "way", "quality_categories": "missing_tags, uncanny_keys", "issue_ids": "[173, 2]", "osm_url": "https://www.openstreetmap.org/way/446734252", "josm_url": "http://127.0.0.1:8111/load_object?new_layer=false&objects=w446734252", "id_url": "https://www.openstreetmap.org/edit?editor=id&way=446734252#map=20/-12.0812983/-77.1012358"}}, {"type": "Feature", "geometry": {"type": "Point", "coordinates": [-77.1019258, -12.081221]}, "properties": {"id": 446734770, "feat_type": "way", "quality_categories": "missing_tags, uncanny_keys", "issue_ids": "[174, 2]", "osm_url": "https://www.openstreetmap.org/way/446734770", "josm_url": "http://127.0.0.1:8111/load_object?new_layer=false&objects=w446734770", "id_url": "https://www.openstreetmap.org/edit?editor=id&way=446734770#map=20/-12.081221/-77.1019258"}}, {"type": "Feature", "geometry": {"type": "Point", "coordinates": [-77.1020708, -12.0823857]}, "properties": {"id": 446734878, "feat_type": "way", "quality_categories": "missing_tags, uncanny_keys", "issue_ids": "[175, 2]", "osm_url": "https://www.openstreetmap.org/way/446734878", "josm_url": "http://127.0.0.1:8111/load_object?new_layer=false&objects=w446734878", "id_url": "https://www.openstreetmap.org/edit?editor=id&way=446734878#map=20/-12.0823857/-77.1020708"}}, {"type": "Feature", "geometry": {"type": "Point", "coordinates": [-77.1023263, -12.082265]}, "properties": {"id": 446734879, "feat_type": "way", "quality_categories": "missing_tags, uncanny_keys", "issue_ids": "[176, 2]", "osm_url": "https://www.openstreetmap.org/way/446734879", "josm_url": "http://127.0.0.1:8111/load_object?new_layer=false&objects=w446734879", "id_url": "https://www.openstreetmap.org/edit?editor=id&way=446734879#map=20/-12.082265/-77.1023263"}}, {"type": "Feature", "geometry": {"type": "Point", "coordinates": [-77.0984395, -12.0822156]}, "properties": {"id": 446736056, "feat_type": "way", "quality_categories": "missing_tags, older_than_five_years, uncanny_keys", "issue_ids": "[177, 178, 2]", "osm_url": "https://www.openstreetmap.org/way/446736056", "josm_url": "http://127.0.0.1:8111/load_object?new_layer=false&objects=w446736056", "id_url": "https://www.openstreetmap.org/edit?editor=id&way=446736056#map=20/-12.0822156/-77.0984395"}}, {"type": "Feature", "geometry": {"type": "Point", "coordinates": [-77.0996158, -12.0822397]}, "properties": {"id": 446736057, "feat_type": "way", "quality_categories": "missing_tags, uncanny_keys", "issue_ids": "[179, 2]", "osm_url": "https://www.openstreetmap.org/way/446736057", "josm_url": "http://127.0.0.1:8111/load_object?new_layer=false&objects=w446736057", "id_url": "https://www.openstreetmap.org/edit?editor=id&way=446736057#map=20/-12.0822397/-77.0996158"}}, {"type": "Feature", "geometry": {"type": "Point", "coordinates": [-77.0869606, -12.0808743]}, "properties": {"id": 446739118, "feat_type": "way", "quality_categories": "missing_tags, uncanny_keys", "issue_ids": "[180, 2]", "osm_url": "https://www.openstreetmap.org/way/446739118", "josm_url": "http://127.0.0.1:8111/load_object?new_layer=false&objects=w446739118", "id_url": "https://www.openstreetmap.org/edit?editor=id&way=446739118#map=20/-12.0808743/-77.0869606"}}, {"type": "Feature", "geometry": {"type": "Point", "coordinates": [-77.0087322, -12.0863932]}, "properties": {"id": 454121858, "feat_type": "way", "quality_categories": "missing_tags, older_than_five_years, uncanny_keys", "issue_ids": "[181, 111, 2]", "osm_url": "https://www.openstreetmap.org/way/454121858", "josm_url": "http://127.0.0.1:8111/load_object?new_layer=false&objects=w454121858", "id_url": "https://www.openstreetmap.org/edit?editor=id&way=454121858#map=20/-12.0863932/-77.0087322"}}, {"type": "Feature", "geometry": {"type": "Point", "coordinates": [-77.0673961, -11.9936088]}, "properties": {"id": 458784124, "feat_type": "way", "quality_categories": "uncanny_keys", "issue_ids": "[54]", "osm_url": "https://www.openstreetmap.org/way/458784124", "josm_url": "http://127.0.0.1:8111/load_object?new_layer=false&objects=w458784124", "id_url": "https://www.openstreetmap.org/edit?editor=id&way=458784124#map=20/-11.9936088/-77.0673961"}}, {"type": "Feature", "geometry": {"type": "Point", "coordinates": [-77.0655351, -11.9957484]}, "properties": {"id": 458784140, "feat_type": "way", "quality_categories": "uncanny_keys", "issue_ids": "[182]", "osm_url": "https://www.openstreetmap.org/way/458784140", "josm_url": "http://127.0.0.1:8111/load_object?new_layer=false&objects=w458784140", "id_url": "https://www.openstreetmap.org/edit?editor=id&way=458784140#map=20/-11.9957484/-77.0655351"}}, {"type": "Feature", "geometry": {"type": "Point", "coordinates": [-77.0022312, -12.1200351]}, "properties": {"id": 458788030, "feat_type": "way", "quality_categories": "uncanny_keys", "issue_ids": "[183]", "osm_url": "https://www.openstreetmap.org/way/458788030", "josm_url": "http://127.0.0.1:8111/load_object?new_layer=false&objects=w458788030", "id_url": "https://www.openstreetmap.org/edit?editor=id&way=458788030#map=20/-12.1200351/-77.0022312"}}, {"type": "Feature", "geometry": {"type": "Point", "coordinates": [-76.9998575, -12.1190798]}, "properties": {"id": 458788031, "feat_type": "way", "quality_categories": "older_than_five_years, uncanny_keys", "issue_ids": "[184, 185]", "osm_url": "https://www.openstreetmap.org/way/458788031", "josm_url": "http://127.0.0.1:8111/load_object?new_layer=false&objects=w458788031", "id_url": "https://www.openstreetmap.org/edit?editor=id&way=458788031#map=20/-12.1190798/-76.9998575"}}, {"type": "Feature", "geometry": {"type": "Point", "coordinates": [-77.0121131, -12.0230883]}, "properties": {"id": 459045891, "feat_type": "way", "quality_categories": "uncanny_keys", "issue_ids": "[186]", "osm_url": "https://www.openstreetmap.org/way/459045891", "josm_url": "http://127.0.0.1:8111/load_object?new_layer=false&objects=w459045891", "id_url": "https://www.openstreetmap.org/edit?editor=id&way=459045891#map=20/-12.0230883/-77.0121131"}}, {"type": "Feature", "geometry": {"type": "Point", "coordinates": [-77.0051035, -12.1107181]}, "properties": {"id": 459071126, "feat_type": "way", "quality_categories": "missing_tags, older_than_five_years, uncanny_keys", "issue_ids": "[187, 188, 2]", "osm_url": "https://www.openstreetmap.org/way/459071126", "josm_url": "http://127.0.0.1:8111/load_object?new_layer=false&objects=w459071126", "id_url": "https://www.openstreetmap.org/edit?editor=id&way=459071126#map=20/-12.1107181/-77.0051035"}}, {"type": "Feature", "geometry": {"type": "Point", "coordinates": [-77.0035189, -12.1105326]}, "properties": {"id": 459071127, "feat_type": "way", "quality_categories": "missing_tags, uncanny_keys", "issue_ids": "[189, 2]", "osm_url": "https://www.openstreetmap.org/way/459071127", "josm_url": "http://127.0.0.1:8111/load_object?new_layer=false&objects=w459071127", "id_url": "https://www.openstreetmap.org/edit?editor=id&way=459071127#map=20/-12.1105326/-77.0035189"}}, {"type": "Feature", "geometry": {"type": "Point", "coordinates": [-77.0052761, -12.109171]}, "properties": {"id": 459071129, "feat_type": "way", "quality_categories": "missing_tags, older_than_five_years, uncanny_keys", "issue_ids": "[187, 188, 2]", "osm_url": "https://www.openstreetmap.org/way/459071129", "josm_url": "http://127.0.0.1:8111/load_object?new_layer=false&objects=w459071129", "id_url": "https://www.openstreetmap.org/edit?editor=id&way=459071129#map=20/-12.109171/-77.0052761"}}, {"type": "Feature", "geometry": {"type": "Point", "coordinates": [-77.0036666, -12.1091025]}, "properties": {"id": 459071133, "feat_type": "way", "quality_categories": "missing_tags, older_than_five_years, uncanny_keys", "issue_ids": "[190, 188, 2]", "osm_url": "https://www.openstreetmap.org/way/459071133", "josm_url": "http://127.0.0.1:8111/load_object?new_layer=false&objects=w459071133", "id_url": "https://www.openstreetmap.org/edit?editor=id&way=459071133#map=20/-12.1091025/-77.0036666"}}, {"type": "Feature", "geometry": {"type": "Point", "coordinates": [-77.0035722, -12.1090184]}, "properties": {"id": 459071134, "feat_type": "way", "quality_categories": "missing_tags, older_than_five_years, uncanny_keys", "issue_ids": "[190, 188, 2]", "osm_url": "https://www.openstreetmap.org/way/459071134", "josm_url": "http://127.0.0.1:8111/load_object?new_layer=false&objects=w459071134", "id_url": "https://www.openstreetmap.org/edit?editor=id&way=459071134#map=20/-12.1090184/-77.0035722"}}, {"type": "Feature", "geometry": {"type": "Point", "coordinates": [-77.0031959, -12.1097273]}, "properties": {"id": 459071787, "feat_type": "way", "quality_categories": "missing_tags, older_than_five_years, uncanny_keys", "issue_ids": "[191, 188, 2]", "osm_url": "https://www.openstreetmap.org/way/459071787", "josm_url": "http://127.0.0.1:8111/load_object?new_layer=false&objects=w459071787", "id_url": "https://www.openstreetmap.org/edit?editor=id&way=459071787#map=20/-12.1097273/-77.0031959"}}, {"type": "Feature", "geometry": {"type": "Point", "coordinates": [-77.0045645, -12.108306]}, "properties": {"id": 459071788, "feat_type": "way", "quality_categories": "missing_tags, older_than_five_years, uncanny_keys", "issue_ids": "[192, 193, 2]", "osm_url": "https://www.openstreetmap.org/way/459071788", "josm_url": "http://127.0.0.1:8111/load_object?new_layer=false&objects=w459071788", "id_url": "https://www.openstreetmap.org/edit?editor=id&way=459071788#map=20/-12.108306/-77.0045645"}}, {"type": "Feature", "geometry": {"type": "Point", "coordinates": [-76.9958377, -12.1106515]}, "properties": {"id": 459071802, "feat_type": "way", "quality_categories": "missing_tags, older_than_five_years, uncanny_keys", "issue_ids": "[194, 195, 2]", "osm_url": "https://www.openstreetmap.org/way/459071802", "josm_url": "http://127.0.0.1:8111/load_object?new_layer=false&objects=w459071802", "id_url": "https://www.openstreetmap.org/edit?editor=id&way=459071802#map=20/-12.1106515/-76.9958377"}}, {"type": "Feature", "geometry": {"type": "Point", "coordinates": [-77.0963713, -12.0740308]}, "properties": {"id": 459662700, "feat_type": "way", "quality_categories": "missing_tags, older_than_five_years, uncanny_keys", "issue_ids": "[196, 197, 2]", "osm_url": "https://www.openstreetmap.org/way/459662700", "josm_url": "http://127.0.0.1:8111/load_object?new_layer=false&objects=w459662700", "id_url": "https://www.openstreetmap.org/edit?editor=id&way=459662700#map=20/-12.0740308/-77.0963713"}}, {"type": "Feature", "geometry": {"type": "Point", "coordinates": [-76.9970787, -12.0412336]}, "properties": {"id": 460119434, "feat_type": "way", "quality_categories": "missing_tags, older_than_five_years, uncanny_keys", "issue_ids": "[198, 39, 2]", "osm_url": "https://www.openstreetmap.org/way/460119434", "josm_url": "http://127.0.0.1:8111/load_object?new_layer=false&objects=w460119434", "id_url": "https://www.openstreetmap.org/edit?editor=id&way=460119434#map=20/-12.0412336/-76.9970787"}}, {"type": "Feature", "geometry": {"type": "Point", "coordinates": [-77.0617947, -12.0426825]}, "properties": {"id": 460382420, "feat_type": "way", "quality_categories": "missing_tags, older_than_five_years, uncanny_keys", "issue_ids": "[199, 200, 2]", "osm_url": "https://www.openstreetmap.org/way/460382420", "josm_url": "http://127.0.0.1:8111/load_object?new_layer=false&objects=w460382420", "id_url": "https://www.openstreetmap.org/edit?editor=id&way=460382420#map=20/-12.0426825/-77.0617947"}}, {"type": "Feature", "geometry": {"type": "Point", "coordinates": [-76.7526993, -12.460977]}, "properties": {"id": 461278905, "feat_type": "way", "quality_categories": "missing_tags, uncanny_keys", "issue_ids": "[201, 2]", "osm_url": "https://www.openstreetmap.org/way/461278905", "josm_url": "http://127.0.0.1:8111/load_object?new_layer=false&objects=w461278905", "id_url": "https://www.openstreetmap.org/edit?editor=id&way=461278905#map=20/-12.460977/-76.7526993"}}, {"type": "Feature", "geometry": {"type": "Point", "coordinates": [-77.0002482, -12.0575101]}, "properties": {"id": 462243936, "feat_type": "way", "quality_categories": "missing_tags, older_than_five_years, uncanny_keys", "issue_ids": "[202, 39, 2]", "osm_url": "https://www.openstreetmap.org/way/462243936", "josm_url": "http://127.0.0.1:8111/load_object?new_layer=false&objects=w462243936", "id_url": "https://www.openstreetmap.org/edit?editor=id&way=462243936#map=20/-12.0575101/-77.0002482"}}, {"type": "Feature", "geometry": {"type": "Point", "coordinates": [-77.0000516, -12.0577222]}, "properties": {"id": 462243937, "feat_type": "way", "quality_categories": "missing_tags, older_than_five_years, uncanny_keys", "issue_ids": "[203, 39, 2]", "osm_url": "https://www.openstreetmap.org/way/462243937", "josm_url": "http://127.0.0.1:8111/load_object?new_layer=false&objects=w462243937", "id_url": "https://www.openstreetmap.org/edit?editor=id&way=462243937#map=20/-12.0577222/-77.0000516"}}, {"type": "Feature", "geometry": {"type": "Point", "coordinates": [-77.0003382, -12.0573209]}, "properties": {"id": 462243939, "feat_type": "way", "quality_categories": "missing_tags, older_than_five_years, uncanny_keys", "issue_ids": "[203, 39, 2]", "osm_url": "https://www.openstreetmap.org/way/462243939", "josm_url": "http://127.0.0.1:8111/load_object?new_layer=false&objects=w462243939", "id_url": "https://www.openstreetmap.org/edit?editor=id&way=462243939#map=20/-12.0573209/-77.0003382"}}, {"type": "Feature", "geometry": {"type": "Point", "coordinates": [-77.001141, -12.0598924]}, "properties": {"id": 462243945, "feat_type": "way", "quality_categories": "missing_tags, uncanny_keys", "issue_ids": "[204, 2]", "osm_url": "https://www.openstreetmap.org/way/462243945", "josm_url": "http://127.0.0.1:8111/load_object?new_layer=false&objects=w462243945", "id_url": "https://www.openstreetmap.org/edit?editor=id&way=462243945#map=20/-12.0598924/-77.001141"}}, {"type": "Feature", "geometry": {"type": "Point", "coordinates": [-77.0007824, -12.0604146]}, "properties": {"id": 462243946, "feat_type": "way", "quality_categories": "missing_tags, older_than_five_years, uncanny_keys", "issue_ids": "[205, 206, 2]", "osm_url": "https://www.openstreetmap.org/way/462243946", "josm_url": "http://127.0.0.1:8111/load_object?new_layer=false&objects=w462243946", "id_url": "https://www.openstreetmap.org/edit?editor=id&way=462243946#map=20/-12.0604146/-77.0007824"}}, {"type": "Feature", "geometry": {"type": "Point", "coordinates": [-76.999887, -12.0592627]}, "properties": {"id": 462246908, "feat_type": "way", "quality_categories": "missing_tags, uncanny_keys", "issue_ids": "[207, 2]", "osm_url": "https://www.openstreetmap.org/way/462246908", "josm_url": "http://127.0.0.1:8111/load_object?new_layer=false&objects=w462246908", "id_url": "https://www.openstreetmap.org/edit?editor=id&way=462246908#map=20/-12.0592627/-76.999887"}}, {"type": "Feature", "geometry": {"type": "Point", "coordinates": [-76.9987312, -12.0588012]}, "properties": {"id": 462246909, "feat_type": "way", "quality_categories": "missing_tags, older_than_five_years, uncanny_keys", "issue_ids": "[208, 39, 2]", "osm_url": "https://www.openstreetmap.org/way/462246909", "josm_url": "http://127.0.0.1:8111/load_object?new_layer=false&objects=w462246909", "id_url": "https://www.openstreetmap.org/edit?editor=id&way=462246909#map=20/-12.0588012/-76.9987312"}}, {"type": "Feature", "geometry": {"type": "Point", "coordinates": [-76.9987007, -12.0592408]}, "properties": {"id": 462246912, "feat_type": "way", "quality_categories": "missing_tags, older_than_five_years, uncanny_keys", "issue_ids": "[209, 39, 2]", "osm_url": "https://www.openstreetmap.org/way/462246912", "josm_url": "http://127.0.0.1:8111/load_object?new_layer=false&objects=w462246912", "id_url": "https://www.openstreetmap.org/edit?editor=id&way=462246912#map=20/-12.0592408/-76.9987007"}}, {"type": "Feature", "geometry": {"type": "Point", "coordinates": [-76.9979735, -12.0592196]}, "properties": {"id": 462246914, "feat_type": "way", "quality_categories": "missing_tags, older_than_five_years, uncanny_keys", "issue_ids": "[210, 39, 2]", "osm_url": "https://www.openstreetmap.org/way/462246914", "josm_url": "http://127.0.0.1:8111/load_object?new_layer=false&objects=w462246914", "id_url": "https://www.openstreetmap.org/edit?editor=id&way=462246914#map=20/-12.0592196/-76.9979735"}}, {"type": "Feature", "geometry": {"type": "Point", "coordinates": [-76.9969645, -12.0595959]}, "properties": {"id": 462246916, "feat_type": "way", "quality_categories": "missing_tags, older_than_five_years, uncanny_keys", "issue_ids": "[211, 39, 2]", "osm_url": "https://www.openstreetmap.org/way/462246916", "josm_url": "http://127.0.0.1:8111/load_object?new_layer=false&objects=w462246916", "id_url": "https://www.openstreetmap.org/edit?editor=id&way=462246916#map=20/-12.0595959/-76.9969645"}}, {"type": "Feature", "geometry": {"type": "Point", "coordinates": [-76.9958498, -12.0578191]}, "properties": {"id": 462246917, "feat_type": "way", "quality_categories": "missing_tags, older_than_five_years, uncanny_keys", "issue_ids": "[212, 58, 2]", "osm_url": "https://www.openstreetmap.org/way/462246917", "josm_url": "http://127.0.0.1:8111/load_object?new_layer=false&objects=w462246917", "id_url": "https://www.openstreetmap.org/edit?editor=id&way=462246917#map=20/-12.0578191/-76.9958498"}}, {"type": "Feature", "geometry": {"type": "Point", "coordinates": [-76.9957747, -12.0566201]}, "properties": {"id": 462246920, "feat_type": "way", "quality_categories": "missing_tags, older_than_five_years, uncanny_keys", "issue_ids": "[213, 39, 2]", "osm_url": "https://www.openstreetmap.org/way/462246920", "josm_url": "http://127.0.0.1:8111/load_object?new_layer=false&objects=w462246920", "id_url": "https://www.openstreetmap.org/edit?editor=id&way=462246920#map=20/-12.0566201/-76.9957747"}}, {"type": "Feature", "geometry": {"type": "Point", "coordinates": [-76.9960445, -12.0569191]}, "properties": {"id": 462246921, "feat_type": "way", "quality_categories": "missing_tags, older_than_five_years, uncanny_keys", "issue_ids": "[214, 39, 2]", "osm_url": "https://www.openstreetmap.org/way/462246921", "josm_url": "http://127.0.0.1:8111/load_object?new_layer=false&objects=w462246921", "id_url": "https://www.openstreetmap.org/edit?editor=id&way=462246921#map=20/-12.0569191/-76.9960445"}}, {"type": "Feature", "geometry": {"type": "Point", "coordinates": [-77.0032504, -12.0678988]}, "properties": {"id": 462247495, "feat_type": "way", "quality_categories": "missing_tags, uncanny_keys", "issue_ids": "[215, 2]", "osm_url": "https://www.openstreetmap.org/way/462247495", "josm_url": "http://127.0.0.1:8111/load_object?new_layer=false&objects=w462247495", "id_url": "https://www.openstreetmap.org/edit?editor=id&way=462247495#map=20/-12.0678988/-77.0032504"}}, {"type": "Feature", "geometry": {"type": "Point", "coordinates": [-77.0016765, -12.0678213]}, "properties": {"id": 462248418, "feat_type": "way", "quality_categories": "missing_tags, older_than_five_years, uncanny_keys", "issue_ids": "[216, 29, 2]", "osm_url": "https://www.openstreetmap.org/way/462248418", "josm_url": "http://127.0.0.1:8111/load_object?new_layer=false&objects=w462248418", "id_url": "https://www.openstreetmap.org/edit?editor=id&way=462248418#map=20/-12.0678213/-77.0016765"}}, {"type": "Feature", "geometry": {"type": "Point", "coordinates": [-77.0412941, -12.038164]}, "properties": {"id": 463350007, "feat_type": "way", "quality_categories": "missing_tags, uncanny_keys", "issue_ids": "[217, 2]", "osm_url": "https://www.openstreetmap.org/way/463350007", "josm_url": "http://127.0.0.1:8111/load_object?new_layer=false&objects=w463350007", "id_url": "https://www.openstreetmap.org/edit?editor=id&way=463350007#map=20/-12.038164/-77.0412941"}}, {"type": "Feature", "geometry": {"type": "Point", "coordinates": [-77.0116442, -12.1390478]}, "properties": {"id": 464216809, "feat_type": "way", "quality_categories": "uncanny_keys", "issue_ids": "[218]", "osm_url": "https://www.openstreetmap.org/way/464216809", "josm_url": "http://127.0.0.1:8111/load_object?new_layer=false&objects=w464216809", "id_url": "https://www.openstreetmap.org/edit?editor=id&way=464216809#map=20/-12.1390478/-77.0116442"}}, {"type": "Feature", "geometry": {"type": "Point", "coordinates": [-76.9901669, -12.1589423]}, "properties": {"id": 464615086, "feat_type": "way", "quality_categories": "missing_tags, uncanny_keys", "issue_ids": "[219, 2]", "osm_url": "https://www.openstreetmap.org/way/464615086", "josm_url": "http://127.0.0.1:8111/load_object?new_layer=false&objects=w464615086", "id_url": "https://www.openstreetmap.org/edit?editor=id&way=464615086#map=20/-12.1589423/-76.9901669"}}, {"type": "Feature", "geometry": {"type": "Point", "coordinates": [-76.9894568, -12.1587745]}, "properties": {"id": 464615087, "feat_type": "way", "quality_categories": "missing_tags, uncanny_keys", "issue_ids": "[220, 2]", "osm_url": "https://www.openstreetmap.org/way/464615087", "josm_url": "http://127.0.0.1:8111/load_object?new_layer=false&objects=w464615087", "id_url": "https://www.openstreetmap.org/edit?editor=id&way=464615087#map=20/-12.1587745/-76.9894568"}}, {"type": "Feature", "geometry": {"type": "Point", "coordinates": [-77.0688108, -12.0271883]}, "properties": {"id": 465071790, "feat_type": "way", "quality_categories": "missing_tags, uncanny_keys", "issue_ids": "[221, 2]", "osm_url": "https://www.openstreetmap.org/way/465071790", "josm_url": "http://127.0.0.1:8111/load_object?new_layer=false&objects=w465071790", "id_url": "https://www.openstreetmap.org/edit?editor=id&way=465071790#map=20/-12.0271883/-77.0688108"}}, {"type": "Feature", "geometry": {"type": "Point", "coordinates": [-76.7923715, -12.3640957]}, "properties": {"id": 466166523, "feat_type": "way", "quality_categories": "missing_tags, uncanny_keys", "issue_ids": "[222, 2]", "osm_url": "https://www.openstreetmap.org/way/466166523", "josm_url": "http://127.0.0.1:8111/load_object?new_layer=false&objects=w466166523", "id_url": "https://www.openstreetmap.org/edit?editor=id&way=466166523#map=20/-12.3640957/-76.7923715"}}, {"type": "Feature", "geometry": {"type": "Point", "coordinates": [-77.0004312, -12.0536015]}, "properties": {"id": 470109250, "feat_type": "way", "quality_categories": "missing_tags, older_than_five_years, uncanny_keys", "issue_ids": "[223, 39, 2]", "osm_url": "https://www.openstreetmap.org/way/470109250", "josm_url": "http://127.0.0.1:8111/load_object?new_layer=false&objects=w470109250", "id_url": "https://www.openstreetmap.org/edit?editor=id&way=470109250#map=20/-12.0536015/-77.0004312"}}, {"type": "Feature", "geometry": {"type": "Point", "coordinates": [-77.0004994, -12.0547462]}, "properties": {"id": 470109253, "feat_type": "way", "quality_categories": "missing_tags, older_than_five_years, uncanny_keys", "issue_ids": "[224, 39, 2]", "osm_url": "https://www.openstreetmap.org/way/470109253", "josm_url": "http://127.0.0.1:8111/load_object?new_layer=false&objects=w470109253", "id_url": "https://www.openstreetmap.org/edit?editor=id&way=470109253#map=20/-12.0547462/-77.0004994"}}, {"type": "Feature", "geometry": {"type": "Point", "coordinates": [-76.9986269, -12.1330828]}, "properties": {"id": 470412133, "feat_type": "way", "quality_categories": "uncanny_keys", "issue_ids": "[225]", "osm_url": "https://www.openstreetmap.org/way/470412133", "josm_url": "http://127.0.0.1:8111/load_object?new_layer=false&objects=w470412133", "id_url": "https://www.openstreetmap.org/edit?editor=id&way=470412133#map=20/-12.1330828/-76.9986269"}}, {"type": "Feature", "geometry": {"type": "Point", "coordinates": [-77.0112915, -12.0572037]}, "properties": {"id": 471318963, "feat_type": "way", "quality_categories": "missing_tags, uncanny_keys", "issue_ids": "[226, 2]", "osm_url": "https://www.openstreetmap.org/way/471318963", "josm_url": "http://127.0.0.1:8111/load_object?new_layer=false&objects=w471318963", "id_url": "https://www.openstreetmap.org/edit?editor=id&way=471318963#map=20/-12.0572037/-77.0112915"}}, {"type": "Feature", "geometry": {"type": "Point", "coordinates": [-76.962548, -12.0962345]}, "properties": {"id": 474925773, "feat_type": "way", "quality_categories": "missing_tags, uncanny_keys", "issue_ids": "[227, 2]", "osm_url": "https://www.openstreetmap.org/way/474925773", "josm_url": "http://127.0.0.1:8111/load_object?new_layer=false&objects=w474925773", "id_url": "https://www.openstreetmap.org/edit?editor=id&way=474925773#map=20/-12.0962345/-76.962548"}}, {"type": "Feature", "geometry": {"type": "Point", "coordinates": [-77.0020568, -12.0641811]}, "properties": {"id": 479942809, "feat_type": "way", "quality_categories": "missing_tags, older_than_five_years, uncanny_keys", "issue_ids": "[228, 29, 2]", "osm_url": "https://www.openstreetmap.org/way/479942809", "josm_url": "http://127.0.0.1:8111/load_object?new_layer=false&objects=w479942809", "id_url": "https://www.openstreetmap.org/edit?editor=id&way=479942809#map=20/-12.0641811/-77.0020568"}}, {"type": "Feature", "geometry": {"type": "Point", "coordinates": [-77.002212, -12.064488]}, "properties": {"id": 479942810, "feat_type": "way", "quality_categories": "missing_tags, older_than_five_years, uncanny_keys", "issue_ids": "[229, 29, 2]", "osm_url": "https://www.openstreetmap.org/way/479942810", "josm_url": "http://127.0.0.1:8111/load_object?new_layer=false&objects=w479942810", "id_url": "https://www.openstreetmap.org/edit?editor=id&way=479942810#map=20/-12.064488/-77.002212"}}, {"type": "Feature", "geometry": {"type": "Point", "coordinates": [-77.0230165, -12.0383242]}, "properties": {"id": 507435955, "feat_type": "way", "quality_categories": "missing_tags, older_than_five_years, uncanny_keys", "issue_ids": "[230, 231, 2]", "osm_url": "https://www.openstreetmap.org/way/507435955", "josm_url": "http://127.0.0.1:8111/load_object?new_layer=false&objects=w507435955", "id_url": "https://www.openstreetmap.org/edit?editor=id&way=507435955#map=20/-12.0383242/-77.0230165"}}, {"type": "Feature", "geometry": {"type": "Point", "coordinates": [-77.0591389, -12.0095606]}, "properties": {"id": 513693669, "feat_type": "way", "quality_categories": "uncanny_keys", "issue_ids": "[232]", "osm_url": "https://www.openstreetmap.org/way/513693669", "josm_url": "http://127.0.0.1:8111/load_object?new_layer=false&objects=w513693669", "id_url": "https://www.openstreetmap.org/edit?editor=id&way=513693669#map=20/-12.0095606/-77.0591389"}}, {"type": "Feature", "geometry": {"type": "Point", "coordinates": [-77.0106424, -12.0705306]}, "properties": {"id": 521707655, "feat_type": "way", "quality_categories": "missing_tags, uncanny_keys", "issue_ids": "[164, 2]", "osm_url": "https://www.openstreetmap.org/way/521707655", "josm_url": "http://127.0.0.1:8111/load_object?new_layer=false&objects=w521707655", "id_url": "https://www.openstreetmap.org/edit?editor=id&way=521707655#map=20/-12.0705306/-77.0106424"}}, {"type": "Feature", "geometry": {"type": "Point", "coordinates": [-76.9978537, -12.0600523]}, "properties": {"id": 526611546, "feat_type": "way", "quality_categories": "missing_tags, older_than_five_years, uncanny_keys", "issue_ids": "[233, 39, 2]", "osm_url": "https://www.openstreetmap.org/way/526611546", "josm_url": "http://127.0.0.1:8111/load_object?new_layer=false&objects=w526611546", "id_url": "https://www.openstreetmap.org/edit?editor=id&way=526611546#map=20/-12.0600523/-76.9978537"}}, {"type": "Feature", "geometry": {"type": "Point", "coordinates": [-77.069297, -11.993277]}, "properties": {"id": 548753024, "feat_type": "way", "quality_categories": "uncanny_keys", "issue_ids": "[94]", "osm_url": "https://www.openstreetmap.org/way/548753024", "josm_url": "http://127.0.0.1:8111/load_object?new_layer=false&objects=w548753024", "id_url": "https://www.openstreetmap.org/edit?editor=id&way=548753024#map=20/-11.993277/-77.069297"}}, {"type": "Feature", "geometry": {"type": "Point", "coordinates": [-77.067024, -11.994478]}, "properties": {"id": 548753033, "feat_type": "way", "quality_categories": "uncanny_keys", "issue_ids": "[54]", "osm_url": "https://www.openstreetmap.org/way/548753033", "josm_url": "http://127.0.0.1:8111/load_object?new_layer=false&objects=w548753033", "id_url": "https://www.openstreetmap.org/edit?editor=id&way=548753033#map=20/-11.994478/-77.067024"}}, {"type": "Feature", "geometry": {"type": "Point", "coordinates": [-77.0666879, -11.9941763]}, "properties": {"id": 548753035, "feat_type": "way", "quality_categories": "uncanny_keys", "issue_ids": "[54]", "osm_url": "https://www.openstreetmap.org/way/548753035", "josm_url": "http://127.0.0.1:8111/load_object?new_layer=false&objects=w548753035", "id_url": "https://www.openstreetmap.org/edit?editor=id&way=548753035#map=20/-11.9941763/-77.0666879"}}, {"type": "Feature", "geometry": {"type": "Point", "coordinates": [-77.0660896, -11.9952341]}, "properties": {"id": 548753037, "feat_type": "way", "quality_categories": "uncanny_keys", "issue_ids": "[54]", "osm_url": "https://www.openstreetmap.org/way/548753037", "josm_url": "http://127.0.0.1:8111/load_object?new_layer=false&objects=w548753037", "id_url": "https://www.openstreetmap.org/edit?editor=id&way=548753037#map=20/-11.9952341/-77.0660896"}}, {"type": "Feature", "geometry": {"type": "Point", "coordinates": [-77.0660239, -11.9951766]}, "properties": {"id": 548753039, "feat_type": "way", "quality_categories": "uncanny_keys", "issue_ids": "[54]", "osm_url": "https://www.openstreetmap.org/way/548753039", "josm_url": "http://127.0.0.1:8111/load_object?new_layer=false&objects=w548753039", "id_url": "https://www.openstreetmap.org/edit?editor=id&way=548753039#map=20/-11.9951766/-77.0660239"}}, {"type": "Feature", "geometry": {"type": "Point", "coordinates": [-77.0658998, -11.9956145]}, "properties": {"id": 548753042, "feat_type": "way", "quality_categories": "uncanny_keys", "issue_ids": "[54]", "osm_url": "https://www.openstreetmap.org/way/548753042", "josm_url": "http://127.0.0.1:8111/load_object?new_layer=false&objects=w548753042", "id_url": "https://www.openstreetmap.org/edit?editor=id&way=548753042#map=20/-11.9956145/-77.0658998"}}, {"type": "Feature", "geometry": {"type": "Point", "coordinates": [-77.0655999, -11.9953563]}, "properties": {"id": 548753043, "feat_type": "way", "quality_categories": "uncanny_keys", "issue_ids": "[54]", "osm_url": "https://www.openstreetmap.org/way/548753043", "josm_url": "http://127.0.0.1:8111/load_object?new_layer=false&objects=w548753043", "id_url": "https://www.openstreetmap.org/edit?editor=id&way=548753043#map=20/-11.9953563/-77.0655999"}}, {"type": "Feature", "geometry": {"type": "Point", "coordinates": [-76.9892908, -11.9591375]}, "properties": {"id": 548913565, "feat_type": "way", "quality_categories": "missing_tags, older_than_five_years, uncanny_keys", "issue_ids": "[234, 128, 2]", "osm_url": "https://www.openstreetmap.org/way/548913565", "josm_url": "http://127.0.0.1:8111/load_object?new_layer=false&objects=w548913565", "id_url": "https://www.openstreetmap.org/edit?editor=id&way=548913565#map=20/-11.9591375/-76.9892908"}}, {"type": "Feature", "geometry": {"type": "Point", "coordinates": [-76.9889407, -11.9592134]}, "properties": {"id": 548913566, "feat_type": "way", "quality_categories": "missing_tags, older_than_five_years, uncanny_keys", "issue_ids": "[235, 128, 2]", "osm_url": "https://www.openstreetmap.org/way/548913566", "josm_url": "http://127.0.0.1:8111/load_object?new_layer=false&objects=w548913566", "id_url": "https://www.openstreetmap.org/edit?editor=id&way=548913566#map=20/-11.9592134/-76.9889407"}}, {"type": "Feature", "geometry": {"type": "Point", "coordinates": [-77.0018247, -12.0998547]}, "properties": {"id": 549606672, "feat_type": "way", "quality_categories": "missing_tags, uncanny_keys", "issue_ids": "[236, 2]", "osm_url": "https://www.openstreetmap.org/way/549606672", "josm_url": "http://127.0.0.1:8111/load_object?new_layer=false&objects=w549606672", "id_url": "https://www.openstreetmap.org/edit?editor=id&way=549606672#map=20/-12.0998547/-77.0018247"}}, {"type": "Feature", "geometry": {"type": "Point", "coordinates": [-77.0129014, -12.0544649]}, "properties": {"id": 549749562, "feat_type": "way", "quality_categories": "missing_tags, older_than_five_years, uncanny_keys", "issue_ids": "[237, 238, 2]", "osm_url": "https://www.openstreetmap.org/way/549749562", "josm_url": "http://127.0.0.1:8111/load_object?new_layer=false&objects=w549749562", "id_url": "https://www.openstreetmap.org/edit?editor=id&way=549749562#map=20/-12.0544649/-77.0129014"}}, {"type": "Feature", "geometry": {"type": "Point", "coordinates": [-77.0019266, -12.0998688]}, "properties": {"id": 550942196, "feat_type": "way", "quality_categories": "missing_tags, uncanny_keys", "issue_ids": "[236, 2]", "osm_url": "https://www.openstreetmap.org/way/550942196", "josm_url": "http://127.0.0.1:8111/load_object?new_layer=false&objects=w550942196", "id_url": "https://www.openstreetmap.org/edit?editor=id&way=550942196#map=20/-12.0998688/-77.0019266"}}, {"type": "Feature", "geometry": {"type": "Point", "coordinates": [-77.012672, -12.053983]}, "properties": {"id": 554911356, "feat_type": "way", "quality_categories": "older_than_five_years, uncanny_keys", "issue_ids": "[239, 238]", "osm_url": "https://www.openstreetmap.org/way/554911356", "josm_url": "http://127.0.0.1:8111/load_object?new_layer=false&objects=w554911356", "id_url": "https://www.openstreetmap.org/edit?editor=id&way=554911356#map=20/-12.053983/-77.012672"}}, {"type": "Feature", "geometry": {"type": "Point", "coordinates": [-77.0664942, -12.0784387]}, "properties": {"id": 558065804, "feat_type": "way", "quality_categories": "missing_tags, uncanny_keys", "issue_ids": "[240, 2]", "osm_url": "https://www.openstreetmap.org/way/558065804", "josm_url": "http://127.0.0.1:8111/load_object?new_layer=false&objects=w558065804", "id_url": "https://www.openstreetmap.org/edit?editor=id&way=558065804#map=20/-12.0784387/-77.0664942"}}, {"type": "Feature", "geometry": {"type": "Point", "coordinates": [-77.0009999, -12.013423]}, "properties": {"id": 559090092, "feat_type": "way", "quality_categories": "older_than_five_years, uncanny_keys", "issue_ids": "[241, 242]", "osm_url": "https://www.openstreetmap.org/way/559090092", "josm_url": "http://127.0.0.1:8111/load_object?new_layer=false&objects=w559090092", "id_url": "https://www.openstreetmap.org/edit?editor=id&way=559090092#map=20/-12.013423/-77.0009999"}}, {"type": "Feature", "geometry": {"type": "Point", "coordinates": [-76.9962846, -12.0403672]}, "properties": {"id": 559153798, "feat_type": "way", "quality_categories": "older_than_five_years, uncanny_keys", "issue_ids": "[243, 131]", "osm_url": "https://www.openstreetmap.org/way/559153798", "josm_url": "http://127.0.0.1:8111/load_object?new_layer=false&objects=w559153798", "id_url": "https://www.openstreetmap.org/edit?editor=id&way=559153798#map=20/-12.0403672/-76.9962846"}}, {"type": "Feature", "geometry": {"type": "Point", "coordinates": [-76.9966494, -12.0405849]}, "properties": {"id": 559153804, "feat_type": "way", "quality_categories": "older_than_five_years, uncanny_keys", "issue_ids": "[244, 131]", "osm_url": "https://www.openstreetmap.org/way/559153804", "josm_url": "http://127.0.0.1:8111/load_object?new_layer=false&objects=w559153804", "id_url": "https://www.openstreetmap.org/edit?editor=id&way=559153804#map=20/-12.0405849/-76.9966494"}}, {"type": "Feature", "geometry": {"type": "Point", "coordinates": [-76.9865731, -12.1568734]}, "properties": {"id": 564075927, "feat_type": "way", "quality_categories": "missing_tags, uncanny_keys", "issue_ids": "[245, 2]", "osm_url": "https://www.openstreetmap.org/way/564075927", "josm_url": "http://127.0.0.1:8111/load_object?new_layer=false&objects=w564075927", "id_url": "https://www.openstreetmap.org/edit?editor=id&way=564075927#map=20/-12.1568734/-76.9865731"}}, {"type": "Feature", "geometry": {"type": "Point", "coordinates": [-76.9895048, -12.1594135]}, "properties": {"id": 564079840, "feat_type": "way", "quality_categories": "missing_tags, uncanny_keys", "issue_ids": "[246, 2]", "osm_url": "https://www.openstreetmap.org/way/564079840", "josm_url": "http://127.0.0.1:8111/load_object?new_layer=false&objects=w564079840", "id_url": "https://www.openstreetmap.org/edit?editor=id&way=564079840#map=20/-12.1594135/-76.9895048"}}, {"type": "Feature", "geometry": {"type": "Point", "coordinates": [-77.0463529, -12.0368817]}, "properties": {"id": 564126005, "feat_type": "way", "quality_categories": "missing_tags, older_than_five_years, uncanny_keys", "issue_ids": "[247, 248, 2]", "osm_url": "https://www.openstreetmap.org/way/564126005", "josm_url": "http://127.0.0.1:8111/load_object?new_layer=false&objects=w564126005", "id_url": "https://www.openstreetmap.org/edit?editor=id&way=564126005#map=20/-12.0368817/-77.0463529"}}, {"type": "Feature", "geometry": {"type": "Point", "coordinates": [-77.0368826, -12.0388368]}, "properties": {"id": 564126012, "feat_type": "way", "quality_categories": "missing_tags, older_than_five_years, uncanny_keys", "issue_ids": "[249, 124, 2]", "osm_url": "https://www.openstreetmap.org/way/564126012", "josm_url": "http://127.0.0.1:8111/load_object?new_layer=false&objects=w564126012", "id_url": "https://www.openstreetmap.org/edit?editor=id&way=564126012#map=20/-12.0388368/-77.0368826"}}, {"type": "Feature", "geometry": {"type": "Point", "coordinates": [-77.1034268, -12.0715209]}, "properties": {"id": 564376536, "feat_type": "way", "quality_categories": "missing_tags, older_than_five_years, uncanny_keys", "issue_ids": "[250, 251, 2]", "osm_url": "https://www.openstreetmap.org/way/564376536", "josm_url": "http://127.0.0.1:8111/load_object?new_layer=false&objects=w564376536", "id_url": "https://www.openstreetmap.org/edit?editor=id&way=564376536#map=20/-12.0715209/-77.1034268"}}, {"type": "Feature", "geometry": {"type": "Point", "coordinates": [-77.0754631, -11.9228246]}, "properties": {"id": 567588259, "feat_type": "way", "quality_categories": "uncanny_keys", "issue_ids": "[252]", "osm_url": "https://www.openstreetmap.org/way/567588259", "josm_url": "http://127.0.0.1:8111/load_object?new_layer=false&objects=w567588259", "id_url": "https://www.openstreetmap.org/edit?editor=id&way=567588259#map=20/-11.9228246/-77.0754631"}}, {"type": "Feature", "geometry": {"type": "Point", "coordinates": [-77.0468248, -12.0171791]}, "properties": {"id": 568338146, "feat_type": "way", "quality_categories": "missing_tags, older_than_five_years, uncanny_keys", "issue_ids": "[253, 254, 2]", "osm_url": "https://www.openstreetmap.org/way/568338146", "josm_url": "http://127.0.0.1:8111/load_object?new_layer=false&objects=w568338146", "id_url": "https://www.openstreetmap.org/edit?editor=id&way=568338146#map=20/-12.0171791/-77.0468248"}}, {"type": "Feature", "geometry": {"type": "Point", "coordinates": [-77.0471742, -12.0172352]}, "properties": {"id": 568338148, "feat_type": "way", "quality_categories": "missing_tags, uncanny_keys", "issue_ids": "[255, 2]", "osm_url": "https://www.openstreetmap.org/way/568338148", "josm_url": "http://127.0.0.1:8111/load_object?new_layer=false&objects=w568338148", "id_url": "https://www.openstreetmap.org/edit?editor=id&way=568338148#map=20/-12.0172352/-77.0471742"}}, {"type": "Feature", "geometry": {"type": "Point", "coordinates": [-77.063208, -12.063318]}, "properties": {"id": 568342544, "feat_type": "way", "quality_categories": "uncanny_keys", "issue_ids": "[256]", "osm_url": "https://www.openstreetmap.org/way/568342544", "josm_url": "http://127.0.0.1:8111/load_object?new_layer=false&objects=w568342544", "id_url": "https://www.openstreetmap.org/edit?editor=id&way=568342544#map=20/-12.063318/-77.063208"}}, {"type": "Feature", "geometry": {"type": "Point", "coordinates": [-77.0039522, -12.1250941]}, "properties": {"id": 570082781, "feat_type": "way", "quality_categories": "older_than_five_years, uncanny_keys", "issue_ids": "[257, 258]", "osm_url": "https://www.openstreetmap.org/way/570082781", "josm_url": "http://127.0.0.1:8111/load_object?new_layer=false&objects=w570082781", "id_url": "https://www.openstreetmap.org/edit?editor=id&way=570082781#map=20/-12.1250941/-77.0039522"}}, {"type": "Feature", "geometry": {"type": "Point", "coordinates": [-77.0526955, -11.8658816]}, "properties": {"id": 570368106, "feat_type": "way", "quality_categories": "missing_tags, uncanny_keys", "issue_ids": "[259, 2]", "osm_url": "https://www.openstreetmap.org/way/570368106", "josm_url": "http://127.0.0.1:8111/load_object?new_layer=false&objects=w570368106", "id_url": "https://www.openstreetmap.org/edit?editor=id&way=570368106#map=20/-11.8658816/-77.0526955"}}, {"type": "Feature", "geometry": {"type": "Point", "coordinates": [-77.0131549, -12.0593929]}, "properties": {"id": 570787604, "feat_type": "way", "quality_categories": "missing_tags, older_than_five_years, uncanny_keys", "issue_ids": "[260, 39, 2]", "osm_url": "https://www.openstreetmap.org/way/570787604", "josm_url": "http://127.0.0.1:8111/load_object?new_layer=false&objects=w570787604", "id_url": "https://www.openstreetmap.org/edit?editor=id&way=570787604#map=20/-12.0593929/-77.0131549"}}, {"type": "Feature", "geometry": {"type": "Point", "coordinates": [-77.0042551, -12.1111837]}, "properties": {"id": 570789688, "feat_type": "way", "quality_categories": "missing_tags, uncanny_keys", "issue_ids": "[261, 2]", "osm_url": "https://www.openstreetmap.org/way/570789688", "josm_url": "http://127.0.0.1:8111/load_object?new_layer=false&objects=w570789688", "id_url": "https://www.openstreetmap.org/edit?editor=id&way=570789688#map=20/-12.1111837/-77.0042551"}}, {"type": "Feature", "geometry": {"type": "Point", "coordinates": [-77.0102996, -12.0030755]}, "properties": {"id": 571082808, "feat_type": "way", "quality_categories": "older_than_five_years, uncanny_keys", "issue_ids": "[262, 263]", "osm_url": "https://www.openstreetmap.org/way/571082808", "josm_url": "http://127.0.0.1:8111/load_object?new_layer=false&objects=w571082808", "id_url": "https://www.openstreetmap.org/edit?editor=id&way=571082808#map=20/-12.0030755/-77.0102996"}}, {"type": "Feature", "geometry": {"type": "Point", "coordinates": [-76.9954531, -12.0574083]}, "properties": {"id": 571388288, "feat_type": "way", "quality_categories": "missing_tags, older_than_five_years, uncanny_keys", "issue_ids": "[264, 58, 2]", "osm_url": "https://www.openstreetmap.org/way/571388288", "josm_url": "http://127.0.0.1:8111/load_object?new_layer=false&objects=w571388288", "id_url": "https://www.openstreetmap.org/edit?editor=id&way=571388288#map=20/-12.0574083/-76.9954531"}}, {"type": "Feature", "geometry": {"type": "Point", "coordinates": [-77.0548566, -11.9296767]}, "properties": {"id": 572430843, "feat_type": "way", "quality_categories": "missing_tags, uncanny_keys", "issue_ids": "[41, 2]", "osm_url": "https://www.openstreetmap.org/way/572430843", "josm_url": "http://127.0.0.1:8111/load_object?new_layer=false&objects=w572430843", "id_url": "https://www.openstreetmap.org/edit?editor=id&way=572430843#map=20/-11.9296767/-77.0548566"}}, {"type": "Feature", "geometry": {"type": "Point", "coordinates": [-76.9982403, -12.0768273]}, "properties": {"id": 578581632, "feat_type": "way", "quality_categories": "missing_tags, older_than_five_years, uncanny_keys", "issue_ids": "[265, 92, 2]", "osm_url": "https://www.openstreetmap.org/way/578581632", "josm_url": "http://127.0.0.1:8111/load_object?new_layer=false&objects=w578581632", "id_url": "https://www.openstreetmap.org/edit?editor=id&way=578581632#map=20/-12.0768273/-76.9982403"}}, {"type": "Feature", "geometry": {"type": "Point", "coordinates": [-77.0038257, -12.0675826]}, "properties": {"id": 578581648, "feat_type": "way", "quality_categories": "missing_tags, older_than_five_years, uncanny_keys", "issue_ids": "[266, 29, 2]", "osm_url": "https://www.openstreetmap.org/way/578581648", "josm_url": "http://127.0.0.1:8111/load_object?new_layer=false&objects=w578581648", "id_url": "https://www.openstreetmap.org/edit?editor=id&way=578581648#map=20/-12.0675826/-77.0038257"}}, {"type": "Feature", "geometry": {"type": "Point", "coordinates": [-77.0032564, -12.0685486]}, "properties": {"id": 579627364, "feat_type": "way", "quality_categories": "missing_tags, older_than_five_years, uncanny_keys", "issue_ids": "[267, 29, 2]", "osm_url": "https://www.openstreetmap.org/way/579627364", "josm_url": "http://127.0.0.1:8111/load_object?new_layer=false&objects=w579627364", "id_url": "https://www.openstreetmap.org/edit?editor=id&way=579627364#map=20/-12.0685486/-77.0032564"}}, {"type": "Feature", "geometry": {"type": "Point", "coordinates": [-77.0049302, -12.0681303]}, "properties": {"id": 579627388, "feat_type": "way", "quality_categories": "missing_tags, uncanny_keys", "issue_ids": "[268, 2]", "osm_url": "https://www.openstreetmap.org/way/579627388", "josm_url": "http://127.0.0.1:8111/load_object?new_layer=false&objects=w579627388", "id_url": "https://www.openstreetmap.org/edit?editor=id&way=579627388#map=20/-12.0681303/-77.0049302"}}, {"type": "Feature", "geometry": {"type": "Point", "coordinates": [-77.0008575, -12.0678381]}, "properties": {"id": 579629587, "feat_type": "way", "quality_categories": "missing_tags, older_than_five_years, uncanny_keys", "issue_ids": "[269, 29, 2]", "osm_url": "https://www.openstreetmap.org/way/579629587", "josm_url": "http://127.0.0.1:8111/load_object?new_layer=false&objects=w579629587", "id_url": "https://www.openstreetmap.org/edit?editor=id&way=579629587#map=20/-12.0678381/-77.0008575"}}, {"type": "Feature", "geometry": {"type": "Point", "coordinates": [-77.0012272, -12.0653265]}, "properties": {"id": 579635481, "feat_type": "way", "quality_categories": "missing_tags, older_than_five_years, uncanny_keys", "issue_ids": "[270, 39, 2]", "osm_url": "https://www.openstreetmap.org/way/579635481", "josm_url": "http://127.0.0.1:8111/load_object?new_layer=false&objects=w579635481", "id_url": "https://www.openstreetmap.org/edit?editor=id&way=579635481#map=20/-12.0653265/-77.0012272"}}, {"type": "Feature", "geometry": {"type": "Point", "coordinates": [-77.0003535, -12.0651671]}, "properties": {"id": 579635507, "feat_type": "way", "quality_categories": "missing_tags, older_than_five_years, uncanny_keys", "issue_ids": "[228, 29, 2]", "osm_url": "https://www.openstreetmap.org/way/579635507", "josm_url": "http://127.0.0.1:8111/load_object?new_layer=false&objects=w579635507", "id_url": "https://www.openstreetmap.org/edit?editor=id&way=579635507#map=20/-12.0651671/-77.0003535"}}, {"type": "Feature", "geometry": {"type": "Point", "coordinates": [-76.9966349, -12.0413038]}, "properties": {"id": 580991122, "feat_type": "way", "quality_categories": "missing_tags, older_than_five_years, uncanny_keys", "issue_ids": "[271, 39, 2]", "osm_url": "https://www.openstreetmap.org/way/580991122", "josm_url": "http://127.0.0.1:8111/load_object?new_layer=false&objects=w580991122", "id_url": "https://www.openstreetmap.org/edit?editor=id&way=580991122#map=20/-12.0413038/-76.9966349"}}, {"type": "Feature", "geometry": {"type": "Point", "coordinates": [-77.0686163, -12.027588]}, "properties": {"id": 582392865, "feat_type": "way", "quality_categories": "missing_tags, uncanny_keys", "issue_ids": "[272, 2]", "osm_url": "https://www.openstreetmap.org/way/582392865", "josm_url": "http://127.0.0.1:8111/load_object?new_layer=false&objects=w582392865", "id_url": "https://www.openstreetmap.org/edit?editor=id&way=582392865#map=20/-12.027588/-77.0686163"}}, {"type": "Feature", "geometry": {"type": "Point", "coordinates": [-77.0574381, -11.9384563]}, "properties": {"id": 601175497, "feat_type": "way", "quality_categories": "missing_tags, uncanny_keys", "issue_ids": "[102, 2]", "osm_url": "https://www.openstreetmap.org/way/601175497", "josm_url": "http://127.0.0.1:8111/load_object?new_layer=false&objects=w601175497", "id_url": "https://www.openstreetmap.org/edit?editor=id&way=601175497#map=20/-11.9384563/-77.0574381"}}, {"type": "Feature", "geometry": {"type": "Point", "coordinates": [-77.058605, -11.9631911]}, "properties": {"id": 611738348, "feat_type": "way", "quality_categories": "missing_tags, uncanny_keys", "issue_ids": "[273, 2]", "osm_url": "https://www.openstreetmap.org/way/611738348", "josm_url": "http://127.0.0.1:8111/load_object?new_layer=false&objects=w611738348", "id_url": "https://www.openstreetmap.org/edit?editor=id&way=611738348#map=20/-11.9631911/-77.058605"}}, {"type": "Feature", "geometry": {"type": "Point", "coordinates": [-77.0814083, -12.0306258]}, "properties": {"id": 611904945, "feat_type": "way", "quality_categories": "missing_tags, uncanny_keys", "issue_ids": "[274, 2]", "osm_url": "https://www.openstreetmap.org/way/611904945", "josm_url": "http://127.0.0.1:8111/load_object?new_layer=false&objects=w611904945", "id_url": "https://www.openstreetmap.org/edit?editor=id&way=611904945#map=20/-12.0306258/-77.0814083"}}, {"type": "Feature", "geometry": {"type": "Point", "coordinates": [-77.0815833, -12.0304476]}, "properties": {"id": 611904946, "feat_type": "way", "quality_categories": "uncanny_keys", "issue_ids": "[275]", "osm_url": "https://www.openstreetmap.org/way/611904946", "josm_url": "http://127.0.0.1:8111/load_object?new_layer=false&objects=w611904946", "id_url": "https://www.openstreetmap.org/edit?editor=id&way=611904946#map=20/-12.0304476/-77.0815833"}}, {"type": "Feature", "geometry": {"type": "Point", "coordinates": [-77.0818677, -12.0305777]}, "properties": {"id": 611904948, "feat_type": "way", "quality_categories": "missing_tags, uncanny_keys", "issue_ids": "[274, 2]", "osm_url": "https://www.openstreetmap.org/way/611904948", "josm_url": "http://127.0.0.1:8111/load_object?new_layer=false&objects=w611904948", "id_url": "https://www.openstreetmap.org/edit?editor=id&way=611904948#map=20/-12.0305777/-77.0818677"}}, {"type": "Feature", "geometry": {"type": "Point", "coordinates": [-77.0817339, -12.0308414]}, "properties": {"id": 611904949, "feat_type": "way", "quality_categories": "uncanny_keys", "issue_ids": "[275]", "osm_url": "https://www.openstreetmap.org/way/611904949", "josm_url": "http://127.0.0.1:8111/load_object?new_layer=false&objects=w611904949", "id_url": "https://www.openstreetmap.org/edit?editor=id&way=611904949#map=20/-12.0308414/-77.0817339"}}, {"type": "Feature", "geometry": {"type": "Point", "coordinates": [-77.0812104, -12.0795058]}, "properties": {"id": 612105984, "feat_type": "way", "quality_categories": "older_than_five_years, uncanny_keys", "issue_ids": "[276, 277]", "osm_url": "https://www.openstreetmap.org/way/612105984", "josm_url": "http://127.0.0.1:8111/load_object?new_layer=false&objects=w612105984", "id_url": "https://www.openstreetmap.org/edit?editor=id&way=612105984#map=20/-12.0795058/-77.0812104"}}, {"type": "Feature", "geometry": {"type": "Point", "coordinates": [-77.0497338, -11.8602383]}, "properties": {"id": 613969759, "feat_type": "way", "quality_categories": "missing_tags, uncanny_keys", "issue_ids": "[278, 2]", "osm_url": "https://www.openstreetmap.org/way/613969759", "josm_url": "http://127.0.0.1:8111/load_object?new_layer=false&objects=w613969759", "id_url": "https://www.openstreetmap.org/edit?editor=id&way=613969759#map=20/-11.8602383/-77.0497338"}}, {"type": "Feature", "geometry": {"type": "Point", "coordinates": [-77.0517525, -11.9390816]}, "properties": {"id": 620213898, "feat_type": "way", "quality_categories": "missing_tags, uncanny_keys", "issue_ids": "[279, 2]", "osm_url": "https://www.openstreetmap.org/way/620213898", "josm_url": "http://127.0.0.1:8111/load_object?new_layer=false&objects=w620213898", "id_url": "https://www.openstreetmap.org/edit?editor=id&way=620213898#map=20/-11.9390816/-77.0517525"}}, {"type": "Feature", "geometry": {"type": "Point", "coordinates": [-77.062459, -11.9947619]}, "properties": {"id": 620431349, "feat_type": "way", "quality_categories": "missing_tags, uncanny_keys", "issue_ids": "[280, 2]", "osm_url": "https://www.openstreetmap.org/way/620431349", "josm_url": "http://127.0.0.1:8111/load_object?new_layer=false&objects=w620431349", "id_url": "https://www.openstreetmap.org/edit?editor=id&way=620431349#map=20/-11.9947619/-77.062459"}}, {"type": "Feature", "geometry": {"type": "Point", "coordinates": [-76.9963414, -12.0406118]}, "properties": {"id": 628671392, "feat_type": "way", "quality_categories": "older_than_five_years, uncanny_keys", "issue_ids": "[281, 131]", "osm_url": "https://www.openstreetmap.org/way/628671392", "josm_url": "http://127.0.0.1:8111/load_object?new_layer=false&objects=w628671392", "id_url": "https://www.openstreetmap.org/edit?editor=id&way=628671392#map=20/-12.0406118/-76.9963414"}}, {"type": "Feature", "geometry": {"type": "Point", "coordinates": [-76.989839, -11.9461778]}, "properties": {"id": 638033003, "feat_type": "way", "quality_categories": "missing_tags, older_than_five_years, uncanny_keys", "issue_ids": "[282, 283, 2]", "osm_url": "https://www.openstreetmap.org/way/638033003", "josm_url": "http://127.0.0.1:8111/load_object?new_layer=false&objects=w638033003", "id_url": "https://www.openstreetmap.org/edit?editor=id&way=638033003#map=20/-11.9461778/-76.989839"}}, {"type": "Feature", "geometry": {"type": "Point", "coordinates": [-76.9900268, -11.9464581]}, "properties": {"id": 638033005, "feat_type": "way", "quality_categories": "missing_tags, older_than_five_years, uncanny_keys", "issue_ids": "[284, 283, 2]", "osm_url": "https://www.openstreetmap.org/way/638033005", "josm_url": "http://127.0.0.1:8111/load_object?new_layer=false&objects=w638033005", "id_url": "https://www.openstreetmap.org/edit?editor=id&way=638033005#map=20/-11.9464581/-76.9900268"}}, {"type": "Feature", "geometry": {"type": "Point", "coordinates": [-76.9828985, -11.9480426]}, "properties": {"id": 638033018, "feat_type": "way", "quality_categories": "missing_tags, older_than_five_years, uncanny_keys", "issue_ids": "[285, 286, 2]", "osm_url": "https://www.openstreetmap.org/way/638033018", "josm_url": "http://127.0.0.1:8111/load_object?new_layer=false&objects=w638033018", "id_url": "https://www.openstreetmap.org/edit?editor=id&way=638033018#map=20/-11.9480426/-76.9828985"}}, {"type": "Feature", "geometry": {"type": "Point", "coordinates": [-76.9933673, -12.1420493]}, "properties": {"id": 682275285, "feat_type": "way", "quality_categories": "uncanny_keys", "issue_ids": "[287]", "osm_url": "https://www.openstreetmap.org/way/682275285", "josm_url": "http://127.0.0.1:8111/load_object?new_layer=false&objects=w682275285", "id_url": "https://www.openstreetmap.org/edit?editor=id&way=682275285#map=20/-12.1420493/-76.9933673"}}, {"type": "Feature", "geometry": {"type": "Point", "coordinates": [-76.9961087, -12.1393155]}, "properties": {"id": 682275287, "feat_type": "way", "quality_categories": "missing_tags, older_than_five_years, uncanny_keys", "issue_ids": "[288, 289, 2]", "osm_url": "https://www.openstreetmap.org/way/682275287", "josm_url": "http://127.0.0.1:8111/load_object?new_layer=false&objects=w682275287", "id_url": "https://www.openstreetmap.org/edit?editor=id&way=682275287#map=20/-12.1393155/-76.9961087"}}, {"type": "Feature", "geometry": {"type": "Point", "coordinates": [-76.9953385, -12.0239233]}, "properties": {"id": 683255039, "feat_type": "way", "quality_categories": "missing_tags, older_than_five_years, uncanny_keys", "issue_ids": "[290, 291, 2]", "osm_url": "https://www.openstreetmap.org/way/683255039", "josm_url": "http://127.0.0.1:8111/load_object?new_layer=false&objects=w683255039", "id_url": "https://www.openstreetmap.org/edit?editor=id&way=683255039#map=20/-12.0239233/-76.9953385"}}, {"type": "Feature", "geometry": {"type": "Point", "coordinates": [-76.9950274, -12.0243894]}, "properties": {"id": 683255040, "feat_type": "way", "quality_categories": "missing_tags, older_than_five_years, uncanny_keys", "issue_ids": "[290, 291, 2]", "osm_url": "https://www.openstreetmap.org/way/683255040", "josm_url": "http://127.0.0.1:8111/load_object?new_layer=false&objects=w683255040", "id_url": "https://www.openstreetmap.org/edit?editor=id&way=683255040#map=20/-12.0243894/-76.9950274"}}, {"type": "Feature", "geometry": {"type": "Point", "coordinates": [-77.0799913, -12.0626798]}, "properties": {"id": 690602538, "feat_type": "way", "quality_categories": "missing_tags, older_than_five_years, uncanny_keys", "issue_ids": "[292, 293, 2]", "osm_url": "https://www.openstreetmap.org/way/690602538", "josm_url": "http://127.0.0.1:8111/load_object?new_layer=false&objects=w690602538", "id_url": "https://www.openstreetmap.org/edit?editor=id&way=690602538#map=20/-12.0626798/-77.0799913"}}, {"type": "Feature", "geometry": {"type": "Point", "coordinates": [-77.0422193, -11.8421999]}, "properties": {"id": 693964109, "feat_type": "way", "quality_categories": "missing_tags, uncanny_keys", "issue_ids": "[294, 2]", "osm_url": "https://www.openstreetmap.org/way/693964109", "josm_url": "http://127.0.0.1:8111/load_object?new_layer=false&objects=w693964109", "id_url": "https://www.openstreetmap.org/edit?editor=id&way=693964109#map=20/-11.8421999/-77.0422193"}}, {"type": "Feature", "geometry": {"type": "Point", "coordinates": [-77.0421074, -11.8426815]}, "properties": {"id": 693964111, "feat_type": "way", "quality_categories": "missing_tags, uncanny_keys", "issue_ids": "[295, 2]", "osm_url": "https://www.openstreetmap.org/way/693964111", "josm_url": "http://127.0.0.1:8111/load_object?new_layer=false&objects=w693964111", "id_url": "https://www.openstreetmap.org/edit?editor=id&way=693964111#map=20/-11.8426815/-77.0421074"}}, {"type": "Feature", "geometry": {"type": "Point", "coordinates": [-77.0422627, -11.8427913]}, "properties": {"id": 693964112, "feat_type": "way", "quality_categories": "missing_tags, uncanny_keys", "issue_ids": "[296, 2]", "osm_url": "https://www.openstreetmap.org/way/693964112", "josm_url": "http://127.0.0.1:8111/load_object?new_layer=false&objects=w693964112", "id_url": "https://www.openstreetmap.org/edit?editor=id&way=693964112#map=20/-11.8427913/-77.0422627"}}, {"type": "Feature", "geometry": {"type": "Point", "coordinates": [-77.051843, -11.8432505]}, "properties": {"id": 724637070, "feat_type": "way", "quality_categories": "missing_tags, uncanny_keys", "issue_ids": "[294, 2]", "osm_url": "https://www.openstreetmap.org/way/724637070", "josm_url": "http://127.0.0.1:8111/load_object?new_layer=false&objects=w724637070", "id_url": "https://www.openstreetmap.org/edit?editor=id&way=724637070#map=20/-11.8432505/-77.051843"}}, {"type": "Feature", "geometry": {"type": "Point", "coordinates": [-77.0129274, -12.0542399]}, "properties": {"id": 770067797, "feat_type": "way", "quality_categories": "missing_tags, older_than_five_years, uncanny_keys", "issue_ids": "[237, 238, 2]", "osm_url": "https://www.openstreetmap.org/way/770067797", "josm_url": "http://127.0.0.1:8111/load_object?new_layer=false&objects=w770067797", "id_url": "https://www.openstreetmap.org/edit?editor=id&way=770067797#map=20/-12.0542399/-77.0129274"}}, {"type": "Feature", "geometry": {"type": "Point", "coordinates": [-77.0131651, -12.0546692]}, "properties": {"id": 770067798, "feat_type": "way", "quality_categories": "missing_tags, uncanny_keys", "issue_ids": "[237, 2]", "osm_url": "https://www.openstreetmap.org/way/770067798", "josm_url": "http://127.0.0.1:8111/load_object?new_layer=false&objects=w770067798", "id_url": "https://www.openstreetmap.org/edit?editor=id&way=770067798#map=20/-12.0546692/-77.0131651"}}, {"type": "Feature", "geometry": {"type": "Point", "coordinates": [-77.0075799, -12.1065642]}, "properties": {"id": 803210303, "feat_type": "way", "quality_categories": "uncanny_keys", "issue_ids": "[297]", "osm_url": "https://www.openstreetmap.org/way/803210303", "josm_url": "http://127.0.0.1:8111/load_object?new_layer=false&objects=w803210303", "id_url": "https://www.openstreetmap.org/edit?editor=id&way=803210303#map=20/-12.1065642/-77.0075799"}}, {"type": "Feature", "geometry": {"type": "Point", "coordinates": [-77.0020531, -12.1201977]}, "properties": {"id": 807626521, "feat_type": "way", "quality_categories": "uncanny_keys", "issue_ids": "[298]", "osm_url": "https://www.openstreetmap.org/way/807626521", "josm_url": "http://127.0.0.1:8111/load_object?new_layer=false&objects=w807626521", "id_url": "https://www.openstreetmap.org/edit?editor=id&way=807626521#map=20/-12.1201977/-77.0020531"}}, {"type": "Feature", "geometry": {"type": "Point", "coordinates": [-77.0021408, -12.0167271]}, "properties": {"id": 829864329, "feat_type": "way", "quality_categories": "missing_tags, uncanny_keys", "issue_ids": "[299, 2]", "osm_url": "https://www.openstreetmap.org/way/829864329", "josm_url": "http://127.0.0.1:8111/load_object?new_layer=false&objects=w829864329", "id_url": "https://www.openstreetmap.org/edit?editor=id&way=829864329#map=20/-12.0167271/-77.0021408"}}, {"type": "Feature", "geometry": {"type": "Point", "coordinates": [-77.0086458, -12.0790994]}, "properties": {"id": 831991525, "feat_type": "way", "quality_categories": "missing_tags, uncanny_keys", "issue_ids": "[300, 2]", "osm_url": "https://www.openstreetmap.org/way/831991525", "josm_url": "http://127.0.0.1:8111/load_object?new_layer=false&objects=w831991525", "id_url": "https://www.openstreetmap.org/edit?editor=id&way=831991525#map=20/-12.0790994/-77.0086458"}}, {"type": "Feature", "geometry": {"type": "Point", "coordinates": [-77.0083094, -12.0793033]}, "properties": {"id": 831991526, "feat_type": "way", "quality_categories": "missing_tags, uncanny_keys", "issue_ids": "[301, 2]", "osm_url": "https://www.openstreetmap.org/way/831991526", "josm_url": "http://127.0.0.1:8111/load_object?new_layer=false&objects=w831991526", "id_url": "https://www.openstreetmap.org/edit?editor=id&way=831991526#map=20/-12.0793033/-77.0083094"}}, {"type": "Feature", "geometry": {"type": "Point", "coordinates": [-76.9970395, -12.0441182]}, "properties": {"id": 832367953, "feat_type": "way", "quality_categories": "uncanny_keys", "issue_ids": "[302]", "osm_url": "https://www.openstreetmap.org/way/832367953", "josm_url": "http://127.0.0.1:8111/load_object?new_layer=false&objects=w832367953", "id_url": "https://www.openstreetmap.org/edit?editor=id&way=832367953#map=20/-12.0441182/-76.9970395"}}, {"type": "Feature", "geometry": {"type": "Point", "coordinates": [-77.0033109, -12.0777645]}, "properties": {"id": 835368231, "feat_type": "way", "quality_categories": "missing_tags, uncanny_keys", "issue_ids": "[303, 2]", "osm_url": "https://www.openstreetmap.org/way/835368231", "josm_url": "http://127.0.0.1:8111/load_object?new_layer=false&objects=w835368231", "id_url": "https://www.openstreetmap.org/edit?editor=id&way=835368231#map=20/-12.0777645/-77.0033109"}}, {"type": "Feature", "geometry": {"type": "Point", "coordinates": [-77.0056298, -12.0790826]}, "properties": {"id": 835376239, "feat_type": "way", "quality_categories": "missing_tags, uncanny_keys", "issue_ids": "[304, 2]", "osm_url": "https://www.openstreetmap.org/way/835376239", "josm_url": "http://127.0.0.1:8111/load_object?new_layer=false&objects=w835376239", "id_url": "https://www.openstreetmap.org/edit?editor=id&way=835376239#map=20/-12.0790826/-77.0056298"}}, {"type": "Feature", "geometry": {"type": "Point", "coordinates": [-77.0042917, -12.079493]}, "properties": {"id": 835376251, "feat_type": "way", "quality_categories": "missing_tags, uncanny_keys", "issue_ids": "[305, 2]", "osm_url": "https://www.openstreetmap.org/way/835376251", "josm_url": "http://127.0.0.1:8111/load_object?new_layer=false&objects=w835376251", "id_url": "https://www.openstreetmap.org/edit?editor=id&way=835376251#map=20/-12.079493/-77.0042917"}}, {"type": "Feature", "geometry": {"type": "Point", "coordinates": [-76.9877871, -12.025677]}, "properties": {"id": 875666876, "feat_type": "way", "quality_categories": "older_than_five_years, uncanny_keys", "issue_ids": "[306, 307]", "osm_url": "https://www.openstreetmap.org/way/875666876", "josm_url": "http://127.0.0.1:8111/load_object?new_layer=false&objects=w875666876", "id_url": "https://www.openstreetmap.org/edit?editor=id&way=875666876#map=20/-12.025677/-76.9877871"}}, {"type": "Feature", "geometry": {"type": "Point", "coordinates": [-76.987753, -12.0256714]}, "properties": {"id": 875666877, "feat_type": "way", "quality_categories": "older_than_five_years, uncanny_keys", "issue_ids": "[306, 307]", "osm_url": "https://www.openstreetmap.org/way/875666877", "josm_url": "http://127.0.0.1:8111/load_object?new_layer=false&objects=w875666877", "id_url": "https://www.openstreetmap.org/edit?editor=id&way=875666877#map=20/-12.0256714/-76.987753"}}, {"type": "Feature", "geometry": {"type": "Point", "coordinates": [-76.989469, -12.158963]}, "properties": {"id": 889057936, "feat_type": "way", "quality_categories": "missing_tags, uncanny_keys", "issue_ids": "[308, 2]", "osm_url": "https://www.openstreetmap.org/way/889057936", "josm_url": "http://127.0.0.1:8111/load_object?new_layer=false&objects=w889057936", "id_url": "https://www.openstreetmap.org/edit?editor=id&way=889057936#map=20/-12.158963/-76.989469"}}, {"type": "Feature", "geometry": {"type": "Point", "coordinates": [-76.9897416, -12.1589393]}, "properties": {"id": 889057937, "feat_type": "way", "quality_categories": "missing_tags, uncanny_keys", "issue_ids": "[309, 2]", "osm_url": "https://www.openstreetmap.org/way/889057937", "josm_url": "http://127.0.0.1:8111/load_object?new_layer=false&objects=w889057937", "id_url": "https://www.openstreetmap.org/edit?editor=id&way=889057937#map=20/-12.1589393/-76.9897416"}}, {"type": "Feature", "geometry": {"type": "Point", "coordinates": [-77.0352778, -12.0162648]}, "properties": {"id": 929868343, "feat_type": "way", "quality_categories": "older_than_five_years, uncanny_keys", "issue_ids": "[310, 311]", "osm_url": "https://www.openstreetmap.org/way/929868343", "josm_url": "http://127.0.0.1:8111/load_object?new_layer=false&objects=w929868343", "id_url": "https://www.openstreetmap.org/edit?editor=id&way=929868343#map=20/-12.0162648/-77.0352778"}}, {"type": "Feature", "geometry": {"type": "Point", "coordinates": [-77.0354358, -12.0165144]}, "properties": {"id": 929880850, "feat_type": "way", "quality_categories": "older_than_five_years, uncanny_keys", "issue_ids": "[312, 242]", "osm_url": "https://www.openstreetmap.org/way/929880850", "josm_url": "http://127.0.0.1:8111/load_object?new_layer=false&objects=w929880850", "id_url": "https://www.openstreetmap.org/edit?editor=id&way=929880850#map=20/-12.0165144/-77.0354358"}}, {"type": "Feature", "geometry": {"type": "Point", "coordinates": [-76.9460286, -12.1068504]}, "properties": {"id": 932306984, "feat_type": "way", "quality_categories": "uncanny_keys", "issue_ids": "[313]", "osm_url": "https://www.openstreetmap.org/way/932306984", "josm_url": "http://127.0.0.1:8111/load_object?new_layer=false&objects=w932306984", "id_url": "https://www.openstreetmap.org/edit?editor=id&way=932306984#map=20/-12.1068504/-76.9460286"}}, {"type": "Feature", "geometry": {"type": "Point", "coordinates": [-77.0111262, -12.0281473]}, "properties": {"id": 938204241, "feat_type": "way", "quality_categories": "uncanny_keys", "issue_ids": "[294]", "osm_url": "https://www.openstreetmap.org/way/938204241", "josm_url": "http://127.0.0.1:8111/load_object?new_layer=false&objects=w938204241", "id_url": "https://www.openstreetmap.org/edit?editor=id&way=938204241#map=20/-12.0281473/-77.0111262"}}, {"type": "Feature", "geometry": {"type": "Point", "coordinates": [-77.0116107, -12.0294007]}, "properties": {"id": 938204242, "feat_type": "way", "quality_categories": "uncanny_keys", "issue_ids": "[296]", "osm_url": "https://www.openstreetmap.org/way/938204242", "josm_url": "http://127.0.0.1:8111/load_object?new_layer=false&objects=w938204242", "id_url": "https://www.openstreetmap.org/edit?editor=id&way=938204242#map=20/-12.0294007/-77.0116107"}}, {"type": "Feature", "geometry": {"type": "Point", "coordinates": [-76.9923417, -12.0248571]}, "properties": {"id": 940626622, "feat_type": "way", "quality_categories": "missing_tags, older_than_five_years, uncanny_keys", "issue_ids": "[314, 291, 2]", "osm_url": "https://www.openstreetmap.org/way/940626622", "josm_url": "http://127.0.0.1:8111/load_object?new_layer=false&objects=w940626622", "id_url": "https://www.openstreetmap.org/edit?editor=id&way=940626622#map=20/-12.0248571/-76.9923417"}}, {"type": "Feature", "geometry": {"type": "Point", "coordinates": [-76.9954517, -12.0245187]}, "properties": {"id": 940626623, "feat_type": "way", "quality_categories": "missing_tags, older_than_five_years, uncanny_keys", "issue_ids": "[315, 291, 2]", "osm_url": "https://www.openstreetmap.org/way/940626623", "josm_url": "http://127.0.0.1:8111/load_object?new_layer=false&objects=w940626623", "id_url": "https://www.openstreetmap.org/edit?editor=id&way=940626623#map=20/-12.0245187/-76.9954517"}}, {"type": "Feature", "geometry": {"type": "Point", "coordinates": [-76.9927133, -12.0264437]}, "properties": {"id": 940626624, "feat_type": "way", "quality_categories": "missing_tags, older_than_five_years, uncanny_keys", "issue_ids": "[316, 291, 2]", "osm_url": "https://www.openstreetmap.org/way/940626624", "josm_url": "http://127.0.0.1:8111/load_object?new_layer=false&objects=w940626624", "id_url": "https://www.openstreetmap.org/edit?editor=id&way=940626624#map=20/-12.0264437/-76.9927133"}}, {"type": "Feature", "geometry": {"type": "Point", "coordinates": [-76.992846, -12.023956]}, "properties": {"id": 940628194, "feat_type": "way", "quality_categories": "missing_tags, older_than_five_years, uncanny_keys", "issue_ids": "[317, 291, 2]", "osm_url": "https://www.openstreetmap.org/way/940628194", "josm_url": "http://127.0.0.1:8111/load_object?new_layer=false&objects=w940628194", "id_url": "https://www.openstreetmap.org/edit?editor=id&way=940628194#map=20/-12.023956/-76.992846"}}, {"type": "Feature", "geometry": {"type": "Point", "coordinates": [-77.0462833, -12.0315471]}, "properties": {"id": 948909437, "feat_type": "way", "quality_categories": "missing_tags, uncanny_keys", "issue_ids": "[318, 2]", "osm_url": "https://www.openstreetmap.org/way/948909437", "josm_url": "http://127.0.0.1:8111/load_object?new_layer=false&objects=w948909437", "id_url": "https://www.openstreetmap.org/edit?editor=id&way=948909437#map=20/-12.0315471/-77.0462833"}}, {"type": "Feature", "geometry": {"type": "Point", "coordinates": [-77.0468748, -12.0312313]}, "properties": {"id": 948909439, "feat_type": "way", "quality_categories": "missing_tags, older_than_five_years, uncanny_keys", "issue_ids": "[319, 178, 2]", "osm_url": "https://www.openstreetmap.org/way/948909439", "josm_url": "http://127.0.0.1:8111/load_object?new_layer=false&objects=w948909439", "id_url": "https://www.openstreetmap.org/edit?editor=id&way=948909439#map=20/-12.0312313/-77.0468748"}}, {"type": "Feature", "geometry": {"type": "Point", "coordinates": [-77.0184061, -11.8707186]}, "properties": {"id": 949634815, "feat_type": "way", "quality_categories": "missing_tags, older_than_five_years, uncanny_keys", "issue_ids": "[320, 248, 2]", "osm_url": "https://www.openstreetmap.org/way/949634815", "josm_url": "http://127.0.0.1:8111/load_object?new_layer=false&objects=w949634815", "id_url": "https://www.openstreetmap.org/edit?editor=id&way=949634815#map=20/-11.8707186/-77.0184061"}}, {"type": "Feature", "geometry": {"type": "Point", "coordinates": [-77.0185932, -11.8709785]}, "properties": {"id": 949832412, "feat_type": "way", "quality_categories": "missing_tags, older_than_five_years, uncanny_keys", "issue_ids": "[321, 248, 2]", "osm_url": "https://www.openstreetmap.org/way/949832412", "josm_url": "http://127.0.0.1:8111/load_object?new_layer=false&objects=w949832412", "id_url": "https://www.openstreetmap.org/edit?editor=id&way=949832412#map=20/-11.8709785/-77.0185932"}}, {"type": "Feature", "geometry": {"type": "Point", "coordinates": [-77.0187648, -11.8712515]}, "properties": {"id": 949832419, "feat_type": "way", "quality_categories": "missing_tags, older_than_five_years, uncanny_keys", "issue_ids": "[322, 248, 2]", "osm_url": "https://www.openstreetmap.org/way/949832419", "josm_url": "http://127.0.0.1:8111/load_object?new_layer=false&objects=w949832419", "id_url": "https://www.openstreetmap.org/edit?editor=id&way=949832419#map=20/-11.8712515/-77.0187648"}}, {"type": "Feature", "geometry": {"type": "Point", "coordinates": [-77.0523857, -12.0184783]}, "properties": {"id": 949909140, "feat_type": "way", "quality_categories": "missing_tags, uncanny_keys", "issue_ids": "[323, 2]", "osm_url": "https://www.openstreetmap.org/way/949909140", "josm_url": "http://127.0.0.1:8111/load_object?new_layer=false&objects=w949909140", "id_url": "https://www.openstreetmap.org/edit?editor=id&way=949909140#map=20/-12.0184783/-77.0523857"}}, {"type": "Feature", "geometry": {"type": "Point", "coordinates": [-77.0527621, -12.0175866]}, "properties": {"id": 949909141, "feat_type": "way", "quality_categories": "missing_tags, older_than_five_years, uncanny_keys", "issue_ids": "[324, 325, 2]", "osm_url": "https://www.openstreetmap.org/way/949909141", "josm_url": "http://127.0.0.1:8111/load_object?new_layer=false&objects=w949909141", "id_url": "https://www.openstreetmap.org/edit?editor=id&way=949909141#map=20/-12.0175866/-77.0527621"}}, {"type": "Feature", "geometry": {"type": "Point", "coordinates": [-77.0538178, -12.0163619]}, "properties": {"id": 949909142, "feat_type": "way", "quality_categories": "missing_tags, older_than_five_years, uncanny_keys", "issue_ids": "[326, 325, 2]", "osm_url": "https://www.openstreetmap.org/way/949909142", "josm_url": "http://127.0.0.1:8111/load_object?new_layer=false&objects=w949909142", "id_url": "https://www.openstreetmap.org/edit?editor=id&way=949909142#map=20/-12.0163619/-77.0538178"}}, {"type": "Feature", "geometry": {"type": "Point", "coordinates": [-77.102775, -12.068497]}, "properties": {"id": 949987291, "feat_type": "way", "quality_categories": "missing_tags, uncanny_keys", "issue_ids": "[327, 2]", "osm_url": "https://www.openstreetmap.org/way/949987291", "josm_url": "http://127.0.0.1:8111/load_object?new_layer=false&objects=w949987291", "id_url": "https://www.openstreetmap.org/edit?editor=id&way=949987291#map=20/-12.068497/-77.102775"}}, {"type": "Feature", "geometry": {"type": "Point", "coordinates": [-77.0747983, -11.9799556]}, "properties": {"id": 950239368, "feat_type": "way", "quality_categories": "missing_tags, older_than_five_years, uncanny_keys", "issue_ids": "[328, 329, 2]", "osm_url": "https://www.openstreetmap.org/way/950239368", "josm_url": "http://127.0.0.1:8111/load_object?new_layer=false&objects=w950239368", "id_url": "https://www.openstreetmap.org/edit?editor=id&way=950239368#map=20/-11.9799556/-77.0747983"}}, {"type": "Feature", "geometry": {"type": "Point", "coordinates": [-77.0740552, -11.9800688]}, "properties": {"id": 950252515, "feat_type": "way", "quality_categories": "missing_tags, older_than_five_years, uncanny_keys", "issue_ids": "[330, 329, 2]", "osm_url": "https://www.openstreetmap.org/way/950252515", "josm_url": "http://127.0.0.1:8111/load_object?new_layer=false&objects=w950252515", "id_url": "https://www.openstreetmap.org/edit?editor=id&way=950252515#map=20/-11.9800688/-77.0740552"}}, {"type": "Feature", "geometry": {"type": "Point", "coordinates": [-76.9813261, -12.0753802]}, "properties": {"id": 951940555, "feat_type": "way", "quality_categories": "missing_tags, older_than_five_years, uncanny_keys", "issue_ids": "[331, 114, 2]", "osm_url": "https://www.openstreetmap.org/way/951940555", "josm_url": "http://127.0.0.1:8111/load_object?new_layer=false&objects=w951940555", "id_url": "https://www.openstreetmap.org/edit?editor=id&way=951940555#map=20/-12.0753802/-76.9813261"}}, {"type": "Feature", "geometry": {"type": "Point", "coordinates": [-77.0620469, -12.0427038]}, "properties": {"id": 952223510, "feat_type": "way", "quality_categories": "missing_tags, older_than_five_years, uncanny_keys", "issue_ids": "[332, 200, 2]", "osm_url": "https://www.openstreetmap.org/way/952223510", "josm_url": "http://127.0.0.1:8111/load_object?new_layer=false&objects=w952223510", "id_url": "https://www.openstreetmap.org/edit?editor=id&way=952223510#map=20/-12.0427038/-77.0620469"}}, {"type": "Feature", "geometry": {"type": "Point", "coordinates": [-76.997957, -12.0479797]}, "properties": {"id": 953306410, "feat_type": "way", "quality_categories": "older_than_five_years, uncanny_keys", "issue_ids": "[333, 334]", "osm_url": "https://www.openstreetmap.org/way/953306410", "josm_url": "http://127.0.0.1:8111/load_object?new_layer=false&objects=w953306410", "id_url": "https://www.openstreetmap.org/edit?editor=id&way=953306410#map=20/-12.0479797/-76.997957"}}, {"type": "Feature", "geometry": {"type": "Point", "coordinates": [-76.9921812, -12.088893]}, "properties": {"id": 954835457, "feat_type": "way", "quality_categories": "missing_tags, uncanny_keys", "issue_ids": "[335, 2]", "osm_url": "https://www.openstreetmap.org/way/954835457", "josm_url": "http://127.0.0.1:8111/load_object?new_layer=false&objects=w954835457", "id_url": "https://www.openstreetmap.org/edit?editor=id&way=954835457#map=20/-12.088893/-76.9921812"}}, {"type": "Feature", "geometry": {"type": "Point", "coordinates": [-77.006284, -12.0789645]}, "properties": {"id": 955186374, "feat_type": "way", "quality_categories": "missing_tags, uncanny_keys", "issue_ids": "[336, 2]", "osm_url": "https://www.openstreetmap.org/way/955186374", "josm_url": "http://127.0.0.1:8111/load_object?new_layer=false&objects=w955186374", "id_url": "https://www.openstreetmap.org/edit?editor=id&way=955186374#map=20/-12.0789645/-77.006284"}}, {"type": "Feature", "geometry": {"type": "Point", "coordinates": [-77.0661356, -12.0773193]}, "properties": {"id": 956452537, "feat_type": "way", "quality_categories": "missing_tags, older_than_five_years, uncanny_keys", "issue_ids": "[240, 337, 2]", "osm_url": "https://www.openstreetmap.org/way/956452537", "josm_url": "http://127.0.0.1:8111/load_object?new_layer=false&objects=w956452537", "id_url": "https://www.openstreetmap.org/edit?editor=id&way=956452537#map=20/-12.0773193/-77.0661356"}}, {"type": "Feature", "geometry": {"type": "Point", "coordinates": [-76.9820769, -12.076709]}, "properties": {"id": 957025743, "feat_type": "way", "quality_categories": "missing_tags, older_than_five_years, uncanny_keys", "issue_ids": "[338, 72, 2]", "osm_url": "https://www.openstreetmap.org/way/957025743", "josm_url": "http://127.0.0.1:8111/load_object?new_layer=false&objects=w957025743", "id_url": "https://www.openstreetmap.org/edit?editor=id&way=957025743#map=20/-12.076709/-76.9820769"}}, {"type": "Feature", "geometry": {"type": "Point", "coordinates": [-76.9894244, -12.1544866]}, "properties": {"id": 957389655, "feat_type": "way", "quality_categories": "missing_tags, older_than_five_years, uncanny_keys", "issue_ids": "[339, 153, 2]", "osm_url": "https://www.openstreetmap.org/way/957389655", "josm_url": "http://127.0.0.1:8111/load_object?new_layer=false&objects=w957389655", "id_url": "https://www.openstreetmap.org/edit?editor=id&way=957389655#map=20/-12.1544866/-76.9894244"}}, {"type": "Feature", "geometry": {"type": "Point", "coordinates": [-76.9899342, -12.15463]}, "properties": {"id": 957389656, "feat_type": "way", "quality_categories": "missing_tags, older_than_five_years, uncanny_keys", "issue_ids": "[340, 153, 2]", "osm_url": "https://www.openstreetmap.org/way/957389656", "josm_url": "http://127.0.0.1:8111/load_object?new_layer=false&objects=w957389656", "id_url": "https://www.openstreetmap.org/edit?editor=id&way=957389656#map=20/-12.15463/-76.9899342"}}, {"type": "Feature", "geometry": {"type": "Point", "coordinates": [-76.9902403, -12.154376]}, "properties": {"id": 957389660, "feat_type": "way", "quality_categories": "missing_tags, older_than_five_years, uncanny_keys", "issue_ids": "[341, 153, 2]", "osm_url": "https://www.openstreetmap.org/way/957389660", "josm_url": "http://127.0.0.1:8111/load_object?new_layer=false&objects=w957389660", "id_url": "https://www.openstreetmap.org/edit?editor=id&way=957389660#map=20/-12.154376/-76.9902403"}}, {"type": "Feature", "geometry": {"type": "Point", "coordinates": [-76.9897445, -12.1542991]}, "properties": {"id": 957389663, "feat_type": "way", "quality_categories": "missing_tags, older_than_five_years, uncanny_keys", "issue_ids": "[342, 153, 2]", "osm_url": "https://www.openstreetmap.org/way/957389663", "josm_url": "http://127.0.0.1:8111/load_object?new_layer=false&objects=w957389663", "id_url": "https://www.openstreetmap.org/edit?editor=id&way=957389663#map=20/-12.1542991/-76.9897445"}}, {"type": "Feature", "geometry": {"type": "Point", "coordinates": [-76.9959159, -12.1673745]}, "properties": {"id": 957462047, "feat_type": "way", "quality_categories": "uncanny_keys", "issue_ids": "[343]", "osm_url": "https://www.openstreetmap.org/way/957462047", "josm_url": "http://127.0.0.1:8111/load_object?new_layer=false&objects=w957462047", "id_url": "https://www.openstreetmap.org/edit?editor=id&way=957462047#map=20/-12.1673745/-76.9959159"}}, {"type": "Feature", "geometry": {"type": "Point", "coordinates": [-77.1037526, -12.0651281]}, "properties": {"id": 959654357, "feat_type": "way", "quality_categories": "missing_tags, older_than_five_years, uncanny_keys", "issue_ids": "[344, 345, 2]", "osm_url": "https://www.openstreetmap.org/way/959654357", "josm_url": "http://127.0.0.1:8111/load_object?new_layer=false&objects=w959654357", "id_url": "https://www.openstreetmap.org/edit?editor=id&way=959654357#map=20/-12.0651281/-77.1037526"}}, {"type": "Feature", "geometry": {"type": "Point", "coordinates": [-77.0666477, -12.0534722]}, "properties": {"id": 961472757, "feat_type": "way", "quality_categories": "missing_tags, older_than_five_years, uncanny_keys", "issue_ids": "[346, 56, 2]", "osm_url": "https://www.openstreetmap.org/way/961472757", "josm_url": "http://127.0.0.1:8111/load_object?new_layer=false&objects=w961472757", "id_url": "https://www.openstreetmap.org/edit?editor=id&way=961472757#map=20/-12.0534722/-77.0666477"}}, {"type": "Feature", "geometry": {"type": "Point", "coordinates": [-77.0634328, -12.0496017]}, "properties": {"id": 961480604, "feat_type": "way", "quality_categories": "missing_tags, older_than_five_years, uncanny_keys", "issue_ids": "[347, 56, 2]", "osm_url": "https://www.openstreetmap.org/way/961480604", "josm_url": "http://127.0.0.1:8111/load_object?new_layer=false&objects=w961480604", "id_url": "https://www.openstreetmap.org/edit?editor=id&way=961480604#map=20/-12.0496017/-77.0634328"}}, {"type": "Feature", "geometry": {"type": "Point", "coordinates": [-77.0635108, -12.050118]}, "properties": {"id": 961485184, "feat_type": "way", "quality_categories": "missing_tags, older_than_five_years, uncanny_keys", "issue_ids": "[294, 56, 2]", "osm_url": "https://www.openstreetmap.org/way/961485184", "josm_url": "http://127.0.0.1:8111/load_object?new_layer=false&objects=w961485184", "id_url": "https://www.openstreetmap.org/edit?editor=id&way=961485184#map=20/-12.050118/-77.0635108"}}, {"type": "Feature", "geometry": {"type": "Point", "coordinates": [-76.9454436, -12.1598479]}, "properties": {"id": 961485863, "feat_type": "way", "quality_categories": "missing_tags, older_than_five_years, uncanny_keys", "issue_ids": "[348, 56, 2]", "osm_url": "https://www.openstreetmap.org/way/961485863", "josm_url": "http://127.0.0.1:8111/load_object?new_layer=false&objects=w961485863", "id_url": "https://www.openstreetmap.org/edit?editor=id&way=961485863#map=20/-12.1598479/-76.9454436"}}, {"type": "Feature", "geometry": {"type": "Point", "coordinates": [-77.1017636, -12.0810147]}, "properties": {"id": 961882663, "feat_type": "way", "quality_categories": "missing_tags, older_than_five_years, uncanny_keys", "issue_ids": "[349, 13, 2]", "osm_url": "https://www.openstreetmap.org/way/961882663", "josm_url": "http://127.0.0.1:8111/load_object?new_layer=false&objects=w961882663", "id_url": "https://www.openstreetmap.org/edit?editor=id&way=961882663#map=20/-12.0810147/-77.1017636"}}, {"type": "Feature", "geometry": {"type": "Point", "coordinates": [-76.9870696, -12.1097158]}, "properties": {"id": 961890808, "feat_type": "way", "quality_categories": "missing_tags, older_than_five_years, uncanny_keys", "issue_ids": "[350, 13, 2]", "osm_url": "https://www.openstreetmap.org/way/961890808", "josm_url": "http://127.0.0.1:8111/load_object?new_layer=false&objects=w961890808", "id_url": "https://www.openstreetmap.org/edit?editor=id&way=961890808#map=20/-12.1097158/-76.9870696"}}, {"type": "Feature", "geometry": {"type": "Point", "coordinates": [-77.0080037, -12.0212348]}, "properties": {"id": 962074126, "feat_type": "way", "quality_categories": "missing_tags, older_than_five_years, uncanny_keys", "issue_ids": "[351, 13, 2]", "osm_url": "https://www.openstreetmap.org/way/962074126", "josm_url": "http://127.0.0.1:8111/load_object?new_layer=false&objects=w962074126", "id_url": "https://www.openstreetmap.org/edit?editor=id&way=962074126#map=20/-12.0212348/-77.0080037"}}, {"type": "Feature", "geometry": {"type": "Point", "coordinates": [-77.0080242, -12.021813]}, "properties": {"id": 962074127, "feat_type": "way", "quality_categories": "missing_tags, older_than_five_years, uncanny_keys", "issue_ids": "[68, 13, 2]", "osm_url": "https://www.openstreetmap.org/way/962074127", "josm_url": "http://127.0.0.1:8111/load_object?new_layer=false&objects=w962074127", "id_url": "https://www.openstreetmap.org/edit?editor=id&way=962074127#map=20/-12.021813/-77.0080242"}}, {"type": "Feature", "geometry": {"type": "Point", "coordinates": [-77.0086643, -12.0868476]}, "properties": {"id": 962790120, "feat_type": "way", "quality_categories": "missing_tags, uncanny_keys", "issue_ids": "[352, 2]", "osm_url": "https://www.openstreetmap.org/way/962790120", "josm_url": "http://127.0.0.1:8111/load_object?new_layer=false&objects=w962790120", "id_url": "https://www.openstreetmap.org/edit?editor=id&way=962790120#map=20/-12.0868476/-77.0086643"}}, {"type": "Feature", "geometry": {"type": "Point", "coordinates": [-77.0086191, -12.0863669]}, "properties": {"id": 962797912, "feat_type": "way", "quality_categories": "missing_tags, older_than_five_years, uncanny_keys", "issue_ids": "[181, 111, 2]", "osm_url": "https://www.openstreetmap.org/way/962797912", "josm_url": "http://127.0.0.1:8111/load_object?new_layer=false&objects=w962797912", "id_url": "https://www.openstreetmap.org/edit?editor=id&way=962797912#map=20/-12.0863669/-77.0086191"}}, {"type": "Feature", "geometry": {"type": "Point", "coordinates": [-77.009625, -12.082611]}, "properties": {"id": 962806972, "feat_type": "way", "quality_categories": "missing_tags, older_than_five_years, uncanny_keys", "issue_ids": "[110, 111, 2]", "osm_url": "https://www.openstreetmap.org/way/962806972", "josm_url": "http://127.0.0.1:8111/load_object?new_layer=false&objects=w962806972", "id_url": "https://www.openstreetmap.org/edit?editor=id&way=962806972#map=20/-12.082611/-77.009625"}}, {"type": "Feature", "geometry": {"type": "Point", "coordinates": [-76.9814105, -12.0901287]}, "properties": {"id": 963314072, "feat_type": "way", "quality_categories": "missing_tags, older_than_five_years, uncanny_keys", "issue_ids": "[120, 121, 2]", "osm_url": "https://www.openstreetmap.org/way/963314072", "josm_url": "http://127.0.0.1:8111/load_object?new_layer=false&objects=w963314072", "id_url": "https://www.openstreetmap.org/edit?editor=id&way=963314072#map=20/-12.0901287/-76.9814105"}}, {"type": "Feature", "geometry": {"type": "Point", "coordinates": [-77.0046749, -12.107523]}, "properties": {"id": 964155461, "feat_type": "way", "quality_categories": "missing_tags, uncanny_keys", "issue_ids": "[261, 2]", "osm_url": "https://www.openstreetmap.org/way/964155461", "josm_url": "http://127.0.0.1:8111/load_object?new_layer=false&objects=w964155461", "id_url": "https://www.openstreetmap.org/edit?editor=id&way=964155461#map=20/-12.107523/-77.0046749"}}, {"type": "Feature", "geometry": {"type": "Point", "coordinates": [-77.0026619, -12.111247]}, "properties": {"id": 964155465, "feat_type": "way", "quality_categories": "missing_tags, uncanny_keys", "issue_ids": "[353, 2]", "osm_url": "https://www.openstreetmap.org/way/964155465", "josm_url": "http://127.0.0.1:8111/load_object?new_layer=false&objects=w964155465", "id_url": "https://www.openstreetmap.org/edit?editor=id&way=964155465#map=20/-12.111247/-77.0026619"}}, {"type": "Feature", "geometry": {"type": "Point", "coordinates": [-77.0048116, -12.1074181]}, "properties": {"id": 964165003, "feat_type": "way", "quality_categories": "missing_tags, older_than_five_years, uncanny_keys", "issue_ids": "[354, 188, 2]", "osm_url": "https://www.openstreetmap.org/way/964165003", "josm_url": "http://127.0.0.1:8111/load_object?new_layer=false&objects=w964165003", "id_url": "https://www.openstreetmap.org/edit?editor=id&way=964165003#map=20/-12.1074181/-77.0048116"}}, {"type": "Feature", "geometry": {"type": "Point", "coordinates": [-77.0047695, -12.1066098]}, "properties": {"id": 964165004, "feat_type": "way", "quality_categories": "missing_tags, older_than_five_years, uncanny_keys", "issue_ids": "[355, 356, 2]", "osm_url": "https://www.openstreetmap.org/way/964165004", "josm_url": "http://127.0.0.1:8111/load_object?new_layer=false&objects=w964165004", "id_url": "https://www.openstreetmap.org/edit?editor=id&way=964165004#map=20/-12.1066098/-77.0047695"}}, {"type": "Feature", "geometry": {"type": "Point", "coordinates": [-77.0014306, -12.1079668]}, "properties": {"id": 964165005, "feat_type": "way", "quality_categories": "missing_tags, uncanny_keys", "issue_ids": "[357, 2]", "osm_url": "https://www.openstreetmap.org/way/964165005", "josm_url": "http://127.0.0.1:8111/load_object?new_layer=false&objects=w964165005", "id_url": "https://www.openstreetmap.org/edit?editor=id&way=964165005#map=20/-12.1079668/-77.0014306"}}, {"type": "Feature", "geometry": {"type": "Point", "coordinates": [-77.006338, -12.108354]}, "properties": {"id": 964165006, "feat_type": "way", "quality_categories": "missing_tags, uncanny_keys", "issue_ids": "[358, 2]", "osm_url": "https://www.openstreetmap.org/way/964165006", "josm_url": "http://127.0.0.1:8111/load_object?new_layer=false&objects=w964165006", "id_url": "https://www.openstreetmap.org/edit?editor=id&way=964165006#map=20/-12.108354/-77.006338"}}, {"type": "Feature", "geometry": {"type": "Point", "coordinates": [-77.0055693, -12.1082832]}, "properties": {"id": 964165007, "feat_type": "way", "quality_categories": "missing_tags, uncanny_keys", "issue_ids": "[359, 2]", "osm_url": "https://www.openstreetmap.org/way/964165007", "josm_url": "http://127.0.0.1:8111/load_object?new_layer=false&objects=w964165007", "id_url": "https://www.openstreetmap.org/edit?editor=id&way=964165007#map=20/-12.1082832/-77.0055693"}}, {"type": "Feature", "geometry": {"type": "Point", "coordinates": [-77.0033318, -12.1089495]}, "properties": {"id": 964165009, "feat_type": "way", "quality_categories": "missing_tags, older_than_five_years, uncanny_keys", "issue_ids": "[360, 188, 2]", "osm_url": "https://www.openstreetmap.org/way/964165009", "josm_url": "http://127.0.0.1:8111/load_object?new_layer=false&objects=w964165009", "id_url": "https://www.openstreetmap.org/edit?editor=id&way=964165009#map=20/-12.1089495/-77.0033318"}}, {"type": "Feature", "geometry": {"type": "Point", "coordinates": [-77.0031959, -12.1097273]}, "properties": {"id": 964165010, "feat_type": "way", "quality_categories": "missing_tags, older_than_five_years, uncanny_keys", "issue_ids": "[361, 188, 2]", "osm_url": "https://www.openstreetmap.org/way/964165010", "josm_url": "http://127.0.0.1:8111/load_object?new_layer=false&objects=w964165010", "id_url": "https://www.openstreetmap.org/edit?editor=id&way=964165010#map=20/-12.1097273/-77.0031959"}}, {"type": "Feature", "geometry": {"type": "Point", "coordinates": [-77.0018057, -12.1061729]}, "properties": {"id": 964165013, "feat_type": "way", "quality_categories": "missing_tags, uncanny_keys", "issue_ids": "[362, 2]", "osm_url": "https://www.openstreetmap.org/way/964165013", "josm_url": "http://127.0.0.1:8111/load_object?new_layer=false&objects=w964165013", "id_url": "https://www.openstreetmap.org/edit?editor=id&way=964165013#map=20/-12.1061729/-77.0018057"}}, {"type": "Feature", "geometry": {"type": "Point", "coordinates": [-77.0030093, -12.1081332]}, "properties": {"id": 964180688, "feat_type": "way", "quality_categories": "missing_tags, older_than_five_years, uncanny_keys", "issue_ids": "[192, 188, 2]", "osm_url": "https://www.openstreetmap.org/way/964180688", "josm_url": "http://127.0.0.1:8111/load_object?new_layer=false&objects=w964180688", "id_url": "https://www.openstreetmap.org/edit?editor=id&way=964180688#map=20/-12.1081332/-77.0030093"}}, {"type": "Feature", "geometry": {"type": "Point", "coordinates": [-77.0038747, -12.1074385]}, "properties": {"id": 964180689, "feat_type": "way", "quality_categories": "missing_tags, uncanny_keys", "issue_ids": "[189, 2]", "osm_url": "https://www.openstreetmap.org/way/964180689", "josm_url": "http://127.0.0.1:8111/load_object?new_layer=false&objects=w964180689", "id_url": "https://www.openstreetmap.org/edit?editor=id&way=964180689#map=20/-12.1074385/-77.0038747"}}, {"type": "Feature", "geometry": {"type": "Point", "coordinates": [-77.003716, -12.108855]}, "properties": {"id": 964180690, "feat_type": "way", "quality_categories": "missing_tags, uncanny_keys", "issue_ids": "[189, 2]", "osm_url": "https://www.openstreetmap.org/way/964180690", "josm_url": "http://127.0.0.1:8111/load_object?new_layer=false&objects=w964180690", "id_url": "https://www.openstreetmap.org/edit?editor=id&way=964180690#map=20/-12.108855/-77.003716"}}, {"type": "Feature", "geometry": {"type": "Point", "coordinates": [-77.0036571, -12.1093337]}, "properties": {"id": 964180691, "feat_type": "way", "quality_categories": "missing_tags, uncanny_keys", "issue_ids": "[189, 2]", "osm_url": "https://www.openstreetmap.org/way/964180691", "josm_url": "http://127.0.0.1:8111/load_object?new_layer=false&objects=w964180691", "id_url": "https://www.openstreetmap.org/edit?editor=id&way=964180691#map=20/-12.1093337/-77.0036571"}}, {"type": "Feature", "geometry": {"type": "Point", "coordinates": [-77.0044069, -12.1098469]}, "properties": {"id": 964180692, "feat_type": "way", "quality_categories": "missing_tags, older_than_five_years, uncanny_keys", "issue_ids": "[191, 363, 2]", "osm_url": "https://www.openstreetmap.org/way/964180692", "josm_url": "http://127.0.0.1:8111/load_object?new_layer=false&objects=w964180692", "id_url": "https://www.openstreetmap.org/edit?editor=id&way=964180692#map=20/-12.1098469/-77.0044069"}}, {"type": "Feature", "geometry": {"type": "Point", "coordinates": [-77.0054405, -12.1083945]}, "properties": {"id": 964180693, "feat_type": "way", "quality_categories": "missing_tags, older_than_five_years, uncanny_keys", "issue_ids": "[192, 188, 2]", "osm_url": "https://www.openstreetmap.org/way/964180693", "josm_url": "http://127.0.0.1:8111/load_object?new_layer=false&objects=w964180693", "id_url": "https://www.openstreetmap.org/edit?editor=id&way=964180693#map=20/-12.1083945/-77.0054405"}}, {"type": "Feature", "geometry": {"type": "Point", "coordinates": [-77.0059785, -12.1100194]}, "properties": {"id": 964180694, "feat_type": "way", "quality_categories": "missing_tags, older_than_five_years, uncanny_keys", "issue_ids": "[364, 188, 2]", "osm_url": "https://www.openstreetmap.org/way/964180694", "josm_url": "http://127.0.0.1:8111/load_object?new_layer=false&objects=w964180694", "id_url": "https://www.openstreetmap.org/edit?editor=id&way=964180694#map=20/-12.1100194/-77.0059785"}}, {"type": "Feature", "geometry": {"type": "Point", "coordinates": [-77.0061635, -12.1084678]}, "properties": {"id": 964180695, "feat_type": "way", "quality_categories": "missing_tags, older_than_five_years, uncanny_keys", "issue_ids": "[364, 188, 2]", "osm_url": "https://www.openstreetmap.org/way/964180695", "josm_url": "http://127.0.0.1:8111/load_object?new_layer=false&objects=w964180695", "id_url": "https://www.openstreetmap.org/edit?editor=id&way=964180695#map=20/-12.1084678/-77.0061635"}}, {"type": "Feature", "geometry": {"type": "Point", "coordinates": [-77.0024388, -12.1065169]}, "properties": {"id": 964180696, "feat_type": "way", "quality_categories": "missing_tags, older_than_five_years, uncanny_keys", "issue_ids": "[365, 193, 2]", "osm_url": "https://www.openstreetmap.org/way/964180696", "josm_url": "http://127.0.0.1:8111/load_object?new_layer=false&objects=w964180696", "id_url": "https://www.openstreetmap.org/edit?editor=id&way=964180696#map=20/-12.1065169/-77.0024388"}}, {"type": "Feature", "geometry": {"type": "Point", "coordinates": [-77.0047546, -12.1067533]}, "properties": {"id": 964180697, "feat_type": "way", "quality_categories": "missing_tags, older_than_five_years, uncanny_keys", "issue_ids": "[365, 188, 2]", "osm_url": "https://www.openstreetmap.org/way/964180697", "josm_url": "http://127.0.0.1:8111/load_object?new_layer=false&objects=w964180697", "id_url": "https://www.openstreetmap.org/edit?editor=id&way=964180697#map=20/-12.1067533/-77.0047546"}}, {"type": "Feature", "geometry": {"type": "Point", "coordinates": [-77.0022817, -12.1072729]}, "properties": {"id": 964180698, "feat_type": "way", "quality_categories": "missing_tags, uncanny_keys", "issue_ids": "[366, 2]", "osm_url": "https://www.openstreetmap.org/way/964180698", "josm_url": "http://127.0.0.1:8111/load_object?new_layer=false&objects=w964180698", "id_url": "https://www.openstreetmap.org/edit?editor=id&way=964180698#map=20/-12.1072729/-77.0022817"}}, {"type": "Feature", "geometry": {"type": "Point", "coordinates": [-77.0038747, -12.1074385]}, "properties": {"id": 964180699, "feat_type": "way", "quality_categories": "missing_tags, uncanny_keys", "issue_ids": "[366, 2]", "osm_url": "https://www.openstreetmap.org/way/964180699", "josm_url": "http://127.0.0.1:8111/load_object?new_layer=false&objects=w964180699", "id_url": "https://www.openstreetmap.org/edit?editor=id&way=964180699#map=20/-12.1074385/-77.0038747"}}, {"type": "Feature", "geometry": {"type": "Point", "coordinates": [-77.0030093, -12.1081332]}, "properties": {"id": 964180700, "feat_type": "way", "quality_categories": "missing_tags, uncanny_keys", "issue_ids": "[353, 2]", "osm_url": "https://www.openstreetmap.org/way/964180700", "josm_url": "http://127.0.0.1:8111/load_object?new_layer=false&objects=w964180700", "id_url": "https://www.openstreetmap.org/edit?editor=id&way=964180700#map=20/-12.1081332/-77.0030093"}}, {"type": "Feature", "geometry": {"type": "Point", "coordinates": [-77.0031609, -12.1065945]}, "properties": {"id": 964180701, "feat_type": "way", "quality_categories": "missing_tags, uncanny_keys", "issue_ids": "[353, 2]", "osm_url": "https://www.openstreetmap.org/way/964180701", "josm_url": "http://127.0.0.1:8111/load_object?new_layer=false&objects=w964180701", "id_url": "https://www.openstreetmap.org/edit?editor=id&way=964180701#map=20/-12.1065945/-77.0031609"}}, {"type": "Feature", "geometry": {"type": "Point", "coordinates": [-77.0014306, -12.1079668]}, "properties": {"id": 964180702, "feat_type": "way", "quality_categories": "missing_tags, older_than_five_years, uncanny_keys", "issue_ids": "[192, 193, 2]", "osm_url": "https://www.openstreetmap.org/way/964180702", "josm_url": "http://127.0.0.1:8111/load_object?new_layer=false&objects=w964180702", "id_url": "https://www.openstreetmap.org/edit?editor=id&way=964180702#map=20/-12.1079668/-77.0014306"}}, {"type": "Feature", "geometry": {"type": "Point", "coordinates": [-77.0022817, -12.1072729]}, "properties": {"id": 964180703, "feat_type": "way", "quality_categories": "missing_tags, uncanny_keys", "issue_ids": "[367, 2]", "osm_url": "https://www.openstreetmap.org/way/964180703", "josm_url": "http://127.0.0.1:8111/load_object?new_layer=false&objects=w964180703", "id_url": "https://www.openstreetmap.org/edit?editor=id&way=964180703#map=20/-12.1072729/-77.0022817"}}, {"type": "Feature", "geometry": {"type": "Point", "coordinates": [-77.0021254, -12.1088276]}, "properties": {"id": 964180704, "feat_type": "way", "quality_categories": "missing_tags, uncanny_keys", "issue_ids": "[367, 2]", "osm_url": "https://www.openstreetmap.org/way/964180704", "josm_url": "http://127.0.0.1:8111/load_object?new_layer=false&objects=w964180704", "id_url": "https://www.openstreetmap.org/edit?editor=id&way=964180704#map=20/-12.1088276/-77.0021254"}}, {"type": "Feature", "geometry": {"type": "Point", "coordinates": [-77.0021254, -12.1088276]}, "properties": {"id": 964180705, "feat_type": "way", "quality_categories": "missing_tags, older_than_five_years, uncanny_keys", "issue_ids": "[368, 188, 2]", "osm_url": "https://www.openstreetmap.org/way/964180705", "josm_url": "http://127.0.0.1:8111/load_object?new_layer=false&objects=w964180705", "id_url": "https://www.openstreetmap.org/edit?editor=id&way=964180705#map=20/-12.1088276/-77.0021254"}}, {"type": "Feature", "geometry": {"type": "Point", "coordinates": [-77.0033318, -12.1089495]}, "properties": {"id": 964180706, "feat_type": "way", "quality_categories": "missing_tags, older_than_five_years, uncanny_keys", "issue_ids": "[368, 188, 2]", "osm_url": "https://www.openstreetmap.org/way/964180706", "josm_url": "http://127.0.0.1:8111/load_object?new_layer=false&objects=w964180706", "id_url": "https://www.openstreetmap.org/edit?editor=id&way=964180706#map=20/-12.1089495/-77.0033318"}}, {"type": "Feature", "geometry": {"type": "Point", "coordinates": [-77.0028623, -12.1093287]}, "properties": {"id": 964180707, "feat_type": "way", "quality_categories": "missing_tags, uncanny_keys", "issue_ids": "[353, 2]", "osm_url": "https://www.openstreetmap.org/way/964180707", "josm_url": "http://127.0.0.1:8111/load_object?new_layer=false&objects=w964180707", "id_url": "https://www.openstreetmap.org/edit?editor=id&way=964180707#map=20/-12.1093287/-77.0028623"}}, {"type": "Feature", "geometry": {"type": "Point", "coordinates": [-77.0043999, -12.1090723]}, "properties": {"id": 964180708, "feat_type": "way", "quality_categories": "missing_tags, older_than_five_years, uncanny_keys", "issue_ids": "[368, 188, 2]", "osm_url": "https://www.openstreetmap.org/way/964180708", "josm_url": "http://127.0.0.1:8111/load_object?new_layer=false&objects=w964180708", "id_url": "https://www.openstreetmap.org/edit?editor=id&way=964180708#map=20/-12.1090723/-77.0043999"}}, {"type": "Feature", "geometry": {"type": "Point", "coordinates": [-77.0052761, -12.109171]}, "properties": {"id": 964180709, "feat_type": "way", "quality_categories": "missing_tags, older_than_five_years, uncanny_keys", "issue_ids": "[368, 188, 2]", "osm_url": "https://www.openstreetmap.org/way/964180709", "josm_url": "http://127.0.0.1:8111/load_object?new_layer=false&objects=w964180709", "id_url": "https://www.openstreetmap.org/edit?editor=id&way=964180709#map=20/-12.109171/-77.0052761"}}, {"type": "Feature", "geometry": {"type": "Point", "coordinates": [-77.0044069, -12.1098469]}, "properties": {"id": 964180710, "feat_type": "way", "quality_categories": "missing_tags, uncanny_keys", "issue_ids": "[261, 2]", "osm_url": "https://www.openstreetmap.org/way/964180710", "josm_url": "http://127.0.0.1:8111/load_object?new_layer=false&objects=w964180710", "id_url": "https://www.openstreetmap.org/edit?editor=id&way=964180710#map=20/-12.1098469/-77.0044069"}}, {"type": "Feature", "geometry": {"type": "Point", "coordinates": [-77.0045645, -12.108306]}, "properties": {"id": 964180711, "feat_type": "way", "quality_categories": "missing_tags, uncanny_keys", "issue_ids": "[261, 2]", "osm_url": "https://www.openstreetmap.org/way/964180711", "josm_url": "http://127.0.0.1:8111/load_object?new_layer=false&objects=w964180711", "id_url": "https://www.openstreetmap.org/edit?editor=id&way=964180711#map=20/-12.108306/-77.0045645"}}, {"type": "Feature", "geometry": {"type": "Point", "coordinates": [-77.0059785, -12.1100194]}, "properties": {"id": 964180712, "feat_type": "way", "quality_categories": "missing_tags, older_than_five_years, uncanny_keys", "issue_ids": "[191, 188, 2]", "osm_url": "https://www.openstreetmap.org/way/964180712", "josm_url": "http://127.0.0.1:8111/load_object?new_layer=false&objects=w964180712", "id_url": "https://www.openstreetmap.org/edit?editor=id&way=964180712#map=20/-12.1100194/-77.0059785"}}, {"type": "Feature", "geometry": {"type": "Point", "coordinates": [-77.0051035, -12.1107181]}, "properties": {"id": 964180713, "feat_type": "way", "quality_categories": "missing_tags, older_than_five_years, uncanny_keys", "issue_ids": "[369, 188, 2]", "osm_url": "https://www.openstreetmap.org/way/964180713", "josm_url": "http://127.0.0.1:8111/load_object?new_layer=false&objects=w964180713", "id_url": "https://www.openstreetmap.org/edit?editor=id&way=964180713#map=20/-12.1107181/-77.0051035"}}, {"type": "Feature", "geometry": {"type": "Point", "coordinates": [-77.0035189, -12.1105326]}, "properties": {"id": 964180714, "feat_type": "way", "quality_categories": "missing_tags, older_than_five_years, uncanny_keys", "issue_ids": "[369, 363, 2]", "osm_url": "https://www.openstreetmap.org/way/964180714", "josm_url": "http://127.0.0.1:8111/load_object?new_layer=false&objects=w964180714", "id_url": "https://www.openstreetmap.org/edit?editor=id&way=964180714#map=20/-12.1105326/-77.0035189"}}, {"type": "Feature", "geometry": {"type": "Point", "coordinates": [-77.0042396, -12.1113981]}, "properties": {"id": 964180715, "feat_type": "way", "quality_categories": "missing_tags, older_than_five_years, uncanny_keys", "issue_ids": "[370, 188, 2]", "osm_url": "https://www.openstreetmap.org/way/964180715", "josm_url": "http://127.0.0.1:8111/load_object?new_layer=false&objects=w964180715", "id_url": "https://www.openstreetmap.org/edit?editor=id&way=964180715#map=20/-12.1113981/-77.0042396"}}, {"type": "Feature", "geometry": {"type": "Point", "coordinates": [-77.0026619, -12.111247]}, "properties": {"id": 964180716, "feat_type": "way", "quality_categories": "missing_tags, older_than_five_years, uncanny_keys", "issue_ids": "[370, 188, 2]", "osm_url": "https://www.openstreetmap.org/way/964180716", "josm_url": "http://127.0.0.1:8111/load_object?new_layer=false&objects=w964180716", "id_url": "https://www.openstreetmap.org/edit?editor=id&way=964180716#map=20/-12.111247/-77.0026619"}}, {"type": "Feature", "geometry": {"type": "Point", "coordinates": [-77.0043144, -12.1089136]}, "properties": {"id": 964183770, "feat_type": "way", "quality_categories": "missing_tags, uncanny_keys", "issue_ids": "[371, 2]", "osm_url": "https://www.openstreetmap.org/way/964183770", "josm_url": "http://127.0.0.1:8111/load_object?new_layer=false&objects=w964183770", "id_url": "https://www.openstreetmap.org/edit?editor=id&way=964183770#map=20/-12.1089136/-77.0043144"}}, {"type": "Feature", "geometry": {"type": "Point", "coordinates": [-77.0058922, -12.1108002]}, "properties": {"id": 964185781, "feat_type": "way", "quality_categories": "missing_tags, older_than_five_years, uncanny_keys", "issue_ids": "[369, 188, 2]", "osm_url": "https://www.openstreetmap.org/way/964185781", "josm_url": "http://127.0.0.1:8111/load_object?new_layer=false&objects=w964185781", "id_url": "https://www.openstreetmap.org/edit?editor=id&way=964185781#map=20/-12.1108002/-77.0058922"}}, {"type": "Feature", "geometry": {"type": "Point", "coordinates": [-76.9825136, -12.0959181]}, "properties": {"id": 964439515, "feat_type": "way", "quality_categories": "missing_tags, uncanny_keys", "issue_ids": "[372, 2]", "osm_url": "https://www.openstreetmap.org/way/964439515", "josm_url": "http://127.0.0.1:8111/load_object?new_layer=false&objects=w964439515", "id_url": "https://www.openstreetmap.org/edit?editor=id&way=964439515#map=20/-12.0959181/-76.9825136"}}, {"type": "Feature", "geometry": {"type": "Point", "coordinates": [-76.9824672, -12.0959123]}, "properties": {"id": 964439516, "feat_type": "way", "quality_categories": "uncanny_keys", "issue_ids": "[372]", "osm_url": "https://www.openstreetmap.org/way/964439516", "josm_url": "http://127.0.0.1:8111/load_object?new_layer=false&objects=w964439516", "id_url": "https://www.openstreetmap.org/edit?editor=id&way=964439516#map=20/-12.0959123/-76.9824672"}}, {"type": "Feature", "geometry": {"type": "Point", "coordinates": [-77.0041806, -12.1106138]}, "properties": {"id": 965440923, "feat_type": "way", "quality_categories": "missing_tags, older_than_five_years, uncanny_keys", "issue_ids": "[369, 363, 2]", "osm_url": "https://www.openstreetmap.org/way/965440923", "josm_url": "http://127.0.0.1:8111/load_object?new_layer=false&objects=w965440923", "id_url": "https://www.openstreetmap.org/edit?editor=id&way=965440923#map=20/-12.1106138/-77.0041806"}}, {"type": "Feature", "geometry": {"type": "Point", "coordinates": [-77.0041806, -12.1106138]}, "properties": {"id": 965440924, "feat_type": "way", "quality_categories": "missing_tags, older_than_five_years, uncanny_keys", "issue_ids": "[369, 363, 2]", "osm_url": "https://www.openstreetmap.org/way/965440924", "josm_url": "http://127.0.0.1:8111/load_object?new_layer=false&objects=w965440924", "id_url": "https://www.openstreetmap.org/edit?editor=id&way=965440924#map=20/-12.1106138/-77.0041806"}}, {"type": "Feature", "geometry": {"type": "Point", "coordinates": [-77.0030598, -12.1075033]}, "properties": {"id": 965440925, "feat_type": "way", "quality_categories": "missing_tags, uncanny_keys", "issue_ids": "[353, 2]", "osm_url": "https://www.openstreetmap.org/way/965440925", "josm_url": "http://127.0.0.1:8111/load_object?new_layer=false&objects=w965440925", "id_url": "https://www.openstreetmap.org/edit?editor=id&way=965440925#map=20/-12.1075033/-77.0030598"}}, {"type": "Feature", "geometry": {"type": "Point", "coordinates": [-77.0030652, -12.1074362]}, "properties": {"id": 965440926, "feat_type": "way", "quality_categories": "missing_tags, uncanny_keys", "issue_ids": "[353, 2]", "osm_url": "https://www.openstreetmap.org/way/965440926", "josm_url": "http://127.0.0.1:8111/load_object?new_layer=false&objects=w965440926", "id_url": "https://www.openstreetmap.org/edit?editor=id&way=965440926#map=20/-12.1074362/-77.0030652"}}, {"type": "Feature", "geometry": {"type": "Point", "coordinates": [-77.0037404, -12.1097882]}, "properties": {"id": 965440927, "feat_type": "way", "quality_categories": "missing_tags, older_than_five_years, uncanny_keys", "issue_ids": "[191, 363, 2]", "osm_url": "https://www.openstreetmap.org/way/965440927", "josm_url": "http://127.0.0.1:8111/load_object?new_layer=false&objects=w965440927", "id_url": "https://www.openstreetmap.org/edit?editor=id&way=965440927#map=20/-12.1097882/-77.0037404"}}, {"type": "Feature", "geometry": {"type": "Point", "coordinates": [-77.0038352, -12.109801]}, "properties": {"id": 965440928, "feat_type": "way", "quality_categories": "missing_tags, older_than_five_years, uncanny_keys", "issue_ids": "[191, 363, 2]", "osm_url": "https://www.openstreetmap.org/way/965440928", "josm_url": "http://127.0.0.1:8111/load_object?new_layer=false&objects=w965440928", "id_url": "https://www.openstreetmap.org/edit?editor=id&way=965440928#map=20/-12.109801/-77.0038352"}}, {"type": "Feature", "geometry": {"type": "Point", "coordinates": [-77.0681021, -12.0273739]}, "properties": {"id": 988474453, "feat_type": "way", "quality_categories": "missing_tags, uncanny_keys", "issue_ids": "[373, 2]", "osm_url": "https://www.openstreetmap.org/way/988474453", "josm_url": "http://127.0.0.1:8111/load_object?new_layer=false&objects=w988474453", "id_url": "https://www.openstreetmap.org/edit?editor=id&way=988474453#map=20/-12.0273739/-77.0681021"}}, {"type": "Feature", "geometry": {"type": "Point", "coordinates": [-76.9881335, -12.0755663]}, "properties": {"id": 989280489, "feat_type": "way", "quality_categories": "missing_tags, uncanny_keys", "issue_ids": "[374, 2]", "osm_url": "https://www.openstreetmap.org/way/989280489", "josm_url": "http://127.0.0.1:8111/load_object?new_layer=false&objects=w989280489", "id_url": "https://www.openstreetmap.org/edit?editor=id&way=989280489#map=20/-12.0755663/-76.9881335"}}, {"type": "Feature", "geometry": {"type": "Point", "coordinates": [-76.8342822, -12.2781142]}, "properties": {"id": 1006550051, "feat_type": "way", "quality_categories": "missing_tags, uncanny_keys", "issue_ids": "[375, 2]", "osm_url": "https://www.openstreetmap.org/way/1006550051", "josm_url": "http://127.0.0.1:8111/load_object?new_layer=false&objects=w1006550051", "id_url": "https://www.openstreetmap.org/edit?editor=id&way=1006550051#map=20/-12.2781142/-76.8342822"}}, {"type": "Feature", "geometry": {"type": "Point", "coordinates": [-77.0108768, -12.0709011]}, "properties": {"id": 1016687032, "feat_type": "way", "quality_categories": "missing_tags, uncanny_keys", "issue_ids": "[164, 2]", "osm_url": "https://www.openstreetmap.org/way/1016687032", "josm_url": "http://127.0.0.1:8111/load_object?new_layer=false&objects=w1016687032", "id_url": "https://www.openstreetmap.org/edit?editor=id&way=1016687032#map=20/-12.0709011/-77.0108768"}}, {"type": "Feature", "geometry": {"type": "Point", "coordinates": [-76.9899861, -12.1592615]}, "properties": {"id": 1066738855, "feat_type": "way", "quality_categories": "missing_tags, uncanny_keys", "issue_ids": "[376, 2]", "osm_url": "https://www.openstreetmap.org/way/1066738855", "josm_url": "http://127.0.0.1:8111/load_object?new_layer=false&objects=w1066738855", "id_url": "https://www.openstreetmap.org/edit?editor=id&way=1066738855#map=20/-12.1592615/-76.9899861"}}, {"type": "Feature", "geometry": {"type": "Point", "coordinates": [-77.0495124, -12.0068565]}, "properties": {"id": 1095308251, "feat_type": "way", "quality_categories": "uncanny_keys", "issue_ids": "[247]", "osm_url": "https://www.openstreetmap.org/way/1095308251", "josm_url": "http://127.0.0.1:8111/load_object?new_layer=false&objects=w1095308251", "id_url": "https://www.openstreetmap.org/edit?editor=id&way=1095308251#map=20/-12.0068565/-77.0495124"}}, {"type": "Feature", "geometry": {"type": "Point", "coordinates": [-77.0562781, -11.9332904]}, "properties": {"id": 1096340069, "feat_type": "way", "quality_categories": "missing_tags, uncanny_keys", "issue_ids": "[377, 2]", "osm_url": "https://www.openstreetmap.org/way/1096340069", "josm_url": "http://127.0.0.1:8111/load_object?new_layer=false&objects=w1096340069", "id_url": "https://www.openstreetmap.org/edit?editor=id&way=1096340069#map=20/-11.9332904/-77.0562781"}}, {"type": "Feature", "geometry": {"type": "Point", "coordinates": [-76.8894745, -12.0895625]}, "properties": {"id": 1110320694, "feat_type": "way", "quality_categories": "missing_tags, uncanny_keys", "issue_ids": "[59, 2]", "osm_url": "https://www.openstreetmap.org/way/1110320694", "josm_url": "http://127.0.0.1:8111/load_object?new_layer=false&objects=w1110320694", "id_url": "https://www.openstreetmap.org/edit?editor=id&way=1110320694#map=20/-12.0895625/-76.8894745"}}, {"type": "Feature", "geometry": {"type": "Point", "coordinates": [-77.0834443, -12.0777143]}, "properties": {"id": 1122158612, "feat_type": "way", "quality_categories": "missing_tags, uncanny_keys", "issue_ids": "[378, 2]", "osm_url": "https://www.openstreetmap.org/way/1122158612", "josm_url": "http://127.0.0.1:8111/load_object?new_layer=false&objects=w1122158612", "id_url": "https://www.openstreetmap.org/edit?editor=id&way=1122158612#map=20/-12.0777143/-77.0834443"}}, {"type": "Feature", "geometry": {"type": "Point", "coordinates": [-77.0102888, -12.0709139]}, "properties": {"id": 1147122863, "feat_type": "way", "quality_categories": "missing_tags, uncanny_keys", "issue_ids": "[165, 2]", "osm_url": "https://www.openstreetmap.org/way/1147122863", "josm_url": "http://127.0.0.1:8111/load_object?new_layer=false&objects=w1147122863", "id_url": "https://www.openstreetmap.org/edit?editor=id&way=1147122863#map=20/-12.0709139/-77.0102888"}}, {"type": "Feature", "geometry": {"type": "Point", "coordinates": [-76.9931243, -12.1419546]}, "properties": {"id": 1149286015, "feat_type": "way", "quality_categories": "uncanny_keys", "issue_ids": "[287]", "osm_url": "https://www.openstreetmap.org/way/1149286015", "josm_url": "http://127.0.0.1:8111/load_object?new_layer=false&objects=w1149286015", "id_url": "https://www.openstreetmap.org/edit?editor=id&way=1149286015#map=20/-12.1419546/-76.9931243"}}, {"type": "Feature", "geometry": {"type": "Point", "coordinates": [-76.9930808, -12.1420384]}, "properties": {"id": 1149286016, "feat_type": "way", "quality_categories": "uncanny_keys", "issue_ids": "[287]", "osm_url": "https://www.openstreetmap.org/way/1149286016", "josm_url": "http://127.0.0.1:8111/load_object?new_layer=false&objects=w1149286016", "id_url": "https://www.openstreetmap.org/edit?editor=id&way=1149286016#map=20/-12.1420384/-76.9930808"}}, {"type": "Feature", "geometry": {"type": "Point", "coordinates": [-77.0709698, -11.9479911]}, "properties": {"id": 1154098834, "feat_type": "way", "quality_categories": "uncanny_keys", "issue_ids": "[379]", "osm_url": "https://www.openstreetmap.org/way/1154098834", "josm_url": "http://127.0.0.1:8111/load_object?new_layer=false&objects=w1154098834", "id_url": "https://www.openstreetmap.org/edit?editor=id&way=1154098834#map=20/-11.9479911/-77.0709698"}}, {"type": "Feature", "geometry": {"type": "Point", "coordinates": [-77.0553584, -11.9355073]}, "properties": {"id": 1156823146, "feat_type": "way", "quality_categories": "uncanny_keys", "issue_ids": "[380]", "osm_url": "https://www.openstreetmap.org/way/1156823146", "josm_url": "http://127.0.0.1:8111/load_object?new_layer=false&objects=w1156823146", "id_url": "https://www.openstreetmap.org/edit?editor=id&way=1156823146#map=20/-11.9355073/-77.0553584"}}, {"type": "Feature", "geometry": {"type": "Point", "coordinates": [-77.0554794, -11.9367878]}, "properties": {"id": 1156823148, "feat_type": "way", "quality_categories": "uncanny_keys", "issue_ids": "[101]", "osm_url": "https://www.openstreetmap.org/way/1156823148", "josm_url": "http://127.0.0.1:8111/load_object?new_layer=false&objects=w1156823148", "id_url": "https://www.openstreetmap.org/edit?editor=id&way=1156823148#map=20/-11.9367878/-77.0554794"}}, {"type": "Feature", "geometry": {"type": "Point", "coordinates": [-77.0309602, -12.1272847]}, "properties": {"id": 1159538790, "feat_type": "way", "quality_categories": "uncanny_keys", "issue_ids": "[381]", "osm_url": "https://www.openstreetmap.org/way/1159538790", "josm_url": "http://127.0.0.1:8111/load_object?new_layer=false&objects=w1159538790", "id_url": "https://www.openstreetmap.org/edit?editor=id&way=1159538790#map=20/-12.1272847/-77.0309602"}}, {"type": "Feature", "geometry": {"type": "Point", "coordinates": [-77.0045244, -12.0674994]}, "properties": {"id": 1177123657, "feat_type": "way", "quality_categories": "missing_tags, uncanny_keys", "issue_ids": "[382, 2]", "osm_url": "https://www.openstreetmap.org/way/1177123657", "josm_url": "http://127.0.0.1:8111/load_object?new_layer=false&objects=w1177123657", "id_url": "https://www.openstreetmap.org/edit?editor=id&way=1177123657#map=20/-12.0674994/-77.0045244"}}, {"type": "Feature", "geometry": {"type": "Point", "coordinates": [-77.0631751, -12.0512901]}, "properties": {"id": 1316590210, "feat_type": "way", "quality_categories": "uncanny_keys", "issue_ids": "[383]", "osm_url": "https://www.openstreetmap.org/way/1316590210", "josm_url": "http://127.0.0.1:8111/load_object?new_layer=false&objects=w1316590210", "id_url": "https://www.openstreetmap.org/edit?editor=id&way=1316590210#map=20/-12.0512901/-77.0631751"}}, {"type": "Feature", "geometry": {"type": "Point", "coordinates": [-76.854376, -12.2910161]}, "properties": {"id": 1325549960, "feat_type": "way", "quality_categories": "uncanny_keys", "issue_ids": "[384]", "osm_url": "https://www.openstreetmap.org/way/1325549960", "josm_url": "http://127.0.0.1:8111/load_object?new_layer=false&objects=w1325549960", "id_url": "https://www.openstreetmap.org/edit?editor=id&way=1325549960#map=20/-12.2910161/-76.854376"}}, {"type": "Feature", "geometry": {"type": "Point", "coordinates": [-76.8537216, -12.2904767]}, "properties": {"id": 1325550666, "feat_type": "way", "quality_categories": "uncanny_keys", "issue_ids": "[384]", "osm_url": "https://www.openstreetmap.org/way/1325550666", "josm_url": "http://127.0.0.1:8111/load_object?new_layer=false&objects=w1325550666", "id_url": "https://www.openstreetmap.org/edit?editor=id&way=1325550666#map=20/-12.2904767/-76.8537216"}}, {"type": "Feature", "geometry": {"type": "Point", "coordinates": [-77.024414, -12.1078709]}, "properties": {"id": 1342058407, "feat_type": "way", "quality_categories": "uncanny_keys", "issue_ids": "[385]", "osm_url": "https://www.openstreetmap.org/way/1342058407", "josm_url": "http://127.0.0.1:8111/load_object?new_layer=false&objects=w1342058407", "id_url": "https://www.openstreetmap.org/edit?editor=id&way=1342058407#map=20/-12.1078709/-77.024414"}}, {"type": "Feature", "geometry": {"type": "Point", "coordinates": [-77.0834396, -12.0775997]}, "properties": {"id": 1384703713, "feat_type": "way", "quality_categories": "missing_tags, uncanny_keys", "issue_ids": "[378, 2]", "osm_url": "https://www.openstreetmap.org/way/1384703713", "josm_url": "http://127.0.0.1:8111/load_object?new_layer=false&objects=w1384703713", "id_url": "https://www.openstreetmap.org/edit?editor=id&way=1384703713#map=20/-12.0775997/-77.0834396"}}, {"type": "Feature", "geometry": {"type": "Point", "coordinates": [-77.0732108, -11.9951068]}, "properties": {"id": 1385226282, "feat_type": "way", "quality_categories": "missing_tags, uncanny_keys", "issue_ids": "[386, 2]", "osm_url": "https://www.openstreetmap.org/way/1385226282", "josm_url": "http://127.0.0.1:8111/load_object?new_layer=false&objects=w1385226282", "id_url": "https://www.openstreetmap.org/edit?editor=id&way=1385226282#map=20/-11.9951068/-77.0732108"}}, {"type": "Feature", "geometry": {"type": "Point", "coordinates": [-76.9881195, -12.0755142]}, "properties": {"id": 1386123676, "feat_type": "way", "quality_categories": "missing_tags, uncanny_keys", "issue_ids": "[387, 2]", "osm_url": "https://www.openstreetmap.org/way/1386123676", "josm_url": "http://127.0.0.1:8111/load_object?new_layer=false&objects=w1386123676", "id_url": "https://www.openstreetmap.org/edit?editor=id&way=1386123676#map=20/-12.0755142/-76.9881195"}}, {"type": "Feature", "geometry": {"type": "Point", "coordinates": [-77.0689957, -11.9935448]}, "properties": {"id": 1392251619, "feat_type": "way", "quality_categories": "uncanny_keys", "issue_ids": "[95]", "osm_url": "https://www.openstreetmap.org/way/1392251619", "josm_url": "http://127.0.0.1:8111/load_object?new_layer=false&objects=w1392251619", "id_url": "https://www.openstreetmap.org/edit?editor=id&way=1392251619#map=20/-11.9935448/-77.0689957"}}, {"type": "Feature", "geometry": {"type": "Point", "coordinates": [-77.0681809, -11.9928118]}, "properties": {"id": 1392251620, "feat_type": "way", "quality_categories": "uncanny_keys", "issue_ids": "[95]", "osm_url": "https://www.openstreetmap.org/way/1392251620", "josm_url": "http://127.0.0.1:8111/load_object?new_layer=false&objects=w1392251620", "id_url": "https://www.openstreetmap.org/edit?editor=id&way=1392251620#map=20/-11.9928118/-77.0681809"}}, {"type": "Feature", "geometry": {"type": "Point", "coordinates": [-77.0687103, -11.9938018]}, "properties": {"id": 1392251621, "feat_type": "way", "quality_categories": "uncanny_keys", "issue_ids": "[96]", "osm_url": "https://www.openstreetmap.org/way/1392251621", "josm_url": "http://127.0.0.1:8111/load_object?new_layer=false&objects=w1392251621", "id_url": "https://www.openstreetmap.org/edit?editor=id&way=1392251621#map=20/-11.9938018/-77.0687103"}}, {"type": "Feature", "geometry": {"type": "Point", "coordinates": [-77.0679582, -11.9930332]}, "properties": {"id": 1392251622, "feat_type": "way", "quality_categories": "uncanny_keys", "issue_ids": "[96]", "osm_url": "https://www.openstreetmap.org/way/1392251622", "josm_url": "http://127.0.0.1:8111/load_object?new_layer=false&objects=w1392251622", "id_url": "https://www.openstreetmap.org/edit?editor=id&way=1392251622#map=20/-11.9930332/-77.0679582"}}, {"type": "Feature", "geometry": {"type": "Point", "coordinates": [-77.0674587, -11.9949423]}, "properties": {"id": 1392251623, "feat_type": "way", "quality_categories": "uncanny_keys", "issue_ids": "[60]", "osm_url": "https://www.openstreetmap.org/way/1392251623", "josm_url": "http://127.0.0.1:8111/load_object?new_layer=false&objects=w1392251623", "id_url": "https://www.openstreetmap.org/edit?editor=id&way=1392251623#map=20/-11.9949423/-77.0674587"}}, {"type": "Feature", "geometry": {"type": "Point", "coordinates": [-77.0668478, -11.9943123]}, "properties": {"id": 1392251624, "feat_type": "way", "quality_categories": "uncanny_keys", "issue_ids": "[60]", "osm_url": "https://www.openstreetmap.org/way/1392251624", "josm_url": "http://127.0.0.1:8111/load_object?new_layer=false&objects=w1392251624", "id_url": "https://www.openstreetmap.org/edit?editor=id&way=1392251624#map=20/-11.9943123/-77.0668478"}}, {"type": "Feature", "geometry": {"type": "Point", "coordinates": [-77.0659294, -11.994125]}, "properties": {"id": 1392251625, "feat_type": "way", "quality_categories": "uncanny_keys", "issue_ids": "[46]", "osm_url": "https://www.openstreetmap.org/way/1392251625", "josm_url": "http://127.0.0.1:8111/load_object?new_layer=false&objects=w1392251625", "id_url": "https://www.openstreetmap.org/edit?editor=id&way=1392251625#map=20/-11.994125/-77.0659294"}}, {"type": "Feature", "geometry": {"type": "Point", "coordinates": [-77.0665551, -11.9945889]}, "properties": {"id": 1392251626, "feat_type": "way", "quality_categories": "uncanny_keys", "issue_ids": "[46]", "osm_url": "https://www.openstreetmap.org/way/1392251626", "josm_url": "http://127.0.0.1:8111/load_object?new_layer=false&objects=w1392251626", "id_url": "https://www.openstreetmap.org/edit?editor=id&way=1392251626#map=20/-11.9945889/-77.0665551"}}, {"type": "Feature", "geometry": {"type": "Point", "coordinates": [-77.0662767, -11.9960137]}, "properties": {"id": 1392251627, "feat_type": "way", "quality_categories": "uncanny_keys", "issue_ids": "[53]", "osm_url": "https://www.openstreetmap.org/way/1392251627", "josm_url": "http://127.0.0.1:8111/load_object?new_layer=false&objects=w1392251627", "id_url": "https://www.openstreetmap.org/edit?editor=id&way=1392251627#map=20/-11.9960137/-77.0662767"}}, {"type": "Feature", "geometry": {"type": "Point", "coordinates": [-77.0652094, -11.9950697]}, "properties": {"id": 1392251628, "feat_type": "way", "quality_categories": "uncanny_keys", "issue_ids": "[53]", "osm_url": "https://www.openstreetmap.org/way/1392251628", "josm_url": "http://127.0.0.1:8111/load_object?new_layer=false&objects=w1392251628", "id_url": "https://www.openstreetmap.org/edit?editor=id&way=1392251628#map=20/-11.9950697/-77.0652094"}}, {"type": "Feature", "geometry": {"type": "Point", "coordinates": [-77.0659843, -11.9962829]}, "properties": {"id": 1392251629, "feat_type": "way", "quality_categories": "uncanny_keys", "issue_ids": "[182]", "osm_url": "https://www.openstreetmap.org/way/1392251629", "josm_url": "http://127.0.0.1:8111/load_object?new_layer=false&objects=w1392251629", "id_url": "https://www.openstreetmap.org/edit?editor=id&way=1392251629#map=20/-11.9962829/-77.0659843"}}, {"type": "Feature", "geometry": {"type": "Point", "coordinates": [-77.0649624, -11.9953913]}, "properties": {"id": 1392251630, "feat_type": "way", "quality_categories": "uncanny_keys", "issue_ids": "[182]", "osm_url": "https://www.openstreetmap.org/way/1392251630", "josm_url": "http://127.0.0.1:8111/load_object?new_layer=false&objects=w1392251630", "id_url": "https://www.openstreetmap.org/edit?editor=id&way=1392251630#map=20/-11.9953913/-77.0649624"}}, {"type": "Feature", "geometry": {"type": "Point", "coordinates": [-77.0555483, -11.9312488]}, "properties": {"id": 1412643790, "feat_type": "way", "quality_categories": "missing_tags, uncanny_keys", "issue_ids": "[41, 2]", "osm_url": "https://www.openstreetmap.org/way/1412643790", "josm_url": "http://127.0.0.1:8111/load_object?new_layer=false&objects=w1412643790", "id_url": "https://www.openstreetmap.org/edit?editor=id&way=1412643790#map=20/-11.9312488/-77.0555483"}}, {"type": "Feature", "geometry": {"type": "Point", "coordinates": [-77.0025839, -12.1202816]}, "properties": {"id": 1413605219, "feat_type": "way", "quality_categories": "uncanny_keys", "issue_ids": "[298]", "osm_url": "https://www.openstreetmap.org/way/1413605219", "josm_url": "http://127.0.0.1:8111/load_object?new_layer=false&objects=w1413605219", "id_url": "https://www.openstreetmap.org/edit?editor=id&way=1413605219#map=20/-12.1202816/-77.0025839"}}, {"type": "Feature", "geometry": {"type": "Point", "coordinates": [-77.0037727, -12.1214775]}, "properties": {"id": 1449878053, "feat_type": "way", "quality_categories": "uncanny_keys", "issue_ids": "[3]", "osm_url": "https://www.openstreetmap.org/way/1449878053", "josm_url": "http://127.0.0.1:8111/load_object?new_layer=false&objects=w1449878053", "id_url": "https://www.openstreetmap.org/edit?editor=id&way=1449878053#map=20/-12.1214775/-77.0037727"}}, {"type": "Feature", "geometry": {"type": "Point", "coordinates": [-76.9386218, -12.1152993]}, "properties": {"id": 1469956714, "feat_type": "way", "quality_categories": "uncanny_keys", "issue_ids": "[388]", "osm_url": "https://www.openstreetmap.org/way/1469956714", "josm_url": "http://127.0.0.1:8111/load_object?new_layer=false&objects=w1469956714", "id_url": "https://www.openstreetmap.org/edit?editor=id&way=1469956714#map=20/-12.1152993/-76.9386218"}}, {"type": "Feature", "geometry": {"type": "Point", "coordinates": [-76.9995853, -12.1219373]}, "properties": {"id": 1485747174, "feat_type": "way", "quality_categories": "uncanny_keys", "issue_ids": "[389]", "osm_url": "https://www.openstreetmap.org/way/1485747174", "josm_url": "http://127.0.0.1:8111/load_object?new_layer=false&objects=w1485747174", "id_url": "https://www.openstreetmap.org/edit?editor=id&way=1485747174#map=20/-12.1219373/-76.9995853"}}, {"type": "Feature", "geometry": {"type": "Point", "coordinates": [-77.0250118, -12.1080588]}, "properties": {"id": 1497456813, "feat_type": "way", "quality_categories": "uncanny_keys", "issue_ids": "[390]", "osm_url": "https://www.openstreetmap.org/way/1497456813", "josm_url": "http://127.0.0.1:8111/load_object?new_layer=false&objects=w1497456813", "id_url": "https://www.openstreetmap.org/edit?editor=id&way=1497456813#map=20/-12.1080588/-77.0250118"}}, {"type": "Feature", "geometry": {"type": "Point", "coordinates": [-77.0248883, -12.1080214]}, "properties": {"id": 1497456814, "feat_type": "way", "quality_categories": "uncanny_keys", "issue_ids": "[390]", "osm_url": "https://www.openstreetmap.org/way/1497456814", "josm_url": "http://127.0.0.1:8111/load_object?new_layer=false&objects=w1497456814", "id_url": "https://www.openstreetmap.org/edit?editor=id&way=1497456814#map=20/-12.1080214/-77.0248883"}}]}