osm_id,feat_type,key,value,commentary
24281828,way,last_update,10-7-2016,Feature has not been updated in 5 years or more
33820214,way,last_update,13-3-2018,Feature has not been updated in 5 years or more
53833398,way,last_update,25-9-2016,Feature has not been updated in 5 years or more
53833399,way,last_update,30-12-2018,Feature has not been updated in 5 years or more
54862597,way,last_update,8-11-2016,Feature has not been updated in 5 years or more
54862599,way,last_update,8-11-2016,Feature has not been updated in 5 years or more
54862607,way,last_update,8-11-2016,Feature has not been updated in 5 years or more
54862627,way,last_update,5-11-2020,Feature has not been updated in 5 years or more
54862632,way,last_update,5-11-2020,Feature has not been updated in 5 years or more
54862634,way,last_update,5-11-2020,Feature has not been updated in 5 years or more
54862636,way,last_update,5-11-2020,Feature has not been updated in 5 years or more
68212696,way,last_update,6-7-2021,Feature has not been updated in 5 years or more
68212705,way,last_update,6-7-2021,Feature has not been updated in 5 years or more
68314463,way,last_update,20-7-2021,Feature has not been updated in 5 years or more
68314464,way,last_update,20-7-2021,Feature has not been updated in 5 years or more
68317934,way,last_update,6-7-2021,Feature has not been updated in 5 years or more
68317956,way,last_update,6-7-2021,Feature has not been updated in 5 years or more
68317963,way,last_update,6-7-2021,Feature has not been updated in 5 years or more
71071608,way,last_update,5-9-2020,Feature has not been updated in 5 years or more
71094146,way,last_update,13-3-2019,Feature has not been updated in 5 years or more
96678484,way,last_update,29-12-2020,Feature has not been updated in 5 years or more
110061866,way,last_update,3-3-2019,Feature has not been updated in 5 years or more
111598105,way,last_update,3-10-2016,Feature has not been updated in 5 years or more
111883700,way,last_update,5-7-2021,Feature has not been updated in 5 years or more
111889978,way,last_update,25-1-2018,Feature has not been updated in 5 years or more
111890588,way,last_update,13-4-2018,Feature has not been updated in 5 years or more
111892060,way,last_update,27-5-2020,Feature has not been updated in 5 years or more
111893683,way,last_update,25-1-2018,Feature has not been updated in 5 years or more
111894676,way,last_update,14-8-2020,Feature has not been updated in 5 years or more
111896886,way,last_update,25-1-2018,Feature has not been updated in 5 years or more
111898130,way,last_update,9-11-2020,Feature has not been updated in 5 years or more
111898172,way,last_update,20-3-2018,Feature has not been updated in 5 years or more
111898263,way,last_update,9-2-2018,Feature has not been updated in 5 years or more
111901878,way,last_update,10-6-2018,Feature has not been updated in 5 years or more
111902036,way,last_update,17-12-2020,Feature has not been updated in 5 years or more
111902894,way,last_update,25-1-2018,Feature has not been updated in 5 years or more
111903947,way,last_update,17-4-2018,Feature has not been updated in 5 years or more
111905470,way,last_update,14-8-2020,Feature has not been updated in 5 years or more
111908988,way,last_update,11-3-2021,Feature has not been updated in 5 years or more
111909089,way,last_update,2-2-2018,Feature has not been updated in 5 years or more
111913350,way,last_update,25-1-2018,Feature has not been updated in 5 years or more
111916377,way,last_update,4-10-2016,Feature has not been updated in 5 years or more
111917527,way,last_update,6-7-2021,Feature has not been updated in 5 years or more
111919849,way,last_update,4-10-2016,Feature has not been updated in 5 years or more
111925013,way,last_update,19-1-2019,Feature has not been updated in 5 years or more
111926066,way,last_update,14-8-2018,Feature has not been updated in 5 years or more
111927155,way,last_update,13-4-2018,Feature has not been updated in 5 years or more
111927981,way,last_update,11-5-2019,Feature has not been updated in 5 years or more
111932574,way,last_update,11-5-2019,Feature has not been updated in 5 years or more
111932815,way,last_update,30-11-2020,Feature has not been updated in 5 years or more
111933128,way,last_update,24-1-2018,Feature has not been updated in 5 years or more
111936838,way,last_update,24-1-2018,Feature has not been updated in 5 years or more
111937847,way,last_update,5-7-2021,Feature has not been updated in 5 years or more
111939068,way,last_update,24-3-2018,Feature has not been updated in 5 years or more
111939749,way,last_update,24-1-2018,Feature has not been updated in 5 years or more
111940012,way,last_update,20-3-2018,Feature has not been updated in 5 years or more
111944995,way,last_update,17-12-2020,Feature has not been updated in 5 years or more
111946034,way,last_update,24-1-2018,Feature has not been updated in 5 years or more
111946554,way,last_update,15-7-2021,Feature has not been updated in 5 years or more
111947801,way,last_update,17-4-2018,Feature has not been updated in 5 years or more
111948812,way,last_update,24-1-2018,Feature has not been updated in 5 years or more
111948997,way,last_update,15-8-2018,Feature has not been updated in 5 years or more
111951884,way,last_update,4-5-2021,Feature has not been updated in 5 years or more
111952331,way,last_update,14-6-2021,Feature has not been updated in 5 years or more
111954655,way,last_update,28-1-2018,Feature has not been updated in 5 years or more
111956446,way,last_update,17-12-2020,Feature has not been updated in 5 years or more
111959323,way,last_update,24-1-2018,Feature has not been updated in 5 years or more
111959358,way,last_update,17-4-2018,Feature has not been updated in 5 years or more
111962763,way,last_update,6-7-2021,Feature has not been updated in 5 years or more
111962897,way,last_update,1-2-2017,Feature has not been updated in 5 years or more
111963063,way,last_update,24-1-2018,Feature has not been updated in 5 years or more
111968941,way,last_update,24-1-2018,Feature has not been updated in 5 years or more
115572637,way,last_update,22-6-2021,Feature has not been updated in 5 years or more
115572650,way,last_update,22-6-2021,Feature has not been updated in 5 years or more
115678856,way,last_update,22-6-2021,Feature has not been updated in 5 years or more
119752716,way,last_update,3-8-2020,Feature has not been updated in 5 years or more
119752720,way,last_update,3-8-2020,Feature has not been updated in 5 years or more
121296400,way,last_update,22-6-2021,Feature has not been updated in 5 years or more
121371617,way,last_update,19-1-2019,Feature has not been updated in 5 years or more
124146822,way,last_update,26-4-2021,Feature has not been updated in 5 years or more
124345313,way,last_update,4-8-2020,Feature has not been updated in 5 years or more
149293681,way,last_update,5-7-2021,Feature has not been updated in 5 years or more
149294495,way,last_update,5-7-2021,Feature has not been updated in 5 years or more
149294497,way,last_update,5-7-2021,Feature has not been updated in 5 years or more
149294498,way,last_update,5-7-2021,Feature has not been updated in 5 years or more
149295799,way,last_update,13-7-2021,Feature has not been updated in 5 years or more
149319694,way,last_update,16-2-2020,Feature has not been updated in 5 years or more
162743313,way,last_update,31-3-2017,Feature has not been updated in 5 years or more
162791110,way,last_update,28-1-2017,Feature has not been updated in 5 years or more
162867699,way,last_update,5-11-2018,Feature has not been updated in 5 years or more
163648796,way,last_update,25-2-2018,Feature has not been updated in 5 years or more
163716372,way,last_update,10-3-2018,Feature has not been updated in 5 years or more
163825777,way,last_update,18-9-2016,Feature has not been updated in 5 years or more
163825781,way,last_update,19-3-2018,Feature has not been updated in 5 years or more
163972340,way,last_update,25-2-2018,Feature has not been updated in 5 years or more
164059063,way,last_update,30-12-2018,Feature has not been updated in 5 years or more
170247338,way,last_update,23-1-2019,Feature has not been updated in 5 years or more
176911863,way,last_update,6-4-2021,Feature has not been updated in 5 years or more
182889723,way,last_update,10-12-2020,Feature has not been updated in 5 years or more
183453805,way,last_update,1-12-2020,Feature has not been updated in 5 years or more
183758790,way,last_update,6-7-2021,Feature has not been updated in 5 years or more
183758910,way,last_update,6-7-2021,Feature has not been updated in 5 years or more
184184558,way,last_update,20-7-2021,Feature has not been updated in 5 years or more
202424775,way,last_update,10-4-2018,Feature has not been updated in 5 years or more
202424776,way,last_update,10-4-2018,Feature has not been updated in 5 years or more
202424778,way,last_update,10-4-2018,Feature has not been updated in 5 years or more
202424780,way,last_update,10-4-2018,Feature has not been updated in 5 years or more
245491289,way,last_update,7-2-2019,Feature has not been updated in 5 years or more
275296747,way,last_update,25-2-2018,Feature has not been updated in 5 years or more
284934597,way,last_update,29-2-2016,Feature has not been updated in 5 years or more
295028952,way,last_update,16-3-2019,Feature has not been updated in 5 years or more
295322220,way,last_update,11-11-2016,Feature has not been updated in 5 years or more
295322348,way,last_update,24-3-2019,Feature has not been updated in 5 years or more
302111248,way,last_update,27-8-2018,Feature has not been updated in 5 years or more
305639218,way,last_update,6-3-2021,Feature has not been updated in 5 years or more
307031814,way,last_update,8-8-2021,Feature has not been updated in 5 years or more
307192147,way,last_update,27-6-2018,Feature has not been updated in 5 years or more
307770682,way,last_update,13-10-2018,Feature has not been updated in 5 years or more
307770683,way,last_update,3-10-2020,Feature has not been updated in 5 years or more
307770685,way,last_update,26-4-2021,Feature has not been updated in 5 years or more
313308734,way,last_update,11-3-2016,Feature has not been updated in 5 years or more
327660625,way,last_update,5-3-2019,Feature has not been updated in 5 years or more
327667386,way,last_update,8-1-2019,Feature has not been updated in 5 years or more
332361778,way,last_update,24-12-2016,Feature has not been updated in 5 years or more
332361779,way,last_update,24-12-2016,Feature has not been updated in 5 years or more
332361780,way,last_update,24-12-2016,Feature has not been updated in 5 years or more
332362855,way,last_update,9-7-2021,Feature has not been updated in 5 years or more
332994969,way,last_update,1-9-2018,Feature has not been updated in 5 years or more
333015921,way,last_update,19-4-2021,Feature has not been updated in 5 years or more
357291370,way,last_update,27-7-2020,Feature has not been updated in 5 years or more
357309710,way,last_update,7-6-2021,Feature has not been updated in 5 years or more
357515780,way,last_update,5-7-2021,Feature has not been updated in 5 years or more
375472312,way,last_update,8-4-2021,Feature has not been updated in 5 years or more
393068545,way,last_update,16-3-2019,Feature has not been updated in 5 years or more
393068546,way,last_update,16-3-2019,Feature has not been updated in 5 years or more
393068548,way,last_update,8-8-2018,Feature has not been updated in 5 years or more
393509424,way,last_update,2-7-2018,Feature has not been updated in 5 years or more
393509444,way,last_update,25-1-2016,Feature has not been updated in 5 years or more
393509445,way,last_update,22-3-2018,Feature has not been updated in 5 years or more
393509447,way,last_update,25-1-2016,Feature has not been updated in 5 years or more
393509448,way,last_update,22-3-2018,Feature has not been updated in 5 years or more
393908806,way,last_update,2-8-2016,Feature has not been updated in 5 years or more
394166852,way,last_update,11-3-2016,Feature has not been updated in 5 years or more
394465050,way,last_update,28-1-2016,Feature has not been updated in 5 years or more
394510022,way,last_update,29-1-2016,Feature has not been updated in 5 years or more
394510023,way,last_update,3-7-2018,Feature has not been updated in 5 years or more
394510024,way,last_update,3-7-2018,Feature has not been updated in 5 years or more
394510025,way,last_update,3-7-2018,Feature has not been updated in 5 years or more
394510026,way,last_update,3-7-2018,Feature has not been updated in 5 years or more
394510027,way,last_update,29-1-2016,Feature has not been updated in 5 years or more
394510028,way,last_update,29-1-2016,Feature has not been updated in 5 years or more
394510029,way,last_update,29-1-2016,Feature has not been updated in 5 years or more
394510030,way,last_update,29-1-2016,Feature has not been updated in 5 years or more
394510031,way,last_update,29-1-2016,Feature has not been updated in 5 years or more
394510032,way,last_update,29-1-2016,Feature has not been updated in 5 years or more
394510033,way,last_update,29-1-2016,Feature has not been updated in 5 years or more
394510034,way,last_update,17-12-2020,Feature has not been updated in 5 years or more
394510974,way,last_update,29-1-2016,Feature has not been updated in 5 years or more
394510975,way,last_update,29-1-2016,Feature has not been updated in 5 years or more
394510976,way,last_update,29-1-2016,Feature has not been updated in 5 years or more
394510977,way,last_update,29-1-2016,Feature has not been updated in 5 years or more
394516732,way,last_update,11-7-2021,Feature has not been updated in 5 years or more
394729796,way,last_update,29-1-2016,Feature has not been updated in 5 years or more
394729797,way,last_update,24-3-2019,Feature has not been updated in 5 years or more
394729798,way,last_update,29-1-2016,Feature has not been updated in 5 years or more
394729802,way,last_update,26-3-2019,Feature has not been updated in 5 years or more
394729803,way,last_update,29-1-2016,Feature has not been updated in 5 years or more
394759611,way,last_update,26-4-2018,Feature has not been updated in 5 years or more
394760588,way,last_update,20-6-2017,Feature has not been updated in 5 years or more
395199831,way,last_update,11-3-2016,Feature has not been updated in 5 years or more
396266262,way,last_update,11-2-2021,Feature has not been updated in 5 years or more
396440416,way,last_update,6-2-2016,Feature has not been updated in 5 years or more
396440417,way,last_update,26-1-2018,Feature has not been updated in 5 years or more
396440418,way,last_update,31-3-2021,Feature has not been updated in 5 years or more
396440420,way,last_update,31-3-2021,Feature has not been updated in 5 years or more
396440422,way,last_update,26-1-2018,Feature has not been updated in 5 years or more
396440423,way,last_update,26-1-2018,Feature has not been updated in 5 years or more
396493844,way,last_update,26-4-2018,Feature has not been updated in 5 years or more
396974133,way,last_update,17-12-2020,Feature has not been updated in 5 years or more
397712417,way,last_update,10-1-2019,Feature has not been updated in 5 years or more
397712418,way,last_update,11-5-2019,Feature has not been updated in 5 years or more
397712419,way,last_update,11-5-2019,Feature has not been updated in 5 years or more
400434363,way,last_update,27-2-2016,Feature has not been updated in 5 years or more
400434373,way,last_update,27-2-2016,Feature has not been updated in 5 years or more
400445437,way,last_update,11-6-2021,Feature has not been updated in 5 years or more
400490094,way,last_update,29-12-2019,Feature has not been updated in 5 years or more
400602885,way,last_update,28-2-2016,Feature has not been updated in 5 years or more
400602886,way,last_update,20-1-2017,Feature has not been updated in 5 years or more
400602887,way,last_update,28-2-2016,Feature has not been updated in 5 years or more
400602888,way,last_update,19-1-2017,Feature has not been updated in 5 years or more
400657322,way,last_update,28-2-2016,Feature has not been updated in 5 years or more
400672274,way,last_update,19-1-2017,Feature has not been updated in 5 years or more
400672275,way,last_update,20-1-2017,Feature has not been updated in 5 years or more
400672277,way,last_update,28-2-2016,Feature has not been updated in 5 years or more
400886489,way,last_update,29-2-2016,Feature has not been updated in 5 years or more
400894253,way,last_update,2-7-2018,Feature has not been updated in 5 years or more
400894255,way,last_update,15-12-2018,Feature has not been updated in 5 years or more
400897336,way,last_update,1-3-2016,Feature has not been updated in 5 years or more
400897337,way,last_update,1-3-2016,Feature has not been updated in 5 years or more
400897339,way,last_update,1-3-2016,Feature has not been updated in 5 years or more
401472086,way,last_update,3-3-2016,Feature has not been updated in 5 years or more
401472087,way,last_update,3-3-2016,Feature has not been updated in 5 years or more
401472088,way,last_update,3-3-2016,Feature has not been updated in 5 years or more
401472089,way,last_update,3-3-2016,Feature has not been updated in 5 years or more
401472090,way,last_update,3-3-2016,Feature has not been updated in 5 years or more
401472091,way,last_update,3-3-2016,Feature has not been updated in 5 years or more
401472092,way,last_update,3-3-2016,Feature has not been updated in 5 years or more
401472100,way,last_update,3-3-2016,Feature has not been updated in 5 years or more
401472101,way,last_update,3-3-2016,Feature has not been updated in 5 years or more
401472102,way,last_update,4-9-2016,Feature has not been updated in 5 years or more
401472103,way,last_update,3-3-2016,Feature has not been updated in 5 years or more
401472104,way,last_update,3-3-2016,Feature has not been updated in 5 years or more
401472105,way,last_update,3-3-2016,Feature has not been updated in 5 years or more
401472106,way,last_update,3-3-2016,Feature has not been updated in 5 years or more
401472107,way,last_update,3-3-2016,Feature has not been updated in 5 years or more
401472108,way,last_update,3-3-2016,Feature has not been updated in 5 years or more
401484745,way,last_update,1-9-2018,Feature has not been updated in 5 years or more
401676674,way,last_update,4-3-2016,Feature has not been updated in 5 years or more
401676675,way,last_update,4-3-2016,Feature has not been updated in 5 years or more
401678206,way,last_update,29-11-2020,Feature has not been updated in 5 years or more
401782345,way,last_update,16-12-2020,Feature has not been updated in 5 years or more
401782346,way,last_update,14-6-2016,Feature has not been updated in 5 years or more
401782347,way,last_update,16-12-2020,Feature has not been updated in 5 years or more
401782353,way,last_update,5-11-2020,Feature has not been updated in 5 years or more
401830677,way,last_update,13-5-2021,Feature has not been updated in 5 years or more
401830678,way,last_update,5-3-2016,Feature has not been updated in 5 years or more
401841909,way,last_update,20-3-2018,Feature has not been updated in 5 years or more
401841910,way,last_update,5-3-2016,Feature has not been updated in 5 years or more
401854469,way,last_update,5-3-2016,Feature has not been updated in 5 years or more
402018395,way,last_update,11-3-2016,Feature has not been updated in 5 years or more
403120508,way,last_update,11-3-2016,Feature has not been updated in 5 years or more
403120509,way,last_update,11-3-2016,Feature has not been updated in 5 years or more
403120510,way,last_update,11-3-2016,Feature has not been updated in 5 years or more
403120511,way,last_update,11-3-2016,Feature has not been updated in 5 years or more
403726105,way,last_update,14-3-2016,Feature has not been updated in 5 years or more
404397556,way,last_update,18-6-2021,Feature has not been updated in 5 years or more
404397559,way,last_update,18-3-2016,Feature has not been updated in 5 years or more
404397561,way,last_update,18-3-2016,Feature has not been updated in 5 years or more
404397563,way,last_update,25-11-2019,Feature has not been updated in 5 years or more
404628276,way,last_update,19-3-2016,Feature has not been updated in 5 years or more
404628277,way,last_update,22-10-2016,Feature has not been updated in 5 years or more
404628278,way,last_update,22-10-2016,Feature has not been updated in 5 years or more
404628279,way,last_update,19-3-2016,Feature has not been updated in 5 years or more
404628322,way,last_update,26-6-2021,Feature has not been updated in 5 years or more
404628325,way,last_update,26-6-2021,Feature has not been updated in 5 years or more
404628329,way,last_update,17-12-2020,Feature has not been updated in 5 years or more
404628332,way,last_update,19-3-2016,Feature has not been updated in 5 years or more
404630385,way,last_update,19-3-2016,Feature has not been updated in 5 years or more
404630387,way,last_update,19-11-2016,Feature has not been updated in 5 years or more
405572799,way,last_update,25-3-2016,Feature has not been updated in 5 years or more
405572800,way,last_update,25-3-2016,Feature has not been updated in 5 years or more
405572801,way,last_update,25-3-2016,Feature has not been updated in 5 years or more
405574435,way,last_update,12-1-2021,Feature has not been updated in 5 years or more
405584331,way,last_update,16-5-2021,Feature has not been updated in 5 years or more
406011946,way,last_update,27-3-2016,Feature has not been updated in 5 years or more
406267405,way,last_update,1-5-2018,Feature has not been updated in 5 years or more
406622140,way,last_update,30-3-2016,Feature has not been updated in 5 years or more
406624526,way,last_update,3-8-2021,Feature has not been updated in 5 years or more
406624527,way,last_update,1-8-2021,Feature has not been updated in 5 years or more
406624528,way,last_update,1-8-2021,Feature has not been updated in 5 years or more
406624529,way,last_update,1-8-2021,Feature has not been updated in 5 years or more
406624530,way,last_update,1-8-2021,Feature has not been updated in 5 years or more
406624534,way,last_update,3-8-2021,Feature has not been updated in 5 years or more
406624537,way,last_update,3-8-2021,Feature has not been updated in 5 years or more
406624538,way,last_update,3-8-2021,Feature has not been updated in 5 years or more
406624539,way,last_update,3-8-2021,Feature has not been updated in 5 years or more
406624541,way,last_update,3-8-2021,Feature has not been updated in 5 years or more
406624542,way,last_update,3-8-2021,Feature has not been updated in 5 years or more
406624548,way,last_update,20-9-2018,Feature has not been updated in 5 years or more
406624549,way,last_update,25-8-2018,Feature has not been updated in 5 years or more
406625327,way,last_update,3-8-2021,Feature has not been updated in 5 years or more
406625334,way,last_update,1-8-2021,Feature has not been updated in 5 years or more
406625336,way,last_update,1-8-2021,Feature has not been updated in 5 years or more
406625337,way,last_update,1-8-2021,Feature has not been updated in 5 years or more
406625338,way,last_update,1-8-2021,Feature has not been updated in 5 years or more
406625347,way,last_update,3-8-2021,Feature has not been updated in 5 years or more
406625350,way,last_update,3-8-2021,Feature has not been updated in 5 years or more
406625351,way,last_update,1-8-2021,Feature has not been updated in 5 years or more
406625353,way,last_update,3-8-2021,Feature has not been updated in 5 years or more
406625354,way,last_update,3-8-2021,Feature has not been updated in 5 years or more
406625359,way,last_update,3-8-2021,Feature has not been updated in 5 years or more
406625361,way,last_update,3-8-2021,Feature has not been updated in 5 years or more
406625362,way,last_update,3-8-2021,Feature has not been updated in 5 years or more
406625363,way,last_update,3-8-2021,Feature has not been updated in 5 years or more
406625365,way,last_update,3-8-2021,Feature has not been updated in 5 years or more
406625367,way,last_update,1-8-2021,Feature has not been updated in 5 years or more
406625716,way,last_update,25-8-2018,Feature has not been updated in 5 years or more
406625717,way,last_update,3-8-2021,Feature has not been updated in 5 years or more
406625718,way,last_update,3-8-2021,Feature has not been updated in 5 years or more
406625719,way,last_update,3-8-2021,Feature has not been updated in 5 years or more
406625720,way,last_update,25-8-2018,Feature has not been updated in 5 years or more
406625721,way,last_update,21-8-2018,Feature has not been updated in 5 years or more
406626524,way,last_update,3-8-2021,Feature has not been updated in 5 years or more
406626525,way,last_update,3-8-2021,Feature has not been updated in 5 years or more
406626526,way,last_update,30-3-2016,Feature has not been updated in 5 years or more
406626527,way,last_update,16-12-2020,Feature has not been updated in 5 years or more
406626528,way,last_update,28-7-2018,Feature has not been updated in 5 years or more
406626529,way,last_update,4-7-2018,Feature has not been updated in 5 years or more
406626530,way,last_update,30-3-2016,Feature has not been updated in 5 years or more
406626531,way,last_update,28-7-2018,Feature has not been updated in 5 years or more
406626532,way,last_update,30-3-2016,Feature has not been updated in 5 years or more
406626536,way,last_update,1-8-2021,Feature has not been updated in 5 years or more
406626537,way,last_update,30-3-2016,Feature has not been updated in 5 years or more
406626538,way,last_update,30-3-2016,Feature has not been updated in 5 years or more
406626539,way,last_update,30-3-2016,Feature has not been updated in 5 years or more
406626540,way,last_update,30-3-2016,Feature has not been updated in 5 years or more
406626541,way,last_update,30-3-2016,Feature has not been updated in 5 years or more
406626542,way,last_update,21-9-2018,Feature has not been updated in 5 years or more
406626543,way,last_update,21-9-2018,Feature has not been updated in 5 years or more
406626544,way,last_update,30-3-2016,Feature has not been updated in 5 years or more
406626545,way,last_update,21-9-2018,Feature has not been updated in 5 years or more
406626548,way,last_update,30-3-2016,Feature has not been updated in 5 years or more
406626549,way,last_update,30-3-2016,Feature has not been updated in 5 years or more
406626550,way,last_update,30-3-2016,Feature has not been updated in 5 years or more
406626551,way,last_update,30-3-2016,Feature has not been updated in 5 years or more
406626552,way,last_update,9-7-2021,Feature has not been updated in 5 years or more
406626553,way,last_update,1-8-2021,Feature has not been updated in 5 years or more
406627107,way,last_update,25-8-2018,Feature has not been updated in 5 years or more
406627108,way,last_update,25-8-2018,Feature has not been updated in 5 years or more
406627109,way,last_update,3-8-2021,Feature has not been updated in 5 years or more
406627110,way,last_update,3-8-2021,Feature has not been updated in 5 years or more
406629774,way,last_update,19-1-2017,Feature has not been updated in 5 years or more
407061419,way,last_update,5-11-2016,Feature has not been updated in 5 years or more
407732868,way,last_update,4-4-2016,Feature has not been updated in 5 years or more
408466968,way,last_update,6-4-2016,Feature has not been updated in 5 years or more
408466984,way,last_update,6-4-2016,Feature has not been updated in 5 years or more
408466985,way,last_update,6-4-2016,Feature has not been updated in 5 years or more
408466986,way,last_update,6-4-2016,Feature has not been updated in 5 years or more
408466987,way,last_update,7-4-2016,Feature has not been updated in 5 years or more
408466988,way,last_update,7-4-2016,Feature has not been updated in 5 years or more
408467442,way,last_update,7-4-2016,Feature has not been updated in 5 years or more
408467443,way,last_update,7-4-2016,Feature has not been updated in 5 years or more
408467444,way,last_update,7-4-2016,Feature has not been updated in 5 years or more
408467447,way,last_update,7-4-2016,Feature has not been updated in 5 years or more
408468101,way,last_update,7-4-2016,Feature has not been updated in 5 years or more
408468102,way,last_update,7-4-2016,Feature has not been updated in 5 years or more
408468103,way,last_update,7-4-2016,Feature has not been updated in 5 years or more
408468104,way,last_update,7-4-2016,Feature has not been updated in 5 years or more
408468105,way,last_update,7-4-2016,Feature has not been updated in 5 years or more
408468188,way,last_update,7-4-2016,Feature has not been updated in 5 years or more
408470333,way,last_update,7-4-2016,Feature has not been updated in 5 years or more
408470334,way,last_update,7-4-2016,Feature has not been updated in 5 years or more
408470335,way,last_update,7-4-2016,Feature has not been updated in 5 years or more
408470336,way,last_update,7-4-2016,Feature has not been updated in 5 years or more
408470337,way,last_update,7-4-2016,Feature has not been updated in 5 years or more
408909649,way,last_update,23-8-2016,Feature has not been updated in 5 years or more
409122294,way,last_update,6-7-2021,Feature has not been updated in 5 years or more
410061605,way,last_update,12-6-2019,Feature has not been updated in 5 years or more
410708883,way,last_update,27-10-2016,Feature has not been updated in 5 years or more
410708884,way,last_update,27-10-2016,Feature has not been updated in 5 years or more
412149250,way,last_update,20-4-2016,Feature has not been updated in 5 years or more
412486775,way,last_update,24-5-2021,Feature has not been updated in 5 years or more
412505009,way,last_update,21-4-2016,Feature has not been updated in 5 years or more
412505010,way,last_update,21-4-2016,Feature has not been updated in 5 years or more
412505011,way,last_update,21-4-2016,Feature has not been updated in 5 years or more
412564193,way,last_update,22-4-2016,Feature has not been updated in 5 years or more
412568028,way,last_update,8-8-2018,Feature has not been updated in 5 years or more
412568029,way,last_update,8-8-2018,Feature has not been updated in 5 years or more
412568030,way,last_update,22-4-2016,Feature has not been updated in 5 years or more
412568191,way,last_update,14-7-2016,Feature has not been updated in 5 years or more
412568192,way,last_update,22-4-2016,Feature has not been updated in 5 years or more
412568193,way,last_update,14-7-2016,Feature has not been updated in 5 years or more
412573933,way,last_update,8-2-2018,Feature has not been updated in 5 years or more
412575038,way,last_update,14-12-2017,Feature has not been updated in 5 years or more
412575039,way,last_update,14-12-2017,Feature has not been updated in 5 years or more
412575040,way,last_update,30-9-2018,Feature has not been updated in 5 years or more
412575041,way,last_update,30-9-2018,Feature has not been updated in 5 years or more
412575042,way,last_update,14-12-2017,Feature has not been updated in 5 years or more
412575043,way,last_update,14-12-2017,Feature has not been updated in 5 years or more
413025639,way,last_update,23-4-2016,Feature has not been updated in 5 years or more
413025640,way,last_update,2-7-2018,Feature has not been updated in 5 years or more
413025641,way,last_update,23-4-2016,Feature has not been updated in 5 years or more
413025642,way,last_update,23-4-2016,Feature has not been updated in 5 years or more
413025643,way,last_update,2-7-2018,Feature has not been updated in 5 years or more
413025644,way,last_update,23-4-2016,Feature has not been updated in 5 years or more
413030079,way,last_update,23-4-2016,Feature has not been updated in 5 years or more
413030080,way,last_update,23-4-2016,Feature has not been updated in 5 years or more
413983436,way,last_update,4-2-2020,Feature has not been updated in 5 years or more
413983437,way,last_update,31-7-2021,Feature has not been updated in 5 years or more
413983438,way,last_update,1-8-2021,Feature has not been updated in 5 years or more
413983439,way,last_update,27-4-2016,Feature has not been updated in 5 years or more
413983440,way,last_update,4-2-2020,Feature has not been updated in 5 years or more
413983441,way,last_update,1-8-2021,Feature has not been updated in 5 years or more
413983442,way,last_update,1-8-2021,Feature has not been updated in 5 years or more
413983443,way,last_update,1-8-2021,Feature has not been updated in 5 years or more
413983444,way,last_update,1-8-2021,Feature has not been updated in 5 years or more
413983445,way,last_update,1-8-2021,Feature has not been updated in 5 years or more
413983446,way,last_update,4-2-2020,Feature has not been updated in 5 years or more
413983447,way,last_update,4-2-2020,Feature has not been updated in 5 years or more
413983448,way,last_update,1-8-2021,Feature has not been updated in 5 years or more
413983449,way,last_update,1-8-2021,Feature has not been updated in 5 years or more
413983450,way,last_update,4-2-2020,Feature has not been updated in 5 years or more
413983451,way,last_update,4-2-2020,Feature has not been updated in 5 years or more
413983452,way,last_update,4-2-2020,Feature has not been updated in 5 years or more
413983453,way,last_update,1-8-2021,Feature has not been updated in 5 years or more
413983454,way,last_update,1-8-2021,Feature has not been updated in 5 years or more
416298595,way,last_update,8-6-2018,Feature has not been updated in 5 years or more
416298598,way,last_update,8-6-2018,Feature has not been updated in 5 years or more
416298599,way,last_update,8-6-2018,Feature has not been updated in 5 years or more
416298609,way,last_update,7-5-2016,Feature has not been updated in 5 years or more
416298610,way,last_update,7-5-2016,Feature has not been updated in 5 years or more
416304125,way,last_update,30-8-2020,Feature has not been updated in 5 years or more
416304140,way,last_update,7-5-2016,Feature has not been updated in 5 years or more
416304141,way,last_update,13-8-2016,Feature has not been updated in 5 years or more
416304151,way,last_update,12-11-2016,Feature has not been updated in 5 years or more
416304158,way,last_update,22-10-2016,Feature has not been updated in 5 years or more
416306003,way,last_update,7-5-2016,Feature has not been updated in 5 years or more
416306004,way,last_update,6-3-2017,Feature has not been updated in 5 years or more
416306005,way,last_update,6-3-2017,Feature has not been updated in 5 years or more
416306006,way,last_update,6-3-2017,Feature has not been updated in 5 years or more
416306007,way,last_update,7-5-2016,Feature has not been updated in 5 years or more
416306008,way,last_update,7-5-2016,Feature has not been updated in 5 years or more
416306009,way,last_update,6-3-2017,Feature has not been updated in 5 years or more
416306010,way,last_update,7-5-2016,Feature has not been updated in 5 years or more
416306011,way,last_update,7-5-2016,Feature has not been updated in 5 years or more
416306017,way,last_update,7-5-2016,Feature has not been updated in 5 years or more
416306018,way,last_update,7-5-2016,Feature has not been updated in 5 years or more
416306019,way,last_update,6-3-2017,Feature has not been updated in 5 years or more
416306020,way,last_update,6-3-2017,Feature has not been updated in 5 years or more
416306026,way,last_update,6-3-2017,Feature has not been updated in 5 years or more
416306029,way,last_update,7-5-2016,Feature has not been updated in 5 years or more
416306032,way,last_update,1-10-2017,Feature has not been updated in 5 years or more
417319362,way,last_update,11-5-2016,Feature has not been updated in 5 years or more
417319363,way,last_update,11-8-2018,Feature has not been updated in 5 years or more
417319365,way,last_update,11-5-2016,Feature has not been updated in 5 years or more
418181061,way,last_update,14-5-2016,Feature has not been updated in 5 years or more
418196029,way,last_update,15-5-2016,Feature has not been updated in 5 years or more
418199825,way,last_update,15-5-2016,Feature has not been updated in 5 years or more
418200253,way,last_update,15-5-2016,Feature has not been updated in 5 years or more
418669769,way,last_update,16-5-2016,Feature has not been updated in 5 years or more
418674567,way,last_update,5-10-2018,Feature has not been updated in 5 years or more
418674572,way,last_update,7-7-2018,Feature has not been updated in 5 years or more
418681422,way,last_update,11-4-2019,Feature has not been updated in 5 years or more
418681427,way,last_update,11-4-2019,Feature has not been updated in 5 years or more
418681432,way,last_update,11-4-2019,Feature has not been updated in 5 years or more
419809090,way,last_update,21-5-2016,Feature has not been updated in 5 years or more
419809104,way,last_update,23-6-2020,Feature has not been updated in 5 years or more
419809120,way,last_update,6-11-2016,Feature has not been updated in 5 years or more
419812651,way,last_update,29-6-2021,Feature has not been updated in 5 years or more
419814155,way,last_update,11-9-2016,Feature has not been updated in 5 years or more
420060513,way,last_update,15-9-2018,Feature has not been updated in 5 years or more
420060515,way,last_update,22-5-2016,Feature has not been updated in 5 years or more
420060516,way,last_update,15-9-2018,Feature has not been updated in 5 years or more
420432681,way,last_update,12-9-2016,Feature has not been updated in 5 years or more
420669222,way,last_update,17-12-2020,Feature has not been updated in 5 years or more
420669226,way,last_update,17-12-2020,Feature has not been updated in 5 years or more
420669231,way,last_update,25-5-2016,Feature has not been updated in 5 years or more
420669238,way,last_update,25-5-2016,Feature has not been updated in 5 years or more
420669242,way,last_update,27-5-2016,Feature has not been updated in 5 years or more
420669245,way,last_update,25-5-2016,Feature has not been updated in 5 years or more
420670051,way,last_update,29-6-2016,Feature has not been updated in 5 years or more
420670054,way,last_update,25-5-2016,Feature has not been updated in 5 years or more
420670055,way,last_update,25-5-2016,Feature has not been updated in 5 years or more
420670056,way,last_update,25-5-2016,Feature has not been updated in 5 years or more
420670057,way,last_update,25-5-2016,Feature has not been updated in 5 years or more
420670058,way,last_update,25-5-2016,Feature has not been updated in 5 years or more
420670065,way,last_update,25-5-2016,Feature has not been updated in 5 years or more
420670067,way,last_update,25-5-2016,Feature has not been updated in 5 years or more
420670068,way,last_update,25-5-2016,Feature has not been updated in 5 years or more
420670070,way,last_update,25-5-2016,Feature has not been updated in 5 years or more
420670071,way,last_update,25-5-2016,Feature has not been updated in 5 years or more
420670072,way,last_update,25-5-2016,Feature has not been updated in 5 years or more
420670885,way,last_update,25-5-2016,Feature has not been updated in 5 years or more
420670886,way,last_update,25-5-2016,Feature has not been updated in 5 years or more
420670888,way,last_update,25-5-2016,Feature has not been updated in 5 years or more
420672531,way,last_update,4-10-2016,Feature has not been updated in 5 years or more
420677293,way,last_update,25-5-2016,Feature has not been updated in 5 years or more
420677300,way,last_update,25-5-2016,Feature has not been updated in 5 years or more
420678012,way,last_update,25-5-2016,Feature has not been updated in 5 years or more
420678026,way,last_update,25-5-2016,Feature has not been updated in 5 years or more
421119575,way,last_update,26-5-2016,Feature has not been updated in 5 years or more
421119577,way,last_update,8-1-2017,Feature has not been updated in 5 years or more
421505323,way,last_update,28-5-2016,Feature has not been updated in 5 years or more
421680552,way,last_update,1-9-2018,Feature has not been updated in 5 years or more
421680553,way,last_update,1-9-2018,Feature has not been updated in 5 years or more
421680554,way,last_update,29-5-2016,Feature has not been updated in 5 years or more
421680555,way,last_update,1-9-2018,Feature has not been updated in 5 years or more
421680556,way,last_update,1-9-2018,Feature has not been updated in 5 years or more
421680557,way,last_update,1-9-2018,Feature has not been updated in 5 years or more
421680558,way,last_update,29-5-2016,Feature has not been updated in 5 years or more
421680559,way,last_update,29-5-2016,Feature has not been updated in 5 years or more
421680560,way,last_update,1-9-2018,Feature has not been updated in 5 years or more
421680561,way,last_update,1-9-2018,Feature has not been updated in 5 years or more
421692635,way,last_update,17-8-2016,Feature has not been updated in 5 years or more
421692646,way,last_update,29-5-2016,Feature has not been updated in 5 years or more
421692647,way,last_update,29-5-2016,Feature has not been updated in 5 years or more
421692649,way,last_update,29-5-2016,Feature has not been updated in 5 years or more
421692650,way,last_update,29-5-2016,Feature has not been updated in 5 years or more
421694323,way,last_update,26-10-2016,Feature has not been updated in 5 years or more
421694785,way,last_update,15-3-2018,Feature has not been updated in 5 years or more
421696069,way,last_update,29-5-2016,Feature has not been updated in 5 years or more
421696070,way,last_update,29-5-2016,Feature has not been updated in 5 years or more
421696072,way,last_update,30-9-2018,Feature has not been updated in 5 years or more
421696074,way,last_update,30-12-2016,Feature has not been updated in 5 years or more
421696075,way,last_update,30-12-2016,Feature has not been updated in 5 years or more
421696080,way,last_update,30-12-2016,Feature has not been updated in 5 years or more
422441689,way,last_update,2-6-2016,Feature has not been updated in 5 years or more
422441690,way,last_update,2-6-2016,Feature has not been updated in 5 years or more
422748218,way,last_update,2-9-2018,Feature has not been updated in 5 years or more
422748219,way,last_update,2-9-2018,Feature has not been updated in 5 years or more
422748220,way,last_update,15-9-2018,Feature has not been updated in 5 years or more
422748221,way,last_update,15-9-2018,Feature has not been updated in 5 years or more
422748222,way,last_update,4-6-2016,Feature has not been updated in 5 years or more
422748223,way,last_update,4-6-2016,Feature has not been updated in 5 years or more
422748224,way,last_update,4-6-2016,Feature has not been updated in 5 years or more
422748226,way,last_update,15-9-2018,Feature has not been updated in 5 years or more
422748227,way,last_update,15-9-2018,Feature has not been updated in 5 years or more
422748231,way,last_update,5-11-2020,Feature has not been updated in 5 years or more
422748232,way,last_update,5-11-2020,Feature has not been updated in 5 years or more
422748233,way,last_update,4-6-2016,Feature has not been updated in 5 years or more
422748234,way,last_update,4-6-2016,Feature has not been updated in 5 years or more
422748235,way,last_update,4-6-2016,Feature has not been updated in 5 years or more
422748236,way,last_update,4-6-2016,Feature has not been updated in 5 years or more
422748237,way,last_update,5-11-2020,Feature has not been updated in 5 years or more
422748238,way,last_update,4-6-2016,Feature has not been updated in 5 years or more
422748239,way,last_update,4-6-2016,Feature has not been updated in 5 years or more
422748240,way,last_update,15-9-2018,Feature has not been updated in 5 years or more
422748241,way,last_update,4-6-2016,Feature has not been updated in 5 years or more
422748242,way,last_update,4-6-2016,Feature has not been updated in 5 years or more
422748243,way,last_update,4-6-2016,Feature has not been updated in 5 years or more
422748244,way,last_update,4-6-2016,Feature has not been updated in 5 years or more
422748245,way,last_update,4-6-2016,Feature has not been updated in 5 years or more
422748247,way,last_update,5-11-2020,Feature has not been updated in 5 years or more
422748248,way,last_update,4-6-2016,Feature has not been updated in 5 years or more
422748250,way,last_update,5-11-2020,Feature has not been updated in 5 years or more
422748251,way,last_update,5-11-2020,Feature has not been updated in 5 years or more
422748252,way,last_update,5-11-2020,Feature has not been updated in 5 years or more
422748253,way,last_update,5-11-2020,Feature has not been updated in 5 years or more
422748254,way,last_update,5-11-2020,Feature has not been updated in 5 years or more
422748465,way,last_update,4-6-2016,Feature has not been updated in 5 years or more
422748469,way,last_update,4-6-2016,Feature has not been updated in 5 years or more
422748477,way,last_update,9-10-2016,Feature has not been updated in 5 years or more
422748478,way,last_update,9-10-2016,Feature has not been updated in 5 years or more
422748480,way,last_update,1-10-2018,Feature has not been updated in 5 years or more
422748481,way,last_update,1-10-2018,Feature has not been updated in 5 years or more
422748482,way,last_update,1-10-2018,Feature has not been updated in 5 years or more
422748483,way,last_update,1-10-2018,Feature has not been updated in 5 years or more
422748484,way,last_update,1-10-2018,Feature has not been updated in 5 years or more
422748485,way,last_update,4-6-2016,Feature has not been updated in 5 years or more
422748486,way,last_update,1-10-2018,Feature has not been updated in 5 years or more
422748487,way,last_update,4-6-2016,Feature has not been updated in 5 years or more
422957149,way,last_update,11-9-2016,Feature has not been updated in 5 years or more
422964702,way,last_update,11-9-2016,Feature has not been updated in 5 years or more
423675241,way,last_update,23-12-2018,Feature has not been updated in 5 years or more
428246012,way,last_update,3-8-2021,Feature has not been updated in 5 years or more
429717862,way,last_update,7-7-2016,Feature has not been updated in 5 years or more
429717863,way,last_update,21-3-2018,Feature has not been updated in 5 years or more
429717864,way,last_update,7-7-2016,Feature has not been updated in 5 years or more
429717896,way,last_update,3-11-2016,Feature has not been updated in 5 years or more
429717898,way,last_update,25-10-2016,Feature has not been updated in 5 years or more
429717900,way,last_update,25-10-2016,Feature has not been updated in 5 years or more
429717902,way,last_update,25-10-2016,Feature has not been updated in 5 years or more
429717905,way,last_update,10-12-2019,Feature has not been updated in 5 years or more
429717907,way,last_update,25-10-2016,Feature has not been updated in 5 years or more
429717909,way,last_update,25-10-2016,Feature has not been updated in 5 years or more
429717911,way,last_update,10-12-2020,Feature has not been updated in 5 years or more
430459587,way,last_update,12-7-2016,Feature has not been updated in 5 years or more
430459588,way,last_update,12-7-2016,Feature has not been updated in 5 years or more
430459589,way,last_update,12-7-2016,Feature has not been updated in 5 years or more
430459591,way,last_update,12-7-2016,Feature has not been updated in 5 years or more
430459607,way,last_update,25-7-2020,Feature has not been updated in 5 years or more
430459695,way,last_update,12-7-2016,Feature has not been updated in 5 years or more
430635757,way,last_update,12-7-2016,Feature has not been updated in 5 years or more
430919747,way,last_update,14-6-2017,Feature has not been updated in 5 years or more
430919971,way,last_update,14-7-2016,Feature has not been updated in 5 years or more
430919972,way,last_update,14-7-2016,Feature has not been updated in 5 years or more
430919973,way,last_update,14-7-2016,Feature has not been updated in 5 years or more
432171873,way,last_update,26-4-2021,Feature has not been updated in 5 years or more
432433766,way,last_update,9-2-2018,Feature has not been updated in 5 years or more
432964949,way,last_update,12-11-2020,Feature has not been updated in 5 years or more
434497647,way,last_update,6-4-2021,Feature has not been updated in 5 years or more
434497649,way,last_update,6-4-2021,Feature has not been updated in 5 years or more
434497651,way,last_update,6-4-2021,Feature has not been updated in 5 years or more
434497653,way,last_update,6-4-2021,Feature has not been updated in 5 years or more
434573297,way,last_update,28-7-2016,Feature has not been updated in 5 years or more
434583966,way,last_update,12-1-2021,Feature has not been updated in 5 years or more
434686594,way,last_update,29-7-2016,Feature has not been updated in 5 years or more
434687721,way,last_update,29-7-2016,Feature has not been updated in 5 years or more
434687722,way,last_update,10-2-2021,Feature has not been updated in 5 years or more
434687723,way,last_update,29-7-2016,Feature has not been updated in 5 years or more
434687724,way,last_update,29-7-2016,Feature has not been updated in 5 years or more
434687725,way,last_update,10-2-2021,Feature has not been updated in 5 years or more
434687726,way,last_update,29-7-2016,Feature has not been updated in 5 years or more
434690372,way,last_update,29-7-2016,Feature has not been updated in 5 years or more
434690373,way,last_update,29-7-2016,Feature has not been updated in 5 years or more
434690374,way,last_update,29-7-2016,Feature has not been updated in 5 years or more
434690375,way,last_update,29-7-2016,Feature has not been updated in 5 years or more
434690376,way,last_update,29-7-2016,Feature has not been updated in 5 years or more
434690378,way,last_update,29-7-2016,Feature has not been updated in 5 years or more
434690379,way,last_update,29-7-2016,Feature has not been updated in 5 years or more
434693620,way,last_update,8-6-2019,Feature has not been updated in 5 years or more
434693621,way,last_update,8-6-2019,Feature has not been updated in 5 years or more
434693622,way,last_update,8-6-2019,Feature has not been updated in 5 years or more
434693623,way,last_update,8-6-2019,Feature has not been updated in 5 years or more
434693624,way,last_update,8-6-2019,Feature has not been updated in 5 years or more
434693625,way,last_update,8-6-2019,Feature has not been updated in 5 years or more
435252833,way,last_update,6-8-2020,Feature has not been updated in 5 years or more
435252834,way,last_update,2-8-2016,Feature has not been updated in 5 years or more
435841082,way,last_update,13-4-2017,Feature has not been updated in 5 years or more
435972280,way,last_update,20-2-2019,Feature has not been updated in 5 years or more
435974101,way,last_update,1-12-2020,Feature has not been updated in 5 years or more
435974105,way,last_update,12-6-2019,Feature has not been updated in 5 years or more
435974107,way,last_update,5-12-2020,Feature has not been updated in 5 years or more
435974108,way,last_update,12-6-2019,Feature has not been updated in 5 years or more
436187623,way,last_update,8-8-2016,Feature has not been updated in 5 years or more
436188656,way,last_update,16-4-2018,Feature has not been updated in 5 years or more
436249360,way,last_update,24-11-2018,Feature has not been updated in 5 years or more
436249363,way,last_update,24-11-2018,Feature has not been updated in 5 years or more
436251090,way,last_update,24-11-2018,Feature has not been updated in 5 years or more
436251091,way,last_update,24-11-2018,Feature has not been updated in 5 years or more
436251096,way,last_update,24-11-2018,Feature has not been updated in 5 years or more
436260852,way,last_update,16-4-2018,Feature has not been updated in 5 years or more
436260853,way,last_update,16-4-2018,Feature has not been updated in 5 years or more
436299966,way,last_update,8-8-2016,Feature has not been updated in 5 years or more
436624666,way,last_update,12-11-2016,Feature has not been updated in 5 years or more
436917559,way,last_update,12-8-2016,Feature has not been updated in 5 years or more
436928005,way,last_update,26-6-2019,Feature has not been updated in 5 years or more
436929141,way,last_update,12-8-2016,Feature has not been updated in 5 years or more
436929142,way,last_update,12-8-2016,Feature has not been updated in 5 years or more
436929143,way,last_update,12-8-2016,Feature has not been updated in 5 years or more
436929144,way,last_update,12-8-2016,Feature has not been updated in 5 years or more
436929145,way,last_update,12-8-2016,Feature has not been updated in 5 years or more
436929146,way,last_update,3-10-2016,Feature has not been updated in 5 years or more
436929148,way,last_update,3-10-2016,Feature has not been updated in 5 years or more
436929151,way,last_update,12-11-2020,Feature has not been updated in 5 years or more
436929152,way,last_update,12-8-2016,Feature has not been updated in 5 years or more
436929154,way,last_update,12-11-2020,Feature has not been updated in 5 years or more
436933223,way,last_update,12-1-2021,Feature has not been updated in 5 years or more
436934903,way,last_update,12-11-2016,Feature has not been updated in 5 years or more
436934905,way,last_update,12-11-2016,Feature has not been updated in 5 years or more
436934906,way,last_update,12-11-2016,Feature has not been updated in 5 years or more
437053660,way,last_update,13-8-2016,Feature has not been updated in 5 years or more
437053667,way,last_update,13-8-2016,Feature has not been updated in 5 years or more
437053668,way,last_update,13-8-2016,Feature has not been updated in 5 years or more
437053697,way,last_update,4-3-2019,Feature has not been updated in 5 years or more
437053703,way,last_update,1-2-2017,Feature has not been updated in 5 years or more
437055550,way,last_update,8-8-2017,Feature has not been updated in 5 years or more
437055551,way,last_update,21-1-2018,Feature has not been updated in 5 years or more
437062762,way,last_update,6-2-2021,Feature has not been updated in 5 years or more
437062763,way,last_update,6-2-2021,Feature has not been updated in 5 years or more
437062764,way,last_update,6-2-2021,Feature has not been updated in 5 years or more
437062765,way,last_update,6-2-2021,Feature has not been updated in 5 years or more
437062766,way,last_update,6-2-2021,Feature has not been updated in 5 years or more
437062767,way,last_update,6-2-2021,Feature has not been updated in 5 years or more
437062775,way,last_update,6-2-2021,Feature has not been updated in 5 years or more
437062780,way,last_update,1-6-2020,Feature has not been updated in 5 years or more
437062792,way,last_update,13-8-2016,Feature has not been updated in 5 years or more
437069850,way,last_update,27-5-2020,Feature has not been updated in 5 years or more
437069851,way,last_update,29-1-2018,Feature has not been updated in 5 years or more
437069858,way,last_update,13-8-2016,Feature has not been updated in 5 years or more
437069861,way,last_update,25-8-2016,Feature has not been updated in 5 years or more
437069877,way,last_update,13-8-2016,Feature has not been updated in 5 years or more
437180072,way,last_update,14-8-2016,Feature has not been updated in 5 years or more
437180081,way,last_update,23-3-2019,Feature has not been updated in 5 years or more
437180093,way,last_update,14-8-2016,Feature has not been updated in 5 years or more
437180094,way,last_update,14-8-2016,Feature has not been updated in 5 years or more
437180095,way,last_update,14-8-2016,Feature has not been updated in 5 years or more
437180096,way,last_update,14-8-2016,Feature has not been updated in 5 years or more
437180097,way,last_update,25-5-2019,Feature has not been updated in 5 years or more
437180098,way,last_update,14-8-2016,Feature has not been updated in 5 years or more
437191057,way,last_update,14-8-2016,Feature has not been updated in 5 years or more
437191058,way,last_update,14-8-2016,Feature has not been updated in 5 years or more
437212084,way,last_update,14-8-2016,Feature has not been updated in 5 years or more
437395777,way,last_update,11-6-2021,Feature has not been updated in 5 years or more
437395876,way,last_update,16-8-2016,Feature has not been updated in 5 years or more
437395877,way,last_update,16-8-2016,Feature has not been updated in 5 years or more
437396742,way,last_update,12-10-2017,Feature has not been updated in 5 years or more
437396744,way,last_update,16-8-2016,Feature has not been updated in 5 years or more
437396745,way,last_update,16-8-2016,Feature has not been updated in 5 years or more
437396750,way,last_update,16-8-2016,Feature has not been updated in 5 years or more
437396751,way,last_update,16-8-2016,Feature has not been updated in 5 years or more
437396752,way,last_update,16-8-2016,Feature has not been updated in 5 years or more
437396753,way,last_update,16-8-2016,Feature has not been updated in 5 years or more
437396754,way,last_update,16-8-2016,Feature has not been updated in 5 years or more
437396755,way,last_update,16-8-2016,Feature has not been updated in 5 years or more
437396756,way,last_update,16-8-2016,Feature has not been updated in 5 years or more
437396757,way,last_update,12-10-2017,Feature has not been updated in 5 years or more
437396758,way,last_update,16-8-2016,Feature has not been updated in 5 years or more
437693028,way,last_update,18-8-2016,Feature has not been updated in 5 years or more
437693030,way,last_update,18-8-2016,Feature has not been updated in 5 years or more
437694000,way,last_update,18-8-2016,Feature has not been updated in 5 years or more
437707603,way,last_update,18-8-2016,Feature has not been updated in 5 years or more
438455567,way,last_update,15-11-2020,Feature has not been updated in 5 years or more
438472772,way,last_update,22-8-2016,Feature has not been updated in 5 years or more
438472779,way,last_update,29-11-2019,Feature has not been updated in 5 years or more
438477029,way,last_update,10-6-2018,Feature has not been updated in 5 years or more
438477351,way,last_update,22-8-2016,Feature has not been updated in 5 years or more
438477352,way,last_update,10-6-2018,Feature has not been updated in 5 years or more
438477353,way,last_update,10-6-2018,Feature has not been updated in 5 years or more
438477354,way,last_update,10-6-2018,Feature has not been updated in 5 years or more
438488616,way,last_update,23-8-2016,Feature has not been updated in 5 years or more
438488622,way,last_update,23-8-2016,Feature has not been updated in 5 years or more
438488623,way,last_update,23-8-2016,Feature has not been updated in 5 years or more
438488624,way,last_update,23-8-2016,Feature has not been updated in 5 years or more
438488625,way,last_update,23-8-2016,Feature has not been updated in 5 years or more
438488631,way,last_update,16-9-2016,Feature has not been updated in 5 years or more
438490971,way,last_update,18-2-2019,Feature has not been updated in 5 years or more
438490976,way,last_update,29-8-2018,Feature has not been updated in 5 years or more
438490980,way,last_update,29-8-2018,Feature has not been updated in 5 years or more
438490983,way,last_update,29-8-2018,Feature has not been updated in 5 years or more
438490987,way,last_update,23-8-2016,Feature has not been updated in 5 years or more
438498923,way,last_update,27-12-2019,Feature has not been updated in 5 years or more
438651955,way,last_update,7-2-2018,Feature has not been updated in 5 years or more
438663146,way,last_update,23-6-2021,Feature has not been updated in 5 years or more
438663149,way,last_update,23-8-2016,Feature has not been updated in 5 years or more
438736827,way,last_update,24-8-2016,Feature has not been updated in 5 years or more
438877775,way,last_update,16-2-2020,Feature has not been updated in 5 years or more
438881287,way,last_update,24-8-2016,Feature has not been updated in 5 years or more
439073387,way,last_update,25-8-2016,Feature has not been updated in 5 years or more
439102454,way,last_update,26-8-2016,Feature has not been updated in 5 years or more
439611653,way,last_update,28-8-2016,Feature has not been updated in 5 years or more
439611654,way,last_update,28-8-2016,Feature has not been updated in 5 years or more
439611655,way,last_update,28-8-2016,Feature has not been updated in 5 years or more
439611656,way,last_update,28-8-2016,Feature has not been updated in 5 years or more
439611673,way,last_update,28-8-2016,Feature has not been updated in 5 years or more
439611674,way,last_update,28-8-2016,Feature has not been updated in 5 years or more
439615672,way,last_update,14-9-2018,Feature has not been updated in 5 years or more
439615673,way,last_update,26-2-2020,Feature has not been updated in 5 years or more
439626606,way,last_update,9-11-2020,Feature has not been updated in 5 years or more
439626607,way,last_update,9-11-2020,Feature has not been updated in 5 years or more
439626608,way,last_update,9-11-2020,Feature has not been updated in 5 years or more
439626609,way,last_update,9-11-2020,Feature has not been updated in 5 years or more
439627394,way,last_update,29-8-2016,Feature has not been updated in 5 years or more
439627395,way,last_update,29-8-2016,Feature has not been updated in 5 years or more
439627396,way,last_update,14-9-2018,Feature has not been updated in 5 years or more
439627397,way,last_update,8-12-2016,Feature has not been updated in 5 years or more
439627401,way,last_update,29-8-2016,Feature has not been updated in 5 years or more
439635045,way,last_update,29-8-2016,Feature has not been updated in 5 years or more
439635046,way,last_update,29-8-2016,Feature has not been updated in 5 years or more
439635047,way,last_update,29-8-2016,Feature has not been updated in 5 years or more
439635049,way,last_update,29-8-2016,Feature has not been updated in 5 years or more
439909513,way,last_update,30-8-2016,Feature has not been updated in 5 years or more
439916739,way,last_update,30-8-2016,Feature has not been updated in 5 years or more
439916740,way,last_update,30-8-2016,Feature has not been updated in 5 years or more
439916741,way,last_update,5-2-2020,Feature has not been updated in 5 years or more
439916742,way,last_update,31-12-2017,Feature has not been updated in 5 years or more
439920147,way,last_update,29-6-2021,Feature has not been updated in 5 years or more
439920149,way,last_update,29-6-2021,Feature has not been updated in 5 years or more
439937938,way,last_update,30-8-2016,Feature has not been updated in 5 years or more
439938393,way,last_update,31-12-2018,Feature has not been updated in 5 years or more
439941523,way,last_update,26-12-2019,Feature has not been updated in 5 years or more
439941524,way,last_update,26-12-2019,Feature has not been updated in 5 years or more
439941525,way,last_update,26-12-2019,Feature has not been updated in 5 years or more
439941526,way,last_update,26-12-2019,Feature has not been updated in 5 years or more
439941527,way,last_update,26-12-2019,Feature has not been updated in 5 years or more
439941528,way,last_update,26-12-2019,Feature has not been updated in 5 years or more
439941530,way,last_update,30-8-2016,Feature has not been updated in 5 years or more
439941531,way,last_update,26-12-2019,Feature has not been updated in 5 years or more
439943804,way,last_update,20-2-2018,Feature has not been updated in 5 years or more
439943805,way,last_update,15-6-2019,Feature has not been updated in 5 years or more
439943813,way,last_update,30-8-2016,Feature has not been updated in 5 years or more
439943814,way,last_update,30-8-2016,Feature has not been updated in 5 years or more
439943816,way,last_update,30-8-2016,Feature has not been updated in 5 years or more
439943818,way,last_update,14-8-2018,Feature has not been updated in 5 years or more
439943819,way,last_update,20-2-2018,Feature has not been updated in 5 years or more
439943820,way,last_update,30-8-2016,Feature has not been updated in 5 years or more
439943821,way,last_update,30-8-2016,Feature has not been updated in 5 years or more
439943822,way,last_update,20-2-2018,Feature has not been updated in 5 years or more
439943823,way,last_update,30-8-2016,Feature has not been updated in 5 years or more
439945923,way,last_update,11-8-2020,Feature has not been updated in 5 years or more
439945924,way,last_update,11-8-2020,Feature has not been updated in 5 years or more
439945925,way,last_update,8-6-2018,Feature has not been updated in 5 years or more
439945927,way,last_update,8-6-2018,Feature has not been updated in 5 years or more
439945932,way,last_update,18-8-2020,Feature has not been updated in 5 years or more
439945940,way,last_update,10-4-2018,Feature has not been updated in 5 years or more
439945941,way,last_update,22-7-2020,Feature has not been updated in 5 years or more
439945942,way,last_update,13-6-2018,Feature has not been updated in 5 years or more
439945943,way,last_update,29-7-2020,Feature has not been updated in 5 years or more
439945944,way,last_update,10-4-2018,Feature has not been updated in 5 years or more
439945945,way,last_update,22-7-2020,Feature has not been updated in 5 years or more
439945946,way,last_update,10-4-2018,Feature has not been updated in 5 years or more
439945947,way,last_update,13-6-2018,Feature has not been updated in 5 years or more
439945948,way,last_update,22-7-2020,Feature has not been updated in 5 years or more
439945949,way,last_update,13-4-2018,Feature has not been updated in 5 years or more
439945950,way,last_update,9-8-2020,Feature has not been updated in 5 years or more
439945951,way,last_update,13-4-2018,Feature has not been updated in 5 years or more
439945952,way,last_update,13-4-2018,Feature has not been updated in 5 years or more
439945953,way,last_update,13-4-2018,Feature has not been updated in 5 years or more
439945954,way,last_update,13-4-2018,Feature has not been updated in 5 years or more
439945955,way,last_update,4-8-2020,Feature has not been updated in 5 years or more
439945956,way,last_update,13-4-2018,Feature has not been updated in 5 years or more
439945957,way,last_update,3-8-2020,Feature has not been updated in 5 years or more
439945958,way,last_update,13-4-2018,Feature has not been updated in 5 years or more
439954983,way,last_update,15-8-2020,Feature has not been updated in 5 years or more
439954986,way,last_update,11-8-2020,Feature has not been updated in 5 years or more
439954994,way,last_update,10-4-2018,Feature has not been updated in 5 years or more
439954996,way,last_update,30-8-2016,Feature has not been updated in 5 years or more
439954998,way,last_update,11-8-2020,Feature has not been updated in 5 years or more
439955001,way,last_update,8-6-2018,Feature has not been updated in 5 years or more
439955002,way,last_update,8-6-2018,Feature has not been updated in 5 years or more
439955004,way,last_update,8-6-2018,Feature has not been updated in 5 years or more
439955005,way,last_update,8-6-2018,Feature has not been updated in 5 years or more
439956574,way,last_update,30-8-2016,Feature has not been updated in 5 years or more
439956575,way,last_update,30-8-2016,Feature has not been updated in 5 years or more
439956578,way,last_update,9-6-2018,Feature has not been updated in 5 years or more
439956582,way,last_update,9-6-2018,Feature has not been updated in 5 years or more
440239790,way,last_update,1-9-2016,Feature has not been updated in 5 years or more
440239792,way,last_update,1-9-2016,Feature has not been updated in 5 years or more
440239794,way,last_update,1-9-2016,Feature has not been updated in 5 years or more
440239795,way,last_update,1-9-2016,Feature has not been updated in 5 years or more
440239806,way,last_update,11-8-2018,Feature has not been updated in 5 years or more
440244448,way,last_update,11-5-2019,Feature has not been updated in 5 years or more
440244449,way,last_update,11-5-2019,Feature has not been updated in 5 years or more
440244450,way,last_update,11-5-2019,Feature has not been updated in 5 years or more
440251125,way,last_update,1-9-2016,Feature has not been updated in 5 years or more
440251126,way,last_update,1-9-2016,Feature has not been updated in 5 years or more
440251127,way,last_update,1-9-2016,Feature has not been updated in 5 years or more
440258388,way,last_update,12-5-2020,Feature has not been updated in 5 years or more
440258389,way,last_update,12-5-2020,Feature has not been updated in 5 years or more
440258390,way,last_update,1-9-2016,Feature has not been updated in 5 years or more
440258391,way,last_update,4-3-2019,Feature has not been updated in 5 years or more
440260235,way,last_update,28-7-2018,Feature has not been updated in 5 years or more
440398186,way,last_update,2-9-2016,Feature has not been updated in 5 years or more
440398187,way,last_update,29-7-2020,Feature has not been updated in 5 years or more
440398188,way,last_update,2-9-2016,Feature has not been updated in 5 years or more
440417218,way,last_update,2-9-2016,Feature has not been updated in 5 years or more
440535242,way,last_update,3-9-2016,Feature has not been updated in 5 years or more
440535246,way,last_update,24-1-2020,Feature has not been updated in 5 years or more
440535247,way,last_update,24-1-2020,Feature has not been updated in 5 years or more
440535252,way,last_update,24-1-2020,Feature has not been updated in 5 years or more
440535257,way,last_update,24-1-2020,Feature has not been updated in 5 years or more
440541666,way,last_update,19-11-2016,Feature has not been updated in 5 years or more
440542575,way,last_update,2-9-2018,Feature has not been updated in 5 years or more
440542576,way,last_update,2-9-2018,Feature has not been updated in 5 years or more
440542577,way,last_update,2-9-2018,Feature has not been updated in 5 years or more
440542578,way,last_update,2-9-2018,Feature has not been updated in 5 years or more
440542580,way,last_update,2-9-2018,Feature has not been updated in 5 years or more
440542581,way,last_update,2-9-2018,Feature has not been updated in 5 years or more
440634584,way,last_update,12-11-2016,Feature has not been updated in 5 years or more
440634585,way,last_update,4-9-2016,Feature has not been updated in 5 years or more
440684407,way,last_update,4-9-2016,Feature has not been updated in 5 years or more
440874013,way,last_update,6-9-2016,Feature has not been updated in 5 years or more
440874014,way,last_update,6-9-2016,Feature has not been updated in 5 years or more
440974572,way,last_update,6-9-2016,Feature has not been updated in 5 years or more
440977153,way,last_update,14-3-2019,Feature has not been updated in 5 years or more
440977155,way,last_update,14-3-2019,Feature has not been updated in 5 years or more
440980884,way,last_update,23-7-2018,Feature has not been updated in 5 years or more
441014153,way,last_update,14-3-2019,Feature has not been updated in 5 years or more
441014154,way,last_update,14-3-2019,Feature has not been updated in 5 years or more
441014157,way,last_update,14-3-2019,Feature has not been updated in 5 years or more
441664247,way,last_update,9-9-2016,Feature has not been updated in 5 years or more
441664251,way,last_update,9-9-2016,Feature has not been updated in 5 years or more
441664260,way,last_update,9-9-2016,Feature has not been updated in 5 years or more
441664262,way,last_update,9-9-2016,Feature has not been updated in 5 years or more
441664263,way,last_update,11-3-2020,Feature has not been updated in 5 years or more
441664264,way,last_update,9-9-2016,Feature has not been updated in 5 years or more
441664265,way,last_update,9-9-2016,Feature has not been updated in 5 years or more
441664266,way,last_update,9-9-2016,Feature has not been updated in 5 years or more
441664268,way,last_update,9-9-2016,Feature has not been updated in 5 years or more
441687141,way,last_update,8-3-2018,Feature has not been updated in 5 years or more
441714973,way,last_update,9-9-2016,Feature has not been updated in 5 years or more
441716406,way,last_update,10-9-2016,Feature has not been updated in 5 years or more
441716407,way,last_update,6-5-2020,Feature has not been updated in 5 years or more
441716408,way,last_update,6-5-2020,Feature has not been updated in 5 years or more
441716421,way,last_update,6-5-2020,Feature has not been updated in 5 years or more
441716422,way,last_update,10-9-2016,Feature has not been updated in 5 years or more
441716423,way,last_update,10-9-2016,Feature has not been updated in 5 years or more
441939054,way,last_update,11-9-2016,Feature has not been updated in 5 years or more
441950952,way,last_update,5-6-2020,Feature has not been updated in 5 years or more
441950980,way,last_update,23-4-2019,Feature has not been updated in 5 years or more
441952183,way,last_update,11-9-2016,Feature has not been updated in 5 years or more
441952187,way,last_update,11-9-2016,Feature has not been updated in 5 years or more
441952188,way,last_update,11-9-2016,Feature has not been updated in 5 years or more
441955147,way,last_update,18-11-2019,Feature has not been updated in 5 years or more
442129170,way,last_update,19-2-2019,Feature has not been updated in 5 years or more
442135700,way,last_update,12-9-2016,Feature has not been updated in 5 years or more
442334028,way,last_update,29-8-2018,Feature has not been updated in 5 years or more
442334029,way,last_update,23-8-2018,Feature has not been updated in 5 years or more
442334032,way,last_update,23-8-2018,Feature has not been updated in 5 years or more
442440307,way,last_update,14-9-2016,Feature has not been updated in 5 years or more
442440308,way,last_update,14-9-2016,Feature has not been updated in 5 years or more
442440309,way,last_update,14-9-2016,Feature has not been updated in 5 years or more
442440310,way,last_update,14-9-2016,Feature has not been updated in 5 years or more
442440313,way,last_update,14-9-2016,Feature has not been updated in 5 years or more
442440314,way,last_update,14-9-2016,Feature has not been updated in 5 years or more
442440315,way,last_update,14-9-2016,Feature has not been updated in 5 years or more
442440316,way,last_update,14-9-2016,Feature has not been updated in 5 years or more
442469208,way,last_update,15-12-2018,Feature has not been updated in 5 years or more
442469209,way,last_update,14-9-2016,Feature has not been updated in 5 years or more
442469210,way,last_update,14-9-2016,Feature has not been updated in 5 years or more
442469211,way,last_update,14-9-2016,Feature has not been updated in 5 years or more
442469212,way,last_update,14-9-2016,Feature has not been updated in 5 years or more
442469213,way,last_update,14-9-2016,Feature has not been updated in 5 years or more
442469214,way,last_update,14-9-2016,Feature has not been updated in 5 years or more
442469215,way,last_update,14-9-2016,Feature has not been updated in 5 years or more
442475956,way,last_update,14-9-2016,Feature has not been updated in 5 years or more
442858016,way,last_update,16-9-2016,Feature has not been updated in 5 years or more
442871581,way,last_update,17-9-2016,Feature has not been updated in 5 years or more
442871583,way,last_update,17-9-2016,Feature has not been updated in 5 years or more
442871586,way,last_update,17-9-2016,Feature has not been updated in 5 years or more
442871588,way,last_update,8-9-2017,Feature has not been updated in 5 years or more
442871590,way,last_update,17-9-2016,Feature has not been updated in 5 years or more
442871592,way,last_update,17-9-2016,Feature has not been updated in 5 years or more
442871595,way,last_update,17-9-2016,Feature has not been updated in 5 years or more
442871597,way,last_update,17-9-2016,Feature has not been updated in 5 years or more
442871599,way,last_update,17-9-2016,Feature has not been updated in 5 years or more
442871601,way,last_update,17-9-2016,Feature has not been updated in 5 years or more
442871804,way,last_update,17-9-2016,Feature has not been updated in 5 years or more
442872361,way,last_update,10-1-2019,Feature has not been updated in 5 years or more
442872362,way,last_update,17-9-2016,Feature has not been updated in 5 years or more
442872363,way,last_update,17-9-2016,Feature has not been updated in 5 years or more
442872364,way,last_update,17-9-2016,Feature has not been updated in 5 years or more
442872369,way,last_update,17-9-2016,Feature has not been updated in 5 years or more
442872533,way,last_update,1-10-2018,Feature has not been updated in 5 years or more
442872537,way,last_update,23-8-2017,Feature has not been updated in 5 years or more
442872540,way,last_update,30-9-2018,Feature has not been updated in 5 years or more
442872541,way,last_update,17-9-2016,Feature has not been updated in 5 years or more
442872542,way,last_update,30-9-2018,Feature has not been updated in 5 years or more
442872543,way,last_update,17-9-2016,Feature has not been updated in 5 years or more
442872589,way,last_update,1-10-2018,Feature has not been updated in 5 years or more
442872590,way,last_update,17-9-2016,Feature has not been updated in 5 years or more
442872591,way,last_update,1-10-2018,Feature has not been updated in 5 years or more
442872592,way,last_update,17-9-2016,Feature has not been updated in 5 years or more
442973718,way,last_update,16-3-2019,Feature has not been updated in 5 years or more
442973719,way,last_update,17-9-2016,Feature has not been updated in 5 years or more
442973721,way,last_update,17-9-2016,Feature has not been updated in 5 years or more
442973722,way,last_update,17-9-2016,Feature has not been updated in 5 years or more
442975083,way,last_update,17-9-2016,Feature has not been updated in 5 years or more
442975084,way,last_update,17-9-2016,Feature has not been updated in 5 years or more
442975131,way,last_update,17-9-2016,Feature has not been updated in 5 years or more
442975132,way,last_update,17-9-2016,Feature has not been updated in 5 years or more
442975133,way,last_update,16-3-2019,Feature has not been updated in 5 years or more
442975134,way,last_update,16-3-2019,Feature has not been updated in 5 years or more
442975135,way,last_update,16-3-2019,Feature has not been updated in 5 years or more
442975136,way,last_update,17-9-2016,Feature has not been updated in 5 years or more
442975137,way,last_update,16-3-2019,Feature has not been updated in 5 years or more
442975151,way,last_update,17-9-2016,Feature has not been updated in 5 years or more
442975153,way,last_update,17-9-2016,Feature has not been updated in 5 years or more
442975154,way,last_update,17-9-2016,Feature has not been updated in 5 years or more
442975155,way,last_update,16-3-2019,Feature has not been updated in 5 years or more
442975156,way,last_update,17-9-2016,Feature has not been updated in 5 years or more
442975163,way,last_update,17-9-2016,Feature has not been updated in 5 years or more
442975165,way,last_update,30-9-2018,Feature has not been updated in 5 years or more
442975166,way,last_update,7-10-2018,Feature has not been updated in 5 years or more
442975170,way,last_update,17-9-2016,Feature has not been updated in 5 years or more
442975347,way,last_update,17-9-2016,Feature has not been updated in 5 years or more
442977180,way,last_update,18-9-2016,Feature has not been updated in 5 years or more
442977181,way,last_update,18-9-2016,Feature has not been updated in 5 years or more
442977182,way,last_update,18-9-2016,Feature has not been updated in 5 years or more
442977183,way,last_update,18-9-2016,Feature has not been updated in 5 years or more
442977184,way,last_update,18-9-2016,Feature has not been updated in 5 years or more
442977185,way,last_update,18-9-2016,Feature has not been updated in 5 years or more
442977186,way,last_update,18-9-2016,Feature has not been updated in 5 years or more
442977190,way,last_update,30-9-2018,Feature has not been updated in 5 years or more
442977191,way,last_update,30-9-2018,Feature has not been updated in 5 years or more
442977192,way,last_update,18-9-2016,Feature has not been updated in 5 years or more
442977193,way,last_update,18-9-2016,Feature has not been updated in 5 years or more
442977194,way,last_update,30-9-2018,Feature has not been updated in 5 years or more
442977195,way,last_update,18-9-2016,Feature has not been updated in 5 years or more
442977196,way,last_update,30-9-2018,Feature has not been updated in 5 years or more
442977197,way,last_update,30-9-2018,Feature has not been updated in 5 years or more
442977198,way,last_update,18-9-2016,Feature has not been updated in 5 years or more
442977199,way,last_update,18-9-2016,Feature has not been updated in 5 years or more
442977200,way,last_update,18-9-2016,Feature has not been updated in 5 years or more
442977201,way,last_update,18-9-2016,Feature has not been updated in 5 years or more
442977202,way,last_update,18-9-2016,Feature has not been updated in 5 years or more
442977203,way,last_update,18-9-2016,Feature has not been updated in 5 years or more
442977204,way,last_update,18-9-2016,Feature has not been updated in 5 years or more
442977205,way,last_update,18-9-2016,Feature has not been updated in 5 years or more
442977206,way,last_update,18-9-2016,Feature has not been updated in 5 years or more
442977207,way,last_update,18-9-2016,Feature has not been updated in 5 years or more
442977209,way,last_update,18-9-2016,Feature has not been updated in 5 years or more
442977210,way,last_update,18-9-2016,Feature has not been updated in 5 years or more
442977211,way,last_update,18-9-2016,Feature has not been updated in 5 years or more
442977212,way,last_update,18-9-2016,Feature has not been updated in 5 years or more
442977213,way,last_update,18-9-2016,Feature has not been updated in 5 years or more
442977214,way,last_update,18-9-2016,Feature has not been updated in 5 years or more
442977216,way,last_update,18-9-2016,Feature has not been updated in 5 years or more
442977217,way,last_update,18-9-2016,Feature has not been updated in 5 years or more
442977218,way,last_update,18-9-2016,Feature has not been updated in 5 years or more
442978765,way,last_update,18-9-2016,Feature has not been updated in 5 years or more
442978766,way,last_update,18-9-2016,Feature has not been updated in 5 years or more
442978769,way,last_update,18-9-2016,Feature has not been updated in 5 years or more
442978770,way,last_update,18-9-2016,Feature has not been updated in 5 years or more
442980604,way,last_update,18-9-2016,Feature has not been updated in 5 years or more
442980605,way,last_update,18-9-2016,Feature has not been updated in 5 years or more
442980606,way,last_update,18-9-2016,Feature has not been updated in 5 years or more
442980607,way,last_update,18-9-2016,Feature has not been updated in 5 years or more
442980608,way,last_update,1-10-2018,Feature has not been updated in 5 years or more
442980613,way,last_update,18-9-2016,Feature has not been updated in 5 years or more
442980614,way,last_update,18-9-2016,Feature has not been updated in 5 years or more
442980670,way,last_update,18-9-2016,Feature has not been updated in 5 years or more
442982284,way,last_update,19-8-2021,Feature has not been updated in 5 years or more
442982286,way,last_update,13-8-2021,Feature has not been updated in 5 years or more
442982287,way,last_update,13-8-2021,Feature has not been updated in 5 years or more
442982288,way,last_update,13-8-2021,Feature has not been updated in 5 years or more
442982289,way,last_update,19-8-2021,Feature has not been updated in 5 years or more
442982290,way,last_update,19-8-2021,Feature has not been updated in 5 years or more
442982292,way,last_update,19-8-2021,Feature has not been updated in 5 years or more
442982294,way,last_update,13-8-2021,Feature has not been updated in 5 years or more
442982295,way,last_update,19-8-2021,Feature has not been updated in 5 years or more
442982296,way,last_update,13-8-2021,Feature has not been updated in 5 years or more
442985208,way,last_update,27-8-2018,Feature has not been updated in 5 years or more
442985209,way,last_update,27-8-2018,Feature has not been updated in 5 years or more
442985210,way,last_update,27-8-2018,Feature has not been updated in 5 years or more
442985211,way,last_update,27-8-2018,Feature has not been updated in 5 years or more
442985212,way,last_update,27-8-2018,Feature has not been updated in 5 years or more
442985213,way,last_update,27-8-2018,Feature has not been updated in 5 years or more
442985215,way,last_update,18-9-2016,Feature has not been updated in 5 years or more
442985216,way,last_update,12-4-2021,Feature has not been updated in 5 years or more
442985217,way,last_update,12-4-2021,Feature has not been updated in 5 years or more
442985218,way,last_update,12-4-2021,Feature has not been updated in 5 years or more
442985219,way,last_update,12-4-2021,Feature has not been updated in 5 years or more
442985220,way,last_update,27-8-2018,Feature has not been updated in 5 years or more
442985223,way,last_update,27-8-2018,Feature has not been updated in 5 years or more
442985224,way,last_update,12-4-2021,Feature has not been updated in 5 years or more
442985225,way,last_update,12-4-2021,Feature has not been updated in 5 years or more
442985226,way,last_update,12-4-2021,Feature has not been updated in 5 years or more
442985227,way,last_update,12-4-2021,Feature has not been updated in 5 years or more
442985906,way,last_update,18-9-2016,Feature has not been updated in 5 years or more
442985907,way,last_update,18-9-2016,Feature has not been updated in 5 years or more
442985908,way,last_update,18-9-2016,Feature has not been updated in 5 years or more
442985909,way,last_update,18-9-2016,Feature has not been updated in 5 years or more
443054718,way,last_update,15-8-2018,Feature has not been updated in 5 years or more
443068662,way,last_update,18-9-2016,Feature has not been updated in 5 years or more
443068663,way,last_update,18-9-2016,Feature has not been updated in 5 years or more
443068670,way,last_update,18-9-2016,Feature has not been updated in 5 years or more
443068689,way,last_update,18-9-2016,Feature has not been updated in 5 years or more
443068690,way,last_update,18-9-2016,Feature has not been updated in 5 years or more
443068691,way,last_update,18-9-2016,Feature has not been updated in 5 years or more
443068692,way,last_update,18-9-2016,Feature has not been updated in 5 years or more
443068693,way,last_update,18-9-2016,Feature has not been updated in 5 years or more
443080091,way,last_update,18-9-2016,Feature has not been updated in 5 years or more
443080106,way,last_update,8-11-2018,Feature has not been updated in 5 years or more
443080107,way,last_update,18-9-2016,Feature has not been updated in 5 years or more
443080108,way,last_update,13-6-2018,Feature has not been updated in 5 years or more
443080109,way,last_update,13-6-2018,Feature has not been updated in 5 years or more
443080110,way,last_update,18-9-2016,Feature has not been updated in 5 years or more
443080111,way,last_update,28-8-2018,Feature has not been updated in 5 years or more
443090656,way,last_update,28-8-2018,Feature has not been updated in 5 years or more
443090659,way,last_update,28-8-2018,Feature has not been updated in 5 years or more
443090667,way,last_update,12-4-2021,Feature has not been updated in 5 years or more
443090668,way,last_update,12-4-2021,Feature has not been updated in 5 years or more
443090669,way,last_update,12-4-2021,Feature has not been updated in 5 years or more
443090670,way,last_update,12-4-2021,Feature has not been updated in 5 years or more
443090671,way,last_update,12-4-2021,Feature has not been updated in 5 years or more
443090686,way,last_update,18-9-2016,Feature has not been updated in 5 years or more
443090687,way,last_update,18-9-2016,Feature has not been updated in 5 years or more
443090688,way,last_update,18-9-2016,Feature has not been updated in 5 years or more
443090689,way,last_update,18-9-2016,Feature has not been updated in 5 years or more
443090697,way,last_update,18-9-2016,Feature has not been updated in 5 years or more
443090700,way,last_update,18-9-2016,Feature has not been updated in 5 years or more
443090702,way,last_update,28-8-2018,Feature has not been updated in 5 years or more
443090703,way,last_update,18-9-2016,Feature has not been updated in 5 years or more
443090707,way,last_update,18-9-2016,Feature has not been updated in 5 years or more
443093824,way,last_update,18-9-2016,Feature has not been updated in 5 years or more
443093826,way,last_update,18-9-2016,Feature has not been updated in 5 years or more
443093829,way,last_update,18-9-2016,Feature has not been updated in 5 years or more
443099898,way,last_update,21-4-2021,Feature has not been updated in 5 years or more
443099904,way,last_update,21-4-2021,Feature has not been updated in 5 years or more
443099905,way,last_update,30-3-2020,Feature has not been updated in 5 years or more
443099906,way,last_update,22-4-2021,Feature has not been updated in 5 years or more
443099907,way,last_update,31-3-2020,Feature has not been updated in 5 years or more
443099908,way,last_update,18-9-2016,Feature has not been updated in 5 years or more
443099909,way,last_update,6-9-2018,Feature has not been updated in 5 years or more
443099910,way,last_update,31-3-2020,Feature has not been updated in 5 years or more
443099911,way,last_update,21-4-2021,Feature has not been updated in 5 years or more
443099912,way,last_update,18-9-2016,Feature has not been updated in 5 years or more
443099918,way,last_update,6-9-2018,Feature has not been updated in 5 years or more
443099919,way,last_update,6-9-2018,Feature has not been updated in 5 years or more
443099920,way,last_update,6-9-2018,Feature has not been updated in 5 years or more
443099921,way,last_update,6-9-2018,Feature has not been updated in 5 years or more
443099922,way,last_update,18-9-2016,Feature has not been updated in 5 years or more
443099927,way,last_update,18-9-2016,Feature has not been updated in 5 years or more
443099929,way,last_update,6-9-2018,Feature has not been updated in 5 years or more
443099931,way,last_update,6-9-2018,Feature has not been updated in 5 years or more
443099932,way,last_update,6-9-2018,Feature has not been updated in 5 years or more
443099933,way,last_update,6-9-2018,Feature has not been updated in 5 years or more
443099934,way,last_update,18-9-2016,Feature has not been updated in 5 years or more
443099935,way,last_update,18-9-2016,Feature has not been updated in 5 years or more
443099936,way,last_update,16-4-2021,Feature has not been updated in 5 years or more
443099940,way,last_update,18-9-2016,Feature has not been updated in 5 years or more
443099941,way,last_update,18-9-2016,Feature has not been updated in 5 years or more
443099942,way,last_update,18-9-2016,Feature has not been updated in 5 years or more
443099943,way,last_update,6-9-2018,Feature has not been updated in 5 years or more
443099944,way,last_update,6-9-2018,Feature has not been updated in 5 years or more
443099951,way,last_update,18-9-2016,Feature has not been updated in 5 years or more
443099952,way,last_update,30-3-2020,Feature has not been updated in 5 years or more
443099953,way,last_update,21-4-2021,Feature has not been updated in 5 years or more
443099954,way,last_update,18-9-2016,Feature has not been updated in 5 years or more
443099955,way,last_update,30-3-2020,Feature has not been updated in 5 years or more
443099956,way,last_update,21-4-2021,Feature has not been updated in 5 years or more
443099957,way,last_update,18-9-2016,Feature has not been updated in 5 years or more
443099958,way,last_update,30-3-2020,Feature has not been updated in 5 years or more
443099959,way,last_update,21-4-2021,Feature has not been updated in 5 years or more
443104035,way,last_update,18-9-2016,Feature has not been updated in 5 years or more
443104036,way,last_update,18-9-2016,Feature has not been updated in 5 years or more
443104037,way,last_update,18-9-2016,Feature has not been updated in 5 years or more
443104045,way,last_update,6-9-2018,Feature has not been updated in 5 years or more
443111785,way,last_update,14-3-2018,Feature has not been updated in 5 years or more
443111792,way,last_update,18-9-2016,Feature has not been updated in 5 years or more
443112374,way,last_update,18-9-2016,Feature has not been updated in 5 years or more
443113144,way,last_update,19-9-2016,Feature has not been updated in 5 years or more
443115709,way,last_update,27-6-2018,Feature has not been updated in 5 years or more
443115710,way,last_update,27-6-2018,Feature has not been updated in 5 years or more
443115713,way,last_update,19-9-2016,Feature has not been updated in 5 years or more
443219073,way,last_update,8-3-2017,Feature has not been updated in 5 years or more
443219074,way,last_update,16-4-2018,Feature has not been updated in 5 years or more
443219075,way,last_update,16-4-2018,Feature has not been updated in 5 years or more
443219076,way,last_update,12-9-2017,Feature has not been updated in 5 years or more
443278389,way,last_update,20-9-2016,Feature has not been updated in 5 years or more
443448505,way,last_update,20-9-2016,Feature has not been updated in 5 years or more
443448506,way,last_update,20-9-2016,Feature has not been updated in 5 years or more
443448507,way,last_update,20-9-2016,Feature has not been updated in 5 years or more
443448508,way,last_update,20-9-2016,Feature has not been updated in 5 years or more
443448509,way,last_update,20-9-2016,Feature has not been updated in 5 years or more
443448510,way,last_update,20-9-2016,Feature has not been updated in 5 years or more
443494995,way,last_update,21-9-2016,Feature has not been updated in 5 years or more
443495028,way,last_update,21-9-2016,Feature has not been updated in 5 years or more
443495029,way,last_update,21-9-2016,Feature has not been updated in 5 years or more
443495030,way,last_update,21-9-2016,Feature has not been updated in 5 years or more
443496985,way,last_update,21-9-2016,Feature has not been updated in 5 years or more
443497685,way,last_update,24-12-2017,Feature has not been updated in 5 years or more
443626539,way,last_update,16-4-2018,Feature has not been updated in 5 years or more
443626540,way,last_update,16-4-2018,Feature has not been updated in 5 years or more
443626545,way,last_update,16-4-2018,Feature has not been updated in 5 years or more
443626546,way,last_update,16-4-2018,Feature has not been updated in 5 years or more
443626547,way,last_update,16-4-2018,Feature has not been updated in 5 years or more
443626548,way,last_update,16-4-2018,Feature has not been updated in 5 years or more
443626549,way,last_update,16-4-2018,Feature has not been updated in 5 years or more
443626550,way,last_update,16-4-2018,Feature has not been updated in 5 years or more
443626551,way,last_update,16-4-2018,Feature has not been updated in 5 years or more
443626552,way,last_update,16-4-2018,Feature has not been updated in 5 years or more
443626553,way,last_update,16-4-2018,Feature has not been updated in 5 years or more
443626554,way,last_update,16-4-2018,Feature has not been updated in 5 years or more
443626555,way,last_update,16-4-2018,Feature has not been updated in 5 years or more
443626556,way,last_update,16-4-2018,Feature has not been updated in 5 years or more
443626558,way,last_update,16-4-2018,Feature has not been updated in 5 years or more
443626559,way,last_update,16-4-2018,Feature has not been updated in 5 years or more
443626560,way,last_update,16-4-2018,Feature has not been updated in 5 years or more
443652064,way,last_update,9-7-2021,Feature has not been updated in 5 years or more
443652076,way,last_update,21-9-2016,Feature has not been updated in 5 years or more
443652077,way,last_update,21-9-2016,Feature has not been updated in 5 years or more
443663688,way,last_update,30-8-2018,Feature has not been updated in 5 years or more
443670843,way,last_update,9-7-2021,Feature has not been updated in 5 years or more
443670863,way,last_update,21-9-2016,Feature has not been updated in 5 years or more
443670870,way,last_update,17-4-2018,Feature has not been updated in 5 years or more
443670871,way,last_update,17-4-2018,Feature has not been updated in 5 years or more
443670872,way,last_update,17-4-2018,Feature has not been updated in 5 years or more
443670873,way,last_update,17-4-2018,Feature has not been updated in 5 years or more
443670874,way,last_update,17-4-2018,Feature has not been updated in 5 years or more
443695060,way,last_update,22-9-2016,Feature has not been updated in 5 years or more
443821021,way,last_update,25-5-2019,Feature has not been updated in 5 years or more
443821022,way,last_update,22-9-2016,Feature has not been updated in 5 years or more
443821023,way,last_update,22-9-2016,Feature has not been updated in 5 years or more
443821025,way,last_update,22-9-2016,Feature has not been updated in 5 years or more
443821029,way,last_update,25-8-2019,Feature has not been updated in 5 years or more
443821031,way,last_update,25-8-2019,Feature has not been updated in 5 years or more
443821032,way,last_update,25-8-2019,Feature has not been updated in 5 years or more
443821035,way,last_update,25-8-2019,Feature has not been updated in 5 years or more
443821037,way,last_update,25-8-2019,Feature has not been updated in 5 years or more
443821039,way,last_update,25-8-2019,Feature has not been updated in 5 years or more
443821040,way,last_update,25-8-2019,Feature has not been updated in 5 years or more
443821043,way,last_update,25-8-2019,Feature has not been updated in 5 years or more
443821045,way,last_update,25-8-2019,Feature has not been updated in 5 years or more
444018574,way,last_update,20-11-2019,Feature has not been updated in 5 years or more
444018575,way,last_update,23-9-2016,Feature has not been updated in 5 years or more
444018576,way,last_update,29-8-2018,Feature has not been updated in 5 years or more
444018590,way,last_update,23-9-2016,Feature has not been updated in 5 years or more
444155599,way,last_update,24-9-2016,Feature has not been updated in 5 years or more
444198045,way,last_update,31-3-2018,Feature has not been updated in 5 years or more
444198046,way,last_update,24-9-2016,Feature has not been updated in 5 years or more
444198047,way,last_update,9-11-2020,Feature has not been updated in 5 years or more
444198104,way,last_update,24-9-2016,Feature has not been updated in 5 years or more
444202849,way,last_update,24-9-2016,Feature has not been updated in 5 years or more
444202850,way,last_update,24-9-2016,Feature has not been updated in 5 years or more
444202852,way,last_update,24-9-2016,Feature has not been updated in 5 years or more
444205020,way,last_update,6-5-2019,Feature has not been updated in 5 years or more
444205022,way,last_update,24-9-2016,Feature has not been updated in 5 years or more
444205822,way,last_update,24-9-2016,Feature has not been updated in 5 years or more
444205823,way,last_update,24-9-2016,Feature has not been updated in 5 years or more
444206389,way,last_update,24-9-2016,Feature has not been updated in 5 years or more
444206390,way,last_update,24-9-2016,Feature has not been updated in 5 years or more
444206393,way,last_update,24-9-2016,Feature has not been updated in 5 years or more
444206394,way,last_update,24-9-2016,Feature has not been updated in 5 years or more
444207477,way,last_update,16-4-2021,Feature has not been updated in 5 years or more
444207479,way,last_update,9-9-2018,Feature has not been updated in 5 years or more
444209400,way,last_update,24-9-2016,Feature has not been updated in 5 years or more
444209401,way,last_update,24-9-2016,Feature has not been updated in 5 years or more
444278871,way,last_update,25-9-2016,Feature has not been updated in 5 years or more
444278872,way,last_update,25-9-2016,Feature has not been updated in 5 years or more
444278873,way,last_update,25-9-2016,Feature has not been updated in 5 years or more
444278874,way,last_update,25-9-2016,Feature has not been updated in 5 years or more
444278876,way,last_update,25-9-2016,Feature has not been updated in 5 years or more
444285236,way,last_update,25-9-2016,Feature has not been updated in 5 years or more
444285237,way,last_update,1-7-2020,Feature has not been updated in 5 years or more
444285238,way,last_update,1-7-2020,Feature has not been updated in 5 years or more
444285916,way,last_update,25-9-2016,Feature has not been updated in 5 years or more
444285917,way,last_update,25-9-2016,Feature has not been updated in 5 years or more
444285918,way,last_update,25-9-2016,Feature has not been updated in 5 years or more
444285919,way,last_update,25-9-2016,Feature has not been updated in 5 years or more
444285927,way,last_update,25-9-2016,Feature has not been updated in 5 years or more
444285929,way,last_update,25-9-2016,Feature has not been updated in 5 years or more
444285930,way,last_update,25-9-2016,Feature has not been updated in 5 years or more
444285932,way,last_update,25-9-2016,Feature has not been updated in 5 years or more
444442601,way,last_update,26-9-2016,Feature has not been updated in 5 years or more
444442602,way,last_update,26-9-2016,Feature has not been updated in 5 years or more
444442614,way,last_update,26-9-2016,Feature has not been updated in 5 years or more
444442631,way,last_update,26-9-2016,Feature has not been updated in 5 years or more
444445029,way,last_update,26-9-2016,Feature has not been updated in 5 years or more
444445030,way,last_update,26-9-2016,Feature has not been updated in 5 years or more
444446420,way,last_update,26-9-2016,Feature has not been updated in 5 years or more
444446424,way,last_update,26-9-2016,Feature has not been updated in 5 years or more
444450482,way,last_update,26-9-2016,Feature has not been updated in 5 years or more
444462538,way,last_update,13-10-2018,Feature has not been updated in 5 years or more
444464957,way,last_update,26-9-2016,Feature has not been updated in 5 years or more
444464958,way,last_update,26-9-2016,Feature has not been updated in 5 years or more
444464959,way,last_update,26-9-2016,Feature has not been updated in 5 years or more
444464960,way,last_update,26-9-2016,Feature has not been updated in 5 years or more
444464961,way,last_update,18-9-2018,Feature has not been updated in 5 years or more
444475332,way,last_update,26-9-2016,Feature has not been updated in 5 years or more
444475333,way,last_update,26-9-2016,Feature has not been updated in 5 years or more
444475335,way,last_update,26-9-2016,Feature has not been updated in 5 years or more
444475336,way,last_update,26-9-2016,Feature has not been updated in 5 years or more
444475338,way,last_update,26-9-2016,Feature has not been updated in 5 years or more
444475354,way,last_update,10-11-2020,Feature has not been updated in 5 years or more
444475356,way,last_update,5-5-2019,Feature has not been updated in 5 years or more
444475359,way,last_update,10-11-2020,Feature has not been updated in 5 years or more
444475380,way,last_update,14-8-2021,Feature has not been updated in 5 years or more
444475381,way,last_update,14-8-2021,Feature has not been updated in 5 years or more
444475382,way,last_update,14-8-2021,Feature has not been updated in 5 years or more
444475383,way,last_update,14-8-2021,Feature has not been updated in 5 years or more
444475384,way,last_update,14-8-2021,Feature has not been updated in 5 years or more
444475385,way,last_update,14-8-2021,Feature has not been updated in 5 years or more
444475386,way,last_update,14-8-2021,Feature has not been updated in 5 years or more
444475389,way,last_update,14-8-2021,Feature has not been updated in 5 years or more
444489490,way,last_update,27-9-2016,Feature has not been updated in 5 years or more
444489493,way,last_update,8-3-2018,Feature has not been updated in 5 years or more
444489497,way,last_update,27-9-2016,Feature has not been updated in 5 years or more
444489498,way,last_update,10-11-2016,Feature has not been updated in 5 years or more
444489499,way,last_update,27-9-2016,Feature has not been updated in 5 years or more
444591762,way,last_update,27-9-2016,Feature has not been updated in 5 years or more
444591763,way,last_update,27-9-2016,Feature has not been updated in 5 years or more
444592138,way,last_update,27-9-2016,Feature has not been updated in 5 years or more
444592139,way,last_update,14-3-2019,Feature has not been updated in 5 years or more
444668391,way,last_update,3-3-2019,Feature has not been updated in 5 years or more
444766623,way,last_update,28-9-2016,Feature has not been updated in 5 years or more
444766642,way,last_update,2-7-2018,Feature has not been updated in 5 years or more
444766644,way,last_update,25-6-2018,Feature has not been updated in 5 years or more
444766645,way,last_update,2-7-2018,Feature has not been updated in 5 years or more
444766646,way,last_update,2-7-2018,Feature has not been updated in 5 years or more
444774871,way,last_update,1-3-2021,Feature has not been updated in 5 years or more
444774873,way,last_update,1-3-2021,Feature has not been updated in 5 years or more
444774874,way,last_update,1-3-2021,Feature has not been updated in 5 years or more
444775758,way,last_update,1-3-2021,Feature has not been updated in 5 years or more
444775760,way,last_update,1-3-2021,Feature has not been updated in 5 years or more
444775762,way,last_update,10-3-2021,Feature has not been updated in 5 years or more
444775764,way,last_update,10-3-2021,Feature has not been updated in 5 years or more
444775766,way,last_update,10-3-2021,Feature has not been updated in 5 years or more
444775768,way,last_update,10-3-2021,Feature has not been updated in 5 years or more
444775774,way,last_update,28-9-2016,Feature has not been updated in 5 years or more
444775777,way,last_update,28-9-2016,Feature has not been updated in 5 years or more
444775779,way,last_update,9-6-2021,Feature has not been updated in 5 years or more
444775780,way,last_update,28-9-2016,Feature has not been updated in 5 years or more
444775782,way,last_update,28-9-2016,Feature has not been updated in 5 years or more
444775787,way,last_update,5-5-2019,Feature has not been updated in 5 years or more
444775791,way,last_update,5-5-2019,Feature has not been updated in 5 years or more
444775794,way,last_update,5-5-2019,Feature has not been updated in 5 years or more
444775795,way,last_update,5-5-2019,Feature has not been updated in 5 years or more
444775800,way,last_update,5-5-2019,Feature has not been updated in 5 years or more
444775801,way,last_update,5-5-2019,Feature has not been updated in 5 years or more
444776212,way,last_update,5-12-2020,Feature has not been updated in 5 years or more
444776213,way,last_update,5-12-2020,Feature has not been updated in 5 years or more
444776217,way,last_update,5-12-2020,Feature has not been updated in 5 years or more
444797159,way,last_update,26-9-2018,Feature has not been updated in 5 years or more
444797164,way,last_update,28-9-2016,Feature has not been updated in 5 years or more
444797165,way,last_update,28-9-2016,Feature has not been updated in 5 years or more
444797166,way,last_update,28-9-2016,Feature has not been updated in 5 years or more
444797167,way,last_update,28-9-2016,Feature has not been updated in 5 years or more
444797168,way,last_update,28-9-2016,Feature has not been updated in 5 years or more
444797169,way,last_update,28-9-2016,Feature has not been updated in 5 years or more
444797170,way,last_update,28-9-2016,Feature has not been updated in 5 years or more
444797171,way,last_update,28-9-2016,Feature has not been updated in 5 years or more
444797172,way,last_update,28-9-2016,Feature has not been updated in 5 years or more
444838238,way,last_update,29-9-2016,Feature has not been updated in 5 years or more
444838240,way,last_update,29-9-2016,Feature has not been updated in 5 years or more
444838249,way,last_update,21-12-2017,Feature has not been updated in 5 years or more
444838250,way,last_update,21-12-2017,Feature has not been updated in 5 years or more
444838251,way,last_update,21-12-2017,Feature has not been updated in 5 years or more
445094179,way,last_update,30-9-2016,Feature has not been updated in 5 years or more
445094180,way,last_update,30-9-2016,Feature has not been updated in 5 years or more
445094181,way,last_update,30-9-2016,Feature has not been updated in 5 years or more
445094182,way,last_update,30-9-2016,Feature has not been updated in 5 years or more
445094183,way,last_update,30-9-2016,Feature has not been updated in 5 years or more
445094187,way,last_update,30-9-2016,Feature has not been updated in 5 years or more
445094188,way,last_update,30-9-2016,Feature has not been updated in 5 years or more
445094189,way,last_update,30-9-2016,Feature has not been updated in 5 years or more
445094190,way,last_update,30-9-2016,Feature has not been updated in 5 years or more
445094193,way,last_update,30-9-2016,Feature has not been updated in 5 years or more
445094196,way,last_update,30-9-2016,Feature has not been updated in 5 years or more
445094197,way,last_update,30-9-2016,Feature has not been updated in 5 years or more
445094206,way,last_update,30-9-2016,Feature has not been updated in 5 years or more
445094207,way,last_update,30-9-2016,Feature has not been updated in 5 years or more
445094216,way,last_update,27-9-2018,Feature has not been updated in 5 years or more
445094217,way,last_update,30-9-2016,Feature has not been updated in 5 years or more
445255574,way,last_update,27-9-2018,Feature has not been updated in 5 years or more
445255576,way,last_update,2-10-2016,Feature has not been updated in 5 years or more
445255577,way,last_update,27-9-2018,Feature has not been updated in 5 years or more
445255578,way,last_update,27-9-2018,Feature has not been updated in 5 years or more
445255579,way,last_update,2-10-2016,Feature has not been updated in 5 years or more
445255580,way,last_update,2-10-2016,Feature has not been updated in 5 years or more
445255581,way,last_update,2-10-2016,Feature has not been updated in 5 years or more
445255582,way,last_update,2-10-2016,Feature has not been updated in 5 years or more
445365395,way,last_update,14-9-2020,Feature has not been updated in 5 years or more
445365396,way,last_update,14-9-2020,Feature has not been updated in 5 years or more
445365397,way,last_update,2-10-2016,Feature has not been updated in 5 years or more
445365398,way,last_update,2-10-2016,Feature has not been updated in 5 years or more
445365401,way,last_update,14-9-2020,Feature has not been updated in 5 years or more
445365402,way,last_update,14-9-2020,Feature has not been updated in 5 years or more
445365403,way,last_update,2-10-2016,Feature has not been updated in 5 years or more
445365404,way,last_update,2-10-2016,Feature has not been updated in 5 years or more
445365405,way,last_update,2-10-2016,Feature has not been updated in 5 years or more
445365406,way,last_update,2-10-2016,Feature has not been updated in 5 years or more
445397372,way,last_update,2-10-2016,Feature has not been updated in 5 years or more
445397374,way,last_update,2-10-2016,Feature has not been updated in 5 years or more
445397375,way,last_update,10-6-2018,Feature has not been updated in 5 years or more
445397376,way,last_update,2-10-2016,Feature has not been updated in 5 years or more
445397377,way,last_update,10-6-2018,Feature has not been updated in 5 years or more
445397378,way,last_update,10-6-2018,Feature has not been updated in 5 years or more
445397379,way,last_update,15-1-2019,Feature has not been updated in 5 years or more
445397381,way,last_update,10-6-2018,Feature has not been updated in 5 years or more
445397383,way,last_update,10-6-2018,Feature has not been updated in 5 years or more
445397389,way,last_update,2-10-2016,Feature has not been updated in 5 years or more
445397390,way,last_update,10-6-2018,Feature has not been updated in 5 years or more
445397392,way,last_update,17-7-2018,Feature has not been updated in 5 years or more
445397393,way,last_update,2-10-2016,Feature has not been updated in 5 years or more
445397395,way,last_update,10-6-2018,Feature has not been updated in 5 years or more
445397397,way,last_update,10-6-2018,Feature has not been updated in 5 years or more
445397398,way,last_update,10-6-2018,Feature has not been updated in 5 years or more
445397399,way,last_update,10-6-2018,Feature has not been updated in 5 years or more
445397400,way,last_update,2-10-2016,Feature has not been updated in 5 years or more
445397401,way,last_update,2-10-2016,Feature has not been updated in 5 years or more
445397405,way,last_update,10-6-2018,Feature has not been updated in 5 years or more
445397406,way,last_update,10-6-2018,Feature has not been updated in 5 years or more
445397407,way,last_update,2-10-2016,Feature has not been updated in 5 years or more
445397408,way,last_update,10-6-2018,Feature has not been updated in 5 years or more
445397409,way,last_update,10-6-2018,Feature has not been updated in 5 years or more
445397410,way,last_update,2-10-2016,Feature has not been updated in 5 years or more
445397411,way,last_update,2-10-2016,Feature has not been updated in 5 years or more
445397412,way,last_update,10-6-2018,Feature has not been updated in 5 years or more
445398947,way,last_update,17-7-2018,Feature has not been updated in 5 years or more
445398948,way,last_update,17-7-2018,Feature has not been updated in 5 years or more
445398949,way,last_update,3-10-2016,Feature has not been updated in 5 years or more
445398950,way,last_update,17-7-2018,Feature has not been updated in 5 years or more
445398958,way,last_update,23-5-2019,Feature has not been updated in 5 years or more
445398959,way,last_update,3-10-2016,Feature has not been updated in 5 years or more
445398960,way,last_update,3-10-2016,Feature has not been updated in 5 years or more
445398961,way,last_update,3-10-2016,Feature has not been updated in 5 years or more
445398962,way,last_update,3-10-2016,Feature has not been updated in 5 years or more
445398967,way,last_update,10-6-2018,Feature has not been updated in 5 years or more
445398968,way,last_update,3-10-2016,Feature has not been updated in 5 years or more
445398971,way,last_update,3-10-2016,Feature has not been updated in 5 years or more
445398972,way,last_update,3-10-2016,Feature has not been updated in 5 years or more
445398974,way,last_update,3-10-2016,Feature has not been updated in 5 years or more
445398975,way,last_update,3-10-2016,Feature has not been updated in 5 years or more
445398976,way,last_update,3-10-2016,Feature has not been updated in 5 years or more
445398977,way,last_update,3-10-2016,Feature has not been updated in 5 years or more
445398979,way,last_update,3-10-2016,Feature has not been updated in 5 years or more
445398987,way,last_update,3-10-2016,Feature has not been updated in 5 years or more
445398988,way,last_update,3-10-2016,Feature has not been updated in 5 years or more
445398989,way,last_update,3-10-2016,Feature has not been updated in 5 years or more
445398990,way,last_update,3-10-2016,Feature has not been updated in 5 years or more
445398991,way,last_update,3-10-2016,Feature has not been updated in 5 years or more
445400065,way,last_update,21-5-2020,Feature has not been updated in 5 years or more
445400067,way,last_update,3-10-2016,Feature has not been updated in 5 years or more
445400071,way,last_update,3-10-2016,Feature has not been updated in 5 years or more
445400073,way,last_update,3-10-2016,Feature has not been updated in 5 years or more
445400074,way,last_update,3-10-2016,Feature has not been updated in 5 years or more
445400302,way,last_update,3-10-2016,Feature has not been updated in 5 years or more
445400303,way,last_update,10-6-2018,Feature has not been updated in 5 years or more
445400304,way,last_update,10-6-2018,Feature has not been updated in 5 years or more
445400306,way,last_update,11-5-2019,Feature has not been updated in 5 years or more
445400307,way,last_update,3-10-2016,Feature has not been updated in 5 years or more
445400309,way,last_update,10-6-2018,Feature has not been updated in 5 years or more
445400311,way,last_update,3-10-2016,Feature has not been updated in 5 years or more
445400312,way,last_update,3-10-2016,Feature has not been updated in 5 years or more
445400313,way,last_update,3-10-2016,Feature has not been updated in 5 years or more
445400314,way,last_update,3-10-2016,Feature has not been updated in 5 years or more
445401433,way,last_update,5-7-2018,Feature has not been updated in 5 years or more
445401435,way,last_update,4-8-2018,Feature has not been updated in 5 years or more
445401445,way,last_update,4-8-2018,Feature has not been updated in 5 years or more
445401447,way,last_update,5-7-2018,Feature has not been updated in 5 years or more
445403259,way,last_update,23-6-2018,Feature has not been updated in 5 years or more
445403260,way,last_update,23-6-2018,Feature has not been updated in 5 years or more
445403261,way,last_update,3-10-2016,Feature has not been updated in 5 years or more
445403262,way,last_update,23-6-2018,Feature has not been updated in 5 years or more
445403265,way,last_update,3-10-2016,Feature has not been updated in 5 years or more
445491981,way,last_update,3-10-2016,Feature has not been updated in 5 years or more
445491983,way,last_update,3-10-2016,Feature has not been updated in 5 years or more
445491986,way,last_update,3-10-2016,Feature has not been updated in 5 years or more
445491989,way,last_update,3-10-2016,Feature has not been updated in 5 years or more
445491990,way,last_update,3-10-2016,Feature has not been updated in 5 years or more
445491991,way,last_update,3-10-2016,Feature has not been updated in 5 years or more
445491996,way,last_update,3-10-2016,Feature has not been updated in 5 years or more
445491997,way,last_update,3-10-2016,Feature has not been updated in 5 years or more
445492009,way,last_update,3-10-2016,Feature has not been updated in 5 years or more
445492015,way,last_update,3-10-2016,Feature has not been updated in 5 years or more
445492016,way,last_update,3-10-2016,Feature has not been updated in 5 years or more
445493051,way,last_update,3-10-2016,Feature has not been updated in 5 years or more
445493058,way,last_update,21-5-2020,Feature has not been updated in 5 years or more
445493059,way,last_update,3-6-2020,Feature has not been updated in 5 years or more
445500348,way,last_update,2-9-2018,Feature has not been updated in 5 years or more
445500351,way,last_update,2-9-2018,Feature has not been updated in 5 years or more
445501097,way,last_update,3-10-2016,Feature has not been updated in 5 years or more
445501098,way,last_update,3-10-2016,Feature has not been updated in 5 years or more
445501099,way,last_update,3-10-2016,Feature has not been updated in 5 years or more
445502581,way,last_update,3-10-2016,Feature has not been updated in 5 years or more
445502582,way,last_update,3-10-2016,Feature has not been updated in 5 years or more
445502583,way,last_update,3-10-2016,Feature has not been updated in 5 years or more
445502584,way,last_update,3-10-2016,Feature has not been updated in 5 years or more
445502589,way,last_update,3-10-2016,Feature has not been updated in 5 years or more
445502590,way,last_update,3-10-2016,Feature has not been updated in 5 years or more
445502591,way,last_update,3-10-2016,Feature has not been updated in 5 years or more
445502592,way,last_update,3-10-2016,Feature has not been updated in 5 years or more
445502593,way,last_update,3-10-2016,Feature has not been updated in 5 years or more
445502594,way,last_update,3-10-2016,Feature has not been updated in 5 years or more
445502595,way,last_update,3-10-2016,Feature has not been updated in 5 years or more
445502600,way,last_update,3-10-2016,Feature has not been updated in 5 years or more
445503883,way,last_update,3-10-2016,Feature has not been updated in 5 years or more
445503884,way,last_update,3-10-2016,Feature has not been updated in 5 years or more
445503885,way,last_update,3-10-2016,Feature has not been updated in 5 years or more
445503886,way,last_update,3-10-2016,Feature has not been updated in 5 years or more
445503887,way,last_update,3-10-2016,Feature has not been updated in 5 years or more
445503888,way,last_update,26-6-2021,Feature has not been updated in 5 years or more
445504935,way,last_update,3-10-2016,Feature has not been updated in 5 years or more
445506018,way,last_update,17-3-2019,Feature has not been updated in 5 years or more
445506023,way,last_update,27-5-2020,Feature has not been updated in 5 years or more
445506025,way,last_update,27-5-2020,Feature has not been updated in 5 years or more
445506027,way,last_update,3-10-2016,Feature has not been updated in 5 years or more
445506029,way,last_update,3-10-2016,Feature has not been updated in 5 years or more
445506031,way,last_update,17-3-2019,Feature has not been updated in 5 years or more
445506032,way,last_update,17-3-2019,Feature has not been updated in 5 years or more
445506033,way,last_update,17-3-2019,Feature has not been updated in 5 years or more
445507608,way,last_update,27-1-2018,Feature has not been updated in 5 years or more
445507609,way,last_update,12-11-2020,Feature has not been updated in 5 years or more
445507610,way,last_update,12-11-2020,Feature has not been updated in 5 years or more
445511090,way,last_update,3-10-2016,Feature has not been updated in 5 years or more
445511091,way,last_update,3-10-2016,Feature has not been updated in 5 years or more
445511092,way,last_update,3-10-2016,Feature has not been updated in 5 years or more
445511093,way,last_update,3-10-2016,Feature has not been updated in 5 years or more
445511094,way,last_update,3-10-2016,Feature has not been updated in 5 years or more
445511095,way,last_update,3-10-2016,Feature has not been updated in 5 years or more
445514399,way,last_update,3-10-2016,Feature has not been updated in 5 years or more
445514400,way,last_update,3-10-2016,Feature has not been updated in 5 years or more
445514401,way,last_update,3-10-2016,Feature has not been updated in 5 years or more
445514402,way,last_update,3-10-2016,Feature has not been updated in 5 years or more
445514403,way,last_update,3-10-2016,Feature has not been updated in 5 years or more
445514676,way,last_update,3-10-2016,Feature has not been updated in 5 years or more
445514677,way,last_update,3-10-2016,Feature has not been updated in 5 years or more
445514678,way,last_update,3-10-2016,Feature has not been updated in 5 years or more
445514679,way,last_update,3-10-2016,Feature has not been updated in 5 years or more
445515538,way,last_update,25-10-2016,Feature has not been updated in 5 years or more
445515540,way,last_update,3-10-2016,Feature has not been updated in 5 years or more
445515542,way,last_update,3-10-2016,Feature has not been updated in 5 years or more
445515543,way,last_update,25-10-2016,Feature has not been updated in 5 years or more
445515546,way,last_update,3-10-2016,Feature has not been updated in 5 years or more
445515547,way,last_update,3-10-2016,Feature has not been updated in 5 years or more
445515563,way,last_update,1-9-2018,Feature has not been updated in 5 years or more
445523752,way,last_update,3-10-2016,Feature has not been updated in 5 years or more
445523753,way,last_update,3-10-2016,Feature has not been updated in 5 years or more
445523754,way,last_update,3-10-2016,Feature has not been updated in 5 years or more
445523755,way,last_update,3-10-2016,Feature has not been updated in 5 years or more
445523756,way,last_update,3-10-2016,Feature has not been updated in 5 years or more
445523757,way,last_update,3-10-2016,Feature has not been updated in 5 years or more
445523758,way,last_update,3-10-2016,Feature has not been updated in 5 years or more
445523759,way,last_update,3-10-2016,Feature has not been updated in 5 years or more
445523761,way,last_update,3-10-2016,Feature has not been updated in 5 years or more
445523762,way,last_update,3-10-2016,Feature has not been updated in 5 years or more
445523763,way,last_update,3-10-2016,Feature has not been updated in 5 years or more
445523764,way,last_update,3-10-2016,Feature has not been updated in 5 years or more
445523765,way,last_update,3-10-2016,Feature has not been updated in 5 years or more
445523766,way,last_update,3-10-2016,Feature has not been updated in 5 years or more
445523767,way,last_update,3-10-2016,Feature has not been updated in 5 years or more
445523768,way,last_update,3-10-2016,Feature has not been updated in 5 years or more
445523769,way,last_update,3-10-2016,Feature has not been updated in 5 years or more
445523770,way,last_update,3-10-2016,Feature has not been updated in 5 years or more
445523771,way,last_update,3-10-2016,Feature has not been updated in 5 years or more
445523772,way,last_update,3-10-2016,Feature has not been updated in 5 years or more
445523773,way,last_update,3-10-2016,Feature has not been updated in 5 years or more
445523774,way,last_update,3-10-2016,Feature has not been updated in 5 years or more
445523775,way,last_update,3-10-2016,Feature has not been updated in 5 years or more
445523776,way,last_update,3-10-2016,Feature has not been updated in 5 years or more
445523777,way,last_update,3-10-2016,Feature has not been updated in 5 years or more
445524126,way,last_update,3-10-2016,Feature has not been updated in 5 years or more
445524127,way,last_update,3-10-2016,Feature has not been updated in 5 years or more
445524128,way,last_update,3-10-2016,Feature has not been updated in 5 years or more
445524129,way,last_update,3-10-2016,Feature has not been updated in 5 years or more
445525241,way,last_update,10-11-2020,Feature has not been updated in 5 years or more
445525242,way,last_update,10-11-2020,Feature has not been updated in 5 years or more
445525245,way,last_update,1-9-2018,Feature has not been updated in 5 years or more
445525246,way,last_update,1-9-2018,Feature has not been updated in 5 years or more
445525249,way,last_update,3-10-2016,Feature has not been updated in 5 years or more
445525629,way,last_update,3-10-2016,Feature has not been updated in 5 years or more
445525630,way,last_update,3-10-2016,Feature has not been updated in 5 years or more
445525631,way,last_update,1-9-2018,Feature has not been updated in 5 years or more
445525632,way,last_update,3-10-2016,Feature has not been updated in 5 years or more
445525633,way,last_update,3-10-2016,Feature has not been updated in 5 years or more
445525634,way,last_update,1-9-2018,Feature has not been updated in 5 years or more
445525635,way,last_update,3-10-2016,Feature has not been updated in 5 years or more
445525636,way,last_update,3-10-2016,Feature has not been updated in 5 years or more
445525637,way,last_update,3-10-2016,Feature has not been updated in 5 years or more
445525638,way,last_update,3-10-2016,Feature has not been updated in 5 years or more
445525639,way,last_update,3-10-2016,Feature has not been updated in 5 years or more
445525648,way,last_update,10-4-2018,Feature has not been updated in 5 years or more
445525649,way,last_update,10-4-2018,Feature has not been updated in 5 years or more
445528094,way,last_update,3-10-2016,Feature has not been updated in 5 years or more
445528096,way,last_update,3-10-2016,Feature has not been updated in 5 years or more
445528097,way,last_update,3-10-2016,Feature has not been updated in 5 years or more
445528098,way,last_update,3-10-2016,Feature has not been updated in 5 years or more
445528100,way,last_update,30-9-2018,Feature has not been updated in 5 years or more
445528101,way,last_update,3-10-2016,Feature has not been updated in 5 years or more
445528102,way,last_update,3-10-2016,Feature has not been updated in 5 years or more
445528103,way,last_update,3-10-2016,Feature has not been updated in 5 years or more
445528104,way,last_update,3-10-2016,Feature has not been updated in 5 years or more
445528105,way,last_update,3-10-2016,Feature has not been updated in 5 years or more
445532793,way,last_update,3-10-2016,Feature has not been updated in 5 years or more
445532794,way,last_update,3-10-2016,Feature has not been updated in 5 years or more
445532795,way,last_update,3-10-2016,Feature has not been updated in 5 years or more
445532796,way,last_update,19-11-2016,Feature has not been updated in 5 years or more
445532797,way,last_update,3-10-2016,Feature has not been updated in 5 years or more
445532798,way,last_update,3-10-2016,Feature has not been updated in 5 years or more
445532799,way,last_update,3-10-2016,Feature has not been updated in 5 years or more
445532800,way,last_update,19-11-2016,Feature has not been updated in 5 years or more
445532801,way,last_update,3-10-2016,Feature has not been updated in 5 years or more
445532802,way,last_update,3-10-2016,Feature has not been updated in 5 years or more
445533827,way,last_update,3-10-2016,Feature has not been updated in 5 years or more
445533828,way,last_update,3-10-2016,Feature has not been updated in 5 years or more
445533829,way,last_update,3-10-2016,Feature has not been updated in 5 years or more
445533837,way,last_update,3-10-2016,Feature has not been updated in 5 years or more
445533838,way,last_update,3-10-2016,Feature has not been updated in 5 years or more
445533839,way,last_update,3-10-2016,Feature has not been updated in 5 years or more
445533840,way,last_update,3-10-2016,Feature has not been updated in 5 years or more
445533841,way,last_update,3-10-2016,Feature has not been updated in 5 years or more
445533842,way,last_update,3-10-2016,Feature has not been updated in 5 years or more
445533843,way,last_update,3-10-2016,Feature has not been updated in 5 years or more
445533844,way,last_update,3-10-2016,Feature has not been updated in 5 years or more
445533845,way,last_update,3-10-2016,Feature has not been updated in 5 years or more
445533846,way,last_update,3-10-2016,Feature has not been updated in 5 years or more
445535041,way,last_update,19-11-2016,Feature has not been updated in 5 years or more
445535044,way,last_update,3-10-2016,Feature has not been updated in 5 years or more
445535047,way,last_update,3-10-2016,Feature has not been updated in 5 years or more
445535049,way,last_update,3-10-2016,Feature has not been updated in 5 years or more
445535050,way,last_update,19-11-2016,Feature has not been updated in 5 years or more
445536435,way,last_update,3-10-2016,Feature has not been updated in 5 years or more
445536436,way,last_update,3-10-2016,Feature has not been updated in 5 years or more
445536437,way,last_update,30-9-2018,Feature has not been updated in 5 years or more
445536445,way,last_update,21-6-2021,Feature has not been updated in 5 years or more
445536446,way,last_update,3-10-2016,Feature has not been updated in 5 years or more
445536447,way,last_update,21-6-2021,Feature has not been updated in 5 years or more
445536448,way,last_update,3-10-2016,Feature has not been updated in 5 years or more
445536449,way,last_update,21-6-2021,Feature has not been updated in 5 years or more
445536450,way,last_update,3-10-2016,Feature has not been updated in 5 years or more
445536451,way,last_update,21-6-2021,Feature has not been updated in 5 years or more
445536452,way,last_update,21-6-2021,Feature has not been updated in 5 years or more
445536453,way,last_update,21-6-2021,Feature has not been updated in 5 years or more
445536454,way,last_update,3-10-2016,Feature has not been updated in 5 years or more
445536455,way,last_update,21-6-2021,Feature has not been updated in 5 years or more
445536456,way,last_update,21-6-2021,Feature has not been updated in 5 years or more
445536457,way,last_update,21-6-2021,Feature has not been updated in 5 years or more
445536458,way,last_update,3-10-2016,Feature has not been updated in 5 years or more
445536459,way,last_update,21-6-2021,Feature has not been updated in 5 years or more
445536460,way,last_update,21-6-2021,Feature has not been updated in 5 years or more
445536461,way,last_update,21-6-2021,Feature has not been updated in 5 years or more
445536462,way,last_update,21-6-2021,Feature has not been updated in 5 years or more
445536464,way,last_update,3-10-2016,Feature has not been updated in 5 years or more
445536465,way,last_update,3-10-2016,Feature has not been updated in 5 years or more
445536466,way,last_update,3-10-2016,Feature has not been updated in 5 years or more
445536468,way,last_update,3-10-2016,Feature has not been updated in 5 years or more
445536469,way,last_update,3-10-2016,Feature has not been updated in 5 years or more
445536471,way,last_update,3-10-2016,Feature has not been updated in 5 years or more
445536474,way,last_update,3-10-2016,Feature has not been updated in 5 years or more
445536475,way,last_update,3-10-2016,Feature has not been updated in 5 years or more
445536481,way,last_update,3-10-2016,Feature has not been updated in 5 years or more
445538624,way,last_update,3-10-2016,Feature has not been updated in 5 years or more
445538626,way,last_update,3-10-2016,Feature has not been updated in 5 years or more
445538627,way,last_update,3-10-2016,Feature has not been updated in 5 years or more
445538629,way,last_update,3-10-2016,Feature has not been updated in 5 years or more
445538630,way,last_update,3-10-2016,Feature has not been updated in 5 years or more
445538632,way,last_update,3-10-2016,Feature has not been updated in 5 years or more
445538633,way,last_update,3-10-2016,Feature has not been updated in 5 years or more
445538635,way,last_update,3-10-2016,Feature has not been updated in 5 years or more
445538636,way,last_update,3-10-2016,Feature has not been updated in 5 years or more
445538639,way,last_update,3-10-2016,Feature has not been updated in 5 years or more
445540303,way,last_update,3-10-2016,Feature has not been updated in 5 years or more
445540308,way,last_update,3-10-2016,Feature has not been updated in 5 years or more
445540310,way,last_update,3-10-2016,Feature has not been updated in 5 years or more
445540311,way,last_update,3-10-2016,Feature has not been updated in 5 years or more
445540312,way,last_update,3-10-2016,Feature has not been updated in 5 years or more
445540314,way,last_update,3-10-2016,Feature has not been updated in 5 years or more
445541164,way,last_update,5-5-2019,Feature has not been updated in 5 years or more
445542952,way,last_update,3-10-2016,Feature has not been updated in 5 years or more
445542954,way,last_update,3-10-2016,Feature has not been updated in 5 years or more
445542956,way,last_update,3-10-2016,Feature has not been updated in 5 years or more
445542959,way,last_update,3-10-2016,Feature has not been updated in 5 years or more
445542961,way,last_update,3-10-2016,Feature has not been updated in 5 years or more
445542963,way,last_update,21-7-2021,Feature has not been updated in 5 years or more
445542966,way,last_update,21-7-2021,Feature has not been updated in 5 years or more
445542968,way,last_update,21-7-2021,Feature has not been updated in 5 years or more
445542970,way,last_update,21-7-2021,Feature has not been updated in 5 years or more
445542972,way,last_update,21-7-2021,Feature has not been updated in 5 years or more
445542975,way,last_update,21-7-2021,Feature has not been updated in 5 years or more
445542977,way,last_update,21-7-2021,Feature has not been updated in 5 years or more
445542980,way,last_update,21-7-2021,Feature has not been updated in 5 years or more
445542984,way,last_update,21-7-2021,Feature has not been updated in 5 years or more
445568113,way,last_update,3-10-2016,Feature has not been updated in 5 years or more
445568114,way,last_update,3-10-2016,Feature has not been updated in 5 years or more
445577416,way,last_update,15-9-2018,Feature has not been updated in 5 years or more
445577418,way,last_update,15-9-2018,Feature has not been updated in 5 years or more
445577419,way,last_update,15-9-2018,Feature has not been updated in 5 years or more
445577420,way,last_update,15-9-2018,Feature has not been updated in 5 years or more
445719124,way,last_update,4-10-2016,Feature has not been updated in 5 years or more
445719125,way,last_update,4-10-2016,Feature has not been updated in 5 years or more
445719126,way,last_update,4-10-2016,Feature has not been updated in 5 years or more
445719127,way,last_update,4-10-2016,Feature has not been updated in 5 years or more
445719128,way,last_update,4-10-2016,Feature has not been updated in 5 years or more
445719129,way,last_update,4-10-2016,Feature has not been updated in 5 years or more
445719130,way,last_update,4-10-2016,Feature has not been updated in 5 years or more
445719131,way,last_update,4-10-2016,Feature has not been updated in 5 years or more
445719132,way,last_update,4-10-2016,Feature has not been updated in 5 years or more
445719138,way,last_update,4-10-2016,Feature has not been updated in 5 years or more
445719141,way,last_update,4-10-2016,Feature has not been updated in 5 years or more
445719143,way,last_update,4-10-2016,Feature has not been updated in 5 years or more
445720584,way,last_update,4-10-2016,Feature has not been updated in 5 years or more
445720586,way,last_update,4-10-2016,Feature has not been updated in 5 years or more
445720587,way,last_update,23-5-2019,Feature has not been updated in 5 years or more
445720588,way,last_update,23-5-2019,Feature has not been updated in 5 years or more
445720589,way,last_update,4-10-2016,Feature has not been updated in 5 years or more
445720590,way,last_update,4-10-2016,Feature has not been updated in 5 years or more
445720596,way,last_update,4-10-2016,Feature has not been updated in 5 years or more
445720597,way,last_update,4-10-2016,Feature has not been updated in 5 years or more
445720598,way,last_update,4-10-2016,Feature has not been updated in 5 years or more
445720599,way,last_update,4-10-2016,Feature has not been updated in 5 years or more
445720600,way,last_update,4-10-2016,Feature has not been updated in 5 years or more
445720601,way,last_update,4-10-2016,Feature has not been updated in 5 years or more
445720602,way,last_update,4-10-2016,Feature has not been updated in 5 years or more
445722413,way,last_update,4-10-2016,Feature has not been updated in 5 years or more
445722414,way,last_update,4-10-2016,Feature has not been updated in 5 years or more
445722415,way,last_update,4-10-2016,Feature has not been updated in 5 years or more
445727393,way,last_update,4-10-2016,Feature has not been updated in 5 years or more
445727394,way,last_update,4-10-2016,Feature has not been updated in 5 years or more
445729497,way,last_update,4-10-2016,Feature has not been updated in 5 years or more
445729499,way,last_update,4-10-2016,Feature has not been updated in 5 years or more
445729502,way,last_update,4-10-2016,Feature has not been updated in 5 years or more
445729503,way,last_update,4-10-2016,Feature has not been updated in 5 years or more
445729505,way,last_update,4-10-2016,Feature has not been updated in 5 years or more
445729507,way,last_update,4-10-2016,Feature has not been updated in 5 years or more
445729509,way,last_update,4-10-2016,Feature has not been updated in 5 years or more
445729510,way,last_update,4-10-2016,Feature has not been updated in 5 years or more
445729512,way,last_update,4-10-2016,Feature has not been updated in 5 years or more
445729514,way,last_update,4-10-2016,Feature has not been updated in 5 years or more
445729516,way,last_update,27-9-2018,Feature has not been updated in 5 years or more
445729518,way,last_update,4-10-2016,Feature has not been updated in 5 years or more
445729520,way,last_update,27-9-2018,Feature has not been updated in 5 years or more
445729521,way,last_update,27-9-2018,Feature has not been updated in 5 years or more
445729523,way,last_update,27-9-2018,Feature has not been updated in 5 years or more
445729525,way,last_update,4-10-2016,Feature has not been updated in 5 years or more
445729526,way,last_update,27-9-2018,Feature has not been updated in 5 years or more
445729527,way,last_update,27-9-2018,Feature has not been updated in 5 years or more
445729528,way,last_update,27-9-2018,Feature has not been updated in 5 years or more
445729529,way,last_update,27-9-2018,Feature has not been updated in 5 years or more
445729530,way,last_update,27-9-2018,Feature has not been updated in 5 years or more
445729532,way,last_update,9-12-2016,Feature has not been updated in 5 years or more
445731484,way,last_update,4-10-2016,Feature has not been updated in 5 years or more
445787754,way,last_update,4-10-2016,Feature has not been updated in 5 years or more
445797359,way,last_update,4-10-2016,Feature has not been updated in 5 years or more
445797360,way,last_update,4-10-2016,Feature has not been updated in 5 years or more
445797361,way,last_update,4-10-2016,Feature has not been updated in 5 years or more
445797362,way,last_update,4-10-2016,Feature has not been updated in 5 years or more
445797363,way,last_update,4-10-2016,Feature has not been updated in 5 years or more
445802344,way,last_update,4-10-2016,Feature has not been updated in 5 years or more
445804899,way,last_update,4-10-2016,Feature has not been updated in 5 years or more
445804901,way,last_update,4-10-2016,Feature has not been updated in 5 years or more
445813226,way,last_update,4-10-2016,Feature has not been updated in 5 years or more
445813227,way,last_update,4-10-2016,Feature has not been updated in 5 years or more
445813229,way,last_update,4-10-2016,Feature has not been updated in 5 years or more
445813230,way,last_update,4-10-2016,Feature has not been updated in 5 years or more
445813232,way,last_update,4-10-2016,Feature has not been updated in 5 years or more
445813234,way,last_update,4-10-2016,Feature has not been updated in 5 years or more
445813235,way,last_update,4-10-2016,Feature has not been updated in 5 years or more
445813237,way,last_update,4-10-2016,Feature has not been updated in 5 years or more
445813238,way,last_update,4-10-2016,Feature has not been updated in 5 years or more
445813239,way,last_update,4-10-2016,Feature has not been updated in 5 years or more
445813241,way,last_update,4-10-2016,Feature has not been updated in 5 years or more
445813242,way,last_update,4-10-2016,Feature has not been updated in 5 years or more
445813243,way,last_update,4-10-2016,Feature has not been updated in 5 years or more
445813244,way,last_update,4-10-2016,Feature has not been updated in 5 years or more
445813247,way,last_update,4-10-2016,Feature has not been updated in 5 years or more
445813248,way,last_update,4-10-2016,Feature has not been updated in 5 years or more
445813249,way,last_update,4-10-2016,Feature has not been updated in 5 years or more
445813250,way,last_update,8-2-2018,Feature has not been updated in 5 years or more
445820455,way,last_update,1-8-2019,Feature has not been updated in 5 years or more
445821036,way,last_update,4-10-2016,Feature has not been updated in 5 years or more
445821037,way,last_update,4-10-2016,Feature has not been updated in 5 years or more
445828917,way,last_update,4-10-2016,Feature has not been updated in 5 years or more
445828919,way,last_update,4-10-2016,Feature has not been updated in 5 years or more
445828920,way,last_update,4-10-2016,Feature has not been updated in 5 years or more
445828927,way,last_update,25-9-2018,Feature has not been updated in 5 years or more
445828928,way,last_update,4-10-2016,Feature has not been updated in 5 years or more
445828931,way,last_update,4-10-2016,Feature has not been updated in 5 years or more
445829692,way,last_update,4-10-2016,Feature has not been updated in 5 years or more
445829693,way,last_update,4-10-2016,Feature has not been updated in 5 years or more
445829695,way,last_update,10-12-2018,Feature has not been updated in 5 years or more
445829696,way,last_update,4-10-2016,Feature has not been updated in 5 years or more
445829699,way,last_update,4-10-2016,Feature has not been updated in 5 years or more
445829700,way,last_update,4-10-2016,Feature has not been updated in 5 years or more
445829704,way,last_update,4-10-2016,Feature has not been updated in 5 years or more
445829705,way,last_update,4-10-2016,Feature has not been updated in 5 years or more
445829706,way,last_update,4-10-2016,Feature has not been updated in 5 years or more
445829707,way,last_update,4-10-2016,Feature has not been updated in 5 years or more
445829708,way,last_update,30-9-2018,Feature has not been updated in 5 years or more
445829715,way,last_update,4-10-2016,Feature has not been updated in 5 years or more
445829716,way,last_update,4-10-2016,Feature has not been updated in 5 years or more
445829717,way,last_update,4-10-2016,Feature has not been updated in 5 years or more
445829718,way,last_update,4-10-2016,Feature has not been updated in 5 years or more
445829812,way,last_update,4-10-2016,Feature has not been updated in 5 years or more
445829813,way,last_update,4-10-2016,Feature has not been updated in 5 years or more
445829815,way,last_update,4-10-2016,Feature has not been updated in 5 years or more
445829816,way,last_update,4-10-2016,Feature has not been updated in 5 years or more
445829817,way,last_update,4-10-2016,Feature has not been updated in 5 years or more
445954401,way,last_update,26-9-2018,Feature has not been updated in 5 years or more
445954402,way,last_update,26-9-2018,Feature has not been updated in 5 years or more
445954403,way,last_update,3-8-2020,Feature has not been updated in 5 years or more
445954407,way,last_update,26-9-2018,Feature has not been updated in 5 years or more
445954409,way,last_update,26-9-2018,Feature has not been updated in 5 years or more
445954411,way,last_update,5-10-2016,Feature has not been updated in 5 years or more
445971596,way,last_update,26-11-2019,Feature has not been updated in 5 years or more
446004965,way,last_update,5-10-2016,Feature has not been updated in 5 years or more
446004966,way,last_update,5-10-2016,Feature has not been updated in 5 years or more
446004967,way,last_update,5-10-2016,Feature has not been updated in 5 years or more
446004969,way,last_update,5-10-2016,Feature has not been updated in 5 years or more
446004970,way,last_update,5-10-2016,Feature has not been updated in 5 years or more
446004983,way,last_update,5-10-2016,Feature has not been updated in 5 years or more
446004990,way,last_update,5-10-2016,Feature has not been updated in 5 years or more
446004992,way,last_update,5-10-2016,Feature has not been updated in 5 years or more
446010204,way,last_update,1-12-2020,Feature has not been updated in 5 years or more
446183801,way,last_update,19-1-2019,Feature has not been updated in 5 years or more
446183803,way,last_update,6-10-2016,Feature has not been updated in 5 years or more
446183808,way,last_update,6-10-2016,Feature has not been updated in 5 years or more
446185015,way,last_update,6-10-2016,Feature has not been updated in 5 years or more
446185018,way,last_update,6-10-2016,Feature has not been updated in 5 years or more
446185019,way,last_update,6-10-2016,Feature has not been updated in 5 years or more
446185021,way,last_update,6-10-2016,Feature has not been updated in 5 years or more
446185025,way,last_update,6-10-2016,Feature has not been updated in 5 years or more
446185027,way,last_update,6-10-2016,Feature has not been updated in 5 years or more
446186656,way,last_update,6-10-2016,Feature has not been updated in 5 years or more
446187723,way,last_update,24-4-2021,Feature has not been updated in 5 years or more
446187724,way,last_update,24-4-2021,Feature has not been updated in 5 years or more
446187726,way,last_update,6-10-2016,Feature has not been updated in 5 years or more
446187727,way,last_update,6-10-2016,Feature has not been updated in 5 years or more
446187728,way,last_update,6-10-2016,Feature has not been updated in 5 years or more
446187729,way,last_update,6-10-2016,Feature has not been updated in 5 years or more
446187734,way,last_update,6-10-2016,Feature has not been updated in 5 years or more
446196563,way,last_update,17-12-2020,Feature has not been updated in 5 years or more
446196564,way,last_update,17-12-2020,Feature has not been updated in 5 years or more
446401644,way,last_update,7-10-2016,Feature has not been updated in 5 years or more
446401645,way,last_update,7-10-2016,Feature has not been updated in 5 years or more
446401646,way,last_update,7-10-2016,Feature has not been updated in 5 years or more
446401647,way,last_update,7-10-2016,Feature has not been updated in 5 years or more
446401648,way,last_update,7-10-2016,Feature has not been updated in 5 years or more
446415776,way,last_update,11-5-2019,Feature has not been updated in 5 years or more
446436991,way,last_update,17-9-2019,Feature has not been updated in 5 years or more
446729149,way,last_update,17-6-2021,Feature has not been updated in 5 years or more
446729150,way,last_update,9-10-2016,Feature has not been updated in 5 years or more
446729151,way,last_update,17-6-2021,Feature has not been updated in 5 years or more
446729152,way,last_update,9-10-2016,Feature has not been updated in 5 years or more
446729153,way,last_update,17-6-2021,Feature has not been updated in 5 years or more
446729154,way,last_update,9-10-2016,Feature has not been updated in 5 years or more
446729155,way,last_update,9-10-2016,Feature has not been updated in 5 years or more
446729157,way,last_update,17-6-2021,Feature has not been updated in 5 years or more
446729158,way,last_update,1-10-2018,Feature has not been updated in 5 years or more
446729159,way,last_update,9-10-2016,Feature has not been updated in 5 years or more
446729160,way,last_update,9-10-2016,Feature has not been updated in 5 years or more
446729161,way,last_update,9-10-2016,Feature has not been updated in 5 years or more
446730367,way,last_update,9-10-2016,Feature has not been updated in 5 years or more
446730368,way,last_update,9-10-2016,Feature has not been updated in 5 years or more
446730369,way,last_update,9-10-2016,Feature has not been updated in 5 years or more
446730370,way,last_update,9-10-2016,Feature has not been updated in 5 years or more
446730371,way,last_update,17-6-2021,Feature has not been updated in 5 years or more
446730372,way,last_update,17-6-2021,Feature has not been updated in 5 years or more
446730373,way,last_update,17-6-2021,Feature has not been updated in 5 years or more
446730374,way,last_update,17-6-2021,Feature has not been updated in 5 years or more
446730375,way,last_update,9-10-2016,Feature has not been updated in 5 years or more
446730376,way,last_update,9-10-2016,Feature has not been updated in 5 years or more
446730377,way,last_update,1-10-2018,Feature has not been updated in 5 years or more
446730378,way,last_update,1-10-2018,Feature has not been updated in 5 years or more
446730380,way,last_update,17-6-2021,Feature has not been updated in 5 years or more
446730381,way,last_update,17-6-2021,Feature has not been updated in 5 years or more
446730382,way,last_update,9-10-2016,Feature has not been updated in 5 years or more
446730383,way,last_update,9-10-2016,Feature has not been updated in 5 years or more
446730384,way,last_update,9-10-2016,Feature has not been updated in 5 years or more
446730388,way,last_update,9-10-2016,Feature has not been updated in 5 years or more
446730389,way,last_update,9-10-2016,Feature has not been updated in 5 years or more
446730390,way,last_update,2-4-2019,Feature has not been updated in 5 years or more
446730391,way,last_update,9-10-2016,Feature has not been updated in 5 years or more
446730392,way,last_update,9-10-2016,Feature has not been updated in 5 years or more
446730400,way,last_update,2-4-2019,Feature has not been updated in 5 years or more
446730401,way,last_update,15-9-2018,Feature has not been updated in 5 years or more
446730402,way,last_update,15-9-2018,Feature has not been updated in 5 years or more
446730403,way,last_update,3-1-2017,Feature has not been updated in 5 years or more
446730404,way,last_update,1-10-2018,Feature has not been updated in 5 years or more
446730405,way,last_update,1-10-2018,Feature has not been updated in 5 years or more
446730409,way,last_update,1-10-2018,Feature has not been updated in 5 years or more
446730410,way,last_update,15-9-2018,Feature has not been updated in 5 years or more
446730411,way,last_update,1-10-2018,Feature has not been updated in 5 years or more
446730412,way,last_update,1-10-2018,Feature has not been updated in 5 years or more
446730413,way,last_update,1-10-2018,Feature has not been updated in 5 years or more
446734211,way,last_update,1-10-2018,Feature has not been updated in 5 years or more
446734212,way,last_update,9-10-2016,Feature has not been updated in 5 years or more
446734213,way,last_update,9-10-2016,Feature has not been updated in 5 years or more
446734214,way,last_update,9-10-2016,Feature has not been updated in 5 years or more
446734215,way,last_update,1-10-2018,Feature has not been updated in 5 years or more
446734216,way,last_update,9-10-2016,Feature has not been updated in 5 years or more
446734217,way,last_update,9-10-2016,Feature has not been updated in 5 years or more
446734218,way,last_update,9-10-2016,Feature has not been updated in 5 years or more
446734219,way,last_update,9-10-2016,Feature has not been updated in 5 years or more
446734221,way,last_update,7-12-2017,Feature has not been updated in 5 years or more
446734222,way,last_update,1-10-2018,Feature has not been updated in 5 years or more
446734223,way,last_update,9-10-2016,Feature has not been updated in 5 years or more
446734224,way,last_update,9-10-2016,Feature has not been updated in 5 years or more
446734225,way,last_update,9-10-2016,Feature has not been updated in 5 years or more
446734227,way,last_update,9-10-2016,Feature has not been updated in 5 years or more
446734228,way,last_update,9-10-2016,Feature has not been updated in 5 years or more
446734229,way,last_update,15-9-2018,Feature has not been updated in 5 years or more
446734230,way,last_update,15-9-2018,Feature has not been updated in 5 years or more
446734231,way,last_update,15-9-2018,Feature has not been updated in 5 years or more
446734232,way,last_update,9-10-2016,Feature has not been updated in 5 years or more
446734233,way,last_update,15-9-2018,Feature has not been updated in 5 years or more
446734234,way,last_update,9-10-2016,Feature has not been updated in 5 years or more
446734235,way,last_update,15-9-2018,Feature has not been updated in 5 years or more
446734236,way,last_update,9-10-2016,Feature has not been updated in 5 years or more
446734237,way,last_update,15-9-2018,Feature has not been updated in 5 years or more
446734238,way,last_update,9-10-2016,Feature has not been updated in 5 years or more
446734239,way,last_update,9-10-2016,Feature has not been updated in 5 years or more
446734240,way,last_update,9-10-2016,Feature has not been updated in 5 years or more
446734241,way,last_update,9-10-2016,Feature has not been updated in 5 years or more
446734247,way,last_update,9-10-2016,Feature has not been updated in 5 years or more
446734249,way,last_update,9-10-2016,Feature has not been updated in 5 years or more
446734250,way,last_update,9-10-2016,Feature has not been updated in 5 years or more
446734253,way,last_update,9-10-2016,Feature has not been updated in 5 years or more
446734257,way,last_update,9-10-2016,Feature has not been updated in 5 years or more
446734258,way,last_update,9-10-2016,Feature has not been updated in 5 years or more
446734758,way,last_update,15-9-2018,Feature has not been updated in 5 years or more
446734759,way,last_update,15-9-2018,Feature has not been updated in 5 years or more
446734760,way,last_update,15-9-2018,Feature has not been updated in 5 years or more
446734761,way,last_update,15-9-2018,Feature has not been updated in 5 years or more
446734771,way,last_update,9-10-2016,Feature has not been updated in 5 years or more
446734880,way,last_update,9-10-2016,Feature has not been updated in 5 years or more
446734881,way,last_update,9-10-2016,Feature has not been updated in 5 years or more
446734882,way,last_update,9-10-2016,Feature has not been updated in 5 years or more
446736045,way,last_update,9-10-2016,Feature has not been updated in 5 years or more
446736051,way,last_update,15-9-2018,Feature has not been updated in 5 years or more
446736052,way,last_update,9-10-2016,Feature has not been updated in 5 years or more
446736054,way,last_update,9-10-2016,Feature has not been updated in 5 years or more
446736055,way,last_update,9-10-2016,Feature has not been updated in 5 years or more
446736056,way,last_update,31-5-2021,Feature has not been updated in 5 years or more
446738368,way,last_update,1-10-2018,Feature has not been updated in 5 years or more
446738372,way,last_update,9-10-2016,Feature has not been updated in 5 years or more
446738374,way,last_update,9-10-2016,Feature has not been updated in 5 years or more
446738375,way,last_update,9-10-2016,Feature has not been updated in 5 years or more
446738376,way,last_update,1-10-2018,Feature has not been updated in 5 years or more
446738382,way,last_update,9-10-2016,Feature has not been updated in 5 years or more
446739128,way,last_update,9-10-2016,Feature has not been updated in 5 years or more
446739132,way,last_update,9-10-2016,Feature has not been updated in 5 years or more
446739138,way,last_update,9-10-2016,Feature has not been updated in 5 years or more
446739139,way,last_update,9-10-2016,Feature has not been updated in 5 years or more
446739140,way,last_update,9-10-2016,Feature has not been updated in 5 years or more
446739142,way,last_update,9-10-2016,Feature has not been updated in 5 years or more
446740891,way,last_update,9-10-2016,Feature has not been updated in 5 years or more
446741362,way,last_update,9-10-2016,Feature has not been updated in 5 years or more
446741364,way,last_update,9-10-2016,Feature has not been updated in 5 years or more
446741365,way,last_update,9-10-2016,Feature has not been updated in 5 years or more
446741366,way,last_update,9-10-2016,Feature has not been updated in 5 years or more
446741367,way,last_update,9-10-2016,Feature has not been updated in 5 years or more
446741368,way,last_update,9-10-2016,Feature has not been updated in 5 years or more
446741369,way,last_update,9-10-2016,Feature has not been updated in 5 years or more
446741375,way,last_update,9-10-2016,Feature has not been updated in 5 years or more
446741376,way,last_update,9-10-2016,Feature has not been updated in 5 years or more
446741377,way,last_update,6-2-2018,Feature has not been updated in 5 years or more
446741983,way,last_update,30-9-2018,Feature has not been updated in 5 years or more
446741987,way,last_update,30-9-2018,Feature has not been updated in 5 years or more
446742649,way,last_update,7-11-2018,Feature has not been updated in 5 years or more
446742650,way,last_update,7-11-2018,Feature has not been updated in 5 years or more
446742651,way,last_update,9-10-2016,Feature has not been updated in 5 years or more
446742846,way,last_update,6-11-2016,Feature has not been updated in 5 years or more
446742854,way,last_update,9-10-2016,Feature has not been updated in 5 years or more
446742859,way,last_update,9-10-2016,Feature has not been updated in 5 years or more
446742860,way,last_update,9-10-2016,Feature has not been updated in 5 years or more
446742864,way,last_update,9-10-2016,Feature has not been updated in 5 years or more
446742867,way,last_update,9-10-2016,Feature has not been updated in 5 years or more
446743171,way,last_update,9-10-2016,Feature has not been updated in 5 years or more
446743172,way,last_update,9-10-2016,Feature has not been updated in 5 years or more
446743174,way,last_update,17-12-2020,Feature has not been updated in 5 years or more
446748113,way,last_update,18-9-2018,Feature has not been updated in 5 years or more
446748114,way,last_update,10-10-2016,Feature has not been updated in 5 years or more
446748115,way,last_update,18-9-2018,Feature has not been updated in 5 years or more
446934475,way,last_update,11-10-2016,Feature has not been updated in 5 years or more
447008380,way,last_update,11-10-2016,Feature has not been updated in 5 years or more
447078080,way,last_update,1-9-2018,Feature has not been updated in 5 years or more
447078081,way,last_update,11-10-2016,Feature has not been updated in 5 years or more
447078082,way,last_update,11-10-2016,Feature has not been updated in 5 years or more
447078083,way,last_update,11-10-2016,Feature has not been updated in 5 years or more
447078084,way,last_update,11-10-2016,Feature has not been updated in 5 years or more
447078085,way,last_update,1-9-2018,Feature has not been updated in 5 years or more
447078086,way,last_update,1-9-2018,Feature has not been updated in 5 years or more
447078087,way,last_update,11-10-2016,Feature has not been updated in 5 years or more
447078088,way,last_update,11-10-2016,Feature has not been updated in 5 years or more
447078089,way,last_update,15-9-2018,Feature has not been updated in 5 years or more
447078090,way,last_update,1-9-2018,Feature has not been updated in 5 years or more
447078091,way,last_update,11-10-2016,Feature has not been updated in 5 years or more
447078092,way,last_update,11-10-2016,Feature has not been updated in 5 years or more
447078093,way,last_update,1-9-2018,Feature has not been updated in 5 years or more
447098066,way,last_update,1-9-2018,Feature has not been updated in 5 years or more
447105200,way,last_update,9-7-2021,Feature has not been updated in 5 years or more
447105201,way,last_update,9-7-2021,Feature has not been updated in 5 years or more
447105202,way,last_update,9-7-2021,Feature has not been updated in 5 years or more
447105204,way,last_update,9-7-2021,Feature has not been updated in 5 years or more
447105205,way,last_update,9-7-2021,Feature has not been updated in 5 years or more
447105206,way,last_update,9-7-2021,Feature has not been updated in 5 years or more
447105207,way,last_update,9-7-2021,Feature has not been updated in 5 years or more
447105208,way,last_update,9-7-2021,Feature has not been updated in 5 years or more
447105232,way,last_update,9-7-2021,Feature has not been updated in 5 years or more
448061329,way,last_update,19-5-2020,Feature has not been updated in 5 years or more
448963685,way,last_update,22-3-2019,Feature has not been updated in 5 years or more
448989067,way,last_update,2-9-2018,Feature has not been updated in 5 years or more
448989068,way,last_update,2-9-2018,Feature has not been updated in 5 years or more
448989069,way,last_update,2-9-2018,Feature has not been updated in 5 years or more
448989070,way,last_update,22-10-2016,Feature has not been updated in 5 years or more
448989071,way,last_update,22-10-2016,Feature has not been updated in 5 years or more
448991197,way,last_update,5-7-2021,Feature has not been updated in 5 years or more
448993574,way,last_update,22-10-2016,Feature has not been updated in 5 years or more
448993576,way,last_update,22-10-2016,Feature has not been updated in 5 years or more
448993587,way,last_update,4-7-2021,Feature has not been updated in 5 years or more
448993592,way,last_update,5-2-2020,Feature has not been updated in 5 years or more
448993593,way,last_update,5-2-2020,Feature has not been updated in 5 years or more
448993594,way,last_update,5-2-2020,Feature has not been updated in 5 years or more
448993595,way,last_update,5-2-2020,Feature has not been updated in 5 years or more
448993596,way,last_update,5-2-2020,Feature has not been updated in 5 years or more
448993598,way,last_update,5-2-2020,Feature has not been updated in 5 years or more
448993599,way,last_update,22-10-2016,Feature has not been updated in 5 years or more
448993600,way,last_update,5-2-2020,Feature has not been updated in 5 years or more
449094826,way,last_update,23-10-2016,Feature has not been updated in 5 years or more
449094828,way,last_update,23-10-2016,Feature has not been updated in 5 years or more
449094831,way,last_update,23-10-2016,Feature has not been updated in 5 years or more
449461523,way,last_update,25-10-2016,Feature has not been updated in 5 years or more
449463892,way,last_update,20-2-2018,Feature has not been updated in 5 years or more
449463893,way,last_update,25-10-2016,Feature has not been updated in 5 years or more
449463940,way,last_update,25-10-2016,Feature has not been updated in 5 years or more
449463941,way,last_update,25-10-2016,Feature has not been updated in 5 years or more
449463942,way,last_update,25-10-2016,Feature has not been updated in 5 years or more
449463943,way,last_update,25-10-2016,Feature has not been updated in 5 years or more
449763447,way,last_update,27-10-2016,Feature has not been updated in 5 years or more
449763448,way,last_update,27-10-2016,Feature has not been updated in 5 years or more
449763449,way,last_update,27-10-2016,Feature has not been updated in 5 years or more
449763450,way,last_update,27-10-2016,Feature has not been updated in 5 years or more
449763451,way,last_update,27-10-2016,Feature has not been updated in 5 years or more
449763452,way,last_update,27-10-2016,Feature has not been updated in 5 years or more
449763453,way,last_update,27-10-2016,Feature has not been updated in 5 years or more
449763454,way,last_update,27-10-2016,Feature has not been updated in 5 years or more
449763455,way,last_update,27-10-2016,Feature has not been updated in 5 years or more
449763456,way,last_update,27-10-2016,Feature has not been updated in 5 years or more
449763457,way,last_update,27-10-2016,Feature has not been updated in 5 years or more
449763465,way,last_update,27-10-2016,Feature has not been updated in 5 years or more
449763466,way,last_update,27-10-2016,Feature has not been updated in 5 years or more
449763467,way,last_update,27-10-2016,Feature has not been updated in 5 years or more
449763477,way,last_update,27-10-2016,Feature has not been updated in 5 years or more
449768839,way,last_update,27-10-2016,Feature has not been updated in 5 years or more
449768840,way,last_update,27-10-2016,Feature has not been updated in 5 years or more
450128392,way,last_update,29-10-2016,Feature has not been updated in 5 years or more
450276145,way,last_update,30-10-2016,Feature has not been updated in 5 years or more
450276146,way,last_update,30-10-2016,Feature has not been updated in 5 years or more
450276147,way,last_update,30-10-2016,Feature has not been updated in 5 years or more
450276148,way,last_update,30-10-2016,Feature has not been updated in 5 years or more
450276149,way,last_update,30-10-2016,Feature has not been updated in 5 years or more
450276150,way,last_update,1-10-2018,Feature has not been updated in 5 years or more
450276151,way,last_update,30-10-2016,Feature has not been updated in 5 years or more
450276152,way,last_update,30-10-2016,Feature has not been updated in 5 years or more
450276153,way,last_update,30-10-2016,Feature has not been updated in 5 years or more
450276154,way,last_update,2-4-2019,Feature has not been updated in 5 years or more
450276155,way,last_update,30-10-2016,Feature has not been updated in 5 years or more
450276156,way,last_update,30-10-2016,Feature has not been updated in 5 years or more
450512768,way,last_update,1-11-2016,Feature has not been updated in 5 years or more
450512771,way,last_update,1-11-2016,Feature has not been updated in 5 years or more
450512773,way,last_update,1-11-2016,Feature has not been updated in 5 years or more
450610640,way,last_update,1-11-2016,Feature has not been updated in 5 years or more
450610646,way,last_update,1-11-2016,Feature has not been updated in 5 years or more
450610647,way,last_update,1-11-2016,Feature has not been updated in 5 years or more
450610648,way,last_update,1-11-2016,Feature has not been updated in 5 years or more
450610649,way,last_update,1-11-2016,Feature has not been updated in 5 years or more
450610650,way,last_update,1-11-2016,Feature has not been updated in 5 years or more
450610651,way,last_update,1-11-2016,Feature has not been updated in 5 years or more
450610655,way,last_update,1-11-2016,Feature has not been updated in 5 years or more
450610656,way,last_update,1-11-2016,Feature has not been updated in 5 years or more
450610657,way,last_update,1-11-2016,Feature has not been updated in 5 years or more
450610661,way,last_update,16-2-2018,Feature has not been updated in 5 years or more
450611601,way,last_update,16-2-2018,Feature has not been updated in 5 years or more
450611602,way,last_update,16-2-2018,Feature has not been updated in 5 years or more
450611603,way,last_update,1-11-2016,Feature has not been updated in 5 years or more
450611604,way,last_update,16-2-2018,Feature has not been updated in 5 years or more
450611605,way,last_update,16-2-2018,Feature has not been updated in 5 years or more
450611606,way,last_update,16-2-2018,Feature has not been updated in 5 years or more
450611607,way,last_update,15-6-2019,Feature has not been updated in 5 years or more
450614697,way,last_update,1-11-2016,Feature has not been updated in 5 years or more
450614703,way,last_update,1-11-2016,Feature has not been updated in 5 years or more
450614704,way,last_update,1-11-2016,Feature has not been updated in 5 years or more
450614705,way,last_update,14-2-2019,Feature has not been updated in 5 years or more
450615572,way,last_update,1-11-2016,Feature has not been updated in 5 years or more
450648054,way,last_update,16-4-2017,Feature has not been updated in 5 years or more
450648070,way,last_update,15-12-2020,Feature has not been updated in 5 years or more
450648072,way,last_update,16-4-2017,Feature has not been updated in 5 years or more
450648091,way,last_update,1-3-2018,Feature has not been updated in 5 years or more
450648092,way,last_update,15-2-2018,Feature has not been updated in 5 years or more
450648093,way,last_update,1-3-2018,Feature has not been updated in 5 years or more
450652753,way,last_update,1-11-2016,Feature has not been updated in 5 years or more
450652755,way,last_update,1-11-2016,Feature has not been updated in 5 years or more
450652757,way,last_update,1-11-2016,Feature has not been updated in 5 years or more
450652758,way,last_update,1-11-2016,Feature has not been updated in 5 years or more
450689040,way,last_update,2-11-2016,Feature has not been updated in 5 years or more
450690079,way,last_update,3-8-2021,Feature has not been updated in 5 years or more
450690080,way,last_update,3-8-2021,Feature has not been updated in 5 years or more
450690081,way,last_update,3-8-2021,Feature has not been updated in 5 years or more
450690082,way,last_update,3-8-2021,Feature has not been updated in 5 years or more
450690083,way,last_update,3-8-2021,Feature has not been updated in 5 years or more
450690084,way,last_update,3-8-2021,Feature has not been updated in 5 years or more
450690085,way,last_update,3-8-2021,Feature has not been updated in 5 years or more
450690086,way,last_update,3-8-2021,Feature has not been updated in 5 years or more
450690125,way,last_update,3-8-2021,Feature has not been updated in 5 years or more
450690126,way,last_update,3-8-2021,Feature has not been updated in 5 years or more
450690127,way,last_update,3-8-2021,Feature has not been updated in 5 years or more
450690128,way,last_update,3-8-2021,Feature has not been updated in 5 years or more
450690129,way,last_update,3-8-2021,Feature has not been updated in 5 years or more
450690130,way,last_update,3-8-2021,Feature has not been updated in 5 years or more
450807160,way,last_update,17-8-2021,Feature has not been updated in 5 years or more
450807174,way,last_update,2-11-2016,Feature has not been updated in 5 years or more
451450071,way,last_update,4-11-2016,Feature has not been updated in 5 years or more
451450072,way,last_update,4-11-2016,Feature has not been updated in 5 years or more
451459491,way,last_update,4-11-2016,Feature has not been updated in 5 years or more
451466086,way,last_update,4-11-2016,Feature has not been updated in 5 years or more
451466087,way,last_update,4-11-2016,Feature has not been updated in 5 years or more
451466088,way,last_update,4-11-2016,Feature has not been updated in 5 years or more
451466092,way,last_update,4-11-2016,Feature has not been updated in 5 years or more
451469472,way,last_update,10-2-2021,Feature has not been updated in 5 years or more
451469473,way,last_update,4-11-2016,Feature has not been updated in 5 years or more
451469477,way,last_update,4-11-2016,Feature has not been updated in 5 years or more
451469478,way,last_update,4-11-2016,Feature has not been updated in 5 years or more
451469479,way,last_update,4-11-2016,Feature has not been updated in 5 years or more
451469480,way,last_update,4-11-2016,Feature has not been updated in 5 years or more
451469481,way,last_update,4-11-2016,Feature has not been updated in 5 years or more
451469482,way,last_update,4-11-2016,Feature has not been updated in 5 years or more
451469488,way,last_update,4-11-2016,Feature has not been updated in 5 years or more
451469489,way,last_update,4-11-2016,Feature has not been updated in 5 years or more
451470277,way,last_update,8-6-2019,Feature has not been updated in 5 years or more
451470278,way,last_update,8-6-2019,Feature has not been updated in 5 years or more
451472055,way,last_update,26-8-2019,Feature has not been updated in 5 years or more
451472056,way,last_update,4-11-2016,Feature has not been updated in 5 years or more
451472057,way,last_update,26-8-2019,Feature has not been updated in 5 years or more
451474803,way,last_update,4-11-2016,Feature has not been updated in 5 years or more
451474827,way,last_update,4-11-2016,Feature has not been updated in 5 years or more
451474829,way,last_update,4-11-2016,Feature has not been updated in 5 years or more
451479009,way,last_update,5-11-2016,Feature has not been updated in 5 years or more
451479010,way,last_update,5-11-2016,Feature has not been updated in 5 years or more
451479011,way,last_update,5-11-2016,Feature has not been updated in 5 years or more
451479121,way,last_update,5-11-2016,Feature has not been updated in 5 years or more
451479123,way,last_update,5-11-2016,Feature has not been updated in 5 years or more
451479125,way,last_update,5-11-2016,Feature has not been updated in 5 years or more
451479126,way,last_update,1-9-2018,Feature has not been updated in 5 years or more
451479127,way,last_update,1-9-2018,Feature has not been updated in 5 years or more
451479129,way,last_update,1-9-2018,Feature has not been updated in 5 years or more
451479652,way,last_update,5-11-2016,Feature has not been updated in 5 years or more
451479653,way,last_update,5-11-2016,Feature has not been updated in 5 years or more
451479654,way,last_update,5-11-2016,Feature has not been updated in 5 years or more
451479655,way,last_update,5-11-2016,Feature has not been updated in 5 years or more
451479656,way,last_update,5-11-2016,Feature has not been updated in 5 years or more
451479662,way,last_update,26-3-2019,Feature has not been updated in 5 years or more
451479667,way,last_update,5-11-2016,Feature has not been updated in 5 years or more
451479668,way,last_update,5-11-2016,Feature has not been updated in 5 years or more
451479669,way,last_update,5-11-2016,Feature has not been updated in 5 years or more
451480448,way,last_update,5-11-2016,Feature has not been updated in 5 years or more
451480449,way,last_update,5-11-2016,Feature has not been updated in 5 years or more
451480450,way,last_update,5-11-2016,Feature has not been updated in 5 years or more
451480451,way,last_update,5-11-2016,Feature has not been updated in 5 years or more
451480452,way,last_update,5-11-2016,Feature has not been updated in 5 years or more
451480455,way,last_update,5-11-2016,Feature has not been updated in 5 years or more
451480456,way,last_update,5-11-2016,Feature has not been updated in 5 years or more
451480660,way,last_update,3-6-2017,Feature has not been updated in 5 years or more
451480661,way,last_update,5-11-2016,Feature has not been updated in 5 years or more
451480662,way,last_update,5-11-2016,Feature has not been updated in 5 years or more
451480668,way,last_update,5-11-2016,Feature has not been updated in 5 years or more
451480669,way,last_update,5-11-2016,Feature has not been updated in 5 years or more
451480675,way,last_update,5-11-2016,Feature has not been updated in 5 years or more
451611552,way,last_update,5-11-2016,Feature has not been updated in 5 years or more
451611571,way,last_update,27-1-2018,Feature has not been updated in 5 years or more
451611572,way,last_update,5-11-2016,Feature has not been updated in 5 years or more
451612903,way,last_update,5-11-2016,Feature has not been updated in 5 years or more
451612904,way,last_update,5-11-2016,Feature has not been updated in 5 years or more
451612905,way,last_update,7-4-2019,Feature has not been updated in 5 years or more
451612906,way,last_update,7-4-2019,Feature has not been updated in 5 years or more
451612907,way,last_update,7-4-2019,Feature has not been updated in 5 years or more
451612908,way,last_update,5-11-2016,Feature has not been updated in 5 years or more
451612911,way,last_update,7-4-2019,Feature has not been updated in 5 years or more
451612912,way,last_update,5-11-2016,Feature has not been updated in 5 years or more
451612913,way,last_update,7-8-2017,Feature has not been updated in 5 years or more
451612914,way,last_update,7-4-2019,Feature has not been updated in 5 years or more
451612916,way,last_update,7-4-2019,Feature has not been updated in 5 years or more
451612918,way,last_update,13-3-2018,Feature has not been updated in 5 years or more
451612922,way,last_update,15-3-2018,Feature has not been updated in 5 years or more
451612923,way,last_update,15-3-2018,Feature has not been updated in 5 years or more
451612924,way,last_update,5-11-2016,Feature has not been updated in 5 years or more
451612925,way,last_update,15-3-2018,Feature has not been updated in 5 years or more
451612926,way,last_update,24-3-2019,Feature has not been updated in 5 years or more
451612927,way,last_update,24-3-2019,Feature has not been updated in 5 years or more
451612928,way,last_update,24-3-2019,Feature has not been updated in 5 years or more
451612929,way,last_update,24-3-2019,Feature has not been updated in 5 years or more
451614672,way,last_update,5-11-2016,Feature has not been updated in 5 years or more
451614673,way,last_update,5-11-2016,Feature has not been updated in 5 years or more
451614678,way,last_update,5-11-2016,Feature has not been updated in 5 years or more
451614679,way,last_update,5-11-2016,Feature has not been updated in 5 years or more
451614680,way,last_update,5-11-2016,Feature has not been updated in 5 years or more
451614681,way,last_update,5-11-2016,Feature has not been updated in 5 years or more
451615848,way,last_update,18-11-2019,Feature has not been updated in 5 years or more
451615860,way,last_update,4-12-2017,Feature has not been updated in 5 years or more
451616641,way,last_update,5-11-2016,Feature has not been updated in 5 years or more
451616642,way,last_update,5-11-2016,Feature has not been updated in 5 years or more
451631260,way,last_update,3-12-2019,Feature has not been updated in 5 years or more
451631270,way,last_update,27-9-2019,Feature has not been updated in 5 years or more
451631286,way,last_update,5-11-2016,Feature has not been updated in 5 years or more
451631287,way,last_update,16-11-2019,Feature has not been updated in 5 years or more
451631289,way,last_update,16-11-2019,Feature has not been updated in 5 years or more
451631290,way,last_update,1-11-2020,Feature has not been updated in 5 years or more
451633613,way,last_update,7-12-2020,Feature has not been updated in 5 years or more
451735633,way,last_update,19-11-2019,Feature has not been updated in 5 years or more
451735635,way,last_update,8-1-2020,Feature has not been updated in 5 years or more
451735636,way,last_update,6-11-2016,Feature has not been updated in 5 years or more
451738765,way,last_update,6-11-2016,Feature has not been updated in 5 years or more
451738801,way,last_update,6-11-2016,Feature has not been updated in 5 years or more
451738803,way,last_update,17-11-2016,Feature has not been updated in 5 years or more
451738807,way,last_update,6-11-2016,Feature has not been updated in 5 years or more
451738809,way,last_update,6-11-2016,Feature has not been updated in 5 years or more
451738815,way,last_update,6-11-2016,Feature has not been updated in 5 years or more
451739811,way,last_update,7-11-2018,Feature has not been updated in 5 years or more
451742484,way,last_update,6-11-2016,Feature has not been updated in 5 years or more
451742485,way,last_update,6-11-2016,Feature has not been updated in 5 years or more
451783712,way,last_update,6-11-2016,Feature has not been updated in 5 years or more
451783713,way,last_update,6-11-2016,Feature has not been updated in 5 years or more
451783714,way,last_update,6-11-2016,Feature has not been updated in 5 years or more
451787758,way,last_update,6-11-2016,Feature has not been updated in 5 years or more
451791185,way,last_update,6-11-2016,Feature has not been updated in 5 years or more
451791186,way,last_update,6-11-2016,Feature has not been updated in 5 years or more
451791187,way,last_update,6-11-2016,Feature has not been updated in 5 years or more
451791188,way,last_update,1-9-2020,Feature has not been updated in 5 years or more
451792717,way,last_update,4-7-2020,Feature has not been updated in 5 years or more
451792720,way,last_update,30-5-2021,Feature has not been updated in 5 years or more
451792723,way,last_update,6-11-2016,Feature has not been updated in 5 years or more
451792726,way,last_update,6-11-2016,Feature has not been updated in 5 years or more
451792730,way,last_update,6-11-2016,Feature has not been updated in 5 years or more
451792733,way,last_update,6-11-2016,Feature has not been updated in 5 years or more
451794160,way,last_update,14-8-2019,Feature has not been updated in 5 years or more
451794163,way,last_update,6-11-2016,Feature has not been updated in 5 years or more
451794164,way,last_update,6-11-2016,Feature has not been updated in 5 years or more
451794165,way,last_update,12-8-2019,Feature has not been updated in 5 years or more
451794172,way,last_update,6-11-2016,Feature has not been updated in 5 years or more
451794174,way,last_update,6-11-2016,Feature has not been updated in 5 years or more
451796583,way,last_update,26-4-2018,Feature has not been updated in 5 years or more
451796584,way,last_update,6-11-2016,Feature has not been updated in 5 years or more
451797237,way,last_update,6-11-2016,Feature has not been updated in 5 years or more
451961762,way,last_update,7-11-2016,Feature has not been updated in 5 years or more
451961776,way,last_update,7-11-2016,Feature has not been updated in 5 years or more
451964418,way,last_update,7-11-2016,Feature has not been updated in 5 years or more
451964436,way,last_update,16-2-2018,Feature has not been updated in 5 years or more
451964437,way,last_update,7-11-2016,Feature has not been updated in 5 years or more
451964439,way,last_update,7-11-2016,Feature has not been updated in 5 years or more
452095282,way,last_update,28-9-2019,Feature has not been updated in 5 years or more
452146027,way,last_update,8-11-2016,Feature has not been updated in 5 years or more
452146029,way,last_update,29-12-2016,Feature has not been updated in 5 years or more
452146030,way,last_update,29-12-2016,Feature has not been updated in 5 years or more
452334347,way,last_update,10-11-2016,Feature has not been updated in 5 years or more
452724551,way,last_update,28-9-2019,Feature has not been updated in 5 years or more
452781641,way,last_update,6-3-2021,Feature has not been updated in 5 years or more
452786715,way,last_update,6-3-2021,Feature has not been updated in 5 years or more
452787627,way,last_update,11-11-2016,Feature has not been updated in 5 years or more
452930157,way,last_update,12-11-2016,Feature has not been updated in 5 years or more
452930158,way,last_update,12-11-2016,Feature has not been updated in 5 years or more
452930160,way,last_update,12-11-2016,Feature has not been updated in 5 years or more
452930161,way,last_update,12-11-2016,Feature has not been updated in 5 years or more
452930162,way,last_update,12-11-2016,Feature has not been updated in 5 years or more
452930163,way,last_update,12-11-2016,Feature has not been updated in 5 years or more
452930164,way,last_update,1-7-2021,Feature has not been updated in 5 years or more
452930165,way,last_update,1-7-2021,Feature has not been updated in 5 years or more
452930166,way,last_update,1-7-2021,Feature has not been updated in 5 years or more
452930167,way,last_update,12-11-2016,Feature has not been updated in 5 years or more
452930169,way,last_update,12-11-2020,Feature has not been updated in 5 years or more
452930170,way,last_update,12-11-2016,Feature has not been updated in 5 years or more
452930171,way,last_update,6-2-2018,Feature has not been updated in 5 years or more
452930172,way,last_update,12-11-2016,Feature has not been updated in 5 years or more
452930173,way,last_update,12-11-2016,Feature has not been updated in 5 years or more
452930191,way,last_update,12-11-2016,Feature has not been updated in 5 years or more
452930192,way,last_update,12-11-2016,Feature has not been updated in 5 years or more
452930193,way,last_update,12-11-2016,Feature has not been updated in 5 years or more
452932101,way,last_update,12-11-2016,Feature has not been updated in 5 years or more
452932102,way,last_update,12-11-2016,Feature has not been updated in 5 years or more
452932103,way,last_update,12-11-2016,Feature has not been updated in 5 years or more
452932104,way,last_update,12-11-2016,Feature has not been updated in 5 years or more
452932107,way,last_update,12-11-2016,Feature has not been updated in 5 years or more
452932108,way,last_update,12-11-2016,Feature has not been updated in 5 years or more
452932118,way,last_update,9-5-2018,Feature has not been updated in 5 years or more
452932121,way,last_update,12-11-2016,Feature has not been updated in 5 years or more
452932805,way,last_update,6-2-2018,Feature has not been updated in 5 years or more
452932807,way,last_update,12-11-2016,Feature has not been updated in 5 years or more
452932816,way,last_update,12-11-2016,Feature has not been updated in 5 years or more
452932818,way,last_update,12-11-2016,Feature has not been updated in 5 years or more
452932820,way,last_update,16-2-2020,Feature has not been updated in 5 years or more
452932822,way,last_update,12-11-2016,Feature has not been updated in 5 years or more
453068037,way,last_update,8-3-2017,Feature has not been updated in 5 years or more
453068038,way,last_update,23-5-2019,Feature has not been updated in 5 years or more
453068039,way,last_update,13-11-2016,Feature has not been updated in 5 years or more
453068040,way,last_update,13-11-2016,Feature has not been updated in 5 years or more
453068041,way,last_update,8-3-2017,Feature has not been updated in 5 years or more
453068042,way,last_update,13-11-2016,Feature has not been updated in 5 years or more
453074096,way,last_update,13-11-2016,Feature has not been updated in 5 years or more
453074097,way,last_update,13-11-2016,Feature has not been updated in 5 years or more
453112086,way,last_update,13-11-2016,Feature has not been updated in 5 years or more
453112096,way,last_update,13-11-2016,Feature has not been updated in 5 years or more
453112102,way,last_update,13-11-2016,Feature has not been updated in 5 years or more
453112103,way,last_update,13-11-2016,Feature has not been updated in 5 years or more
453112104,way,last_update,9-3-2018,Feature has not been updated in 5 years or more
453112105,way,last_update,13-11-2016,Feature has not been updated in 5 years or more
453112106,way,last_update,13-11-2016,Feature has not been updated in 5 years or more
453114487,way,last_update,13-11-2016,Feature has not been updated in 5 years or more
453114488,way,last_update,13-11-2016,Feature has not been updated in 5 years or more
453114489,way,last_update,13-11-2016,Feature has not been updated in 5 years or more
453114490,way,last_update,13-11-2016,Feature has not been updated in 5 years or more
453114491,way,last_update,13-11-2016,Feature has not been updated in 5 years or more
453114494,way,last_update,13-11-2016,Feature has not been updated in 5 years or more
453114497,way,last_update,13-11-2016,Feature has not been updated in 5 years or more
453114498,way,last_update,13-11-2016,Feature has not been updated in 5 years or more
453114500,way,last_update,13-11-2016,Feature has not been updated in 5 years or more
453114502,way,last_update,13-11-2016,Feature has not been updated in 5 years or more
453114504,way,last_update,13-11-2016,Feature has not been updated in 5 years or more
453114508,way,last_update,11-6-2018,Feature has not been updated in 5 years or more
453114511,way,last_update,11-6-2018,Feature has not been updated in 5 years or more
453114513,way,last_update,11-6-2018,Feature has not been updated in 5 years or more
453114515,way,last_update,1-3-2018,Feature has not been updated in 5 years or more
453114517,way,last_update,1-3-2018,Feature has not been updated in 5 years or more
453114519,way,last_update,5-2-2018,Feature has not been updated in 5 years or more
453114521,way,last_update,1-3-2018,Feature has not been updated in 5 years or more
453114524,way,last_update,1-3-2018,Feature has not been updated in 5 years or more
453114525,way,last_update,5-2-2018,Feature has not been updated in 5 years or more
453114549,way,last_update,13-11-2016,Feature has not been updated in 5 years or more
453114553,way,last_update,1-3-2018,Feature has not been updated in 5 years or more
453114554,way,last_update,1-3-2018,Feature has not been updated in 5 years or more
453114556,way,last_update,1-3-2018,Feature has not been updated in 5 years or more
453114559,way,last_update,13-11-2016,Feature has not been updated in 5 years or more
453114561,way,last_update,13-11-2016,Feature has not been updated in 5 years or more
453114563,way,last_update,3-12-2017,Feature has not been updated in 5 years or more
453114565,way,last_update,2-12-2017,Feature has not been updated in 5 years or more
453114567,way,last_update,13-11-2016,Feature has not been updated in 5 years or more
453114569,way,last_update,13-11-2016,Feature has not been updated in 5 years or more
453116312,way,last_update,13-11-2016,Feature has not been updated in 5 years or more
453116313,way,last_update,13-11-2016,Feature has not been updated in 5 years or more
453116314,way,last_update,13-11-2016,Feature has not been updated in 5 years or more
453116315,way,last_update,13-11-2016,Feature has not been updated in 5 years or more
453116317,way,last_update,1-3-2018,Feature has not been updated in 5 years or more
453116318,way,last_update,2-12-2017,Feature has not been updated in 5 years or more
453116321,way,last_update,13-11-2016,Feature has not been updated in 5 years or more
453117157,way,last_update,13-11-2016,Feature has not been updated in 5 years or more
453117558,way,last_update,13-11-2016,Feature has not been updated in 5 years or more
453117559,way,last_update,13-11-2016,Feature has not been updated in 5 years or more
453117560,way,last_update,13-11-2016,Feature has not been updated in 5 years or more
453117561,way,last_update,13-11-2016,Feature has not been updated in 5 years or more
453117565,way,last_update,13-1-2017,Feature has not been updated in 5 years or more
453118331,way,last_update,13-11-2016,Feature has not been updated in 5 years or more
453118332,way,last_update,13-11-2016,Feature has not been updated in 5 years or more
453118336,way,last_update,1-3-2018,Feature has not been updated in 5 years or more
453118337,way,last_update,1-3-2018,Feature has not been updated in 5 years or more
453118338,way,last_update,1-3-2018,Feature has not been updated in 5 years or more
453118339,way,last_update,1-3-2018,Feature has not been updated in 5 years or more
453118341,way,last_update,13-11-2016,Feature has not been updated in 5 years or more
453118342,way,last_update,1-3-2018,Feature has not been updated in 5 years or more
453118632,way,last_update,1-3-2018,Feature has not been updated in 5 years or more
453118633,way,last_update,1-3-2018,Feature has not been updated in 5 years or more
453118634,way,last_update,13-11-2016,Feature has not been updated in 5 years or more
453118635,way,last_update,7-4-2019,Feature has not been updated in 5 years or more
453118760,way,last_update,13-11-2016,Feature has not been updated in 5 years or more
453118761,way,last_update,13-11-2016,Feature has not been updated in 5 years or more
453118762,way,last_update,13-11-2016,Feature has not been updated in 5 years or more
453118763,way,last_update,13-11-2016,Feature has not been updated in 5 years or more
453118764,way,last_update,15-3-2018,Feature has not been updated in 5 years or more
453118765,way,last_update,15-3-2018,Feature has not been updated in 5 years or more
453133649,way,last_update,29-11-2018,Feature has not been updated in 5 years or more
453133650,way,last_update,13-11-2016,Feature has not been updated in 5 years or more
453133651,way,last_update,13-11-2016,Feature has not been updated in 5 years or more
453133654,way,last_update,8-6-2018,Feature has not been updated in 5 years or more
453133657,way,last_update,13-11-2016,Feature has not been updated in 5 years or more
453133664,way,last_update,13-11-2016,Feature has not been updated in 5 years or more
453133665,way,last_update,13-11-2016,Feature has not been updated in 5 years or more
453133666,way,last_update,13-11-2016,Feature has not been updated in 5 years or more
453133670,way,last_update,13-11-2016,Feature has not been updated in 5 years or more
453133671,way,last_update,13-11-2016,Feature has not been updated in 5 years or more
453133672,way,last_update,13-11-2016,Feature has not been updated in 5 years or more
453133673,way,last_update,13-11-2016,Feature has not been updated in 5 years or more
453133676,way,last_update,13-11-2016,Feature has not been updated in 5 years or more
453133677,way,last_update,13-11-2016,Feature has not been updated in 5 years or more
453134357,way,last_update,13-11-2016,Feature has not been updated in 5 years or more
453134358,way,last_update,13-11-2016,Feature has not been updated in 5 years or more
453134359,way,last_update,13-11-2016,Feature has not been updated in 5 years or more
453134360,way,last_update,13-11-2016,Feature has not been updated in 5 years or more
453134361,way,last_update,13-11-2016,Feature has not been updated in 5 years or more
453427249,way,last_update,15-11-2016,Feature has not been updated in 5 years or more
453776139,way,last_update,5-12-2018,Feature has not been updated in 5 years or more
453779739,way,last_update,16-11-2016,Feature has not been updated in 5 years or more
454054049,way,last_update,13-1-2020,Feature has not been updated in 5 years or more
454054050,way,last_update,13-1-2020,Feature has not been updated in 5 years or more
454054063,way,last_update,13-1-2020,Feature has not been updated in 5 years or more
454054072,way,last_update,13-1-2020,Feature has not been updated in 5 years or more
454054989,way,last_update,17-11-2016,Feature has not been updated in 5 years or more
454054993,way,last_update,17-11-2016,Feature has not been updated in 5 years or more
454054994,way,last_update,17-11-2016,Feature has not been updated in 5 years or more
454057648,way,last_update,17-11-2016,Feature has not been updated in 5 years or more
454057649,way,last_update,17-11-2016,Feature has not been updated in 5 years or more
454057650,way,last_update,17-11-2016,Feature has not been updated in 5 years or more
454058483,way,last_update,24-3-2019,Feature has not been updated in 5 years or more
454058487,way,last_update,17-11-2016,Feature has not been updated in 5 years or more
454058488,way,last_update,23-3-2019,Feature has not been updated in 5 years or more
454058489,way,last_update,23-3-2019,Feature has not been updated in 5 years or more
454058490,way,last_update,23-3-2019,Feature has not been updated in 5 years or more
454058493,way,last_update,17-11-2016,Feature has not been updated in 5 years or more
454058495,way,last_update,17-11-2016,Feature has not been updated in 5 years or more
454059951,way,last_update,17-11-2016,Feature has not been updated in 5 years or more
454059953,way,last_update,17-11-2016,Feature has not been updated in 5 years or more
454059954,way,last_update,17-11-2016,Feature has not been updated in 5 years or more
454059955,way,last_update,17-11-2016,Feature has not been updated in 5 years or more
454059956,way,last_update,17-11-2016,Feature has not been updated in 5 years or more
454059957,way,last_update,17-11-2016,Feature has not been updated in 5 years or more
454059958,way,last_update,17-11-2016,Feature has not been updated in 5 years or more
454119494,way,last_update,18-11-2016,Feature has not been updated in 5 years or more
454119495,way,last_update,18-11-2016,Feature has not been updated in 5 years or more
454119498,way,last_update,18-11-2016,Feature has not been updated in 5 years or more
454119522,way,last_update,18-11-2016,Feature has not been updated in 5 years or more
454119525,way,last_update,18-11-2016,Feature has not been updated in 5 years or more
454119526,way,last_update,18-11-2016,Feature has not been updated in 5 years or more
454119527,way,last_update,18-11-2016,Feature has not been updated in 5 years or more
454119538,way,last_update,10-4-2018,Feature has not been updated in 5 years or more
454119539,way,last_update,11-8-2020,Feature has not been updated in 5 years or more
454119540,way,last_update,10-4-2018,Feature has not been updated in 5 years or more
454119541,way,last_update,27-3-2019,Feature has not been updated in 5 years or more
454119543,way,last_update,10-4-2018,Feature has not been updated in 5 years or more
454119544,way,last_update,27-3-2019,Feature has not been updated in 5 years or more
454120541,way,last_update,27-3-2019,Feature has not been updated in 5 years or more
454120556,way,last_update,30-7-2020,Feature has not been updated in 5 years or more
454120559,way,last_update,17-4-2018,Feature has not been updated in 5 years or more
454120705,way,last_update,18-11-2016,Feature has not been updated in 5 years or more
454120706,way,last_update,18-11-2016,Feature has not been updated in 5 years or more
454121485,way,last_update,18-11-2016,Feature has not been updated in 5 years or more
454121854,way,last_update,18-11-2016,Feature has not been updated in 5 years or more
454121857,way,last_update,9-7-2021,Feature has not been updated in 5 years or more
454121858,way,last_update,9-7-2021,Feature has not been updated in 5 years or more
454121859,way,last_update,9-7-2021,Feature has not been updated in 5 years or more
454376561,way,last_update,18-11-2016,Feature has not been updated in 5 years or more
454376566,way,last_update,17-12-2020,Feature has not been updated in 5 years or more
454376568,way,last_update,17-12-2020,Feature has not been updated in 5 years or more
454376573,way,last_update,18-11-2016,Feature has not been updated in 5 years or more
454376579,way,last_update,18-11-2016,Feature has not been updated in 5 years or more
454519344,way,last_update,19-11-2016,Feature has not been updated in 5 years or more
454519345,way,last_update,19-11-2016,Feature has not been updated in 5 years or more
454519368,way,last_update,19-11-2016,Feature has not been updated in 5 years or more
454519373,way,last_update,19-11-2016,Feature has not been updated in 5 years or more
454519374,way,last_update,19-11-2016,Feature has not been updated in 5 years or more
454519379,way,last_update,19-11-2016,Feature has not been updated in 5 years or more
454522733,way,last_update,10-7-2021,Feature has not been updated in 5 years or more
454522734,way,last_update,5-8-2021,Feature has not been updated in 5 years or more
454522735,way,last_update,5-8-2021,Feature has not been updated in 5 years or more
454522738,way,last_update,15-7-2021,Feature has not been updated in 5 years or more
454523169,way,last_update,4-8-2021,Feature has not been updated in 5 years or more
454523170,way,last_update,5-7-2021,Feature has not been updated in 5 years or more
454523171,way,last_update,19-11-2016,Feature has not been updated in 5 years or more
454528181,way,last_update,19-11-2016,Feature has not been updated in 5 years or more
454528473,way,last_update,17-12-2020,Feature has not been updated in 5 years or more
454554129,way,last_update,30-9-2018,Feature has not been updated in 5 years or more
454554130,way,last_update,30-9-2018,Feature has not been updated in 5 years or more
454554168,way,last_update,30-9-2018,Feature has not been updated in 5 years or more
454554173,way,last_update,19-11-2016,Feature has not been updated in 5 years or more
454554174,way,last_update,19-11-2016,Feature has not been updated in 5 years or more
454555616,way,last_update,19-11-2016,Feature has not been updated in 5 years or more
454555620,way,last_update,19-11-2016,Feature has not been updated in 5 years or more
454555623,way,last_update,19-11-2016,Feature has not been updated in 5 years or more
454555624,way,last_update,19-11-2016,Feature has not been updated in 5 years or more
454555626,way,last_update,19-11-2016,Feature has not been updated in 5 years or more
454555627,way,last_update,10-2-2021,Feature has not been updated in 5 years or more
454555628,way,last_update,10-2-2021,Feature has not been updated in 5 years or more
454557321,way,last_update,30-9-2018,Feature has not been updated in 5 years or more
454557322,way,last_update,30-9-2018,Feature has not been updated in 5 years or more
454557323,way,last_update,30-9-2018,Feature has not been updated in 5 years or more
454557324,way,last_update,30-9-2018,Feature has not been updated in 5 years or more
454557328,way,last_update,26-12-2016,Feature has not been updated in 5 years or more
454557331,way,last_update,19-11-2016,Feature has not been updated in 5 years or more
454557534,way,last_update,19-11-2016,Feature has not been updated in 5 years or more
454557537,way,last_update,19-11-2016,Feature has not been updated in 5 years or more
454557538,way,last_update,19-11-2016,Feature has not been updated in 5 years or more
454557539,way,last_update,19-11-2016,Feature has not been updated in 5 years or more
454557540,way,last_update,19-11-2016,Feature has not been updated in 5 years or more
454565021,way,last_update,19-11-2016,Feature has not been updated in 5 years or more
454565022,way,last_update,19-11-2016,Feature has not been updated in 5 years or more
454565023,way,last_update,19-11-2016,Feature has not been updated in 5 years or more
454565024,way,last_update,16-4-2018,Feature has not been updated in 5 years or more
454565025,way,last_update,16-4-2018,Feature has not been updated in 5 years or more
454565026,way,last_update,19-11-2016,Feature has not been updated in 5 years or more
454565028,way,last_update,19-11-2016,Feature has not been updated in 5 years or more
454565029,way,last_update,19-11-2016,Feature has not been updated in 5 years or more
454565609,way,last_update,19-11-2016,Feature has not been updated in 5 years or more
454565610,way,last_update,19-11-2016,Feature has not been updated in 5 years or more
454565611,way,last_update,19-11-2016,Feature has not been updated in 5 years or more
454565612,way,last_update,19-11-2016,Feature has not been updated in 5 years or more
454569530,way,last_update,2-9-2018,Feature has not been updated in 5 years or more
454569532,way,last_update,2-9-2018,Feature has not been updated in 5 years or more
454569533,way,last_update,19-11-2016,Feature has not been updated in 5 years or more
454569534,way,last_update,19-11-2016,Feature has not been updated in 5 years or more
454569535,way,last_update,19-11-2016,Feature has not been updated in 5 years or more
454570694,way,last_update,19-11-2016,Feature has not been updated in 5 years or more
454570695,way,last_update,19-11-2016,Feature has not been updated in 5 years or more
454572647,way,last_update,19-11-2016,Feature has not been updated in 5 years or more
454572648,way,last_update,19-11-2016,Feature has not been updated in 5 years or more
454572649,way,last_update,19-11-2016,Feature has not been updated in 5 years or more
454572650,way,last_update,19-11-2016,Feature has not been updated in 5 years or more
454572651,way,last_update,19-11-2016,Feature has not been updated in 5 years or more
454574552,way,last_update,17-12-2020,Feature has not been updated in 5 years or more
454574553,way,last_update,19-11-2016,Feature has not been updated in 5 years or more
454574554,way,last_update,19-11-2016,Feature has not been updated in 5 years or more
454590960,way,last_update,20-11-2016,Feature has not been updated in 5 years or more
454590961,way,last_update,20-11-2016,Feature has not been updated in 5 years or more
454590962,way,last_update,20-11-2016,Feature has not been updated in 5 years or more
454590963,way,last_update,20-11-2016,Feature has not been updated in 5 years or more
454590965,way,last_update,20-11-2016,Feature has not been updated in 5 years or more
454590967,way,last_update,20-11-2016,Feature has not been updated in 5 years or more
454590969,way,last_update,20-11-2016,Feature has not been updated in 5 years or more
454590971,way,last_update,20-11-2016,Feature has not been updated in 5 years or more
454601499,way,last_update,18-9-2018,Feature has not been updated in 5 years or more
454601500,way,last_update,20-11-2016,Feature has not been updated in 5 years or more
454601501,way,last_update,20-11-2016,Feature has not been updated in 5 years or more
454601502,way,last_update,20-11-2016,Feature has not been updated in 5 years or more
454601503,way,last_update,20-11-2016,Feature has not been updated in 5 years or more
454601504,way,last_update,20-11-2016,Feature has not been updated in 5 years or more
454601508,way,last_update,20-11-2016,Feature has not been updated in 5 years or more
454601509,way,last_update,20-11-2016,Feature has not been updated in 5 years or more
454601516,way,last_update,13-10-2018,Feature has not been updated in 5 years or more
454601521,way,last_update,13-10-2018,Feature has not been updated in 5 years or more
454602192,way,last_update,20-11-2016,Feature has not been updated in 5 years or more
454602193,way,last_update,20-11-2016,Feature has not been updated in 5 years or more
454602205,way,last_update,20-11-2016,Feature has not been updated in 5 years or more
454602209,way,last_update,17-4-2021,Feature has not been updated in 5 years or more
454602210,way,last_update,17-4-2021,Feature has not been updated in 5 years or more
454602211,way,last_update,17-4-2021,Feature has not been updated in 5 years or more
454698481,way,last_update,20-11-2016,Feature has not been updated in 5 years or more
456075423,way,last_update,26-11-2016,Feature has not been updated in 5 years or more
456111495,way,last_update,4-8-2021,Feature has not been updated in 5 years or more
456111496,way,last_update,4-8-2021,Feature has not been updated in 5 years or more
456111497,way,last_update,4-8-2021,Feature has not been updated in 5 years or more
456113069,way,last_update,26-11-2016,Feature has not been updated in 5 years or more
456113070,way,last_update,26-11-2016,Feature has not been updated in 5 years or more
456113079,way,last_update,14-8-2018,Feature has not been updated in 5 years or more
456113081,way,last_update,26-11-2016,Feature has not been updated in 5 years or more
456113082,way,last_update,10-4-2017,Feature has not been updated in 5 years or more
456113084,way,last_update,26-11-2016,Feature has not been updated in 5 years or more
456113087,way,last_update,26-11-2016,Feature has not been updated in 5 years or more
456113088,way,last_update,26-11-2016,Feature has not been updated in 5 years or more
456113089,way,last_update,26-11-2016,Feature has not been updated in 5 years or more
456113090,way,last_update,26-11-2016,Feature has not been updated in 5 years or more
456113091,way,last_update,26-11-2016,Feature has not been updated in 5 years or more
456113093,way,last_update,26-11-2016,Feature has not been updated in 5 years or more
456113655,way,last_update,9-6-2018,Feature has not been updated in 5 years or more
456113656,way,last_update,26-11-2016,Feature has not been updated in 5 years or more
456113657,way,last_update,9-6-2018,Feature has not been updated in 5 years or more
456113658,way,last_update,9-6-2018,Feature has not been updated in 5 years or more
456113660,way,last_update,26-11-2016,Feature has not been updated in 5 years or more
456113661,way,last_update,26-11-2016,Feature has not been updated in 5 years or more
456113662,way,last_update,26-11-2016,Feature has not been updated in 5 years or more
456113663,way,last_update,26-11-2016,Feature has not been updated in 5 years or more
456113665,way,last_update,18-8-2020,Feature has not been updated in 5 years or more
456113898,way,last_update,26-11-2016,Feature has not been updated in 5 years or more
456113899,way,last_update,26-11-2016,Feature has not been updated in 5 years or more
456121375,way,last_update,2-7-2018,Feature has not been updated in 5 years or more
456121376,way,last_update,2-7-2018,Feature has not been updated in 5 years or more
456121377,way,last_update,26-11-2016,Feature has not been updated in 5 years or more
457284890,way,last_update,21-2-2019,Feature has not been updated in 5 years or more
457284891,way,last_update,2-12-2016,Feature has not been updated in 5 years or more
457362183,way,last_update,16-3-2017,Feature has not been updated in 5 years or more
457362184,way,last_update,3-12-2016,Feature has not been updated in 5 years or more
457362185,way,last_update,3-12-2016,Feature has not been updated in 5 years or more
457506123,way,last_update,3-12-2016,Feature has not been updated in 5 years or more
457506124,way,last_update,3-12-2016,Feature has not been updated in 5 years or more
457506125,way,last_update,3-12-2016,Feature has not been updated in 5 years or more
457506126,way,last_update,3-12-2016,Feature has not been updated in 5 years or more
457506127,way,last_update,3-12-2016,Feature has not been updated in 5 years or more
457506128,way,last_update,3-12-2016,Feature has not been updated in 5 years or more
457506134,way,last_update,3-12-2016,Feature has not been updated in 5 years or more
457506136,way,last_update,1-5-2017,Feature has not been updated in 5 years or more
457506139,way,last_update,1-5-2017,Feature has not been updated in 5 years or more
457506142,way,last_update,3-12-2016,Feature has not been updated in 5 years or more
457508214,way,last_update,3-12-2016,Feature has not been updated in 5 years or more
458008832,way,last_update,6-12-2016,Feature has not been updated in 5 years or more
458008833,way,last_update,6-12-2016,Feature has not been updated in 5 years or more
458008844,way,last_update,6-12-2016,Feature has not been updated in 5 years or more
458008845,way,last_update,6-12-2016,Feature has not been updated in 5 years or more
458008846,way,last_update,6-12-2016,Feature has not been updated in 5 years or more
458008852,way,last_update,6-12-2016,Feature has not been updated in 5 years or more
458008853,way,last_update,6-12-2016,Feature has not been updated in 5 years or more
458008855,way,last_update,6-12-2016,Feature has not been updated in 5 years or more
458008856,way,last_update,6-12-2016,Feature has not been updated in 5 years or more
458009778,way,last_update,6-12-2016,Feature has not been updated in 5 years or more
458009780,way,last_update,6-12-2016,Feature has not been updated in 5 years or more
458009786,way,last_update,6-12-2016,Feature has not been updated in 5 years or more
458009787,way,last_update,6-12-2016,Feature has not been updated in 5 years or more
458009788,way,last_update,6-12-2016,Feature has not been updated in 5 years or more
458009791,way,last_update,6-2-2018,Feature has not been updated in 5 years or more
458009792,way,last_update,6-12-2016,Feature has not been updated in 5 years or more
458009793,way,last_update,6-2-2018,Feature has not been updated in 5 years or more
458009794,way,last_update,6-2-2018,Feature has not been updated in 5 years or more
458009795,way,last_update,6-2-2018,Feature has not been updated in 5 years or more
458009796,way,last_update,6-12-2016,Feature has not been updated in 5 years or more
458009797,way,last_update,14-2-2018,Feature has not been updated in 5 years or more
458009798,way,last_update,6-12-2016,Feature has not been updated in 5 years or more
458009799,way,last_update,19-4-2018,Feature has not been updated in 5 years or more
458009800,way,last_update,6-12-2016,Feature has not been updated in 5 years or more
458009801,way,last_update,6-12-2016,Feature has not been updated in 5 years or more
458009802,way,last_update,6-12-2016,Feature has not been updated in 5 years or more
458009803,way,last_update,6-12-2016,Feature has not been updated in 5 years or more
458009804,way,last_update,6-12-2016,Feature has not been updated in 5 years or more
458009805,way,last_update,6-12-2016,Feature has not been updated in 5 years or more
458009810,way,last_update,6-12-2016,Feature has not been updated in 5 years or more
458009811,way,last_update,5-2-2018,Feature has not been updated in 5 years or more
458009812,way,last_update,6-12-2016,Feature has not been updated in 5 years or more
458009813,way,last_update,6-12-2016,Feature has not been updated in 5 years or more
458009814,way,last_update,6-2-2018,Feature has not been updated in 5 years or more
458009815,way,last_update,6-12-2016,Feature has not been updated in 5 years or more
458009816,way,last_update,6-2-2018,Feature has not been updated in 5 years or more
458009818,way,last_update,6-2-2018,Feature has not been updated in 5 years or more
458009819,way,last_update,6-12-2016,Feature has not been updated in 5 years or more
458009820,way,last_update,6-12-2016,Feature has not been updated in 5 years or more
458009821,way,last_update,6-12-2016,Feature has not been updated in 5 years or more
458009822,way,last_update,14-2-2018,Feature has not been updated in 5 years or more
458009823,way,last_update,6-12-2016,Feature has not been updated in 5 years or more
458187946,way,last_update,7-12-2016,Feature has not been updated in 5 years or more
458187948,way,last_update,7-12-2016,Feature has not been updated in 5 years or more
458187951,way,last_update,7-12-2016,Feature has not been updated in 5 years or more
458187953,way,last_update,7-12-2016,Feature has not been updated in 5 years or more
458189149,way,last_update,17-3-2019,Feature has not been updated in 5 years or more
458189150,way,last_update,17-3-2019,Feature has not been updated in 5 years or more
458189157,way,last_update,7-12-2016,Feature has not been updated in 5 years or more
458581380,way,last_update,8-12-2016,Feature has not been updated in 5 years or more
458581381,way,last_update,8-12-2016,Feature has not been updated in 5 years or more
458581382,way,last_update,8-12-2016,Feature has not been updated in 5 years or more
458581383,way,last_update,8-12-2016,Feature has not been updated in 5 years or more
458581385,way,last_update,8-12-2016,Feature has not been updated in 5 years or more
458581386,way,last_update,8-12-2016,Feature has not been updated in 5 years or more
458581387,way,last_update,8-12-2016,Feature has not been updated in 5 years or more
458581388,way,last_update,8-12-2016,Feature has not been updated in 5 years or more
458581389,way,last_update,8-12-2016,Feature has not been updated in 5 years or more
458581390,way,last_update,8-12-2016,Feature has not been updated in 5 years or more
458581392,way,last_update,8-12-2016,Feature has not been updated in 5 years or more
458581395,way,last_update,27-9-2018,Feature has not been updated in 5 years or more
458581396,way,last_update,27-9-2018,Feature has not been updated in 5 years or more
458582915,way,last_update,8-12-2016,Feature has not been updated in 5 years or more
458582917,way,last_update,8-12-2016,Feature has not been updated in 5 years or more
458582918,way,last_update,8-12-2016,Feature has not been updated in 5 years or more
458582919,way,last_update,8-12-2016,Feature has not been updated in 5 years or more
458582920,way,last_update,8-12-2016,Feature has not been updated in 5 years or more
458582921,way,last_update,27-9-2018,Feature has not been updated in 5 years or more
458582928,way,last_update,8-12-2016,Feature has not been updated in 5 years or more
458582929,way,last_update,8-12-2016,Feature has not been updated in 5 years or more
458582930,way,last_update,8-12-2016,Feature has not been updated in 5 years or more
458582931,way,last_update,8-12-2016,Feature has not been updated in 5 years or more
458582932,way,last_update,8-12-2016,Feature has not been updated in 5 years or more
458582933,way,last_update,27-9-2018,Feature has not been updated in 5 years or more
458582934,way,last_update,8-12-2016,Feature has not been updated in 5 years or more
458582935,way,last_update,8-12-2016,Feature has not been updated in 5 years or more
458584129,way,last_update,8-12-2016,Feature has not been updated in 5 years or more
458584133,way,last_update,8-12-2016,Feature has not been updated in 5 years or more
458584135,way,last_update,8-12-2016,Feature has not been updated in 5 years or more
458584136,way,last_update,8-12-2016,Feature has not been updated in 5 years or more
458584137,way,last_update,8-12-2016,Feature has not been updated in 5 years or more
458584138,way,last_update,8-12-2016,Feature has not been updated in 5 years or more
458584139,way,last_update,8-12-2016,Feature has not been updated in 5 years or more
458584408,way,last_update,8-12-2016,Feature has not been updated in 5 years or more
458584409,way,last_update,8-12-2016,Feature has not been updated in 5 years or more
458584411,way,last_update,8-12-2016,Feature has not been updated in 5 years or more
458584412,way,last_update,8-12-2016,Feature has not been updated in 5 years or more
458584450,way,last_update,8-12-2016,Feature has not been updated in 5 years or more
458586266,way,last_update,8-12-2016,Feature has not been updated in 5 years or more
458586267,way,last_update,8-12-2016,Feature has not been updated in 5 years or more
458587512,way,last_update,9-12-2016,Feature has not been updated in 5 years or more
458587513,way,last_update,9-12-2016,Feature has not been updated in 5 years or more
458587514,way,last_update,9-12-2016,Feature has not been updated in 5 years or more
458587515,way,last_update,9-12-2016,Feature has not been updated in 5 years or more
458587516,way,last_update,9-12-2016,Feature has not been updated in 5 years or more
458587517,way,last_update,9-12-2016,Feature has not been updated in 5 years or more
458587518,way,last_update,9-12-2016,Feature has not been updated in 5 years or more
458587521,way,last_update,9-12-2016,Feature has not been updated in 5 years or more
458587522,way,last_update,27-9-2020,Feature has not been updated in 5 years or more
458587852,way,last_update,9-12-2016,Feature has not been updated in 5 years or more
458587853,way,last_update,9-12-2016,Feature has not been updated in 5 years or more
458587854,way,last_update,9-12-2016,Feature has not been updated in 5 years or more
458588226,way,last_update,9-12-2016,Feature has not been updated in 5 years or more
458588993,way,last_update,1-12-2020,Feature has not been updated in 5 years or more
458588994,way,last_update,1-12-2020,Feature has not been updated in 5 years or more
458588995,way,last_update,1-12-2020,Feature has not been updated in 5 years or more
458588997,way,last_update,9-12-2016,Feature has not been updated in 5 years or more
458774672,way,last_update,1-12-2020,Feature has not been updated in 5 years or more
458774673,way,last_update,1-12-2020,Feature has not been updated in 5 years or more
458774674,way,last_update,9-12-2016,Feature has not been updated in 5 years or more
458774675,way,last_update,9-12-2016,Feature has not been updated in 5 years or more
458774677,way,last_update,9-12-2016,Feature has not been updated in 5 years or more
458774678,way,last_update,9-12-2016,Feature has not been updated in 5 years or more
458774679,way,last_update,9-12-2016,Feature has not been updated in 5 years or more
458774680,way,last_update,9-12-2016,Feature has not been updated in 5 years or more
458774681,way,last_update,9-12-2016,Feature has not been updated in 5 years or more
458774682,way,last_update,9-12-2016,Feature has not been updated in 5 years or more
458774683,way,last_update,9-12-2016,Feature has not been updated in 5 years or more
458774686,way,last_update,9-12-2016,Feature has not been updated in 5 years or more
458774687,way,last_update,9-12-2016,Feature has not been updated in 5 years or more
458774689,way,last_update,9-12-2016,Feature has not been updated in 5 years or more
458774690,way,last_update,9-12-2016,Feature has not been updated in 5 years or more
458774691,way,last_update,9-12-2016,Feature has not been updated in 5 years or more
458774692,way,last_update,9-12-2016,Feature has not been updated in 5 years or more
458774693,way,last_update,9-12-2016,Feature has not been updated in 5 years or more
458774694,way,last_update,9-12-2016,Feature has not been updated in 5 years or more
458774695,way,last_update,9-12-2016,Feature has not been updated in 5 years or more
458774697,way,last_update,27-9-2018,Feature has not been updated in 5 years or more
458774698,way,last_update,9-12-2016,Feature has not been updated in 5 years or more
458774699,way,last_update,27-9-2018,Feature has not been updated in 5 years or more
458774702,way,last_update,9-12-2016,Feature has not been updated in 5 years or more
458774705,way,last_update,9-12-2016,Feature has not been updated in 5 years or more
458774706,way,last_update,9-12-2016,Feature has not been updated in 5 years or more
458774707,way,last_update,9-12-2016,Feature has not been updated in 5 years or more
458774710,way,last_update,9-12-2016,Feature has not been updated in 5 years or more
458774711,way,last_update,9-12-2016,Feature has not been updated in 5 years or more
458776552,way,last_update,9-12-2016,Feature has not been updated in 5 years or more
458776553,way,last_update,9-12-2016,Feature has not been updated in 5 years or more
458776554,way,last_update,9-12-2016,Feature has not been updated in 5 years or more
458776555,way,last_update,9-12-2016,Feature has not been updated in 5 years or more
458776556,way,last_update,9-12-2016,Feature has not been updated in 5 years or more
458776561,way,last_update,9-12-2016,Feature has not been updated in 5 years or more
458776562,way,last_update,9-12-2016,Feature has not been updated in 5 years or more
458776732,way,last_update,9-12-2016,Feature has not been updated in 5 years or more
458776733,way,last_update,9-12-2016,Feature has not been updated in 5 years or more
458776734,way,last_update,9-12-2016,Feature has not been updated in 5 years or more
458777126,way,last_update,9-12-2016,Feature has not been updated in 5 years or more
458777128,way,last_update,9-12-2016,Feature has not been updated in 5 years or more
458777132,way,last_update,9-12-2016,Feature has not been updated in 5 years or more
458777133,way,last_update,9-12-2016,Feature has not been updated in 5 years or more
458777134,way,last_update,9-12-2016,Feature has not been updated in 5 years or more
458777135,way,last_update,9-12-2016,Feature has not been updated in 5 years or more
458777136,way,last_update,9-12-2016,Feature has not been updated in 5 years or more
458777138,way,last_update,9-12-2016,Feature has not been updated in 5 years or more
458777139,way,last_update,9-12-2016,Feature has not been updated in 5 years or more
458778227,way,last_update,9-12-2016,Feature has not been updated in 5 years or more
458781757,way,last_update,12-9-2020,Feature has not been updated in 5 years or more
458781759,way,last_update,12-9-2020,Feature has not been updated in 5 years or more
458781760,way,last_update,3-8-2020,Feature has not been updated in 5 years or more
458781762,way,last_update,3-8-2020,Feature has not been updated in 5 years or more
458781974,way,last_update,10-12-2016,Feature has not been updated in 5 years or more
458781977,way,last_update,26-4-2021,Feature has not been updated in 5 years or more
458781979,way,last_update,28-8-2017,Feature has not been updated in 5 years or more
458781980,way,last_update,10-12-2016,Feature has not been updated in 5 years or more
458781981,way,last_update,26-4-2021,Feature has not been updated in 5 years or more
458782247,way,last_update,10-12-2016,Feature has not been updated in 5 years or more
458782248,way,last_update,10-12-2016,Feature has not been updated in 5 years or more
458782251,way,last_update,10-12-2016,Feature has not been updated in 5 years or more
458782252,way,last_update,18-9-2018,Feature has not been updated in 5 years or more
458782253,way,last_update,10-12-2016,Feature has not been updated in 5 years or more
458782254,way,last_update,10-12-2016,Feature has not been updated in 5 years or more
458782255,way,last_update,10-12-2016,Feature has not been updated in 5 years or more
458782257,way,last_update,26-4-2021,Feature has not been updated in 5 years or more
458782258,way,last_update,10-12-2016,Feature has not been updated in 5 years or more
458782259,way,last_update,26-4-2021,Feature has not been updated in 5 years or more
458782260,way,last_update,26-4-2021,Feature has not been updated in 5 years or more
458782261,way,last_update,10-12-2016,Feature has not been updated in 5 years or more
458782262,way,last_update,26-4-2021,Feature has not been updated in 5 years or more
458782263,way,last_update,26-4-2021,Feature has not been updated in 5 years or more
458782264,way,last_update,10-12-2016,Feature has not been updated in 5 years or more
458782265,way,last_update,10-12-2016,Feature has not been updated in 5 years or more
458782266,way,last_update,10-12-2016,Feature has not been updated in 5 years or more
458782267,way,last_update,26-4-2021,Feature has not been updated in 5 years or more
458782268,way,last_update,26-4-2021,Feature has not been updated in 5 years or more
458782269,way,last_update,10-12-2016,Feature has not been updated in 5 years or more
458784115,way,last_update,10-12-2016,Feature has not been updated in 5 years or more
458784116,way,last_update,10-12-2016,Feature has not been updated in 5 years or more
458784117,way,last_update,11-5-2019,Feature has not been updated in 5 years or more
458784120,way,last_update,11-5-2019,Feature has not been updated in 5 years or more
458784121,way,last_update,11-5-2019,Feature has not been updated in 5 years or more
458784125,way,last_update,2-5-2019,Feature has not been updated in 5 years or more
458784126,way,last_update,2-5-2019,Feature has not been updated in 5 years or more
458784127,way,last_update,2-5-2019,Feature has not been updated in 5 years or more
458784131,way,last_update,16-6-2020,Feature has not been updated in 5 years or more
458784574,way,last_update,10-12-2016,Feature has not been updated in 5 years or more
458784576,way,last_update,10-12-2016,Feature has not been updated in 5 years or more
458784816,way,last_update,10-12-2016,Feature has not been updated in 5 years or more
458784820,way,last_update,10-12-2016,Feature has not been updated in 5 years or more
458784822,way,last_update,10-12-2016,Feature has not been updated in 5 years or more
458784825,way,last_update,10-12-2016,Feature has not been updated in 5 years or more
458785261,way,last_update,13-12-2017,Feature has not been updated in 5 years or more
458785265,way,last_update,10-12-2016,Feature has not been updated in 5 years or more
458785266,way,last_update,10-12-2016,Feature has not been updated in 5 years or more
458787232,way,last_update,16-4-2018,Feature has not been updated in 5 years or more
458787239,way,last_update,16-4-2018,Feature has not been updated in 5 years or more
458787255,way,last_update,16-4-2018,Feature has not been updated in 5 years or more
458787256,way,last_update,16-4-2018,Feature has not been updated in 5 years or more
458787428,way,last_update,10-4-2018,Feature has not been updated in 5 years or more
458788031,way,last_update,23-5-2020,Feature has not been updated in 5 years or more
459038860,way,last_update,15-4-2021,Feature has not been updated in 5 years or more
459038861,way,last_update,26-11-2020,Feature has not been updated in 5 years or more
459038862,way,last_update,11-12-2016,Feature has not been updated in 5 years or more
459038863,way,last_update,26-11-2020,Feature has not been updated in 5 years or more
459038864,way,last_update,11-12-2016,Feature has not been updated in 5 years or more
459038865,way,last_update,26-11-2020,Feature has not been updated in 5 years or more
459038866,way,last_update,11-12-2016,Feature has not been updated in 5 years or more
459038867,way,last_update,26-11-2020,Feature has not been updated in 5 years or more
459038868,way,last_update,26-11-2020,Feature has not been updated in 5 years or more
459038869,way,last_update,11-12-2016,Feature has not been updated in 5 years or more
459038870,way,last_update,26-11-2020,Feature has not been updated in 5 years or more
459038871,way,last_update,11-12-2016,Feature has not been updated in 5 years or more
459038872,way,last_update,11-12-2016,Feature has not been updated in 5 years or more
459038874,way,last_update,11-12-2016,Feature has not been updated in 5 years or more
459038875,way,last_update,26-11-2020,Feature has not been updated in 5 years or more
459038876,way,last_update,26-11-2020,Feature has not been updated in 5 years or more
459038881,way,last_update,15-4-2021,Feature has not been updated in 5 years or more
459038883,way,last_update,15-4-2021,Feature has not been updated in 5 years or more
459038884,way,last_update,15-4-2021,Feature has not been updated in 5 years or more
459041192,way,last_update,11-12-2016,Feature has not been updated in 5 years or more
459041194,way,last_update,11-12-2016,Feature has not been updated in 5 years or more
459041195,way,last_update,11-12-2016,Feature has not been updated in 5 years or more
459041196,way,last_update,11-12-2016,Feature has not been updated in 5 years or more
459041197,way,last_update,11-12-2016,Feature has not been updated in 5 years or more
459041198,way,last_update,11-12-2016,Feature has not been updated in 5 years or more
459041199,way,last_update,11-12-2016,Feature has not been updated in 5 years or more
459041201,way,last_update,15-10-2019,Feature has not been updated in 5 years or more
459041205,way,last_update,26-11-2020,Feature has not been updated in 5 years or more
459041209,way,last_update,26-11-2020,Feature has not been updated in 5 years or more
459041210,way,last_update,26-11-2020,Feature has not been updated in 5 years or more
459041212,way,last_update,26-11-2020,Feature has not been updated in 5 years or more
459041216,way,last_update,16-11-2020,Feature has not been updated in 5 years or more
459041217,way,last_update,11-12-2016,Feature has not been updated in 5 years or more
459041218,way,last_update,16-11-2020,Feature has not been updated in 5 years or more
459041219,way,last_update,16-11-2020,Feature has not been updated in 5 years or more
459041220,way,last_update,16-11-2020,Feature has not been updated in 5 years or more
459041224,way,last_update,16-11-2020,Feature has not been updated in 5 years or more
459041230,way,last_update,11-12-2016,Feature has not been updated in 5 years or more
459041239,way,last_update,3-5-2021,Feature has not been updated in 5 years or more
459041241,way,last_update,11-12-2016,Feature has not been updated in 5 years or more
459041245,way,last_update,3-5-2021,Feature has not been updated in 5 years or more
459042565,way,last_update,26-7-2020,Feature has not been updated in 5 years or more
459042580,way,last_update,11-12-2016,Feature has not been updated in 5 years or more
459042584,way,last_update,11-12-2016,Feature has not been updated in 5 years or more
459042586,way,last_update,22-4-2021,Feature has not been updated in 5 years or more
459042589,way,last_update,11-12-2016,Feature has not been updated in 5 years or more
459042590,way,last_update,11-12-2016,Feature has not been updated in 5 years or more
459042591,way,last_update,11-12-2016,Feature has not been updated in 5 years or more
459043047,way,last_update,11-12-2016,Feature has not been updated in 5 years or more
459043048,way,last_update,11-12-2016,Feature has not been updated in 5 years or more
459043050,way,last_update,11-12-2016,Feature has not been updated in 5 years or more
459043051,way,last_update,6-4-2019,Feature has not been updated in 5 years or more
459043052,way,last_update,16-11-2020,Feature has not been updated in 5 years or more
459043053,way,last_update,11-12-2016,Feature has not been updated in 5 years or more
459043054,way,last_update,11-12-2016,Feature has not been updated in 5 years or more
459043057,way,last_update,12-3-2021,Feature has not been updated in 5 years or more
459043058,way,last_update,12-3-2021,Feature has not been updated in 5 years or more
459043059,way,last_update,12-3-2021,Feature has not been updated in 5 years or more
459043297,way,last_update,3-5-2021,Feature has not been updated in 5 years or more
459043298,way,last_update,3-5-2021,Feature has not been updated in 5 years or more
459043301,way,last_update,3-5-2021,Feature has not been updated in 5 years or more
459043306,way,last_update,10-12-2020,Feature has not been updated in 5 years or more
459043307,way,last_update,10-12-2020,Feature has not been updated in 5 years or more
459043308,way,last_update,10-12-2020,Feature has not been updated in 5 years or more
459043309,way,last_update,10-12-2020,Feature has not been updated in 5 years or more
459043310,way,last_update,10-12-2020,Feature has not been updated in 5 years or more
459043311,way,last_update,10-12-2020,Feature has not been updated in 5 years or more
459043312,way,last_update,10-12-2020,Feature has not been updated in 5 years or more
459045877,way,last_update,6-7-2021,Feature has not been updated in 5 years or more
459045879,way,last_update,6-7-2021,Feature has not been updated in 5 years or more
459045880,way,last_update,11-12-2016,Feature has not been updated in 5 years or more
459045881,way,last_update,6-7-2021,Feature has not been updated in 5 years or more
459045882,way,last_update,11-12-2016,Feature has not been updated in 5 years or more
459045883,way,last_update,11-12-2016,Feature has not been updated in 5 years or more
459045886,way,last_update,6-7-2021,Feature has not been updated in 5 years or more
459045887,way,last_update,6-7-2021,Feature has not been updated in 5 years or more
459045894,way,last_update,11-12-2016,Feature has not been updated in 5 years or more
459045895,way,last_update,11-12-2016,Feature has not been updated in 5 years or more
459045896,way,last_update,31-3-2019,Feature has not been updated in 5 years or more
459045897,way,last_update,11-12-2016,Feature has not been updated in 5 years or more
459045898,way,last_update,11-12-2016,Feature has not been updated in 5 years or more
459045899,way,last_update,31-3-2019,Feature has not been updated in 5 years or more
459045900,way,last_update,11-12-2016,Feature has not been updated in 5 years or more
459045902,way,last_update,6-7-2021,Feature has not been updated in 5 years or more
459045905,way,last_update,11-12-2016,Feature has not been updated in 5 years or more
459046839,way,last_update,16-4-2021,Feature has not been updated in 5 years or more
459046840,way,last_update,16-4-2021,Feature has not been updated in 5 years or more
459046841,way,last_update,16-4-2021,Feature has not been updated in 5 years or more
459046842,way,last_update,16-4-2021,Feature has not been updated in 5 years or more
459046844,way,last_update,16-4-2021,Feature has not been updated in 5 years or more
459046845,way,last_update,16-4-2021,Feature has not been updated in 5 years or more
459046846,way,last_update,28-7-2020,Feature has not been updated in 5 years or more
459046847,way,last_update,11-12-2016,Feature has not been updated in 5 years or more
459046848,way,last_update,11-12-2016,Feature has not been updated in 5 years or more
459046849,way,last_update,28-7-2020,Feature has not been updated in 5 years or more
459046853,way,last_update,16-4-2021,Feature has not been updated in 5 years or more
459046854,way,last_update,16-4-2021,Feature has not been updated in 5 years or more
459046860,way,last_update,22-4-2021,Feature has not been updated in 5 years or more
459046863,way,last_update,11-5-2021,Feature has not been updated in 5 years or more
459046864,way,last_update,11-5-2021,Feature has not been updated in 5 years or more
459046865,way,last_update,11-5-2021,Feature has not been updated in 5 years or more
459046866,way,last_update,11-5-2021,Feature has not been updated in 5 years or more
459046867,way,last_update,11-5-2021,Feature has not been updated in 5 years or more
459046868,way,last_update,11-5-2021,Feature has not been updated in 5 years or more
459046869,way,last_update,11-5-2021,Feature has not been updated in 5 years or more
459051876,way,last_update,11-5-2021,Feature has not been updated in 5 years or more
459051881,way,last_update,21-11-2020,Feature has not been updated in 5 years or more
459051882,way,last_update,21-11-2020,Feature has not been updated in 5 years or more
459051883,way,last_update,21-11-2020,Feature has not been updated in 5 years or more
459051885,way,last_update,4-8-2020,Feature has not been updated in 5 years or more
459051887,way,last_update,4-8-2020,Feature has not been updated in 5 years or more
459051889,way,last_update,4-8-2020,Feature has not been updated in 5 years or more
459051890,way,last_update,4-8-2020,Feature has not been updated in 5 years or more
459051895,way,last_update,16-4-2021,Feature has not been updated in 5 years or more
459051896,way,last_update,11-12-2016,Feature has not been updated in 5 years or more
459051917,way,last_update,8-5-2021,Feature has not been updated in 5 years or more
459051925,way,last_update,11-1-2019,Feature has not been updated in 5 years or more
459051926,way,last_update,11-1-2019,Feature has not been updated in 5 years or more
459051930,way,last_update,11-1-2019,Feature has not been updated in 5 years or more
459051931,way,last_update,11-1-2019,Feature has not been updated in 5 years or more
459051932,way,last_update,18-4-2019,Feature has not been updated in 5 years or more
459071074,way,last_update,11-12-2016,Feature has not been updated in 5 years or more
459071123,way,last_update,14-7-2021,Feature has not been updated in 5 years or more
459071126,way,last_update,14-7-2021,Feature has not been updated in 5 years or more
459071129,way,last_update,14-7-2021,Feature has not been updated in 5 years or more
459071133,way,last_update,14-7-2021,Feature has not been updated in 5 years or more
459071134,way,last_update,14-7-2021,Feature has not been updated in 5 years or more
459071140,way,last_update,15-7-2021,Feature has not been updated in 5 years or more
459071787,way,last_update,14-7-2021,Feature has not been updated in 5 years or more
459071788,way,last_update,15-7-2021,Feature has not been updated in 5 years or more
459071802,way,last_update,25-2-2021,Feature has not been updated in 5 years or more
459075495,way,last_update,11-12-2016,Feature has not been updated in 5 years or more
459075972,way,last_update,11-12-2016,Feature has not been updated in 5 years or more
459076485,way,last_update,11-12-2016,Feature has not been updated in 5 years or more
459076486,way,last_update,11-12-2016,Feature has not been updated in 5 years or more
459076487,way,last_update,11-12-2016,Feature has not been updated in 5 years or more
459076488,way,last_update,11-12-2016,Feature has not been updated in 5 years or more
459076491,way,last_update,11-12-2016,Feature has not been updated in 5 years or more
459254553,way,last_update,12-12-2016,Feature has not been updated in 5 years or more
459254554,way,last_update,12-12-2016,Feature has not been updated in 5 years or more
459254555,way,last_update,12-12-2016,Feature has not been updated in 5 years or more
459254556,way,last_update,12-12-2016,Feature has not been updated in 5 years or more
459254561,way,last_update,22-9-2020,Feature has not been updated in 5 years or more
459254571,way,last_update,12-12-2016,Feature has not been updated in 5 years or more
459254572,way,last_update,12-12-2016,Feature has not been updated in 5 years or more
459254573,way,last_update,12-12-2016,Feature has not been updated in 5 years or more
459254574,way,last_update,12-12-2016,Feature has not been updated in 5 years or more
459254575,way,last_update,12-12-2016,Feature has not been updated in 5 years or more
459254578,way,last_update,22-9-2020,Feature has not been updated in 5 years or more
459254579,way,last_update,12-12-2016,Feature has not been updated in 5 years or more
459258721,way,last_update,13-12-2016,Feature has not been updated in 5 years or more
459258722,way,last_update,13-12-2016,Feature has not been updated in 5 years or more
459258723,way,last_update,13-12-2016,Feature has not been updated in 5 years or more
459258724,way,last_update,13-12-2016,Feature has not been updated in 5 years or more
459258725,way,last_update,13-12-2016,Feature has not been updated in 5 years or more
459258726,way,last_update,23-3-2019,Feature has not been updated in 5 years or more
459258751,way,last_update,13-12-2016,Feature has not been updated in 5 years or more
459258752,way,last_update,13-12-2016,Feature has not been updated in 5 years or more
459260184,way,last_update,13-12-2016,Feature has not been updated in 5 years or more
459260185,way,last_update,13-12-2016,Feature has not been updated in 5 years or more
459260186,way,last_update,13-12-2016,Feature has not been updated in 5 years or more
459391535,way,last_update,17-4-2018,Feature has not been updated in 5 years or more
459474805,way,last_update,14-12-2016,Feature has not been updated in 5 years or more
459596115,way,last_update,14-12-2016,Feature has not been updated in 5 years or more
459596116,way,last_update,14-12-2016,Feature has not been updated in 5 years or more
459610887,way,last_update,14-12-2016,Feature has not been updated in 5 years or more
459610888,way,last_update,14-12-2016,Feature has not been updated in 5 years or more
459615820,way,last_update,14-12-2016,Feature has not been updated in 5 years or more
459615821,way,last_update,14-12-2016,Feature has not been updated in 5 years or more
459638154,way,last_update,4-8-2020,Feature has not been updated in 5 years or more
459638156,way,last_update,9-8-2020,Feature has not been updated in 5 years or more
459638157,way,last_update,4-8-2020,Feature has not been updated in 5 years or more
459638158,way,last_update,10-4-2018,Feature has not been updated in 5 years or more
459638159,way,last_update,10-4-2018,Feature has not been updated in 5 years or more
459638160,way,last_update,10-4-2018,Feature has not been updated in 5 years or more
459638161,way,last_update,16-4-2018,Feature has not been updated in 5 years or more
459638162,way,last_update,16-4-2018,Feature has not been updated in 5 years or more
459638163,way,last_update,8-8-2020,Feature has not been updated in 5 years or more
459638164,way,last_update,16-4-2018,Feature has not been updated in 5 years or more
459638185,way,last_update,27-3-2019,Feature has not been updated in 5 years or more
459638186,way,last_update,10-4-2018,Feature has not been updated in 5 years or more
459638187,way,last_update,10-4-2018,Feature has not been updated in 5 years or more
459638646,way,last_update,14-12-2016,Feature has not been updated in 5 years or more
459638647,way,last_update,14-12-2016,Feature has not been updated in 5 years or more
459638648,way,last_update,14-12-2016,Feature has not been updated in 5 years or more
459638649,way,last_update,14-12-2016,Feature has not been updated in 5 years or more
459638650,way,last_update,14-12-2016,Feature has not been updated in 5 years or more
459638651,way,last_update,14-12-2016,Feature has not been updated in 5 years or more
459638652,way,last_update,14-12-2016,Feature has not been updated in 5 years or more
459640046,way,last_update,1-9-2018,Feature has not been updated in 5 years or more
459640047,way,last_update,1-9-2018,Feature has not been updated in 5 years or more
459640048,way,last_update,1-9-2018,Feature has not been updated in 5 years or more
459645605,way,last_update,5-4-2018,Feature has not been updated in 5 years or more
459645618,way,last_update,14-12-2016,Feature has not been updated in 5 years or more
459645631,way,last_update,14-12-2016,Feature has not been updated in 5 years or more
459645632,way,last_update,18-11-2018,Feature has not been updated in 5 years or more
459645633,way,last_update,14-12-2016,Feature has not been updated in 5 years or more
459645634,way,last_update,7-1-2018,Feature has not been updated in 5 years or more
459645635,way,last_update,14-12-2016,Feature has not been updated in 5 years or more
459645636,way,last_update,14-12-2016,Feature has not been updated in 5 years or more
459645637,way,last_update,14-12-2016,Feature has not been updated in 5 years or more
459645638,way,last_update,14-12-2016,Feature has not been updated in 5 years or more
459645639,way,last_update,14-12-2016,Feature has not been updated in 5 years or more
459645640,way,last_update,30-8-2021,Feature has not been updated in 5 years or more
459645641,way,last_update,30-8-2021,Feature has not been updated in 5 years or more
459645642,way,last_update,30-8-2021,Feature has not been updated in 5 years or more
459645643,way,last_update,30-8-2021,Feature has not been updated in 5 years or more
459645651,way,last_update,14-12-2016,Feature has not been updated in 5 years or more
459648287,way,last_update,14-12-2016,Feature has not been updated in 5 years or more
459648291,way,last_update,14-12-2016,Feature has not been updated in 5 years or more
459648292,way,last_update,14-12-2016,Feature has not been updated in 5 years or more
459648296,way,last_update,9-3-2018,Feature has not been updated in 5 years or more
459648297,way,last_update,14-12-2016,Feature has not been updated in 5 years or more
459648299,way,last_update,14-12-2016,Feature has not been updated in 5 years or more
459648300,way,last_update,14-12-2016,Feature has not been updated in 5 years or more
459648307,way,last_update,14-12-2016,Feature has not been updated in 5 years or more
459648315,way,last_update,14-12-2016,Feature has not been updated in 5 years or more
459657361,way,last_update,27-9-2018,Feature has not been updated in 5 years or more
459657364,way,last_update,27-9-2018,Feature has not been updated in 5 years or more
459657365,way,last_update,27-9-2018,Feature has not been updated in 5 years or more
459657372,way,last_update,14-12-2016,Feature has not been updated in 5 years or more
459657373,way,last_update,14-12-2016,Feature has not been updated in 5 years or more
459662700,way,last_update,22-3-2018,Feature has not been updated in 5 years or more
459662719,way,last_update,5-11-2020,Feature has not been updated in 5 years or more
459853852,way,last_update,15-12-2016,Feature has not been updated in 5 years or more
459853869,way,last_update,15-12-2016,Feature has not been updated in 5 years or more
459853870,way,last_update,15-12-2016,Feature has not been updated in 5 years or more
459854982,way,last_update,15-12-2016,Feature has not been updated in 5 years or more
459854983,way,last_update,15-12-2016,Feature has not been updated in 5 years or more
459857429,way,last_update,30-3-2017,Feature has not been updated in 5 years or more
459857430,way,last_update,30-3-2017,Feature has not been updated in 5 years or more
459857434,way,last_update,30-3-2017,Feature has not been updated in 5 years or more
459857435,way,last_update,30-3-2017,Feature has not been updated in 5 years or more
459857436,way,last_update,30-3-2017,Feature has not been updated in 5 years or more
459857437,way,last_update,15-12-2016,Feature has not been updated in 5 years or more
459857439,way,last_update,15-12-2016,Feature has not been updated in 5 years or more
459857440,way,last_update,15-12-2016,Feature has not been updated in 5 years or more
459857441,way,last_update,15-12-2016,Feature has not been updated in 5 years or more
459860651,way,last_update,15-12-2016,Feature has not been updated in 5 years or more
459860652,way,last_update,15-12-2016,Feature has not been updated in 5 years or more
459860655,way,last_update,15-12-2016,Feature has not been updated in 5 years or more
459860656,way,last_update,30-3-2017,Feature has not been updated in 5 years or more
459860660,way,last_update,30-3-2017,Feature has not been updated in 5 years or more
459860661,way,last_update,30-3-2017,Feature has not been updated in 5 years or more
459860666,way,last_update,30-3-2017,Feature has not been updated in 5 years or more
459860667,way,last_update,30-3-2017,Feature has not been updated in 5 years or more
459860668,way,last_update,15-12-2016,Feature has not been updated in 5 years or more
459860669,way,last_update,15-12-2016,Feature has not been updated in 5 years or more
459860673,way,last_update,30-3-2017,Feature has not been updated in 5 years or more
459862901,way,last_update,30-3-2017,Feature has not been updated in 5 years or more
459862908,way,last_update,30-3-2017,Feature has not been updated in 5 years or more
459862909,way,last_update,30-3-2017,Feature has not been updated in 5 years or more
459862910,way,last_update,17-12-2020,Feature has not been updated in 5 years or more
459864126,way,last_update,3-4-2017,Feature has not been updated in 5 years or more
459864128,way,last_update,3-4-2017,Feature has not been updated in 5 years or more
460117497,way,last_update,17-12-2016,Feature has not been updated in 5 years or more
460117498,way,last_update,31-3-2019,Feature has not been updated in 5 years or more
460117499,way,last_update,31-3-2019,Feature has not been updated in 5 years or more
460117504,way,last_update,4-7-2018,Feature has not been updated in 5 years or more
460117506,way,last_update,4-7-2018,Feature has not been updated in 5 years or more
460117507,way,last_update,4-7-2018,Feature has not been updated in 5 years or more
460117521,way,last_update,4-7-2018,Feature has not been updated in 5 years or more
460117523,way,last_update,17-12-2016,Feature has not been updated in 5 years or more
460119416,way,last_update,28-9-2018,Feature has not been updated in 5 years or more
460119421,way,last_update,4-5-2019,Feature has not been updated in 5 years or more
460119422,way,last_update,4-5-2019,Feature has not been updated in 5 years or more
460119423,way,last_update,4-5-2019,Feature has not been updated in 5 years or more
460119424,way,last_update,4-5-2019,Feature has not been updated in 5 years or more
460119425,way,last_update,4-5-2019,Feature has not been updated in 5 years or more
460119426,way,last_update,4-5-2019,Feature has not been updated in 5 years or more
460119427,way,last_update,4-5-2019,Feature has not been updated in 5 years or more
460119429,way,last_update,17-12-2016,Feature has not been updated in 5 years or more
460119430,way,last_update,17-12-2016,Feature has not been updated in 5 years or more
460119431,way,last_update,17-12-2016,Feature has not been updated in 5 years or more
460119432,way,last_update,17-12-2016,Feature has not been updated in 5 years or more
460119434,way,last_update,17-4-2018,Feature has not been updated in 5 years or more
460119576,way,last_update,1-5-2021,Feature has not been updated in 5 years or more
460121868,way,last_update,29-11-2018,Feature has not been updated in 5 years or more
460121974,way,last_update,17-12-2016,Feature has not been updated in 5 years or more
460121975,way,last_update,17-12-2016,Feature has not been updated in 5 years or more
460121976,way,last_update,17-12-2016,Feature has not been updated in 5 years or more
460221461,way,last_update,17-12-2016,Feature has not been updated in 5 years or more
460360105,way,last_update,18-12-2016,Feature has not been updated in 5 years or more
460360106,way,last_update,18-12-2016,Feature has not been updated in 5 years or more
460360120,way,last_update,10-12-2018,Feature has not been updated in 5 years or more
460360121,way,last_update,23-12-2018,Feature has not been updated in 5 years or more
460360122,way,last_update,18-12-2016,Feature has not been updated in 5 years or more
460360132,way,last_update,18-12-2016,Feature has not been updated in 5 years or more
460360135,way,last_update,18-12-2016,Feature has not been updated in 5 years or more
460360138,way,last_update,17-12-2020,Feature has not been updated in 5 years or more
460367927,way,last_update,18-12-2016,Feature has not been updated in 5 years or more
460373151,way,last_update,18-12-2016,Feature has not been updated in 5 years or more
460373153,way,last_update,17-9-2019,Feature has not been updated in 5 years or more
460373154,way,last_update,17-9-2019,Feature has not been updated in 5 years or more
460373155,way,last_update,17-9-2019,Feature has not been updated in 5 years or more
460373156,way,last_update,17-9-2019,Feature has not been updated in 5 years or more
460373157,way,last_update,18-12-2016,Feature has not been updated in 5 years or more
460373158,way,last_update,18-12-2016,Feature has not been updated in 5 years or more
460373159,way,last_update,18-12-2016,Feature has not been updated in 5 years or more
460382420,way,last_update,8-6-2021,Feature has not been updated in 5 years or more
460382432,way,last_update,18-12-2016,Feature has not been updated in 5 years or more
460388825,way,last_update,18-9-2018,Feature has not been updated in 5 years or more
460388839,way,last_update,18-12-2016,Feature has not been updated in 5 years or more
460388840,way,last_update,18-12-2016,Feature has not been updated in 5 years or more
460388842,way,last_update,18-12-2016,Feature has not been updated in 5 years or more
460388843,way,last_update,18-12-2016,Feature has not been updated in 5 years or more
460388866,way,last_update,11-2-2021,Feature has not been updated in 5 years or more
460388868,way,last_update,18-12-2016,Feature has not been updated in 5 years or more
460394411,way,last_update,16-12-2020,Feature has not been updated in 5 years or more
460413617,way,last_update,18-12-2016,Feature has not been updated in 5 years or more
460413624,way,last_update,18-12-2016,Feature has not been updated in 5 years or more
460413625,way,last_update,18-12-2016,Feature has not been updated in 5 years or more
460413626,way,last_update,18-12-2016,Feature has not been updated in 5 years or more
460414045,way,last_update,18-12-2016,Feature has not been updated in 5 years or more
460414048,way,last_update,18-12-2016,Feature has not been updated in 5 years or more
460417692,way,last_update,18-12-2016,Feature has not been updated in 5 years or more
460419647,way,last_update,16-12-2019,Feature has not been updated in 5 years or more
460419648,way,last_update,18-12-2016,Feature has not been updated in 5 years or more
460421515,way,last_update,18-12-2016,Feature has not been updated in 5 years or more
460421519,way,last_update,18-12-2016,Feature has not been updated in 5 years or more
460421529,way,last_update,31-1-2020,Feature has not been updated in 5 years or more
460421530,way,last_update,31-1-2020,Feature has not been updated in 5 years or more
460421531,way,last_update,31-1-2020,Feature has not been updated in 5 years or more
460421532,way,last_update,31-1-2020,Feature has not been updated in 5 years or more
461267426,way,last_update,23-12-2016,Feature has not been updated in 5 years or more
461271952,way,last_update,23-12-2016,Feature has not been updated in 5 years or more
461271953,way,last_update,31-7-2021,Feature has not been updated in 5 years or more
461311952,way,last_update,18-11-2018,Feature has not been updated in 5 years or more
461311954,way,last_update,18-11-2018,Feature has not been updated in 5 years or more
461311956,way,last_update,18-11-2018,Feature has not been updated in 5 years or more
461311961,way,last_update,18-11-2018,Feature has not been updated in 5 years or more
461311962,way,last_update,18-11-2018,Feature has not been updated in 5 years or more
461311964,way,last_update,18-11-2018,Feature has not been updated in 5 years or more
461311968,way,last_update,18-11-2018,Feature has not been updated in 5 years or more
461311970,way,last_update,3-6-2021,Feature has not been updated in 5 years or more
461311972,way,last_update,23-12-2016,Feature has not been updated in 5 years or more
461311978,way,last_update,23-12-2016,Feature has not been updated in 5 years or more
461311984,way,last_update,23-7-2018,Feature has not been updated in 5 years or more
461311987,way,last_update,3-6-2021,Feature has not been updated in 5 years or more
461311989,way,last_update,3-6-2021,Feature has not been updated in 5 years or more
461311991,way,last_update,23-7-2018,Feature has not been updated in 5 years or more
461311994,way,last_update,3-6-2021,Feature has not been updated in 5 years or more
461311996,way,last_update,3-6-2021,Feature has not been updated in 5 years or more
461311998,way,last_update,3-6-2021,Feature has not been updated in 5 years or more
461389217,way,last_update,17-3-2019,Feature has not been updated in 5 years or more
461441971,way,last_update,23-12-2016,Feature has not been updated in 5 years or more
461441973,way,last_update,23-12-2016,Feature has not been updated in 5 years or more
461441975,way,last_update,23-12-2016,Feature has not been updated in 5 years or more
461441982,way,last_update,23-12-2016,Feature has not been updated in 5 years or more
461442017,way,last_update,23-12-2016,Feature has not been updated in 5 years or more
461442018,way,last_update,23-12-2016,Feature has not been updated in 5 years or more
461442023,way,last_update,9-12-2017,Feature has not been updated in 5 years or more
461442795,way,last_update,23-12-2016,Feature has not been updated in 5 years or more
461442796,way,last_update,23-12-2016,Feature has not been updated in 5 years or more
461442797,way,last_update,23-12-2016,Feature has not been updated in 5 years or more
461442798,way,last_update,23-12-2016,Feature has not been updated in 5 years or more
461442799,way,last_update,23-12-2016,Feature has not been updated in 5 years or more
461442800,way,last_update,23-12-2016,Feature has not been updated in 5 years or more
461444869,way,last_update,23-12-2016,Feature has not been updated in 5 years or more
461444871,way,last_update,23-12-2016,Feature has not been updated in 5 years or more
461448458,way,last_update,23-12-2016,Feature has not been updated in 5 years or more
461448466,way,last_update,23-12-2016,Feature has not been updated in 5 years or more
461448470,way,last_update,23-12-2016,Feature has not been updated in 5 years or more
461448471,way,last_update,23-12-2016,Feature has not been updated in 5 years or more
461448475,way,last_update,19-1-2019,Feature has not been updated in 5 years or more
461449159,way,last_update,23-12-2016,Feature has not been updated in 5 years or more
461449160,way,last_update,23-12-2016,Feature has not been updated in 5 years or more
461456080,way,last_update,13-8-2021,Feature has not been updated in 5 years or more
461589274,way,last_update,24-12-2016,Feature has not been updated in 5 years or more
461589275,way,last_update,24-12-2016,Feature has not been updated in 5 years or more
461589276,way,last_update,24-12-2016,Feature has not been updated in 5 years or more
461589277,way,last_update,24-12-2016,Feature has not been updated in 5 years or more
461589278,way,last_update,24-12-2016,Feature has not been updated in 5 years or more
461589281,way,last_update,24-12-2016,Feature has not been updated in 5 years or more
461589285,way,last_update,24-12-2016,Feature has not been updated in 5 years or more
461589286,way,last_update,24-12-2016,Feature has not been updated in 5 years or more
461589287,way,last_update,24-12-2016,Feature has not been updated in 5 years or more
461589288,way,last_update,24-12-2016,Feature has not been updated in 5 years or more
461589289,way,last_update,24-12-2016,Feature has not been updated in 5 years or more
461589290,way,last_update,24-12-2016,Feature has not been updated in 5 years or more
461589291,way,last_update,24-12-2016,Feature has not been updated in 5 years or more
461589301,way,last_update,24-12-2016,Feature has not been updated in 5 years or more
461590920,way,last_update,24-12-2016,Feature has not been updated in 5 years or more
461597888,way,last_update,10-4-2018,Feature has not been updated in 5 years or more
461597894,way,last_update,17-4-2018,Feature has not been updated in 5 years or more
461600093,way,last_update,8-8-2020,Feature has not been updated in 5 years or more
461600105,way,last_update,24-12-2016,Feature has not been updated in 5 years or more
461600119,way,last_update,13-4-2018,Feature has not been updated in 5 years or more
461600120,way,last_update,13-4-2018,Feature has not been updated in 5 years or more
461600121,way,last_update,13-4-2018,Feature has not been updated in 5 years or more
461600124,way,last_update,15-8-2020,Feature has not been updated in 5 years or more
461600125,way,last_update,15-8-2020,Feature has not been updated in 5 years or more
461600126,way,last_update,15-8-2020,Feature has not been updated in 5 years or more
461600127,way,last_update,15-8-2020,Feature has not been updated in 5 years or more
461635373,way,last_update,25-12-2016,Feature has not been updated in 5 years or more
461833291,way,last_update,17-12-2020,Feature has not been updated in 5 years or more
461833292,way,last_update,26-12-2016,Feature has not been updated in 5 years or more
461833293,way,last_update,26-12-2016,Feature has not been updated in 5 years or more
461837200,way,last_update,26-12-2016,Feature has not been updated in 5 years or more
461993926,way,last_update,7-7-2021,Feature has not been updated in 5 years or more
461993928,way,last_update,7-7-2021,Feature has not been updated in 5 years or more
461993930,way,last_update,7-7-2021,Feature has not been updated in 5 years or more
461993939,way,last_update,1-8-2021,Feature has not been updated in 5 years or more
461993941,way,last_update,1-8-2021,Feature has not been updated in 5 years or more
461993948,way,last_update,7-7-2021,Feature has not been updated in 5 years or more
461993949,way,last_update,4-8-2021,Feature has not been updated in 5 years or more
461998689,way,last_update,16-3-2019,Feature has not been updated in 5 years or more
461998698,way,last_update,2-2-2018,Feature has not been updated in 5 years or more
461998700,way,last_update,16-3-2019,Feature has not been updated in 5 years or more
461998702,way,last_update,2-2-2018,Feature has not been updated in 5 years or more
461998704,way,last_update,2-2-2018,Feature has not been updated in 5 years or more
462243935,way,last_update,28-12-2016,Feature has not been updated in 5 years or more
462243936,way,last_update,17-4-2018,Feature has not been updated in 5 years or more
462243937,way,last_update,17-4-2018,Feature has not been updated in 5 years or more
462243939,way,last_update,17-4-2018,Feature has not been updated in 5 years or more
462243946,way,last_update,28-12-2016,Feature has not been updated in 5 years or more
462244539,way,last_update,28-12-2016,Feature has not been updated in 5 years or more
462244540,way,last_update,28-12-2016,Feature has not been updated in 5 years or more
462246909,way,last_update,17-4-2018,Feature has not been updated in 5 years or more
462246910,way,last_update,28-12-2016,Feature has not been updated in 5 years or more
462246912,way,last_update,17-4-2018,Feature has not been updated in 5 years or more
462246913,way,last_update,17-4-2018,Feature has not been updated in 5 years or more
462246914,way,last_update,17-4-2018,Feature has not been updated in 5 years or more
462246915,way,last_update,17-4-2018,Feature has not been updated in 5 years or more
462246916,way,last_update,17-4-2018,Feature has not been updated in 5 years or more
462246917,way,last_update,20-3-2018,Feature has not been updated in 5 years or more
462246918,way,last_update,16-12-2020,Feature has not been updated in 5 years or more
462246919,way,last_update,28-12-2016,Feature has not been updated in 5 years or more
462246920,way,last_update,17-4-2018,Feature has not been updated in 5 years or more
462246921,way,last_update,17-4-2018,Feature has not been updated in 5 years or more
462246924,way,last_update,17-4-2018,Feature has not been updated in 5 years or more
462247486,way,last_update,28-12-2016,Feature has not been updated in 5 years or more
462247488,way,last_update,28-12-2016,Feature has not been updated in 5 years or more
462247489,way,last_update,13-8-2020,Feature has not been updated in 5 years or more
462248414,way,last_update,16-4-2018,Feature has not been updated in 5 years or more
462248415,way,last_update,17-4-2018,Feature has not been updated in 5 years or more
462248418,way,last_update,13-4-2018,Feature has not been updated in 5 years or more
462248423,way,last_update,17-4-2018,Feature has not been updated in 5 years or more
462248424,way,last_update,17-4-2018,Feature has not been updated in 5 years or more
462248782,way,last_update,28-12-2016,Feature has not been updated in 5 years or more
462447103,way,last_update,29-12-2016,Feature has not been updated in 5 years or more
462447107,way,last_update,29-12-2016,Feature has not been updated in 5 years or more
462448038,way,last_update,29-12-2016,Feature has not been updated in 5 years or more
462448039,way,last_update,29-12-2016,Feature has not been updated in 5 years or more
462448040,way,last_update,29-12-2016,Feature has not been updated in 5 years or more
462448041,way,last_update,29-12-2016,Feature has not been updated in 5 years or more
462448042,way,last_update,29-12-2016,Feature has not been updated in 5 years or more
462448043,way,last_update,29-12-2016,Feature has not been updated in 5 years or more
462448045,way,last_update,29-12-2016,Feature has not been updated in 5 years or more
462448065,way,last_update,29-12-2016,Feature has not been updated in 5 years or more
462448066,way,last_update,29-12-2016,Feature has not been updated in 5 years or more
462448071,way,last_update,29-12-2016,Feature has not been updated in 5 years or more
462448072,way,last_update,29-12-2016,Feature has not been updated in 5 years or more
462448074,way,last_update,29-12-2016,Feature has not been updated in 5 years or more
462448075,way,last_update,29-12-2016,Feature has not been updated in 5 years or more
462448087,way,last_update,29-12-2016,Feature has not been updated in 5 years or more
462449649,way,last_update,29-12-2016,Feature has not been updated in 5 years or more
462449656,way,last_update,29-12-2016,Feature has not been updated in 5 years or more
462449664,way,last_update,29-12-2016,Feature has not been updated in 5 years or more
462456179,way,last_update,29-12-2016,Feature has not been updated in 5 years or more
462458733,way,last_update,29-12-2016,Feature has not been updated in 5 years or more
462458735,way,last_update,29-12-2016,Feature has not been updated in 5 years or more
462458736,way,last_update,29-12-2016,Feature has not been updated in 5 years or more
462458737,way,last_update,29-12-2016,Feature has not been updated in 5 years or more
462458738,way,last_update,29-12-2016,Feature has not been updated in 5 years or more
462460146,way,last_update,29-12-2016,Feature has not been updated in 5 years or more
462460147,way,last_update,29-12-2016,Feature has not been updated in 5 years or more
462460609,way,last_update,2-8-2021,Feature has not been updated in 5 years or more
462594315,way,last_update,29-12-2016,Feature has not been updated in 5 years or more
462594319,way,last_update,29-12-2016,Feature has not been updated in 5 years or more
462594320,way,last_update,17-9-2019,Feature has not been updated in 5 years or more
462594321,way,last_update,17-9-2019,Feature has not been updated in 5 years or more
462594322,way,last_update,17-9-2019,Feature has not been updated in 5 years or more
462594328,way,last_update,17-9-2019,Feature has not been updated in 5 years or more
462594329,way,last_update,29-12-2016,Feature has not been updated in 5 years or more
462594330,way,last_update,17-9-2019,Feature has not been updated in 5 years or more
462594331,way,last_update,29-12-2016,Feature has not been updated in 5 years or more
462594332,way,last_update,29-12-2016,Feature has not been updated in 5 years or more
462594333,way,last_update,17-9-2019,Feature has not been updated in 5 years or more
462691853,way,last_update,30-12-2016,Feature has not been updated in 5 years or more
462691854,way,last_update,30-12-2016,Feature has not been updated in 5 years or more
462691855,way,last_update,30-12-2016,Feature has not been updated in 5 years or more
462691856,way,last_update,30-12-2016,Feature has not been updated in 5 years or more
462691857,way,last_update,30-12-2016,Feature has not been updated in 5 years or more
462691858,way,last_update,30-12-2016,Feature has not been updated in 5 years or more
462691859,way,last_update,30-12-2016,Feature has not been updated in 5 years or more
462691860,way,last_update,30-12-2016,Feature has not been updated in 5 years or more
462691861,way,last_update,30-12-2016,Feature has not been updated in 5 years or more
462691862,way,last_update,30-12-2016,Feature has not been updated in 5 years or more
462691863,way,last_update,30-12-2016,Feature has not been updated in 5 years or more
462691864,way,last_update,30-12-2016,Feature has not been updated in 5 years or more
462691865,way,last_update,30-12-2016,Feature has not been updated in 5 years or more
462691866,way,last_update,30-12-2016,Feature has not been updated in 5 years or more
462691867,way,last_update,30-12-2016,Feature has not been updated in 5 years or more
462691868,way,last_update,30-12-2016,Feature has not been updated in 5 years or more
462691869,way,last_update,30-12-2016,Feature has not been updated in 5 years or more
462691870,way,last_update,30-12-2016,Feature has not been updated in 5 years or more
462691871,way,last_update,30-12-2016,Feature has not been updated in 5 years or more
462693060,way,last_update,30-12-2016,Feature has not been updated in 5 years or more
462693062,way,last_update,30-12-2016,Feature has not been updated in 5 years or more
462694735,way,last_update,30-12-2016,Feature has not been updated in 5 years or more
462694736,way,last_update,30-12-2016,Feature has not been updated in 5 years or more
462694740,way,last_update,16-3-2019,Feature has not been updated in 5 years or more
462694741,way,last_update,16-3-2019,Feature has not been updated in 5 years or more
462694744,way,last_update,16-3-2019,Feature has not been updated in 5 years or more
462694756,way,last_update,16-3-2019,Feature has not been updated in 5 years or more
463348696,way,last_update,3-1-2017,Feature has not been updated in 5 years or more
463348697,way,last_update,3-1-2017,Feature has not been updated in 5 years or more
463348702,way,last_update,3-1-2017,Feature has not been updated in 5 years or more
463768874,way,last_update,4-1-2017,Feature has not been updated in 5 years or more
463768875,way,last_update,4-1-2017,Feature has not been updated in 5 years or more
463772319,way,last_update,4-1-2017,Feature has not been updated in 5 years or more
463772325,way,last_update,4-1-2017,Feature has not been updated in 5 years or more
463772326,way,last_update,4-1-2017,Feature has not been updated in 5 years or more
463772327,way,last_update,4-1-2017,Feature has not been updated in 5 years or more
463984795,way,last_update,25-5-2019,Feature has not been updated in 5 years or more
463984799,way,last_update,2-12-2017,Feature has not been updated in 5 years or more
463984801,way,last_update,9-1-2018,Feature has not been updated in 5 years or more
463984807,way,last_update,6-1-2017,Feature has not been updated in 5 years or more
463985447,way,last_update,6-1-2017,Feature has not been updated in 5 years or more
463985448,way,last_update,6-1-2017,Feature has not been updated in 5 years or more
463985453,way,last_update,27-1-2018,Feature has not been updated in 5 years or more
464206441,way,last_update,6-1-2017,Feature has not been updated in 5 years or more
464207150,way,last_update,6-1-2017,Feature has not been updated in 5 years or more
464207151,way,last_update,28-8-2018,Feature has not been updated in 5 years or more
464222122,way,last_update,28-12-2018,Feature has not been updated in 5 years or more
464222124,way,last_update,28-12-2018,Feature has not been updated in 5 years or more
464222126,way,last_update,7-1-2017,Feature has not been updated in 5 years or more
464222127,way,last_update,28-12-2018,Feature has not been updated in 5 years or more
464222130,way,last_update,7-1-2017,Feature has not been updated in 5 years or more
464222145,way,last_update,7-1-2017,Feature has not been updated in 5 years or more
464224935,way,last_update,7-1-2017,Feature has not been updated in 5 years or more
464226719,way,last_update,4-7-2021,Feature has not been updated in 5 years or more
464589502,way,last_update,26-5-2019,Feature has not been updated in 5 years or more
464589506,way,last_update,26-5-2019,Feature has not been updated in 5 years or more
464589511,way,last_update,27-9-2020,Feature has not been updated in 5 years or more
464606067,way,last_update,8-1-2017,Feature has not been updated in 5 years or more
464606068,way,last_update,8-1-2017,Feature has not been updated in 5 years or more
464609794,way,last_update,25-2-2018,Feature has not been updated in 5 years or more
464609809,way,last_update,8-1-2017,Feature has not been updated in 5 years or more
464609814,way,last_update,8-1-2017,Feature has not been updated in 5 years or more
464609823,way,last_update,8-1-2017,Feature has not been updated in 5 years or more
464609825,way,last_update,8-1-2017,Feature has not been updated in 5 years or more
464609827,way,last_update,8-1-2017,Feature has not been updated in 5 years or more
464609828,way,last_update,8-1-2017,Feature has not been updated in 5 years or more
464609831,way,last_update,8-1-2017,Feature has not been updated in 5 years or more
464615088,way,last_update,17-12-2020,Feature has not been updated in 5 years or more
464615089,way,last_update,17-12-2020,Feature has not been updated in 5 years or more
464615090,way,last_update,8-1-2017,Feature has not been updated in 5 years or more
464615091,way,last_update,8-1-2017,Feature has not been updated in 5 years or more
464615092,way,last_update,8-1-2017,Feature has not been updated in 5 years or more
464615095,way,last_update,15-11-2020,Feature has not been updated in 5 years or more
464615096,way,last_update,12-9-2020,Feature has not been updated in 5 years or more
464615097,way,last_update,12-9-2020,Feature has not been updated in 5 years or more
464615099,way,last_update,15-11-2020,Feature has not been updated in 5 years or more
464615107,way,last_update,8-1-2017,Feature has not been updated in 5 years or more
464615109,way,last_update,28-12-2020,Feature has not been updated in 5 years or more
464615110,way,last_update,28-12-2020,Feature has not been updated in 5 years or more
464615112,way,last_update,8-1-2017,Feature has not been updated in 5 years or more
464615113,way,last_update,8-1-2017,Feature has not been updated in 5 years or more
464615114,way,last_update,28-12-2020,Feature has not been updated in 5 years or more
464615121,way,last_update,8-1-2017,Feature has not been updated in 5 years or more
464615123,way,last_update,16-11-2020,Feature has not been updated in 5 years or more
464615131,way,last_update,8-1-2017,Feature has not been updated in 5 years or more
464615132,way,last_update,15-11-2020,Feature has not been updated in 5 years or more
464615133,way,last_update,8-1-2017,Feature has not been updated in 5 years or more
464615134,way,last_update,8-1-2017,Feature has not been updated in 5 years or more
464615135,way,last_update,15-11-2020,Feature has not been updated in 5 years or more
464615136,way,last_update,8-1-2017,Feature has not been updated in 5 years or more
464631131,way,last_update,8-1-2017,Feature has not been updated in 5 years or more
464847401,way,last_update,10-1-2017,Feature has not been updated in 5 years or more
464847404,way,last_update,10-1-2017,Feature has not been updated in 5 years or more
464847405,way,last_update,10-1-2017,Feature has not been updated in 5 years or more
464847406,way,last_update,10-1-2017,Feature has not been updated in 5 years or more
465060081,way,last_update,11-1-2017,Feature has not been updated in 5 years or more
465060102,way,last_update,11-1-2017,Feature has not been updated in 5 years or more
465060103,way,last_update,11-1-2017,Feature has not been updated in 5 years or more
465060116,way,last_update,11-1-2017,Feature has not been updated in 5 years or more
465062201,way,last_update,11-1-2017,Feature has not been updated in 5 years or more
465062202,way,last_update,11-1-2017,Feature has not been updated in 5 years or more
465062211,way,last_update,17-12-2020,Feature has not been updated in 5 years or more
465066861,way,last_update,11-1-2017,Feature has not been updated in 5 years or more
465071771,way,last_update,11-1-2017,Feature has not been updated in 5 years or more
465071772,way,last_update,11-1-2017,Feature has not been updated in 5 years or more
465071773,way,last_update,11-1-2017,Feature has not been updated in 5 years or more
465071779,way,last_update,30-11-2020,Feature has not been updated in 5 years or more
465071792,way,last_update,23-12-2018,Feature has not been updated in 5 years or more
465078730,way,last_update,27-2-2018,Feature has not been updated in 5 years or more
465078731,way,last_update,5-1-2018,Feature has not been updated in 5 years or more
465078732,way,last_update,11-1-2017,Feature has not been updated in 5 years or more
465078734,way,last_update,27-2-2018,Feature has not been updated in 5 years or more
465078737,way,last_update,5-1-2018,Feature has not been updated in 5 years or more
465078738,way,last_update,27-2-2018,Feature has not been updated in 5 years or more
465096439,way,last_update,11-1-2017,Feature has not been updated in 5 years or more
465096461,way,last_update,11-1-2017,Feature has not been updated in 5 years or more
465101501,way,last_update,11-1-2017,Feature has not been updated in 5 years or more
465559166,way,last_update,13-1-2017,Feature has not been updated in 5 years or more
465561815,way,last_update,8-1-2019,Feature has not been updated in 5 years or more
465563130,way,last_update,13-1-2017,Feature has not been updated in 5 years or more
465563131,way,last_update,14-10-2018,Feature has not been updated in 5 years or more
465784083,way,last_update,13-1-2017,Feature has not been updated in 5 years or more
465784087,way,last_update,24-9-2018,Feature has not been updated in 5 years or more
465784088,way,last_update,13-1-2017,Feature has not been updated in 5 years or more
465800823,way,last_update,14-1-2017,Feature has not been updated in 5 years or more
465800824,way,last_update,14-1-2017,Feature has not been updated in 5 years or more
465800825,way,last_update,14-1-2017,Feature has not been updated in 5 years or more
465800826,way,last_update,14-1-2017,Feature has not been updated in 5 years or more
465806178,way,last_update,14-1-2017,Feature has not been updated in 5 years or more
465806179,way,last_update,14-1-2017,Feature has not been updated in 5 years or more
465991917,way,last_update,1-9-2018,Feature has not been updated in 5 years or more
466001721,way,last_update,21-6-2017,Feature has not been updated in 5 years or more
466001723,way,last_update,21-6-2017,Feature has not been updated in 5 years or more
466001724,way,last_update,15-1-2017,Feature has not been updated in 5 years or more
466001739,way,last_update,13-1-2020,Feature has not been updated in 5 years or more
466001868,way,last_update,11-1-2019,Feature has not been updated in 5 years or more
466166524,way,last_update,15-1-2017,Feature has not been updated in 5 years or more
466173724,way,last_update,15-1-2017,Feature has not been updated in 5 years or more
466177519,way,last_update,15-1-2017,Feature has not been updated in 5 years or more
466177520,way,last_update,15-1-2017,Feature has not been updated in 5 years or more
466177522,way,last_update,15-1-2017,Feature has not been updated in 5 years or more
466177530,way,last_update,15-1-2017,Feature has not been updated in 5 years or more
466455453,way,last_update,16-1-2017,Feature has not been updated in 5 years or more
466455454,way,last_update,16-1-2017,Feature has not been updated in 5 years or more
466455455,way,last_update,17-9-2019,Feature has not been updated in 5 years or more
466455456,way,last_update,17-9-2019,Feature has not been updated in 5 years or more
466455457,way,last_update,17-9-2019,Feature has not been updated in 5 years or more
466455458,way,last_update,17-9-2019,Feature has not been updated in 5 years or more
466455459,way,last_update,17-9-2019,Feature has not been updated in 5 years or more
466455460,way,last_update,16-1-2017,Feature has not been updated in 5 years or more
466758566,way,last_update,17-1-2017,Feature has not been updated in 5 years or more
466758567,way,last_update,17-1-2017,Feature has not been updated in 5 years or more
466758568,way,last_update,17-1-2017,Feature has not been updated in 5 years or more
466758569,way,last_update,17-1-2017,Feature has not been updated in 5 years or more
466758574,way,last_update,17-1-2017,Feature has not been updated in 5 years or more
466758578,way,last_update,25-10-2018,Feature has not been updated in 5 years or more
466758579,way,last_update,25-8-2017,Feature has not been updated in 5 years or more
466758580,way,last_update,25-8-2017,Feature has not been updated in 5 years or more
466758581,way,last_update,17-1-2017,Feature has not been updated in 5 years or more
466758584,way,last_update,17-1-2017,Feature has not been updated in 5 years or more
466758585,way,last_update,17-1-2017,Feature has not been updated in 5 years or more
466761189,way,last_update,16-4-2021,Feature has not been updated in 5 years or more
466761190,way,last_update,16-4-2021,Feature has not been updated in 5 years or more
466761191,way,last_update,16-4-2021,Feature has not been updated in 5 years or more
466761192,way,last_update,16-4-2021,Feature has not been updated in 5 years or more
466761193,way,last_update,16-4-2021,Feature has not been updated in 5 years or more
466761194,way,last_update,16-4-2021,Feature has not been updated in 5 years or more
466764474,way,last_update,21-11-2020,Feature has not been updated in 5 years or more
466764475,way,last_update,2-5-2021,Feature has not been updated in 5 years or more
466764476,way,last_update,21-11-2020,Feature has not been updated in 5 years or more
466764478,way,last_update,21-11-2020,Feature has not been updated in 5 years or more
466764481,way,last_update,11-4-2019,Feature has not been updated in 5 years or more
466764482,way,last_update,11-4-2019,Feature has not been updated in 5 years or more
466764483,way,last_update,11-4-2019,Feature has not been updated in 5 years or more
466764485,way,last_update,11-4-2019,Feature has not been updated in 5 years or more
466764487,way,last_update,21-11-2020,Feature has not been updated in 5 years or more
466764488,way,last_update,21-11-2020,Feature has not been updated in 5 years or more
466764489,way,last_update,21-11-2020,Feature has not been updated in 5 years or more
466764490,way,last_update,21-11-2020,Feature has not been updated in 5 years or more
466765439,way,last_update,26-11-2020,Feature has not been updated in 5 years or more
466765440,way,last_update,26-11-2020,Feature has not been updated in 5 years or more
466767449,way,last_update,24-7-2020,Feature has not been updated in 5 years or more
466767450,way,last_update,24-7-2020,Feature has not been updated in 5 years or more
466767453,way,last_update,8-5-2021,Feature has not been updated in 5 years or more
466767455,way,last_update,8-5-2021,Feature has not been updated in 5 years or more
466767459,way,last_update,8-5-2021,Feature has not been updated in 5 years or more
466767460,way,last_update,8-5-2021,Feature has not been updated in 5 years or more
466767461,way,last_update,12-3-2021,Feature has not been updated in 5 years or more
466767462,way,last_update,12-3-2021,Feature has not been updated in 5 years or more
466767463,way,last_update,12-3-2021,Feature has not been updated in 5 years or more
466767464,way,last_update,12-3-2021,Feature has not been updated in 5 years or more
466767465,way,last_update,12-3-2021,Feature has not been updated in 5 years or more
466767466,way,last_update,12-3-2021,Feature has not been updated in 5 years or more
466767467,way,last_update,12-3-2021,Feature has not been updated in 5 years or more
466767468,way,last_update,12-3-2021,Feature has not been updated in 5 years or more
466767469,way,last_update,12-3-2021,Feature has not been updated in 5 years or more
466767474,way,last_update,26-11-2020,Feature has not been updated in 5 years or more
466767475,way,last_update,26-11-2020,Feature has not been updated in 5 years or more
466767476,way,last_update,26-11-2020,Feature has not been updated in 5 years or more
466767480,way,last_update,24-11-2020,Feature has not been updated in 5 years or more
466767481,way,last_update,11-4-2019,Feature has not been updated in 5 years or more
466767482,way,last_update,11-4-2019,Feature has not been updated in 5 years or more
466767483,way,last_update,8-4-2019,Feature has not been updated in 5 years or more
466767484,way,last_update,8-4-2019,Feature has not been updated in 5 years or more
466767485,way,last_update,11-4-2019,Feature has not been updated in 5 years or more
466767486,way,last_update,11-4-2019,Feature has not been updated in 5 years or more
466767487,way,last_update,11-4-2019,Feature has not been updated in 5 years or more
466767492,way,last_update,22-11-2020,Feature has not been updated in 5 years or more
466767493,way,last_update,22-11-2020,Feature has not been updated in 5 years or more
466767494,way,last_update,22-11-2020,Feature has not been updated in 5 years or more
466767497,way,last_update,22-11-2020,Feature has not been updated in 5 years or more
466767498,way,last_update,22-11-2020,Feature has not been updated in 5 years or more
466767499,way,last_update,22-11-2020,Feature has not been updated in 5 years or more
466767500,way,last_update,22-11-2020,Feature has not been updated in 5 years or more
466767501,way,last_update,22-11-2020,Feature has not been updated in 5 years or more
466767502,way,last_update,22-11-2020,Feature has not been updated in 5 years or more
466767503,way,last_update,22-11-2020,Feature has not been updated in 5 years or more
466768693,way,last_update,17-1-2017,Feature has not been updated in 5 years or more
466768695,way,last_update,17-1-2017,Feature has not been updated in 5 years or more
468443280,way,last_update,17-9-2019,Feature has not been updated in 5 years or more
468545905,way,last_update,24-1-2017,Feature has not been updated in 5 years or more
468545906,way,last_update,1-9-2018,Feature has not been updated in 5 years or more
468545907,way,last_update,1-9-2018,Feature has not been updated in 5 years or more
468545908,way,last_update,1-9-2018,Feature has not been updated in 5 years or more
468545909,way,last_update,1-9-2018,Feature has not been updated in 5 years or more
468545910,way,last_update,24-1-2017,Feature has not been updated in 5 years or more
468545911,way,last_update,24-1-2017,Feature has not been updated in 5 years or more
468545912,way,last_update,24-1-2017,Feature has not been updated in 5 years or more
468545913,way,last_update,24-1-2017,Feature has not been updated in 5 years or more
468545914,way,last_update,24-1-2017,Feature has not been updated in 5 years or more
468545915,way,last_update,24-1-2017,Feature has not been updated in 5 years or more
468552485,way,last_update,24-1-2017,Feature has not been updated in 5 years or more
468552486,way,last_update,24-1-2017,Feature has not been updated in 5 years or more
468556905,way,last_update,27-3-2019,Feature has not been updated in 5 years or more
468556907,way,last_update,27-3-2019,Feature has not been updated in 5 years or more
468556914,way,last_update,24-1-2017,Feature has not been updated in 5 years or more
468556928,way,last_update,24-1-2017,Feature has not been updated in 5 years or more
468556931,way,last_update,24-1-2017,Feature has not been updated in 5 years or more
468559910,way,last_update,24-1-2017,Feature has not been updated in 5 years or more
468559922,way,last_update,24-1-2017,Feature has not been updated in 5 years or more
468559923,way,last_update,24-1-2017,Feature has not been updated in 5 years or more
468559924,way,last_update,24-1-2017,Feature has not been updated in 5 years or more
468559925,way,last_update,24-1-2017,Feature has not been updated in 5 years or more
468917809,way,last_update,30-4-2018,Feature has not been updated in 5 years or more
468921222,way,last_update,21-6-2018,Feature has not been updated in 5 years or more
469089979,way,last_update,17-9-2019,Feature has not been updated in 5 years or more
469089982,way,last_update,26-1-2017,Feature has not been updated in 5 years or more
469089984,way,last_update,26-1-2017,Feature has not been updated in 5 years or more
469089985,way,last_update,17-9-2019,Feature has not been updated in 5 years or more
469089987,way,last_update,26-1-2017,Feature has not been updated in 5 years or more
469089988,way,last_update,26-1-2017,Feature has not been updated in 5 years or more
469089989,way,last_update,26-1-2017,Feature has not been updated in 5 years or more
469089995,way,last_update,17-9-2019,Feature has not been updated in 5 years or more
469089996,way,last_update,26-1-2017,Feature has not been updated in 5 years or more
469089997,way,last_update,17-9-2019,Feature has not been updated in 5 years or more
469089998,way,last_update,17-9-2019,Feature has not been updated in 5 years or more
469089999,way,last_update,26-1-2017,Feature has not been updated in 5 years or more
469090009,way,last_update,17-9-2019,Feature has not been updated in 5 years or more
469090011,way,last_update,17-9-2019,Feature has not been updated in 5 years or more
469090012,way,last_update,17-9-2019,Feature has not been updated in 5 years or more
469204563,way,last_update,26-1-2017,Feature has not been updated in 5 years or more
469210201,way,last_update,17-12-2020,Feature has not been updated in 5 years or more
469210202,way,last_update,17-12-2020,Feature has not been updated in 5 years or more
469210203,way,last_update,26-1-2017,Feature has not been updated in 5 years or more
469210204,way,last_update,26-1-2017,Feature has not been updated in 5 years or more
469210205,way,last_update,26-1-2017,Feature has not been updated in 5 years or more
469210206,way,last_update,26-1-2017,Feature has not been updated in 5 years or more
469210207,way,last_update,26-1-2017,Feature has not been updated in 5 years or more
469210208,way,last_update,26-1-2017,Feature has not been updated in 5 years or more
469210209,way,last_update,26-1-2017,Feature has not been updated in 5 years or more
469210210,way,last_update,26-1-2017,Feature has not been updated in 5 years or more
469210211,way,last_update,26-1-2017,Feature has not been updated in 5 years or more
469210212,way,last_update,26-1-2017,Feature has not been updated in 5 years or more
469210213,way,last_update,26-1-2017,Feature has not been updated in 5 years or more
469567181,way,last_update,27-1-2017,Feature has not been updated in 5 years or more
469567182,way,last_update,27-1-2017,Feature has not been updated in 5 years or more
469590839,way,last_update,5-1-2018,Feature has not been updated in 5 years or more
469590841,way,last_update,15-6-2018,Feature has not been updated in 5 years or more
469590872,way,last_update,15-6-2018,Feature has not been updated in 5 years or more
469590874,way,last_update,15-6-2018,Feature has not been updated in 5 years or more
469590875,way,last_update,15-6-2018,Feature has not been updated in 5 years or more
469590877,way,last_update,15-6-2018,Feature has not been updated in 5 years or more
469590879,way,last_update,15-6-2018,Feature has not been updated in 5 years or more
469590880,way,last_update,11-7-2017,Feature has not been updated in 5 years or more
469590881,way,last_update,28-1-2017,Feature has not been updated in 5 years or more
469590892,way,last_update,28-1-2017,Feature has not been updated in 5 years or more
469590893,way,last_update,23-1-2018,Feature has not been updated in 5 years or more
469590894,way,last_update,23-1-2018,Feature has not been updated in 5 years or more
469590895,way,last_update,23-1-2018,Feature has not been updated in 5 years or more
469590896,way,last_update,23-1-2018,Feature has not been updated in 5 years or more
469787743,way,last_update,27-6-2018,Feature has not been updated in 5 years or more
469787744,way,last_update,19-2-2018,Feature has not been updated in 5 years or more
469787755,way,last_update,28-1-2017,Feature has not been updated in 5 years or more
469787758,way,last_update,28-1-2017,Feature has not been updated in 5 years or more
469787759,way,last_update,28-1-2017,Feature has not been updated in 5 years or more
469787762,way,last_update,28-1-2017,Feature has not been updated in 5 years or more
469795000,way,last_update,19-2-2018,Feature has not been updated in 5 years or more
469795001,way,last_update,17-3-2018,Feature has not been updated in 5 years or more
469796824,way,last_update,19-2-2018,Feature has not been updated in 5 years or more
469796826,way,last_update,19-2-2018,Feature has not been updated in 5 years or more
469797178,way,last_update,5-11-2018,Feature has not been updated in 5 years or more
469809216,way,last_update,29-1-2017,Feature has not been updated in 5 years or more
469809598,way,last_update,24-8-2017,Feature has not been updated in 5 years or more
470103797,way,last_update,5-5-2018,Feature has not been updated in 5 years or more
470107456,way,last_update,26-6-2021,Feature has not been updated in 5 years or more
470109243,way,last_update,30-1-2017,Feature has not been updated in 5 years or more
470109244,way,last_update,30-1-2017,Feature has not been updated in 5 years or more
470109246,way,last_update,30-1-2017,Feature has not been updated in 5 years or more
470109247,way,last_update,30-1-2017,Feature has not been updated in 5 years or more
470109250,way,last_update,17-4-2018,Feature has not been updated in 5 years or more
470109253,way,last_update,17-4-2018,Feature has not been updated in 5 years or more
470109255,way,last_update,31-7-2021,Feature has not been updated in 5 years or more
470109256,way,last_update,31-7-2021,Feature has not been updated in 5 years or more
470114952,way,last_update,30-1-2017,Feature has not been updated in 5 years or more
470114953,way,last_update,30-1-2017,Feature has not been updated in 5 years or more
470114954,way,last_update,30-1-2017,Feature has not been updated in 5 years or more
470114956,way,last_update,30-1-2017,Feature has not been updated in 5 years or more
470114958,way,last_update,30-1-2017,Feature has not been updated in 5 years or more
470114960,way,last_update,30-1-2017,Feature has not been updated in 5 years or more
470114961,way,last_update,30-1-2017,Feature has not been updated in 5 years or more
470114962,way,last_update,30-1-2017,Feature has not been updated in 5 years or more
470114963,way,last_update,30-1-2017,Feature has not been updated in 5 years or more
470114964,way,last_update,30-1-2017,Feature has not been updated in 5 years or more
470114965,way,last_update,30-1-2017,Feature has not been updated in 5 years or more
470114966,way,last_update,30-1-2017,Feature has not been updated in 5 years or more
470114967,way,last_update,30-1-2017,Feature has not been updated in 5 years or more
470114968,way,last_update,30-1-2017,Feature has not been updated in 5 years or more
470114969,way,last_update,30-1-2017,Feature has not been updated in 5 years or more
470114970,way,last_update,30-1-2017,Feature has not been updated in 5 years or more
470114971,way,last_update,30-1-2017,Feature has not been updated in 5 years or more
470114978,way,last_update,30-1-2017,Feature has not been updated in 5 years or more
470114980,way,last_update,30-1-2017,Feature has not been updated in 5 years or more
470114981,way,last_update,30-1-2017,Feature has not been updated in 5 years or more
470114982,way,last_update,30-1-2017,Feature has not been updated in 5 years or more
470114985,way,last_update,30-1-2017,Feature has not been updated in 5 years or more
470114986,way,last_update,30-1-2017,Feature has not been updated in 5 years or more
470114987,way,last_update,30-1-2017,Feature has not been updated in 5 years or more
470114988,way,last_update,30-1-2017,Feature has not been updated in 5 years or more
470114989,way,last_update,30-1-2017,Feature has not been updated in 5 years or more
470118398,way,last_update,30-1-2017,Feature has not been updated in 5 years or more
470119512,way,last_update,30-1-2017,Feature has not been updated in 5 years or more
470119515,way,last_update,2-5-2019,Feature has not been updated in 5 years or more
470666129,way,last_update,15-3-2017,Feature has not been updated in 5 years or more
470683203,way,last_update,2-7-2018,Feature has not been updated in 5 years or more
470884657,way,last_update,1-2-2017,Feature has not been updated in 5 years or more
470884658,way,last_update,1-2-2017,Feature has not been updated in 5 years or more
470884659,way,last_update,1-2-2017,Feature has not been updated in 5 years or more
470884660,way,last_update,1-2-2017,Feature has not been updated in 5 years or more
470884661,way,last_update,1-2-2017,Feature has not been updated in 5 years or more
470884662,way,last_update,1-2-2017,Feature has not been updated in 5 years or more
470886832,way,last_update,1-2-2017,Feature has not been updated in 5 years or more
470886833,way,last_update,1-2-2017,Feature has not been updated in 5 years or more
470886834,way,last_update,1-2-2017,Feature has not been updated in 5 years or more
471288520,way,last_update,2-7-2018,Feature has not been updated in 5 years or more
471288533,way,last_update,2-7-2018,Feature has not been updated in 5 years or more
471288536,way,last_update,27-6-2018,Feature has not been updated in 5 years or more
471291132,way,last_update,1-2-2017,Feature has not been updated in 5 years or more
471291137,way,last_update,1-2-2017,Feature has not been updated in 5 years or more
471292920,way,last_update,19-2-2018,Feature has not been updated in 5 years or more
471292924,way,last_update,1-2-2017,Feature has not been updated in 5 years or more
471292927,way,last_update,7-11-2020,Feature has not been updated in 5 years or more
471296576,way,last_update,17-12-2020,Feature has not been updated in 5 years or more
471298442,way,last_update,1-2-2017,Feature has not been updated in 5 years or more
471667101,way,last_update,3-2-2017,Feature has not been updated in 5 years or more
471671270,way,last_update,3-2-2017,Feature has not been updated in 5 years or more
471671285,way,last_update,3-2-2017,Feature has not been updated in 5 years or more
474401480,way,last_update,17-7-2018,Feature has not been updated in 5 years or more
474406313,way,last_update,25-9-2020,Feature has not been updated in 5 years or more
474406319,way,last_update,13-2-2017,Feature has not been updated in 5 years or more
474406320,way,last_update,13-2-2017,Feature has not been updated in 5 years or more
474715886,way,last_update,1-8-2021,Feature has not been updated in 5 years or more
474716154,way,last_update,22-11-2020,Feature has not been updated in 5 years or more
474916586,way,last_update,15-2-2017,Feature has not been updated in 5 years or more
474916587,way,last_update,15-2-2017,Feature has not been updated in 5 years or more
474916588,way,last_update,15-2-2017,Feature has not been updated in 5 years or more
474916589,way,last_update,15-2-2017,Feature has not been updated in 5 years or more
474916590,way,last_update,15-2-2017,Feature has not been updated in 5 years or more
474916591,way,last_update,15-2-2017,Feature has not been updated in 5 years or more
474916592,way,last_update,15-2-2017,Feature has not been updated in 5 years or more
474916607,way,last_update,28-7-2018,Feature has not been updated in 5 years or more
474916608,way,last_update,28-7-2018,Feature has not been updated in 5 years or more
474916609,way,last_update,28-7-2018,Feature has not been updated in 5 years or more
474916611,way,last_update,28-7-2018,Feature has not been updated in 5 years or more
474925383,way,last_update,15-2-2017,Feature has not been updated in 5 years or more
474925384,way,last_update,15-2-2017,Feature has not been updated in 5 years or more
474925385,way,last_update,15-2-2017,Feature has not been updated in 5 years or more
474925417,way,last_update,15-2-2017,Feature has not been updated in 5 years or more
474925418,way,last_update,15-2-2017,Feature has not been updated in 5 years or more
474925419,way,last_update,15-2-2017,Feature has not been updated in 5 years or more
474927284,way,last_update,15-2-2017,Feature has not been updated in 5 years or more
474927290,way,last_update,15-2-2017,Feature has not been updated in 5 years or more
474927291,way,last_update,15-2-2017,Feature has not been updated in 5 years or more
474927292,way,last_update,15-2-2017,Feature has not been updated in 5 years or more
474930743,way,last_update,16-2-2017,Feature has not been updated in 5 years or more
474930744,way,last_update,16-2-2017,Feature has not been updated in 5 years or more
474930749,way,last_update,16-2-2017,Feature has not been updated in 5 years or more
474933527,way,last_update,15-6-2021,Feature has not been updated in 5 years or more
474933588,way,last_update,17-12-2020,Feature has not been updated in 5 years or more
474933707,way,last_update,16-2-2017,Feature has not been updated in 5 years or more
475083679,way,last_update,16-2-2017,Feature has not been updated in 5 years or more
475083680,way,last_update,16-2-2017,Feature has not been updated in 5 years or more
475083681,way,last_update,17-12-2020,Feature has not been updated in 5 years or more
475083682,way,last_update,16-2-2017,Feature has not been updated in 5 years or more
475083683,way,last_update,16-2-2017,Feature has not been updated in 5 years or more
475083684,way,last_update,16-2-2017,Feature has not been updated in 5 years or more
475087620,way,last_update,16-2-2017,Feature has not been updated in 5 years or more
475087621,way,last_update,16-2-2017,Feature has not been updated in 5 years or more
475091611,way,last_update,16-2-2017,Feature has not been updated in 5 years or more
475091612,way,last_update,16-2-2017,Feature has not been updated in 5 years or more
475296142,way,last_update,24-9-2019,Feature has not been updated in 5 years or more
475296143,way,last_update,17-2-2017,Feature has not been updated in 5 years or more
475296186,way,last_update,6-3-2017,Feature has not been updated in 5 years or more
475657986,way,last_update,19-2-2017,Feature has not been updated in 5 years or more
475662208,way,last_update,22-1-2018,Feature has not been updated in 5 years or more
475662212,way,last_update,19-2-2017,Feature has not been updated in 5 years or more
475675188,way,last_update,2-9-2018,Feature has not been updated in 5 years or more
475675189,way,last_update,2-9-2018,Feature has not been updated in 5 years or more
475692453,way,last_update,17-3-2020,Feature has not been updated in 5 years or more
475988322,way,last_update,8-12-2018,Feature has not been updated in 5 years or more
476167411,way,last_update,21-2-2017,Feature has not been updated in 5 years or more
476167418,way,last_update,28-7-2018,Feature has not been updated in 5 years or more
476167419,way,last_update,21-2-2017,Feature has not been updated in 5 years or more
476167422,way,last_update,21-2-2017,Feature has not been updated in 5 years or more
476167428,way,last_update,21-2-2017,Feature has not been updated in 5 years or more
476167430,way,last_update,26-11-2020,Feature has not been updated in 5 years or more
476167431,way,last_update,26-11-2020,Feature has not been updated in 5 years or more
476167432,way,last_update,26-11-2020,Feature has not been updated in 5 years or more
476167433,way,last_update,26-11-2020,Feature has not been updated in 5 years or more
476167434,way,last_update,26-11-2020,Feature has not been updated in 5 years or more
476168471,way,last_update,21-2-2017,Feature has not been updated in 5 years or more
476168474,way,last_update,21-2-2017,Feature has not been updated in 5 years or more
476168483,way,last_update,21-2-2017,Feature has not been updated in 5 years or more
476168488,way,last_update,21-2-2017,Feature has not been updated in 5 years or more
476168500,way,last_update,10-6-2018,Feature has not been updated in 5 years or more
476168501,way,last_update,10-6-2018,Feature has not been updated in 5 years or more
476168702,way,last_update,10-6-2018,Feature has not been updated in 5 years or more
476168708,way,last_update,10-6-2018,Feature has not been updated in 5 years or more
476168710,way,last_update,10-6-2018,Feature has not been updated in 5 years or more
476168712,way,last_update,10-1-2019,Feature has not been updated in 5 years or more
476168715,way,last_update,10-6-2018,Feature has not been updated in 5 years or more
476168717,way,last_update,10-6-2018,Feature has not been updated in 5 years or more
476168719,way,last_update,10-6-2018,Feature has not been updated in 5 years or more
476168721,way,last_update,10-6-2018,Feature has not been updated in 5 years or more
476168723,way,last_update,10-6-2018,Feature has not been updated in 5 years or more
476168725,way,last_update,10-6-2018,Feature has not been updated in 5 years or more
476170883,way,last_update,10-6-2018,Feature has not been updated in 5 years or more
476170884,way,last_update,17-11-2020,Feature has not been updated in 5 years or more
476170885,way,last_update,17-11-2020,Feature has not been updated in 5 years or more
476170886,way,last_update,21-2-2017,Feature has not been updated in 5 years or more
476170887,way,last_update,17-11-2020,Feature has not been updated in 5 years or more
476170898,way,last_update,21-2-2017,Feature has not been updated in 5 years or more
476170899,way,last_update,10-6-2018,Feature has not been updated in 5 years or more
477342372,way,last_update,26-2-2017,Feature has not been updated in 5 years or more
477342373,way,last_update,26-2-2017,Feature has not been updated in 5 years or more
478955106,way,last_update,6-3-2017,Feature has not been updated in 5 years or more
478955107,way,last_update,6-3-2017,Feature has not been updated in 5 years or more
478955110,way,last_update,6-3-2017,Feature has not been updated in 5 years or more
478955111,way,last_update,6-3-2017,Feature has not been updated in 5 years or more
478955112,way,last_update,6-3-2017,Feature has not been updated in 5 years or more
478955113,way,last_update,6-3-2017,Feature has not been updated in 5 years or more
478955114,way,last_update,6-3-2017,Feature has not been updated in 5 years or more
478955115,way,last_update,6-3-2017,Feature has not been updated in 5 years or more
478955116,way,last_update,6-3-2017,Feature has not been updated in 5 years or more
478955117,way,last_update,6-3-2017,Feature has not been updated in 5 years or more
478955118,way,last_update,6-3-2017,Feature has not been updated in 5 years or more
478955119,way,last_update,6-3-2017,Feature has not been updated in 5 years or more
478955129,way,last_update,6-3-2017,Feature has not been updated in 5 years or more
478955130,way,last_update,6-3-2017,Feature has not been updated in 5 years or more
478955131,way,last_update,6-3-2017,Feature has not been updated in 5 years or more
478955132,way,last_update,6-3-2017,Feature has not been updated in 5 years or more
478955133,way,last_update,6-3-2017,Feature has not been updated in 5 years or more
478955134,way,last_update,6-3-2017,Feature has not been updated in 5 years or more
478955136,way,last_update,6-3-2017,Feature has not been updated in 5 years or more
478955153,way,last_update,6-3-2017,Feature has not been updated in 5 years or more
478955158,way,last_update,6-3-2017,Feature has not been updated in 5 years or more
478955164,way,last_update,6-3-2017,Feature has not been updated in 5 years or more
478955165,way,last_update,3-6-2017,Feature has not been updated in 5 years or more
478955894,way,last_update,6-3-2017,Feature has not been updated in 5 years or more
478955895,way,last_update,6-3-2017,Feature has not been updated in 5 years or more
478955903,way,last_update,17-12-2020,Feature has not been updated in 5 years or more
478955904,way,last_update,17-12-2020,Feature has not been updated in 5 years or more
478955905,way,last_update,6-3-2017,Feature has not been updated in 5 years or more
478955915,way,last_update,6-3-2017,Feature has not been updated in 5 years or more
478955917,way,last_update,6-3-2017,Feature has not been updated in 5 years or more
478964817,way,last_update,7-3-2017,Feature has not been updated in 5 years or more
479359801,way,last_update,8-3-2017,Feature has not been updated in 5 years or more
479359802,way,last_update,8-3-2017,Feature has not been updated in 5 years or more
479359803,way,last_update,8-3-2017,Feature has not been updated in 5 years or more
479375434,way,last_update,8-3-2017,Feature has not been updated in 5 years or more
479375435,way,last_update,8-3-2017,Feature has not been updated in 5 years or more
479375436,way,last_update,8-3-2017,Feature has not been updated in 5 years or more
479376480,way,last_update,8-3-2017,Feature has not been updated in 5 years or more
479376481,way,last_update,8-3-2017,Feature has not been updated in 5 years or more
479822550,way,last_update,11-3-2017,Feature has not been updated in 5 years or more
479822551,way,last_update,11-3-2017,Feature has not been updated in 5 years or more
479822552,way,last_update,11-3-2017,Feature has not been updated in 5 years or more
479822553,way,last_update,11-3-2017,Feature has not been updated in 5 years or more
479822554,way,last_update,11-3-2017,Feature has not been updated in 5 years or more
479822555,way,last_update,11-3-2017,Feature has not been updated in 5 years or more
479928911,way,last_update,29-8-2018,Feature has not been updated in 5 years or more
479928912,way,last_update,29-8-2018,Feature has not been updated in 5 years or more
479928913,way,last_update,11-3-2017,Feature has not been updated in 5 years or more
479928914,way,last_update,29-8-2018,Feature has not been updated in 5 years or more
479940257,way,last_update,27-3-2019,Feature has not been updated in 5 years or more
479940258,way,last_update,16-4-2018,Feature has not been updated in 5 years or more
479940259,way,last_update,27-3-2019,Feature has not been updated in 5 years or more
479940260,way,last_update,27-3-2019,Feature has not been updated in 5 years or more
479940267,way,last_update,16-4-2018,Feature has not been updated in 5 years or more
479940268,way,last_update,16-4-2018,Feature has not been updated in 5 years or more
479940269,way,last_update,16-4-2018,Feature has not been updated in 5 years or more
479940270,way,last_update,16-4-2018,Feature has not been updated in 5 years or more
479940271,way,last_update,16-4-2018,Feature has not been updated in 5 years or more
479942809,way,last_update,13-4-2018,Feature has not been updated in 5 years or more
479942810,way,last_update,13-4-2018,Feature has not been updated in 5 years or more
479953753,way,last_update,20-8-2020,Feature has not been updated in 5 years or more
479953754,way,last_update,20-8-2020,Feature has not been updated in 5 years or more
481138128,way,last_update,18-3-2017,Feature has not been updated in 5 years or more
481144772,way,last_update,18-3-2017,Feature has not been updated in 5 years or more
481144773,way,last_update,18-3-2017,Feature has not been updated in 5 years or more
481144777,way,last_update,18-3-2017,Feature has not been updated in 5 years or more
481144779,way,last_update,18-3-2017,Feature has not been updated in 5 years or more
481144780,way,last_update,18-3-2017,Feature has not been updated in 5 years or more
481542726,way,last_update,20-3-2017,Feature has not been updated in 5 years or more
482142935,way,last_update,23-3-2017,Feature has not been updated in 5 years or more
482142936,way,last_update,23-3-2017,Feature has not been updated in 5 years or more
482142937,way,last_update,23-3-2017,Feature has not been updated in 5 years or more
482142938,way,last_update,23-3-2017,Feature has not been updated in 5 years or more
482142939,way,last_update,23-3-2017,Feature has not been updated in 5 years or more
482142940,way,last_update,23-3-2017,Feature has not been updated in 5 years or more
482341943,way,last_update,24-3-2017,Feature has not been updated in 5 years or more
482341944,way,last_update,24-3-2017,Feature has not been updated in 5 years or more
482342624,way,last_update,20-5-2021,Feature has not been updated in 5 years or more
482342625,way,last_update,17-7-2018,Feature has not been updated in 5 years or more
482342626,way,last_update,17-7-2018,Feature has not been updated in 5 years or more
482347615,way,last_update,24-3-2017,Feature has not been updated in 5 years or more
482347616,way,last_update,24-3-2017,Feature has not been updated in 5 years or more
482347623,way,last_update,24-3-2017,Feature has not been updated in 5 years or more
482347625,way,last_update,24-3-2017,Feature has not been updated in 5 years or more
482347627,way,last_update,24-3-2017,Feature has not been updated in 5 years or more
482347631,way,last_update,24-3-2017,Feature has not been updated in 5 years or more
482347638,way,last_update,24-3-2017,Feature has not been updated in 5 years or more
482347639,way,last_update,7-3-2018,Feature has not been updated in 5 years or more
482347640,way,last_update,24-3-2017,Feature has not been updated in 5 years or more
482505371,way,last_update,23-5-2021,Feature has not been updated in 5 years or more
483749028,way,last_update,30-3-2017,Feature has not been updated in 5 years or more
483749029,way,last_update,30-3-2017,Feature has not been updated in 5 years or more
483749030,way,last_update,30-3-2017,Feature has not been updated in 5 years or more
483749031,way,last_update,30-3-2017,Feature has not been updated in 5 years or more
483749032,way,last_update,30-3-2017,Feature has not been updated in 5 years or more
483749033,way,last_update,30-3-2017,Feature has not been updated in 5 years or more
483749035,way,last_update,30-3-2017,Feature has not been updated in 5 years or more
483749038,way,last_update,30-3-2017,Feature has not been updated in 5 years or more
483749040,way,last_update,30-3-2017,Feature has not been updated in 5 years or more
483749042,way,last_update,30-3-2017,Feature has not been updated in 5 years or more
483749046,way,last_update,30-3-2017,Feature has not been updated in 5 years or more
483749048,way,last_update,30-3-2017,Feature has not been updated in 5 years or more
483749051,way,last_update,30-3-2017,Feature has not been updated in 5 years or more
483749053,way,last_update,30-3-2017,Feature has not been updated in 5 years or more
483749054,way,last_update,30-3-2017,Feature has not been updated in 5 years or more
484279542,way,last_update,10-12-2020,Feature has not been updated in 5 years or more
484318634,way,last_update,15-8-2021,Feature has not been updated in 5 years or more
484318635,way,last_update,15-8-2021,Feature has not been updated in 5 years or more
484318636,way,last_update,13-8-2021,Feature has not been updated in 5 years or more
484318637,way,last_update,13-8-2021,Feature has not been updated in 5 years or more
485968612,way,last_update,18-6-2021,Feature has not been updated in 5 years or more
485968613,way,last_update,18-6-2021,Feature has not been updated in 5 years or more
485968623,way,last_update,10-4-2017,Feature has not been updated in 5 years or more
485968624,way,last_update,10-4-2017,Feature has not been updated in 5 years or more
485968633,way,last_update,10-4-2017,Feature has not been updated in 5 years or more
485968634,way,last_update,10-4-2017,Feature has not been updated in 5 years or more
485968650,way,last_update,10-4-2017,Feature has not been updated in 5 years or more
485969847,way,last_update,11-4-2017,Feature has not been updated in 5 years or more
485969848,way,last_update,11-4-2017,Feature has not been updated in 5 years or more
485969849,way,last_update,11-4-2017,Feature has not been updated in 5 years or more
485969850,way,last_update,11-4-2017,Feature has not been updated in 5 years or more
485969851,way,last_update,11-4-2017,Feature has not been updated in 5 years or more
485969852,way,last_update,11-4-2017,Feature has not been updated in 5 years or more
485974183,way,last_update,11-4-2017,Feature has not been updated in 5 years or more
485974184,way,last_update,11-4-2017,Feature has not been updated in 5 years or more
485974185,way,last_update,11-4-2017,Feature has not been updated in 5 years or more
485974187,way,last_update,11-4-2017,Feature has not been updated in 5 years or more
485974201,way,last_update,11-4-2017,Feature has not been updated in 5 years or more
485974337,way,last_update,11-4-2017,Feature has not been updated in 5 years or more
485974339,way,last_update,11-4-2017,Feature has not been updated in 5 years or more
485974340,way,last_update,11-4-2017,Feature has not been updated in 5 years or more
485974342,way,last_update,11-4-2017,Feature has not been updated in 5 years or more
485974344,way,last_update,11-4-2017,Feature has not been updated in 5 years or more
485974345,way,last_update,11-4-2017,Feature has not been updated in 5 years or more
485975735,way,last_update,7-6-2021,Feature has not been updated in 5 years or more
490725319,way,last_update,1-5-2017,Feature has not been updated in 5 years or more
493459689,way,last_update,26-5-2018,Feature has not been updated in 5 years or more
493459690,way,last_update,24-11-2020,Feature has not been updated in 5 years or more
493459691,way,last_update,3-5-2021,Feature has not been updated in 5 years or more
493459692,way,last_update,3-5-2021,Feature has not been updated in 5 years or more
493459693,way,last_update,3-5-2021,Feature has not been updated in 5 years or more
493459698,way,last_update,24-11-2020,Feature has not been updated in 5 years or more
493459699,way,last_update,26-5-2018,Feature has not been updated in 5 years or more
493459700,way,last_update,1-12-2020,Feature has not been updated in 5 years or more
493459701,way,last_update,1-12-2020,Feature has not been updated in 5 years or more
493459703,way,last_update,13-8-2018,Feature has not been updated in 5 years or more
493459709,way,last_update,3-5-2019,Feature has not been updated in 5 years or more
493459710,way,last_update,1-12-2020,Feature has not been updated in 5 years or more
493459711,way,last_update,1-12-2020,Feature has not been updated in 5 years or more
493459713,way,last_update,1-12-2020,Feature has not been updated in 5 years or more
493459721,way,last_update,14-5-2017,Feature has not been updated in 5 years or more
493459722,way,last_update,14-5-2017,Feature has not been updated in 5 years or more
493466315,way,last_update,14-5-2017,Feature has not been updated in 5 years or more
493466316,way,last_update,14-5-2017,Feature has not been updated in 5 years or more
493466327,way,last_update,14-5-2017,Feature has not been updated in 5 years or more
493466328,way,last_update,14-5-2017,Feature has not been updated in 5 years or more
493466329,way,last_update,14-5-2017,Feature has not been updated in 5 years or more
493466330,way,last_update,16-5-2020,Feature has not been updated in 5 years or more
493466352,way,last_update,14-5-2017,Feature has not been updated in 5 years or more
493466367,way,last_update,24-11-2020,Feature has not been updated in 5 years or more
493466368,way,last_update,24-11-2020,Feature has not been updated in 5 years or more
493466375,way,last_update,24-11-2020,Feature has not been updated in 5 years or more
493466376,way,last_update,24-11-2020,Feature has not been updated in 5 years or more
493466377,way,last_update,24-11-2020,Feature has not been updated in 5 years or more
493467599,way,last_update,24-11-2020,Feature has not been updated in 5 years or more
493467600,way,last_update,14-5-2017,Feature has not been updated in 5 years or more
493467601,way,last_update,8-4-2019,Feature has not been updated in 5 years or more
493467602,way,last_update,14-5-2017,Feature has not been updated in 5 years or more
493467603,way,last_update,14-5-2017,Feature has not been updated in 5 years or more
493467604,way,last_update,14-5-2017,Feature has not been updated in 5 years or more
493467622,way,last_update,14-5-2017,Feature has not been updated in 5 years or more
497509725,way,last_update,15-12-2018,Feature has not been updated in 5 years or more
497792543,way,last_update,19-4-2019,Feature has not been updated in 5 years or more
497792544,way,last_update,3-6-2017,Feature has not been updated in 5 years or more
497792545,way,last_update,3-6-2017,Feature has not been updated in 5 years or more
497792546,way,last_update,3-6-2017,Feature has not been updated in 5 years or more
497792547,way,last_update,3-6-2017,Feature has not been updated in 5 years or more
497792548,way,last_update,3-6-2017,Feature has not been updated in 5 years or more
497792549,way,last_update,3-6-2017,Feature has not been updated in 5 years or more
497792594,way,last_update,3-6-2017,Feature has not been updated in 5 years or more
497792595,way,last_update,3-6-2017,Feature has not been updated in 5 years or more
497792596,way,last_update,3-6-2017,Feature has not been updated in 5 years or more
497930381,way,last_update,3-6-2017,Feature has not been updated in 5 years or more
497932422,way,last_update,3-6-2017,Feature has not been updated in 5 years or more
497932423,way,last_update,3-6-2017,Feature has not been updated in 5 years or more
497932441,way,last_update,3-6-2017,Feature has not been updated in 5 years or more
497932442,way,last_update,3-6-2017,Feature has not been updated in 5 years or more
497934683,way,last_update,3-6-2017,Feature has not been updated in 5 years or more
497934685,way,last_update,3-6-2017,Feature has not been updated in 5 years or more
497934688,way,last_update,3-6-2017,Feature has not been updated in 5 years or more
497934690,way,last_update,3-6-2017,Feature has not been updated in 5 years or more
497934692,way,last_update,22-6-2021,Feature has not been updated in 5 years or more
497934724,way,last_update,3-6-2017,Feature has not been updated in 5 years or more
497934726,way,last_update,3-6-2017,Feature has not been updated in 5 years or more
497934728,way,last_update,3-6-2017,Feature has not been updated in 5 years or more
497934730,way,last_update,3-6-2017,Feature has not been updated in 5 years or more
498055903,way,last_update,4-6-2017,Feature has not been updated in 5 years or more
498055912,way,last_update,4-6-2017,Feature has not been updated in 5 years or more
498055913,way,last_update,4-6-2017,Feature has not been updated in 5 years or more
498055914,way,last_update,4-6-2017,Feature has not been updated in 5 years or more
498057777,way,last_update,4-6-2017,Feature has not been updated in 5 years or more
498057778,way,last_update,4-6-2017,Feature has not been updated in 5 years or more
498057779,way,last_update,13-10-2018,Feature has not been updated in 5 years or more
498110488,way,last_update,28-1-2021,Feature has not been updated in 5 years or more
498110489,way,last_update,28-1-2021,Feature has not been updated in 5 years or more
498110491,way,last_update,28-1-2021,Feature has not been updated in 5 years or more
498110495,way,last_update,4-6-2017,Feature has not been updated in 5 years or more
498110497,way,last_update,13-12-2017,Feature has not been updated in 5 years or more
498110499,way,last_update,13-12-2017,Feature has not been updated in 5 years or more
498110500,way,last_update,13-12-2017,Feature has not been updated in 5 years or more
498110501,way,last_update,4-6-2017,Feature has not been updated in 5 years or more
498110502,way,last_update,13-12-2017,Feature has not been updated in 5 years or more
498110503,way,last_update,4-6-2017,Feature has not been updated in 5 years or more
498110504,way,last_update,13-12-2017,Feature has not been updated in 5 years or more
498110514,way,last_update,4-6-2017,Feature has not been updated in 5 years or more
499208257,way,last_update,14-8-2018,Feature has not been updated in 5 years or more
500294808,way,last_update,14-6-2017,Feature has not been updated in 5 years or more
500294815,way,last_update,14-6-2017,Feature has not been updated in 5 years or more
500294822,way,last_update,14-6-2017,Feature has not been updated in 5 years or more
501092552,way,last_update,11-4-2018,Feature has not been updated in 5 years or more
501092555,way,last_update,11-4-2018,Feature has not been updated in 5 years or more
501092560,way,last_update,17-6-2017,Feature has not been updated in 5 years or more
502204772,way,last_update,20-6-2017,Feature has not been updated in 5 years or more
502204889,way,last_update,20-6-2017,Feature has not been updated in 5 years or more
503897255,way,last_update,29-6-2017,Feature has not been updated in 5 years or more
506830894,way,last_update,14-8-2018,Feature has not been updated in 5 years or more
507431554,way,last_update,14-7-2017,Feature has not been updated in 5 years or more
507435955,way,last_update,14-8-2018,Feature has not been updated in 5 years or more
507687835,way,last_update,15-7-2017,Feature has not been updated in 5 years or more
513948200,way,last_update,8-8-2017,Feature has not been updated in 5 years or more
513953860,way,last_update,23-6-2021,Feature has not been updated in 5 years or more
515275815,way,last_update,17-12-2020,Feature has not been updated in 5 years or more
515275817,way,last_update,13-8-2017,Feature has not been updated in 5 years or more
515275819,way,last_update,13-8-2017,Feature has not been updated in 5 years or more
516481981,way,last_update,28-8-2017,Feature has not been updated in 5 years or more
517069493,way,last_update,7-3-2019,Feature has not been updated in 5 years or more
517069494,way,last_update,20-8-2017,Feature has not been updated in 5 years or more
517414972,way,last_update,21-8-2017,Feature has not been updated in 5 years or more
517414991,way,last_update,21-8-2017,Feature has not been updated in 5 years or more
517425628,way,last_update,21-8-2017,Feature has not been updated in 5 years or more
517425630,way,last_update,21-8-2017,Feature has not been updated in 5 years or more
517432303,way,last_update,21-8-2017,Feature has not been updated in 5 years or more
517432304,way,last_update,21-8-2017,Feature has not been updated in 5 years or more
517432305,way,last_update,1-10-2018,Feature has not been updated in 5 years or more
517432307,way,last_update,1-10-2018,Feature has not been updated in 5 years or more
517432313,way,last_update,21-8-2017,Feature has not been updated in 5 years or more
517472422,way,last_update,7-8-2020,Feature has not been updated in 5 years or more
517472423,way,last_update,30-7-2018,Feature has not been updated in 5 years or more
517472424,way,last_update,1-10-2018,Feature has not been updated in 5 years or more
517472444,way,last_update,21-8-2017,Feature has not been updated in 5 years or more
517490782,way,last_update,7-7-2018,Feature has not been updated in 5 years or more
517491211,way,last_update,7-11-2020,Feature has not been updated in 5 years or more
517814262,way,last_update,23-8-2017,Feature has not been updated in 5 years or more
517814293,way,last_update,23-8-2017,Feature has not been updated in 5 years or more
517817504,way,last_update,14-3-2021,Feature has not been updated in 5 years or more
517817515,way,last_update,23-8-2017,Feature has not been updated in 5 years or more
517817516,way,last_update,7-8-2020,Feature has not been updated in 5 years or more
517819746,way,last_update,23-8-2017,Feature has not been updated in 5 years or more
517819748,way,last_update,23-8-2017,Feature has not been updated in 5 years or more
517819751,way,last_update,23-8-2017,Feature has not been updated in 5 years or more
517819753,way,last_update,31-12-2018,Feature has not been updated in 5 years or more
517820694,way,last_update,23-8-2017,Feature has not been updated in 5 years or more
517820695,way,last_update,23-8-2017,Feature has not been updated in 5 years or more
517822722,way,last_update,23-8-2017,Feature has not been updated in 5 years or more
518096033,way,last_update,23-8-2017,Feature has not been updated in 5 years or more
518096034,way,last_update,10-2-2021,Feature has not been updated in 5 years or more
518096035,way,last_update,20-2-2021,Feature has not been updated in 5 years or more
518096036,way,last_update,23-8-2017,Feature has not been updated in 5 years or more
518096037,way,last_update,23-8-2017,Feature has not been updated in 5 years or more
518096039,way,last_update,16-3-2019,Feature has not been updated in 5 years or more
518096041,way,last_update,23-8-2017,Feature has not been updated in 5 years or more
518096043,way,last_update,10-2-2021,Feature has not been updated in 5 years or more
518096045,way,last_update,23-8-2017,Feature has not been updated in 5 years or more
518096046,way,last_update,23-8-2017,Feature has not been updated in 5 years or more
518127006,way,last_update,23-8-2017,Feature has not been updated in 5 years or more
518127020,way,last_update,23-8-2017,Feature has not been updated in 5 years or more
518127456,way,last_update,23-8-2017,Feature has not been updated in 5 years or more
518127457,way,last_update,20-9-2019,Feature has not been updated in 5 years or more
518127458,way,last_update,20-9-2019,Feature has not been updated in 5 years or more
518127459,way,last_update,1-6-2020,Feature has not been updated in 5 years or more
518131560,way,last_update,23-8-2017,Feature has not been updated in 5 years or more
518131561,way,last_update,23-8-2017,Feature has not been updated in 5 years or more
518158246,way,last_update,24-8-2017,Feature has not been updated in 5 years or more
518158248,way,last_update,24-8-2017,Feature has not been updated in 5 years or more
518158250,way,last_update,24-8-2017,Feature has not been updated in 5 years or more
518158251,way,last_update,24-8-2017,Feature has not been updated in 5 years or more
518158256,way,last_update,24-8-2017,Feature has not been updated in 5 years or more
518158257,way,last_update,24-8-2017,Feature has not been updated in 5 years or more
518158258,way,last_update,24-8-2017,Feature has not been updated in 5 years or more
518689607,way,last_update,15-2-2018,Feature has not been updated in 5 years or more
518691677,way,last_update,25-8-2017,Feature has not been updated in 5 years or more
518691678,way,last_update,25-8-2017,Feature has not been updated in 5 years or more
518691679,way,last_update,25-8-2017,Feature has not been updated in 5 years or more
519111695,way,last_update,27-8-2017,Feature has not been updated in 5 years or more
519114385,way,last_update,10-3-2018,Feature has not been updated in 5 years or more
519114386,way,last_update,27-8-2017,Feature has not been updated in 5 years or more
519114387,way,last_update,27-8-2017,Feature has not been updated in 5 years or more
519114388,way,last_update,10-3-2018,Feature has not been updated in 5 years or more
519114389,way,last_update,27-8-2017,Feature has not been updated in 5 years or more
519427024,way,last_update,16-8-2021,Feature has not been updated in 5 years or more
519427025,way,last_update,28-8-2017,Feature has not been updated in 5 years or more
519427026,way,last_update,28-8-2017,Feature has not been updated in 5 years or more
519427027,way,last_update,28-8-2017,Feature has not been updated in 5 years or more
519427028,way,last_update,28-8-2017,Feature has not been updated in 5 years or more
519444565,way,last_update,16-8-2021,Feature has not been updated in 5 years or more
519444566,way,last_update,28-8-2017,Feature has not been updated in 5 years or more
519444567,way,last_update,28-8-2017,Feature has not been updated in 5 years or more
519444570,way,last_update,16-8-2021,Feature has not been updated in 5 years or more
519444572,way,last_update,28-8-2017,Feature has not been updated in 5 years or more
519444575,way,last_update,16-8-2021,Feature has not been updated in 5 years or more
519444576,way,last_update,28-8-2017,Feature has not been updated in 5 years or more
519444577,way,last_update,28-8-2017,Feature has not been updated in 5 years or more
519444578,way,last_update,28-8-2017,Feature has not been updated in 5 years or more
519444581,way,last_update,28-8-2017,Feature has not been updated in 5 years or more
519444582,way,last_update,28-8-2017,Feature has not been updated in 5 years or more
519444583,way,last_update,28-8-2017,Feature has not been updated in 5 years or more
519444586,way,last_update,16-8-2021,Feature has not been updated in 5 years or more
519444587,way,last_update,28-8-2017,Feature has not been updated in 5 years or more
519444588,way,last_update,28-8-2017,Feature has not been updated in 5 years or more
519446977,way,last_update,16-8-2021,Feature has not been updated in 5 years or more
519446978,way,last_update,28-8-2017,Feature has not been updated in 5 years or more
519446979,way,last_update,28-8-2017,Feature has not been updated in 5 years or more
519446982,way,last_update,16-8-2021,Feature has not been updated in 5 years or more
519446983,way,last_update,28-8-2017,Feature has not been updated in 5 years or more
519446984,way,last_update,28-8-2017,Feature has not been updated in 5 years or more
519446987,way,last_update,16-8-2021,Feature has not been updated in 5 years or more
519446988,way,last_update,28-8-2017,Feature has not been updated in 5 years or more
519446989,way,last_update,28-8-2017,Feature has not been updated in 5 years or more
519446992,way,last_update,16-8-2021,Feature has not been updated in 5 years or more
519446993,way,last_update,28-8-2017,Feature has not been updated in 5 years or more
519446994,way,last_update,28-8-2017,Feature has not been updated in 5 years or more
519446995,way,last_update,28-8-2017,Feature has not been updated in 5 years or more
519448772,way,last_update,28-8-2017,Feature has not been updated in 5 years or more
519448776,way,last_update,16-8-2021,Feature has not been updated in 5 years or more
519448777,way,last_update,28-8-2017,Feature has not been updated in 5 years or more
519448778,way,last_update,28-8-2017,Feature has not been updated in 5 years or more
519448781,way,last_update,28-8-2017,Feature has not been updated in 5 years or more
519448782,way,last_update,28-8-2017,Feature has not been updated in 5 years or more
519448783,way,last_update,28-8-2017,Feature has not been updated in 5 years or more
519448784,way,last_update,28-8-2017,Feature has not been updated in 5 years or more
519448785,way,last_update,28-8-2017,Feature has not been updated in 5 years or more
519448786,way,last_update,28-8-2017,Feature has not been updated in 5 years or more
519448788,way,last_update,28-8-2017,Feature has not been updated in 5 years or more
519448789,way,last_update,28-8-2017,Feature has not been updated in 5 years or more
519448791,way,last_update,28-8-2017,Feature has not been updated in 5 years or more
519448792,way,last_update,28-8-2017,Feature has not been updated in 5 years or more
519448793,way,last_update,28-8-2017,Feature has not been updated in 5 years or more
519448794,way,last_update,28-8-2017,Feature has not been updated in 5 years or more
519448797,way,last_update,28-8-2017,Feature has not been updated in 5 years or more
519448798,way,last_update,28-8-2017,Feature has not been updated in 5 years or more
519448799,way,last_update,28-8-2017,Feature has not been updated in 5 years or more
519448800,way,last_update,28-8-2017,Feature has not been updated in 5 years or more
519448801,way,last_update,28-8-2017,Feature has not been updated in 5 years or more
519448802,way,last_update,28-8-2017,Feature has not been updated in 5 years or more
519448803,way,last_update,28-8-2017,Feature has not been updated in 5 years or more
519448804,way,last_update,28-8-2017,Feature has not been updated in 5 years or more
519448805,way,last_update,28-8-2017,Feature has not been updated in 5 years or more
519448806,way,last_update,28-8-2017,Feature has not been updated in 5 years or more
519448807,way,last_update,28-8-2017,Feature has not been updated in 5 years or more
519448808,way,last_update,28-8-2017,Feature has not been updated in 5 years or more
519448809,way,last_update,28-8-2017,Feature has not been updated in 5 years or more
519448810,way,last_update,28-8-2017,Feature has not been updated in 5 years or more
519448811,way,last_update,28-8-2017,Feature has not been updated in 5 years or more
519448812,way,last_update,28-8-2017,Feature has not been updated in 5 years or more
519448814,way,last_update,28-8-2017,Feature has not been updated in 5 years or more
519448815,way,last_update,28-8-2017,Feature has not been updated in 5 years or more
519448816,way,last_update,28-8-2017,Feature has not been updated in 5 years or more
519448817,way,last_update,28-8-2017,Feature has not been updated in 5 years or more
519448818,way,last_update,28-8-2017,Feature has not been updated in 5 years or more
519450251,way,last_update,28-8-2017,Feature has not been updated in 5 years or more
519450252,way,last_update,28-8-2017,Feature has not been updated in 5 years or more
519450253,way,last_update,28-8-2017,Feature has not been updated in 5 years or more
519450254,way,last_update,28-8-2017,Feature has not been updated in 5 years or more
519450255,way,last_update,28-8-2017,Feature has not been updated in 5 years or more
519450258,way,last_update,28-8-2017,Feature has not been updated in 5 years or more
519450259,way,last_update,28-8-2017,Feature has not been updated in 5 years or more
519450260,way,last_update,28-8-2017,Feature has not been updated in 5 years or more
519450261,way,last_update,28-8-2017,Feature has not been updated in 5 years or more
519676909,way,last_update,29-8-2017,Feature has not been updated in 5 years or more
519676910,way,last_update,29-8-2017,Feature has not been updated in 5 years or more
519676911,way,last_update,29-8-2017,Feature has not been updated in 5 years or more
519676912,way,last_update,29-8-2017,Feature has not been updated in 5 years or more
519676913,way,last_update,29-8-2017,Feature has not been updated in 5 years or more
519676914,way,last_update,29-8-2017,Feature has not been updated in 5 years or more
519676915,way,last_update,29-8-2017,Feature has not been updated in 5 years or more
519676916,way,last_update,29-8-2017,Feature has not been updated in 5 years or more
519734610,way,last_update,29-8-2017,Feature has not been updated in 5 years or more
519745270,way,last_update,29-8-2017,Feature has not been updated in 5 years or more
519745271,way,last_update,29-8-2017,Feature has not been updated in 5 years or more
519745272,way,last_update,29-8-2017,Feature has not been updated in 5 years or more
519745273,way,last_update,30-8-2017,Feature has not been updated in 5 years or more
519745274,way,last_update,29-8-2017,Feature has not been updated in 5 years or more
519745275,way,last_update,29-8-2017,Feature has not been updated in 5 years or more
519745276,way,last_update,30-8-2017,Feature has not been updated in 5 years or more
519745277,way,last_update,29-8-2017,Feature has not been updated in 5 years or more
519748344,way,last_update,29-8-2017,Feature has not been updated in 5 years or more
519748345,way,last_update,29-8-2017,Feature has not been updated in 5 years or more
519748347,way,last_update,29-8-2017,Feature has not been updated in 5 years or more
519748349,way,last_update,29-8-2017,Feature has not been updated in 5 years or more
519748351,way,last_update,29-8-2017,Feature has not been updated in 5 years or more
519748352,way,last_update,29-8-2017,Feature has not been updated in 5 years or more
519748353,way,last_update,29-8-2017,Feature has not been updated in 5 years or more
519750849,way,last_update,29-8-2017,Feature has not been updated in 5 years or more
519750852,way,last_update,29-8-2017,Feature has not been updated in 5 years or more
519750855,way,last_update,29-8-2017,Feature has not been updated in 5 years or more
519750857,way,last_update,29-8-2017,Feature has not been updated in 5 years or more
519750860,way,last_update,29-8-2017,Feature has not been updated in 5 years or more
519750862,way,last_update,29-8-2017,Feature has not been updated in 5 years or more
519750865,way,last_update,29-8-2017,Feature has not been updated in 5 years or more
519750867,way,last_update,29-8-2017,Feature has not been updated in 5 years or more
519750870,way,last_update,29-8-2017,Feature has not been updated in 5 years or more
519750872,way,last_update,29-8-2017,Feature has not been updated in 5 years or more
520425392,way,last_update,31-8-2017,Feature has not been updated in 5 years or more
520425394,way,last_update,31-8-2017,Feature has not been updated in 5 years or more
520425397,way,last_update,31-8-2017,Feature has not been updated in 5 years or more
520425399,way,last_update,31-8-2017,Feature has not been updated in 5 years or more
520425400,way,last_update,31-8-2017,Feature has not been updated in 5 years or more
520425401,way,last_update,31-8-2017,Feature has not been updated in 5 years or more
520425402,way,last_update,31-8-2017,Feature has not been updated in 5 years or more
520425403,way,last_update,31-8-2017,Feature has not been updated in 5 years or more
520425404,way,last_update,31-8-2017,Feature has not been updated in 5 years or more
520425405,way,last_update,31-8-2017,Feature has not been updated in 5 years or more
520425406,way,last_update,31-8-2017,Feature has not been updated in 5 years or more
520425415,way,last_update,31-8-2017,Feature has not been updated in 5 years or more
520425416,way,last_update,31-8-2017,Feature has not been updated in 5 years or more
521899727,way,last_update,17-12-2020,Feature has not been updated in 5 years or more
521899728,way,last_update,17-12-2020,Feature has not been updated in 5 years or more
521899729,way,last_update,6-9-2017,Feature has not been updated in 5 years or more
521906981,way,last_update,6-9-2017,Feature has not been updated in 5 years or more
521906983,way,last_update,6-9-2017,Feature has not been updated in 5 years or more
521943514,way,last_update,6-9-2017,Feature has not been updated in 5 years or more
521943515,way,last_update,6-9-2017,Feature has not been updated in 5 years or more
521943518,way,last_update,6-9-2017,Feature has not been updated in 5 years or more
521943519,way,last_update,6-9-2017,Feature has not been updated in 5 years or more
521947603,way,last_update,7-9-2017,Feature has not been updated in 5 years or more
521947605,way,last_update,7-9-2017,Feature has not been updated in 5 years or more
522298574,way,last_update,7-9-2017,Feature has not been updated in 5 years or more
522303902,way,last_update,6-11-2020,Feature has not been updated in 5 years or more
522303904,way,last_update,6-11-2020,Feature has not been updated in 5 years or more
522303906,way,last_update,6-11-2020,Feature has not been updated in 5 years or more
522303910,way,last_update,6-11-2020,Feature has not been updated in 5 years or more
522343712,way,last_update,8-9-2017,Feature has not been updated in 5 years or more
522343713,way,last_update,8-9-2017,Feature has not been updated in 5 years or more
522745359,way,last_update,9-9-2017,Feature has not been updated in 5 years or more
522745360,way,last_update,9-9-2017,Feature has not been updated in 5 years or more
522745379,way,last_update,16-4-2018,Feature has not been updated in 5 years or more
522745380,way,last_update,16-4-2018,Feature has not been updated in 5 years or more
522765103,way,last_update,9-9-2017,Feature has not been updated in 5 years or more
523501318,way,last_update,10-9-2017,Feature has not been updated in 5 years or more
523501319,way,last_update,9-6-2018,Feature has not been updated in 5 years or more
523501320,way,last_update,10-9-2017,Feature has not been updated in 5 years or more
523501326,way,last_update,10-9-2017,Feature has not been updated in 5 years or more
523501327,way,last_update,10-9-2017,Feature has not been updated in 5 years or more
523501328,way,last_update,10-9-2017,Feature has not been updated in 5 years or more
523501329,way,last_update,9-11-2020,Feature has not been updated in 5 years or more
523501330,way,last_update,10-9-2017,Feature has not been updated in 5 years or more
523501333,way,last_update,27-9-2018,Feature has not been updated in 5 years or more
523501334,way,last_update,10-9-2017,Feature has not been updated in 5 years or more
523501338,way,last_update,10-9-2017,Feature has not been updated in 5 years or more
523501339,way,last_update,10-9-2017,Feature has not been updated in 5 years or more
523501344,way,last_update,10-9-2017,Feature has not been updated in 5 years or more
523501345,way,last_update,10-9-2017,Feature has not been updated in 5 years or more
523501346,way,last_update,10-9-2017,Feature has not been updated in 5 years or more
523506543,way,last_update,5-5-2019,Feature has not been updated in 5 years or more
523506544,way,last_update,10-9-2017,Feature has not been updated in 5 years or more
523506545,way,last_update,10-9-2017,Feature has not been updated in 5 years or more
523506546,way,last_update,5-5-2019,Feature has not been updated in 5 years or more
523506547,way,last_update,5-5-2019,Feature has not been updated in 5 years or more
523506548,way,last_update,10-9-2017,Feature has not been updated in 5 years or more
523506549,way,last_update,10-9-2017,Feature has not been updated in 5 years or more
523506551,way,last_update,10-9-2017,Feature has not been updated in 5 years or more
523510395,way,last_update,13-10-2018,Feature has not been updated in 5 years or more
523516197,way,last_update,10-9-2017,Feature has not been updated in 5 years or more
523516198,way,last_update,10-9-2017,Feature has not been updated in 5 years or more
523519865,way,last_update,10-9-2017,Feature has not been updated in 5 years or more
523519866,way,last_update,10-9-2017,Feature has not been updated in 5 years or more
523519867,way,last_update,10-9-2017,Feature has not been updated in 5 years or more
525064818,way,last_update,16-9-2017,Feature has not been updated in 5 years or more
525971386,way,last_update,23-10-2020,Feature has not been updated in 5 years or more
526594871,way,last_update,25-1-2019,Feature has not been updated in 5 years or more
526596676,way,last_update,5-3-2019,Feature has not been updated in 5 years or more
526611546,way,last_update,17-4-2018,Feature has not been updated in 5 years or more
529054079,way,last_update,30-9-2017,Feature has not been updated in 5 years or more
529054080,way,last_update,30-9-2017,Feature has not been updated in 5 years or more
529054081,way,last_update,30-9-2017,Feature has not been updated in 5 years or more
529054082,way,last_update,30-9-2017,Feature has not been updated in 5 years or more
529062224,way,last_update,30-9-2017,Feature has not been updated in 5 years or more
529062228,way,last_update,30-9-2017,Feature has not been updated in 5 years or more
529062229,way,last_update,30-9-2017,Feature has not been updated in 5 years or more
529062230,way,last_update,30-9-2017,Feature has not been updated in 5 years or more
529062231,way,last_update,30-9-2017,Feature has not been updated in 5 years or more
529062232,way,last_update,30-9-2017,Feature has not been updated in 5 years or more
529062233,way,last_update,30-9-2017,Feature has not been updated in 5 years or more
529062234,way,last_update,30-9-2017,Feature has not been updated in 5 years or more
529252631,way,last_update,1-10-2017,Feature has not been updated in 5 years or more
529252632,way,last_update,1-10-2017,Feature has not been updated in 5 years or more
529252633,way,last_update,1-10-2017,Feature has not been updated in 5 years or more
529252634,way,last_update,1-10-2017,Feature has not been updated in 5 years or more
529252635,way,last_update,1-10-2017,Feature has not been updated in 5 years or more
531786894,way,last_update,7-3-2019,Feature has not been updated in 5 years or more
531786895,way,last_update,7-3-2019,Feature has not been updated in 5 years or more
531786896,way,last_update,11-10-2017,Feature has not been updated in 5 years or more
531786898,way,last_update,11-10-2017,Feature has not been updated in 5 years or more
532049224,way,last_update,12-10-2017,Feature has not been updated in 5 years or more
532059170,way,last_update,12-10-2017,Feature has not been updated in 5 years or more
532059171,way,last_update,12-10-2017,Feature has not been updated in 5 years or more
532059172,way,last_update,12-10-2017,Feature has not been updated in 5 years or more
532060995,way,last_update,12-10-2017,Feature has not been updated in 5 years or more
532060996,way,last_update,12-10-2017,Feature has not been updated in 5 years or more
542326761,way,last_update,7-3-2019,Feature has not been updated in 5 years or more
543996047,way,last_update,1-12-2017,Feature has not been updated in 5 years or more
543997340,way,last_update,5-12-2019,Feature has not been updated in 5 years or more
543997344,way,last_update,5-12-2019,Feature has not been updated in 5 years or more
543997345,way,last_update,5-12-2019,Feature has not been updated in 5 years or more
544022789,way,last_update,10-4-2018,Feature has not been updated in 5 years or more
544235960,way,last_update,2-12-2017,Feature has not been updated in 5 years or more
544235961,way,last_update,2-12-2017,Feature has not been updated in 5 years or more
544235962,way,last_update,2-12-2017,Feature has not been updated in 5 years or more
544235963,way,last_update,3-12-2017,Feature has not been updated in 5 years or more
544235964,way,last_update,2-12-2017,Feature has not been updated in 5 years or more
544235965,way,last_update,2-12-2017,Feature has not been updated in 5 years or more
544235967,way,last_update,1-3-2018,Feature has not been updated in 5 years or more
544235968,way,last_update,1-3-2018,Feature has not been updated in 5 years or more
544235974,way,last_update,2-12-2017,Feature has not been updated in 5 years or more
544235975,way,last_update,16-12-2020,Feature has not been updated in 5 years or more
544235976,way,last_update,8-4-2019,Feature has not been updated in 5 years or more
544235979,way,last_update,2-12-2017,Feature has not been updated in 5 years or more
544235980,way,last_update,2-12-2017,Feature has not been updated in 5 years or more
544235981,way,last_update,2-12-2017,Feature has not been updated in 5 years or more
544235982,way,last_update,2-12-2017,Feature has not been updated in 5 years or more
544235983,way,last_update,2-12-2017,Feature has not been updated in 5 years or more
544240088,way,last_update,1-3-2018,Feature has not been updated in 5 years or more
544360770,way,last_update,3-12-2017,Feature has not been updated in 5 years or more
544360771,way,last_update,3-12-2017,Feature has not been updated in 5 years or more
544360772,way,last_update,3-12-2017,Feature has not been updated in 5 years or more
544360773,way,last_update,3-12-2017,Feature has not been updated in 5 years or more
544360774,way,last_update,3-12-2017,Feature has not been updated in 5 years or more
544360775,way,last_update,3-12-2017,Feature has not been updated in 5 years or more
544360776,way,last_update,3-12-2017,Feature has not been updated in 5 years or more
544360777,way,last_update,1-3-2018,Feature has not been updated in 5 years or more
544360778,way,last_update,1-3-2018,Feature has not been updated in 5 years or more
544360779,way,last_update,1-3-2018,Feature has not been updated in 5 years or more
544363829,way,last_update,7-2-2020,Feature has not been updated in 5 years or more
544363830,way,last_update,7-2-2020,Feature has not been updated in 5 years or more
544363831,way,last_update,7-2-2020,Feature has not been updated in 5 years or more
544363832,way,last_update,7-2-2020,Feature has not been updated in 5 years or more
546465482,way,last_update,13-12-2017,Feature has not been updated in 5 years or more
546465484,way,last_update,13-12-2017,Feature has not been updated in 5 years or more
546465485,way,last_update,13-12-2017,Feature has not been updated in 5 years or more
546465487,way,last_update,19-1-2019,Feature has not been updated in 5 years or more
546465488,way,last_update,19-1-2019,Feature has not been updated in 5 years or more
546465489,way,last_update,19-1-2019,Feature has not been updated in 5 years or more
546465490,way,last_update,19-5-2018,Feature has not been updated in 5 years or more
546465491,way,last_update,19-5-2018,Feature has not been updated in 5 years or more
546465493,way,last_update,13-12-2017,Feature has not been updated in 5 years or more
546465498,way,last_update,13-12-2017,Feature has not been updated in 5 years or more
546465499,way,last_update,13-12-2017,Feature has not been updated in 5 years or more
546465500,way,last_update,13-12-2017,Feature has not been updated in 5 years or more
546465501,way,last_update,13-12-2017,Feature has not been updated in 5 years or more
546465502,way,last_update,13-12-2017,Feature has not been updated in 5 years or more
546465503,way,last_update,13-12-2017,Feature has not been updated in 5 years or more
546465504,way,last_update,13-12-2017,Feature has not been updated in 5 years or more
546465506,way,last_update,13-12-2017,Feature has not been updated in 5 years or more
546774265,way,last_update,14-12-2017,Feature has not been updated in 5 years or more
546776959,way,last_update,14-12-2017,Feature has not been updated in 5 years or more
546777175,way,last_update,14-12-2017,Feature has not been updated in 5 years or more
546779324,way,last_update,28-1-2018,Feature has not been updated in 5 years or more
546779325,way,last_update,14-12-2017,Feature has not been updated in 5 years or more
548465992,way,last_update,21-12-2017,Feature has not been updated in 5 years or more
548465993,way,last_update,21-12-2017,Feature has not been updated in 5 years or more
548465994,way,last_update,21-12-2017,Feature has not been updated in 5 years or more
548465995,way,last_update,21-12-2017,Feature has not been updated in 5 years or more
548465996,way,last_update,21-12-2017,Feature has not been updated in 5 years or more
548465997,way,last_update,21-12-2017,Feature has not been updated in 5 years or more
548465998,way,last_update,21-12-2017,Feature has not been updated in 5 years or more
548465999,way,last_update,31-5-2019,Feature has not been updated in 5 years or more
548466000,way,last_update,21-12-2017,Feature has not been updated in 5 years or more
548466001,way,last_update,21-12-2017,Feature has not been updated in 5 years or more
548466002,way,last_update,21-12-2017,Feature has not been updated in 5 years or more
548466003,way,last_update,21-12-2017,Feature has not been updated in 5 years or more
548466004,way,last_update,21-12-2017,Feature has not been updated in 5 years or more
548466005,way,last_update,21-12-2017,Feature has not been updated in 5 years or more
548466006,way,last_update,21-12-2017,Feature has not been updated in 5 years or more
548466007,way,last_update,21-12-2017,Feature has not been updated in 5 years or more
548466008,way,last_update,21-12-2017,Feature has not been updated in 5 years or more
548466009,way,last_update,21-12-2017,Feature has not been updated in 5 years or more
548466010,way,last_update,21-12-2017,Feature has not been updated in 5 years or more
548466011,way,last_update,21-12-2017,Feature has not been updated in 5 years or more
548466012,way,last_update,21-12-2017,Feature has not been updated in 5 years or more
548466013,way,last_update,21-12-2017,Feature has not been updated in 5 years or more
548466014,way,last_update,21-12-2017,Feature has not been updated in 5 years or more
548466015,way,last_update,21-12-2017,Feature has not been updated in 5 years or more
548466016,way,last_update,21-12-2017,Feature has not been updated in 5 years or more
548466017,way,last_update,21-12-2017,Feature has not been updated in 5 years or more
548474814,way,last_update,22-12-2017,Feature has not been updated in 5 years or more
548474820,way,last_update,22-12-2017,Feature has not been updated in 5 years or more
548474823,way,last_update,22-12-2017,Feature has not been updated in 5 years or more
548474824,way,last_update,22-12-2017,Feature has not been updated in 5 years or more
548474825,way,last_update,22-12-2017,Feature has not been updated in 5 years or more
548474826,way,last_update,22-12-2017,Feature has not been updated in 5 years or more
548474827,way,last_update,4-1-2018,Feature has not been updated in 5 years or more
548474828,way,last_update,11-5-2019,Feature has not been updated in 5 years or more
548474829,way,last_update,22-12-2017,Feature has not been updated in 5 years or more
548474830,way,last_update,22-12-2017,Feature has not been updated in 5 years or more
548474831,way,last_update,11-5-2019,Feature has not been updated in 5 years or more
548474832,way,last_update,11-5-2019,Feature has not been updated in 5 years or more
548474833,way,last_update,11-5-2019,Feature has not been updated in 5 years or more
548474834,way,last_update,22-12-2017,Feature has not been updated in 5 years or more
548474835,way,last_update,22-12-2017,Feature has not been updated in 5 years or more
548474836,way,last_update,22-12-2017,Feature has not been updated in 5 years or more
548474837,way,last_update,22-12-2017,Feature has not been updated in 5 years or more
548474838,way,last_update,22-12-2017,Feature has not been updated in 5 years or more
548474839,way,last_update,22-12-2017,Feature has not been updated in 5 years or more
548474841,way,last_update,22-12-2017,Feature has not been updated in 5 years or more
548474842,way,last_update,22-12-2017,Feature has not been updated in 5 years or more
548474843,way,last_update,22-12-2017,Feature has not been updated in 5 years or more
548878969,way,last_update,22-1-2018,Feature has not been updated in 5 years or more
548910613,way,last_update,24-12-2017,Feature has not been updated in 5 years or more
548911983,way,last_update,5-4-2021,Feature has not been updated in 5 years or more
548911986,way,last_update,5-4-2021,Feature has not been updated in 5 years or more
548911989,way,last_update,5-4-2021,Feature has not been updated in 5 years or more
548913563,way,last_update,16-5-2021,Feature has not been updated in 5 years or more
548913565,way,last_update,16-5-2021,Feature has not been updated in 5 years or more
548913566,way,last_update,16-5-2021,Feature has not been updated in 5 years or more
548913569,way,last_update,16-5-2021,Feature has not been updated in 5 years or more
548916373,way,last_update,24-12-2017,Feature has not been updated in 5 years or more
548916375,way,last_update,24-12-2017,Feature has not been updated in 5 years or more
548916376,way,last_update,24-12-2017,Feature has not been updated in 5 years or more
548916377,way,last_update,24-12-2017,Feature has not been updated in 5 years or more
548916383,way,last_update,24-12-2017,Feature has not been updated in 5 years or more
548918321,way,last_update,24-12-2017,Feature has not been updated in 5 years or more
548918322,way,last_update,24-12-2017,Feature has not been updated in 5 years or more
548918323,way,last_update,16-11-2019,Feature has not been updated in 5 years or more
548918324,way,last_update,16-11-2019,Feature has not been updated in 5 years or more
548918325,way,last_update,28-5-2019,Feature has not been updated in 5 years or more
548918326,way,last_update,28-5-2019,Feature has not been updated in 5 years or more
548919418,way,last_update,24-12-2017,Feature has not been updated in 5 years or more
548919419,way,last_update,24-12-2017,Feature has not been updated in 5 years or more
548921558,way,last_update,25-12-2017,Feature has not been updated in 5 years or more
548921559,way,last_update,25-12-2017,Feature has not been updated in 5 years or more
548921560,way,last_update,25-12-2017,Feature has not been updated in 5 years or more
548921562,way,last_update,25-12-2017,Feature has not been updated in 5 years or more
548921563,way,last_update,25-12-2017,Feature has not been updated in 5 years or more
548921564,way,last_update,25-12-2017,Feature has not been updated in 5 years or more
548921565,way,last_update,25-12-2017,Feature has not been updated in 5 years or more
548921566,way,last_update,25-12-2017,Feature has not been updated in 5 years or more
548921567,way,last_update,25-12-2017,Feature has not been updated in 5 years or more
548921568,way,last_update,25-12-2017,Feature has not been updated in 5 years or more
548982362,way,last_update,25-12-2017,Feature has not been updated in 5 years or more
548982363,way,last_update,25-12-2017,Feature has not been updated in 5 years or more
548982364,way,last_update,25-12-2017,Feature has not been updated in 5 years or more
548982366,way,last_update,25-12-2017,Feature has not been updated in 5 years or more
548982369,way,last_update,25-12-2017,Feature has not been updated in 5 years or more
548982371,way,last_update,25-12-2017,Feature has not been updated in 5 years or more
548982374,way,last_update,25-12-2017,Feature has not been updated in 5 years or more
548982376,way,last_update,25-12-2017,Feature has not been updated in 5 years or more
548982378,way,last_update,25-12-2017,Feature has not been updated in 5 years or more
548982379,way,last_update,25-12-2017,Feature has not been updated in 5 years or more
548982380,way,last_update,25-12-2017,Feature has not been updated in 5 years or more
548982382,way,last_update,25-12-2017,Feature has not been updated in 5 years or more
548982383,way,last_update,25-12-2017,Feature has not been updated in 5 years or more
548982384,way,last_update,25-12-2017,Feature has not been updated in 5 years or more
548982385,way,last_update,25-12-2017,Feature has not been updated in 5 years or more
548982386,way,last_update,25-12-2017,Feature has not been updated in 5 years or more
548982388,way,last_update,25-12-2017,Feature has not been updated in 5 years or more
548983281,way,last_update,20-8-2020,Feature has not been updated in 5 years or more
548983282,way,last_update,22-11-2018,Feature has not been updated in 5 years or more
548983283,way,last_update,20-8-2020,Feature has not been updated in 5 years or more
548983858,way,last_update,17-7-2020,Feature has not been updated in 5 years or more
548983863,way,last_update,25-12-2017,Feature has not been updated in 5 years or more
548983871,way,last_update,17-4-2021,Feature has not been updated in 5 years or more
548983872,way,last_update,22-11-2018,Feature has not been updated in 5 years or more
548983875,way,last_update,17-4-2021,Feature has not been updated in 5 years or more
548983876,way,last_update,22-11-2018,Feature has not been updated in 5 years or more
548983880,way,last_update,22-11-2018,Feature has not been updated in 5 years or more
548984227,way,last_update,17-4-2021,Feature has not been updated in 5 years or more
549020727,way,last_update,25-12-2017,Feature has not been updated in 5 years or more
549368449,way,last_update,16-11-2019,Feature has not been updated in 5 years or more
549368450,way,last_update,16-11-2019,Feature has not been updated in 5 years or more
549422030,way,last_update,12-3-2021,Feature has not been updated in 5 years or more
549422031,way,last_update,27-12-2017,Feature has not been updated in 5 years or more
549425737,way,last_update,27-12-2017,Feature has not been updated in 5 years or more
549551195,way,last_update,23-11-2018,Feature has not been updated in 5 years or more
549576891,way,last_update,26-11-2020,Feature has not been updated in 5 years or more
549612174,way,last_update,28-12-2017,Feature has not been updated in 5 years or more
549612188,way,last_update,23-5-2020,Feature has not been updated in 5 years or more
549623016,way,last_update,28-12-2017,Feature has not been updated in 5 years or more
549627883,way,last_update,21-1-2018,Feature has not been updated in 5 years or more
549627884,way,last_update,21-1-2018,Feature has not been updated in 5 years or more
549635033,way,last_update,21-1-2018,Feature has not been updated in 5 years or more
549747414,way,last_update,22-1-2018,Feature has not been updated in 5 years or more
549749562,way,last_update,5-2-2020,Feature has not been updated in 5 years or more
549749567,way,last_update,9-11-2020,Feature has not been updated in 5 years or more
549749574,way,last_update,29-12-2017,Feature has not been updated in 5 years or more
549750347,way,last_update,2-9-2018,Feature has not been updated in 5 years or more
549750359,way,last_update,29-12-2017,Feature has not been updated in 5 years or more
549753542,way,last_update,30-12-2017,Feature has not been updated in 5 years or more
549753543,way,last_update,29-12-2017,Feature has not been updated in 5 years or more
549753544,way,last_update,29-12-2017,Feature has not been updated in 5 years or more
549756442,way,last_update,29-12-2017,Feature has not been updated in 5 years or more
549756444,way,last_update,29-12-2017,Feature has not been updated in 5 years or more
549761432,way,last_update,29-12-2017,Feature has not been updated in 5 years or more
549761434,way,last_update,29-12-2017,Feature has not been updated in 5 years or more
549762328,way,last_update,29-12-2017,Feature has not been updated in 5 years or more
549762330,way,last_update,29-12-2017,Feature has not been updated in 5 years or more
549763342,way,last_update,31-12-2017,Feature has not been updated in 5 years or more
549763344,way,last_update,3-1-2018,Feature has not been updated in 5 years or more
549763346,way,last_update,3-1-2018,Feature has not been updated in 5 years or more
549763859,way,last_update,29-12-2017,Feature has not been updated in 5 years or more
549767431,way,last_update,8-2-2020,Feature has not been updated in 5 years or more
549767432,way,last_update,29-12-2017,Feature has not been updated in 5 years or more
549952547,way,last_update,16-11-2019,Feature has not been updated in 5 years or more
549961135,way,last_update,21-1-2018,Feature has not been updated in 5 years or more
549961136,way,last_update,30-12-2017,Feature has not been updated in 5 years or more
549961137,way,last_update,17-12-2020,Feature has not been updated in 5 years or more
549961141,way,last_update,30-12-2017,Feature has not been updated in 5 years or more
549961143,way,last_update,30-12-2017,Feature has not been updated in 5 years or more
549961144,way,last_update,30-12-2017,Feature has not been updated in 5 years or more
549961145,way,last_update,30-12-2017,Feature has not been updated in 5 years or more
549961146,way,last_update,30-12-2017,Feature has not been updated in 5 years or more
549961147,way,last_update,30-12-2017,Feature has not been updated in 5 years or more
549961148,way,last_update,30-12-2017,Feature has not been updated in 5 years or more
549961149,way,last_update,30-12-2017,Feature has not been updated in 5 years or more
549961150,way,last_update,30-12-2017,Feature has not been updated in 5 years or more
549961151,way,last_update,30-12-2017,Feature has not been updated in 5 years or more
549961152,way,last_update,30-12-2017,Feature has not been updated in 5 years or more
549963722,way,last_update,10-11-2020,Feature has not been updated in 5 years or more
549963723,way,last_update,10-11-2020,Feature has not been updated in 5 years or more
550009252,way,last_update,31-12-2017,Feature has not been updated in 5 years or more
550009253,way,last_update,31-12-2017,Feature has not been updated in 5 years or more
550009254,way,last_update,31-12-2017,Feature has not been updated in 5 years or more
550009255,way,last_update,31-12-2017,Feature has not been updated in 5 years or more
550009256,way,last_update,31-12-2017,Feature has not been updated in 5 years or more
550009259,way,last_update,31-12-2017,Feature has not been updated in 5 years or more
550009261,way,last_update,31-12-2017,Feature has not been updated in 5 years or more
550169941,way,last_update,21-1-2018,Feature has not been updated in 5 years or more
550169943,way,last_update,21-1-2018,Feature has not been updated in 5 years or more
550173313,way,last_update,21-1-2018,Feature has not been updated in 5 years or more
550173314,way,last_update,21-1-2018,Feature has not been updated in 5 years or more
550247212,way,last_update,1-1-2018,Feature has not been updated in 5 years or more
550247213,way,last_update,13-5-2018,Feature has not been updated in 5 years or more
550250402,way,last_update,1-1-2018,Feature has not been updated in 5 years or more
550250403,way,last_update,1-1-2018,Feature has not been updated in 5 years or more
550257401,way,last_update,22-1-2018,Feature has not been updated in 5 years or more
550257403,way,last_update,22-1-2018,Feature has not been updated in 5 years or more
550430480,way,last_update,3-1-2018,Feature has not been updated in 5 years or more
550430482,way,last_update,3-1-2018,Feature has not been updated in 5 years or more
550432846,way,last_update,2-1-2018,Feature has not been updated in 5 years or more
550432847,way,last_update,2-1-2018,Feature has not been updated in 5 years or more
550749347,way,last_update,19-5-2018,Feature has not been updated in 5 years or more
550749348,way,last_update,19-5-2018,Feature has not been updated in 5 years or more
550926896,way,last_update,21-1-2018,Feature has not been updated in 5 years or more
550926897,way,last_update,4-1-2018,Feature has not been updated in 5 years or more
550926898,way,last_update,4-1-2018,Feature has not been updated in 5 years or more
550929883,way,last_update,4-1-2018,Feature has not been updated in 5 years or more
550932568,way,last_update,17-12-2020,Feature has not been updated in 5 years or more
550932569,way,last_update,17-12-2020,Feature has not been updated in 5 years or more
550932590,way,last_update,4-1-2018,Feature has not been updated in 5 years or more
550932594,way,last_update,4-1-2018,Feature has not been updated in 5 years or more
550934633,way,last_update,21-1-2018,Feature has not been updated in 5 years or more
550941159,way,last_update,4-1-2018,Feature has not been updated in 5 years or more
550941160,way,last_update,4-1-2018,Feature has not been updated in 5 years or more
550941167,way,last_update,4-1-2018,Feature has not been updated in 5 years or more
550941168,way,last_update,4-1-2018,Feature has not been updated in 5 years or more
550949306,way,last_update,8-6-2018,Feature has not been updated in 5 years or more
550979347,way,last_update,5-1-2018,Feature has not been updated in 5 years or more
550979348,way,last_update,5-1-2018,Feature has not been updated in 5 years or more
550996857,way,last_update,5-1-2018,Feature has not been updated in 5 years or more
551084709,way,last_update,20-8-2020,Feature has not been updated in 5 years or more
551084711,way,last_update,20-8-2020,Feature has not been updated in 5 years or more
551126359,way,last_update,27-2-2018,Feature has not been updated in 5 years or more
551571109,way,last_update,8-1-2018,Feature has not been updated in 5 years or more
551571111,way,last_update,8-1-2018,Feature has not been updated in 5 years or more
551657924,way,last_update,8-1-2018,Feature has not been updated in 5 years or more
551657925,way,last_update,30-9-2018,Feature has not been updated in 5 years or more
551657928,way,last_update,30-9-2018,Feature has not been updated in 5 years or more
551961732,way,last_update,9-1-2018,Feature has not been updated in 5 years or more
551973585,way,last_update,9-1-2018,Feature has not been updated in 5 years or more
552664883,way,last_update,12-3-2021,Feature has not been updated in 5 years or more
552664885,way,last_update,6-7-2021,Feature has not been updated in 5 years or more
552664888,way,last_update,12-3-2021,Feature has not been updated in 5 years or more
552664893,way,last_update,12-1-2018,Feature has not been updated in 5 years or more
552675528,way,last_update,25-5-2019,Feature has not been updated in 5 years or more
553604171,way,last_update,2-1-2020,Feature has not been updated in 5 years or more
553607878,way,last_update,16-1-2018,Feature has not been updated in 5 years or more
553607879,way,last_update,16-1-2018,Feature has not been updated in 5 years or more
553607883,way,last_update,16-1-2018,Feature has not been updated in 5 years or more
553627722,way,last_update,16-1-2018,Feature has not been updated in 5 years or more
553627723,way,last_update,4-8-2020,Feature has not been updated in 5 years or more
553628902,way,last_update,17-1-2018,Feature has not been updated in 5 years or more
553628905,way,last_update,16-1-2018,Feature has not been updated in 5 years or more
553628909,way,last_update,16-1-2018,Feature has not been updated in 5 years or more
553628911,way,last_update,16-1-2018,Feature has not been updated in 5 years or more
553628914,way,last_update,16-1-2018,Feature has not been updated in 5 years or more
553628915,way,last_update,16-1-2018,Feature has not been updated in 5 years or more
553746263,way,last_update,17-1-2018,Feature has not been updated in 5 years or more
553746264,way,last_update,17-1-2018,Feature has not been updated in 5 years or more
553746274,way,last_update,17-1-2018,Feature has not been updated in 5 years or more
553746275,way,last_update,17-1-2018,Feature has not been updated in 5 years or more
553746276,way,last_update,17-1-2018,Feature has not been updated in 5 years or more
553746278,way,last_update,17-1-2018,Feature has not been updated in 5 years or more
553746280,way,last_update,17-1-2018,Feature has not been updated in 5 years or more
553746282,way,last_update,17-1-2018,Feature has not been updated in 5 years or more
553750530,way,last_update,17-1-2018,Feature has not been updated in 5 years or more
553750552,way,last_update,17-1-2018,Feature has not been updated in 5 years or more
554662247,way,last_update,21-1-2018,Feature has not been updated in 5 years or more
554662249,way,last_update,21-1-2018,Feature has not been updated in 5 years or more
554663511,way,last_update,21-1-2018,Feature has not been updated in 5 years or more
554672390,way,last_update,25-1-2018,Feature has not been updated in 5 years or more
554746051,way,last_update,21-1-2018,Feature has not been updated in 5 years or more
554748775,way,last_update,21-1-2018,Feature has not been updated in 5 years or more
554748776,way,last_update,21-1-2018,Feature has not been updated in 5 years or more
554748779,way,last_update,21-1-2018,Feature has not been updated in 5 years or more
554748780,way,last_update,21-1-2018,Feature has not been updated in 5 years or more
554748781,way,last_update,21-1-2018,Feature has not been updated in 5 years or more
554872010,way,last_update,22-1-2018,Feature has not been updated in 5 years or more
554879856,way,last_update,17-4-2018,Feature has not been updated in 5 years or more
554879857,way,last_update,17-4-2018,Feature has not been updated in 5 years or more
554911356,way,last_update,5-2-2020,Feature has not been updated in 5 years or more
554912601,way,last_update,22-1-2018,Feature has not been updated in 5 years or more
554923724,way,last_update,12-3-2021,Feature has not been updated in 5 years or more
554925537,way,last_update,6-9-2018,Feature has not been updated in 5 years or more
554925538,way,last_update,22-1-2018,Feature has not been updated in 5 years or more
554928936,way,last_update,4-4-2021,Feature has not been updated in 5 years or more
554928938,way,last_update,4-4-2021,Feature has not been updated in 5 years or more
554928940,way,last_update,4-4-2021,Feature has not been updated in 5 years or more
554928942,way,last_update,4-4-2021,Feature has not been updated in 5 years or more
554928945,way,last_update,4-4-2021,Feature has not been updated in 5 years or more
554928947,way,last_update,4-4-2021,Feature has not been updated in 5 years or more
554932571,way,last_update,4-4-2021,Feature has not been updated in 5 years or more
554932574,way,last_update,4-4-2021,Feature has not been updated in 5 years or more
554932604,way,last_update,26-7-2020,Feature has not been updated in 5 years or more
554932605,way,last_update,26-7-2020,Feature has not been updated in 5 years or more
554934459,way,last_update,4-4-2021,Feature has not been updated in 5 years or more
554934460,way,last_update,4-4-2021,Feature has not been updated in 5 years or more
554934462,way,last_update,4-4-2021,Feature has not been updated in 5 years or more
554934496,way,last_update,4-4-2021,Feature has not been updated in 5 years or more
554934497,way,last_update,4-4-2021,Feature has not been updated in 5 years or more
554934498,way,last_update,4-4-2021,Feature has not been updated in 5 years or more
554934502,way,last_update,26-7-2020,Feature has not been updated in 5 years or more
554935800,way,last_update,14-4-2021,Feature has not been updated in 5 years or more
554935801,way,last_update,14-4-2021,Feature has not been updated in 5 years or more
554935802,way,last_update,14-4-2021,Feature has not been updated in 5 years or more
554935803,way,last_update,14-4-2021,Feature has not been updated in 5 years or more
554935807,way,last_update,14-4-2021,Feature has not been updated in 5 years or more
554935810,way,last_update,14-4-2021,Feature has not been updated in 5 years or more
554935814,way,last_update,5-4-2021,Feature has not been updated in 5 years or more
554935815,way,last_update,5-4-2021,Feature has not been updated in 5 years or more
554935816,way,last_update,5-4-2021,Feature has not been updated in 5 years or more
554935817,way,last_update,5-4-2021,Feature has not been updated in 5 years or more
554935818,way,last_update,5-4-2021,Feature has not been updated in 5 years or more
554935819,way,last_update,24-11-2018,Feature has not been updated in 5 years or more
554935820,way,last_update,5-4-2021,Feature has not been updated in 5 years or more
554935821,way,last_update,5-4-2021,Feature has not been updated in 5 years or more
554935822,way,last_update,5-4-2021,Feature has not been updated in 5 years or more
554935824,way,last_update,22-1-2018,Feature has not been updated in 5 years or more
554935825,way,last_update,16-1-2021,Feature has not been updated in 5 years or more
554935826,way,last_update,22-1-2018,Feature has not been updated in 5 years or more
554935827,way,last_update,16-1-2021,Feature has not been updated in 5 years or more
554935829,way,last_update,16-1-2021,Feature has not been updated in 5 years or more
554935830,way,last_update,16-1-2021,Feature has not been updated in 5 years or more
554935831,way,last_update,16-1-2021,Feature has not been updated in 5 years or more
554935833,way,last_update,4-4-2021,Feature has not been updated in 5 years or more
554935834,way,last_update,4-4-2021,Feature has not been updated in 5 years or more
554935835,way,last_update,4-4-2021,Feature has not been updated in 5 years or more
554935836,way,last_update,4-4-2021,Feature has not been updated in 5 years or more
554935837,way,last_update,11-5-2021,Feature has not been updated in 5 years or more
554935839,way,last_update,22-1-2018,Feature has not been updated in 5 years or more
554935841,way,last_update,11-5-2021,Feature has not been updated in 5 years or more
554935842,way,last_update,20-1-2021,Feature has not been updated in 5 years or more
554935843,way,last_update,22-1-2018,Feature has not been updated in 5 years or more
554935844,way,last_update,16-4-2021,Feature has not been updated in 5 years or more
554935845,way,last_update,16-4-2021,Feature has not been updated in 5 years or more
554935846,way,last_update,16-4-2021,Feature has not been updated in 5 years or more
554935847,way,last_update,16-4-2021,Feature has not been updated in 5 years or more
554937543,way,last_update,8-5-2021,Feature has not been updated in 5 years or more
554971753,way,last_update,22-1-2018,Feature has not been updated in 5 years or more
554971754,way,last_update,22-1-2018,Feature has not been updated in 5 years or more
555015275,way,last_update,23-1-2018,Feature has not been updated in 5 years or more
555015277,way,last_update,23-1-2018,Feature has not been updated in 5 years or more
555015916,way,last_update,23-1-2018,Feature has not been updated in 5 years or more
556047095,way,last_update,7-4-2019,Feature has not been updated in 5 years or more
556047098,way,last_update,16-1-2021,Feature has not been updated in 5 years or more
556047099,way,last_update,16-1-2021,Feature has not been updated in 5 years or more
556047100,way,last_update,16-1-2021,Feature has not been updated in 5 years or more
556047101,way,last_update,16-1-2021,Feature has not been updated in 5 years or more
556047102,way,last_update,16-1-2021,Feature has not been updated in 5 years or more
556047103,way,last_update,26-1-2018,Feature has not been updated in 5 years or more
556047104,way,last_update,16-1-2021,Feature has not been updated in 5 years or more
556047105,way,last_update,16-1-2021,Feature has not been updated in 5 years or more
556047106,way,last_update,16-1-2021,Feature has not been updated in 5 years or more
556047107,way,last_update,16-1-2021,Feature has not been updated in 5 years or more
556047108,way,last_update,16-1-2021,Feature has not been updated in 5 years or more
556047109,way,last_update,16-1-2021,Feature has not been updated in 5 years or more
556047112,way,last_update,7-4-2019,Feature has not been updated in 5 years or more
556048591,way,last_update,23-4-2019,Feature has not been updated in 5 years or more
556048593,way,last_update,23-4-2019,Feature has not been updated in 5 years or more
556048595,way,last_update,23-4-2019,Feature has not been updated in 5 years or more
556048597,way,last_update,23-4-2019,Feature has not been updated in 5 years or more
556095124,way,last_update,8-6-2019,Feature has not been updated in 5 years or more
556103811,way,last_update,26-1-2018,Feature has not been updated in 5 years or more
556103812,way,last_update,26-1-2018,Feature has not been updated in 5 years or more
556103813,way,last_update,26-1-2018,Feature has not been updated in 5 years or more
556103815,way,last_update,26-1-2018,Feature has not been updated in 5 years or more
556103816,way,last_update,26-1-2018,Feature has not been updated in 5 years or more
556103817,way,last_update,26-1-2018,Feature has not been updated in 5 years or more
556108686,way,last_update,6-11-2020,Feature has not been updated in 5 years or more
556108687,way,last_update,6-11-2020,Feature has not been updated in 5 years or more
556266919,way,last_update,16-12-2020,Feature has not been updated in 5 years or more
556521400,way,last_update,30-9-2018,Feature has not been updated in 5 years or more
556598904,way,last_update,28-1-2018,Feature has not been updated in 5 years or more
557971574,way,last_update,25-3-2018,Feature has not been updated in 5 years or more
557971575,way,last_update,26-3-2018,Feature has not been updated in 5 years or more
557971576,way,last_update,25-3-2018,Feature has not been updated in 5 years or more
557971577,way,last_update,25-3-2018,Feature has not been updated in 5 years or more
557971583,way,last_update,21-11-2020,Feature has not been updated in 5 years or more
557971584,way,last_update,21-11-2020,Feature has not been updated in 5 years or more
557971585,way,last_update,21-11-2020,Feature has not been updated in 5 years or more
557971586,way,last_update,21-11-2020,Feature has not been updated in 5 years or more
557971587,way,last_update,21-11-2020,Feature has not been updated in 5 years or more
557971592,way,last_update,2-2-2018,Feature has not been updated in 5 years or more
558067558,way,last_update,2-2-2018,Feature has not been updated in 5 years or more
558067559,way,last_update,2-2-2018,Feature has not been updated in 5 years or more
558067560,way,last_update,2-2-2018,Feature has not been updated in 5 years or more
558067561,way,last_update,16-3-2019,Feature has not been updated in 5 years or more
558067563,way,last_update,2-2-2018,Feature has not been updated in 5 years or more
558067564,way,last_update,16-3-2019,Feature has not been updated in 5 years or more
558067565,way,last_update,2-2-2018,Feature has not been updated in 5 years or more
558067643,way,last_update,2-2-2018,Feature has not been updated in 5 years or more
558076763,way,last_update,6-11-2020,Feature has not been updated in 5 years or more
558076764,way,last_update,2-2-2018,Feature has not been updated in 5 years or more
558076766,way,last_update,2-2-2018,Feature has not been updated in 5 years or more
558076767,way,last_update,2-2-2018,Feature has not been updated in 5 years or more
558076768,way,last_update,2-2-2018,Feature has not been updated in 5 years or more
558076769,way,last_update,2-2-2018,Feature has not been updated in 5 years or more
558076770,way,last_update,2-2-2018,Feature has not been updated in 5 years or more
558076771,way,last_update,2-2-2018,Feature has not been updated in 5 years or more
558076772,way,last_update,2-2-2018,Feature has not been updated in 5 years or more
558076773,way,last_update,2-2-2018,Feature has not been updated in 5 years or more
558861600,way,last_update,5-2-2018,Feature has not been updated in 5 years or more
558861865,way,last_update,5-2-2018,Feature has not been updated in 5 years or more
558862958,way,last_update,4-2-2020,Feature has not been updated in 5 years or more
558913349,way,last_update,1-3-2018,Feature has not been updated in 5 years or more
558913351,way,last_update,5-2-2018,Feature has not been updated in 5 years or more
558913352,way,last_update,5-2-2018,Feature has not been updated in 5 years or more
558913353,way,last_update,5-2-2018,Feature has not been updated in 5 years or more
558913354,way,last_update,5-2-2018,Feature has not been updated in 5 years or more
558916434,way,last_update,5-2-2018,Feature has not been updated in 5 years or more
558916437,way,last_update,5-2-2018,Feature has not been updated in 5 years or more
558918342,way,last_update,27-2-2018,Feature has not been updated in 5 years or more
558918346,way,last_update,17-12-2020,Feature has not been updated in 5 years or more
558918349,way,last_update,27-2-2018,Feature has not been updated in 5 years or more
559090092,way,last_update,15-4-2021,Feature has not been updated in 5 years or more
559092179,way,last_update,8-4-2019,Feature has not been updated in 5 years or more
559092180,way,last_update,8-4-2019,Feature has not been updated in 5 years or more
559092181,way,last_update,8-4-2019,Feature has not been updated in 5 years or more
559092183,way,last_update,1-12-2020,Feature has not been updated in 5 years or more
559102356,way,last_update,6-2-2018,Feature has not been updated in 5 years or more
559102367,way,last_update,6-2-2018,Feature has not been updated in 5 years or more
559146663,way,last_update,15-9-2018,Feature has not been updated in 5 years or more
559146664,way,last_update,15-9-2018,Feature has not been updated in 5 years or more
559146666,way,last_update,15-9-2018,Feature has not been updated in 5 years or more
559147543,way,last_update,6-2-2018,Feature has not been updated in 5 years or more
559147544,way,last_update,6-2-2018,Feature has not been updated in 5 years or more
559147545,way,last_update,6-2-2018,Feature has not been updated in 5 years or more
559153798,way,last_update,3-8-2021,Feature has not been updated in 5 years or more
559153804,way,last_update,3-8-2021,Feature has not been updated in 5 years or more
559188451,way,last_update,6-2-2018,Feature has not been updated in 5 years or more
559188452,way,last_update,6-2-2018,Feature has not been updated in 5 years or more
559188453,way,last_update,6-2-2018,Feature has not been updated in 5 years or more
559188454,way,last_update,6-2-2018,Feature has not been updated in 5 years or more
559188455,way,last_update,6-2-2018,Feature has not been updated in 5 years or more
559492962,way,last_update,7-2-2018,Feature has not been updated in 5 years or more
559492963,way,last_update,7-2-2018,Feature has not been updated in 5 years or more
559492964,way,last_update,7-2-2018,Feature has not been updated in 5 years or more
559492965,way,last_update,7-2-2018,Feature has not been updated in 5 years or more
559492966,way,last_update,7-2-2018,Feature has not been updated in 5 years or more
559492967,way,last_update,28-12-2020,Feature has not been updated in 5 years or more
559492968,way,last_update,7-2-2018,Feature has not been updated in 5 years or more
559492969,way,last_update,28-12-2020,Feature has not been updated in 5 years or more
559492970,way,last_update,17-12-2020,Feature has not been updated in 5 years or more
559496228,way,last_update,24-9-2019,Feature has not been updated in 5 years or more
559499046,way,last_update,27-9-2020,Feature has not been updated in 5 years or more
559499047,way,last_update,27-9-2020,Feature has not been updated in 5 years or more
559499048,way,last_update,7-2-2018,Feature has not been updated in 5 years or more
559499049,way,last_update,7-2-2018,Feature has not been updated in 5 years or more
559499050,way,last_update,27-9-2020,Feature has not been updated in 5 years or more
559499051,way,last_update,7-2-2018,Feature has not been updated in 5 years or more
559565930,way,last_update,7-2-2018,Feature has not been updated in 5 years or more
559565931,way,last_update,7-2-2018,Feature has not been updated in 5 years or more
559565932,way,last_update,7-2-2018,Feature has not been updated in 5 years or more
559565933,way,last_update,7-2-2018,Feature has not been updated in 5 years or more
559565934,way,last_update,7-2-2018,Feature has not been updated in 5 years or more
559565938,way,last_update,7-2-2018,Feature has not been updated in 5 years or more
559768969,way,last_update,8-2-2018,Feature has not been updated in 5 years or more
559768970,way,last_update,8-2-2018,Feature has not been updated in 5 years or more
559779464,way,last_update,8-2-2018,Feature has not been updated in 5 years or more
559779466,way,last_update,8-2-2018,Feature has not been updated in 5 years or more
559779468,way,last_update,8-2-2018,Feature has not been updated in 5 years or more
559792982,way,last_update,8-2-2018,Feature has not been updated in 5 years or more
559889021,way,last_update,8-2-2018,Feature has not been updated in 5 years or more
559889022,way,last_update,8-2-2018,Feature has not been updated in 5 years or more
559889023,way,last_update,8-2-2018,Feature has not been updated in 5 years or more
559889025,way,last_update,8-2-2018,Feature has not been updated in 5 years or more
560086473,way,last_update,9-2-2018,Feature has not been updated in 5 years or more
560096485,way,last_update,9-2-2018,Feature has not been updated in 5 years or more
560216323,way,last_update,10-2-2018,Feature has not been updated in 5 years or more
560216324,way,last_update,10-2-2018,Feature has not been updated in 5 years or more
560216325,way,last_update,10-2-2018,Feature has not been updated in 5 years or more
560216326,way,last_update,16-6-2020,Feature has not been updated in 5 years or more
560216327,way,last_update,10-2-2018,Feature has not been updated in 5 years or more
560216328,way,last_update,10-2-2018,Feature has not been updated in 5 years or more
560843374,way,last_update,16-8-2021,Feature has not been updated in 5 years or more
560843796,way,last_update,13-2-2018,Feature has not been updated in 5 years or more
560844880,way,last_update,13-2-2018,Feature has not been updated in 5 years or more
560844882,way,last_update,13-2-2018,Feature has not been updated in 5 years or more
560844888,way,last_update,27-6-2018,Feature has not been updated in 5 years or more
560847997,way,last_update,13-2-2018,Feature has not been updated in 5 years or more
560847998,way,last_update,13-2-2018,Feature has not been updated in 5 years or more
560847999,way,last_update,13-2-2018,Feature has not been updated in 5 years or more
561043855,way,last_update,13-2-2018,Feature has not been updated in 5 years or more
561043856,way,last_update,13-2-2018,Feature has not been updated in 5 years or more
561043857,way,last_update,13-2-2018,Feature has not been updated in 5 years or more
561043858,way,last_update,13-2-2018,Feature has not been updated in 5 years or more
561370548,way,last_update,14-2-2018,Feature has not been updated in 5 years or more
561370577,way,last_update,19-4-2018,Feature has not been updated in 5 years or more
561834920,way,last_update,16-2-2018,Feature has not been updated in 5 years or more
561834922,way,last_update,16-2-2018,Feature has not been updated in 5 years or more
561834923,way,last_update,15-6-2019,Feature has not been updated in 5 years or more
562363238,way,last_update,19-2-2018,Feature has not been updated in 5 years or more
562363239,way,last_update,19-2-2018,Feature has not been updated in 5 years or more
562363240,way,last_update,17-3-2018,Feature has not been updated in 5 years or more
562363241,way,last_update,18-3-2018,Feature has not been updated in 5 years or more
562363244,way,last_update,19-2-2018,Feature has not been updated in 5 years or more
562363245,way,last_update,19-2-2018,Feature has not been updated in 5 years or more
562363246,way,last_update,19-2-2018,Feature has not been updated in 5 years or more
562363247,way,last_update,19-2-2018,Feature has not been updated in 5 years or more
562363257,way,last_update,19-2-2018,Feature has not been updated in 5 years or more
562363729,way,last_update,19-2-2018,Feature has not been updated in 5 years or more
562363730,way,last_update,9-7-2020,Feature has not been updated in 5 years or more
562363732,way,last_update,19-2-2018,Feature has not been updated in 5 years or more
562797077,way,last_update,10-4-2018,Feature has not been updated in 5 years or more
562797079,way,last_update,10-4-2018,Feature has not been updated in 5 years or more
562797080,way,last_update,10-4-2018,Feature has not been updated in 5 years or more
562797084,way,last_update,12-11-2020,Feature has not been updated in 5 years or more
562818244,way,last_update,20-2-2018,Feature has not been updated in 5 years or more
562818256,way,last_update,20-2-2018,Feature has not been updated in 5 years or more
563456219,way,last_update,22-2-2018,Feature has not been updated in 5 years or more
563456221,way,last_update,22-2-2018,Feature has not been updated in 5 years or more
563456222,way,last_update,22-2-2018,Feature has not been updated in 5 years or more
563456224,way,last_update,22-2-2018,Feature has not been updated in 5 years or more
563456226,way,last_update,22-2-2018,Feature has not been updated in 5 years or more
563456227,way,last_update,22-2-2018,Feature has not been updated in 5 years or more
563456229,way,last_update,22-2-2018,Feature has not been updated in 5 years or more
563456233,way,last_update,22-2-2018,Feature has not been updated in 5 years or more
563456235,way,last_update,22-2-2018,Feature has not been updated in 5 years or more
563456237,way,last_update,22-2-2018,Feature has not been updated in 5 years or more
563456239,way,last_update,22-2-2018,Feature has not been updated in 5 years or more
563456241,way,last_update,22-2-2018,Feature has not been updated in 5 years or more
563456243,way,last_update,22-2-2018,Feature has not been updated in 5 years or more
563456245,way,last_update,22-2-2018,Feature has not been updated in 5 years or more
563456246,way,last_update,22-2-2018,Feature has not been updated in 5 years or more
563456247,way,last_update,22-2-2018,Feature has not been updated in 5 years or more
563456248,way,last_update,22-2-2018,Feature has not been updated in 5 years or more
563456249,way,last_update,22-2-2018,Feature has not been updated in 5 years or more
563456251,way,last_update,22-2-2018,Feature has not been updated in 5 years or more
563456252,way,last_update,22-2-2018,Feature has not been updated in 5 years or more
563456253,way,last_update,22-2-2018,Feature has not been updated in 5 years or more
563456256,way,last_update,22-2-2018,Feature has not been updated in 5 years or more
563456257,way,last_update,22-2-2018,Feature has not been updated in 5 years or more
563456258,way,last_update,22-2-2018,Feature has not been updated in 5 years or more
563456259,way,last_update,22-2-2018,Feature has not been updated in 5 years or more
563456260,way,last_update,27-10-2020,Feature has not been updated in 5 years or more
563456261,way,last_update,22-2-2018,Feature has not been updated in 5 years or more
563456262,way,last_update,22-2-2018,Feature has not been updated in 5 years or more
563456263,way,last_update,22-2-2018,Feature has not been updated in 5 years or more
563456264,way,last_update,22-2-2018,Feature has not been updated in 5 years or more
563456265,way,last_update,22-2-2018,Feature has not been updated in 5 years or more
563456266,way,last_update,22-2-2018,Feature has not been updated in 5 years or more
563456267,way,last_update,22-2-2018,Feature has not been updated in 5 years or more
563456268,way,last_update,18-6-2018,Feature has not been updated in 5 years or more
563456269,way,last_update,22-2-2018,Feature has not been updated in 5 years or more
563456270,way,last_update,22-2-2018,Feature has not been updated in 5 years or more
563456271,way,last_update,22-2-2018,Feature has not been updated in 5 years or more
563664317,way,last_update,15-6-2019,Feature has not been updated in 5 years or more
563664318,way,last_update,15-6-2019,Feature has not been updated in 5 years or more
563664322,way,last_update,15-6-2019,Feature has not been updated in 5 years or more
563664324,way,last_update,15-6-2019,Feature has not been updated in 5 years or more
563914728,way,last_update,24-2-2018,Feature has not been updated in 5 years or more
563926395,way,last_update,24-2-2018,Feature has not been updated in 5 years or more
563926397,way,last_update,24-2-2018,Feature has not been updated in 5 years or more
563947286,way,last_update,17-4-2018,Feature has not been updated in 5 years or more
563947288,way,last_update,17-4-2018,Feature has not been updated in 5 years or more
563947289,way,last_update,17-4-2018,Feature has not been updated in 5 years or more
563954698,way,last_update,24-2-2018,Feature has not been updated in 5 years or more
563959884,way,last_update,24-2-2018,Feature has not been updated in 5 years or more
564068381,way,last_update,25-2-2018,Feature has not been updated in 5 years or more
564068929,way,last_update,25-2-2018,Feature has not been updated in 5 years or more
564075907,way,last_update,25-2-2018,Feature has not been updated in 5 years or more
564075908,way,last_update,25-2-2018,Feature has not been updated in 5 years or more
564075909,way,last_update,25-2-2018,Feature has not been updated in 5 years or more
564075921,way,last_update,25-2-2018,Feature has not been updated in 5 years or more
564075923,way,last_update,25-2-2018,Feature has not been updated in 5 years or more
564075924,way,last_update,25-2-2018,Feature has not been updated in 5 years or more
564076958,way,last_update,25-2-2018,Feature has not been updated in 5 years or more
564076959,way,last_update,25-2-2018,Feature has not been updated in 5 years or more
564076960,way,last_update,25-2-2018,Feature has not been updated in 5 years or more
564079826,way,last_update,15-11-2020,Feature has not been updated in 5 years or more
564079828,way,last_update,25-2-2018,Feature has not been updated in 5 years or more
564079838,way,last_update,28-12-2020,Feature has not been updated in 5 years or more
564079844,way,last_update,25-2-2018,Feature has not been updated in 5 years or more
564079845,way,last_update,25-2-2018,Feature has not been updated in 5 years or more
564079846,way,last_update,25-2-2018,Feature has not been updated in 5 years or more
564079847,way,last_update,25-2-2018,Feature has not been updated in 5 years or more
564079848,way,last_update,25-2-2018,Feature has not been updated in 5 years or more
564079849,way,last_update,25-2-2018,Feature has not been updated in 5 years or more
564079852,way,last_update,25-2-2018,Feature has not been updated in 5 years or more
564080991,way,last_update,25-2-2018,Feature has not been updated in 5 years or more
564080992,way,last_update,25-2-2018,Feature has not been updated in 5 years or more
564080994,way,last_update,25-2-2018,Feature has not been updated in 5 years or more
564080995,way,last_update,25-2-2018,Feature has not been updated in 5 years or more
564086035,way,last_update,25-6-2018,Feature has not been updated in 5 years or more
564086036,way,last_update,25-2-2018,Feature has not been updated in 5 years or more
564126004,way,last_update,9-8-2020,Feature has not been updated in 5 years or more
564126005,way,last_update,2-6-2021,Feature has not been updated in 5 years or more
564126010,way,last_update,25-2-2018,Feature has not been updated in 5 years or more
564126012,way,last_update,11-6-2021,Feature has not been updated in 5 years or more
564127143,way,last_update,25-2-2018,Feature has not been updated in 5 years or more
564127148,way,last_update,25-2-2018,Feature has not been updated in 5 years or more
564127154,way,last_update,5-5-2019,Feature has not been updated in 5 years or more
564127157,way,last_update,25-2-2018,Feature has not been updated in 5 years or more
564127159,way,last_update,25-2-2018,Feature has not been updated in 5 years or more
564127161,way,last_update,25-2-2018,Feature has not been updated in 5 years or more
564127162,way,last_update,5-5-2019,Feature has not been updated in 5 years or more
564127164,way,last_update,5-5-2019,Feature has not been updated in 5 years or more
564127165,way,last_update,25-2-2018,Feature has not been updated in 5 years or more
564129400,way,last_update,11-11-2020,Feature has not been updated in 5 years or more
564132544,way,last_update,25-2-2018,Feature has not been updated in 5 years or more
564134198,way,last_update,17-12-2019,Feature has not been updated in 5 years or more
564137302,way,last_update,25-2-2018,Feature has not been updated in 5 years or more
564137303,way,last_update,25-2-2018,Feature has not been updated in 5 years or more
564137306,way,last_update,25-2-2018,Feature has not been updated in 5 years or more
564137307,way,last_update,25-2-2018,Feature has not been updated in 5 years or more
564138328,way,last_update,25-2-2018,Feature has not been updated in 5 years or more
564139721,way,last_update,1-7-2018,Feature has not been updated in 5 years or more
564149091,way,last_update,23-11-2020,Feature has not been updated in 5 years or more
564149093,way,last_update,25-2-2018,Feature has not been updated in 5 years or more
564149094,way,last_update,24-6-2018,Feature has not been updated in 5 years or more
564149095,way,last_update,25-2-2018,Feature has not been updated in 5 years or more
564149096,way,last_update,25-2-2018,Feature has not been updated in 5 years or more
564149097,way,last_update,25-2-2018,Feature has not been updated in 5 years or more
564149098,way,last_update,24-6-2018,Feature has not been updated in 5 years or more
564149099,way,last_update,24-6-2018,Feature has not been updated in 5 years or more
564149100,way,last_update,25-2-2018,Feature has not been updated in 5 years or more
564358735,way,last_update,26-2-2018,Feature has not been updated in 5 years or more
564365439,way,last_update,26-2-2018,Feature has not been updated in 5 years or more
564370000,way,last_update,26-2-2018,Feature has not been updated in 5 years or more
564376536,way,last_update,28-5-2019,Feature has not been updated in 5 years or more
564800375,way,last_update,27-2-2018,Feature has not been updated in 5 years or more
564800376,way,last_update,27-2-2018,Feature has not been updated in 5 years or more
564804754,way,last_update,27-2-2018,Feature has not been updated in 5 years or more
565176497,way,last_update,16-12-2020,Feature has not been updated in 5 years or more
565176505,way,last_update,1-3-2018,Feature has not been updated in 5 years or more
565176506,way,last_update,1-3-2018,Feature has not been updated in 5 years or more
565176507,way,last_update,1-3-2018,Feature has not been updated in 5 years or more
565176508,way,last_update,1-3-2018,Feature has not been updated in 5 years or more
565176509,way,last_update,5-4-2018,Feature has not been updated in 5 years or more
565176510,way,last_update,5-4-2018,Feature has not been updated in 5 years or more
565176511,way,last_update,5-4-2018,Feature has not been updated in 5 years or more
565176512,way,last_update,5-4-2018,Feature has not been updated in 5 years or more
565176513,way,last_update,1-3-2018,Feature has not been updated in 5 years or more
565176514,way,last_update,1-3-2018,Feature has not been updated in 5 years or more
565176519,way,last_update,1-3-2018,Feature has not been updated in 5 years or more
565483812,way,last_update,2-2-2021,Feature has not been updated in 5 years or more
565490149,way,last_update,1-3-2018,Feature has not been updated in 5 years or more
565490150,way,last_update,1-3-2018,Feature has not been updated in 5 years or more
565490151,way,last_update,1-3-2018,Feature has not been updated in 5 years or more
565490152,way,last_update,1-3-2018,Feature has not been updated in 5 years or more
565490155,way,last_update,23-5-2020,Feature has not been updated in 5 years or more
565493820,way,last_update,1-3-2018,Feature has not been updated in 5 years or more
565495577,way,last_update,1-3-2018,Feature has not been updated in 5 years or more
565495578,way,last_update,1-3-2018,Feature has not been updated in 5 years or more
565495579,way,last_update,1-3-2018,Feature has not been updated in 5 years or more
565495580,way,last_update,1-3-2018,Feature has not been updated in 5 years or more
565495581,way,last_update,1-3-2018,Feature has not been updated in 5 years or more
565495582,way,last_update,1-3-2018,Feature has not been updated in 5 years or more
567973259,way,last_update,8-3-2018,Feature has not been updated in 5 years or more
567973260,way,last_update,8-3-2018,Feature has not been updated in 5 years or more
568338146,way,last_update,17-12-2020,Feature has not been updated in 5 years or more
568523339,way,last_update,10-3-2018,Feature has not been updated in 5 years or more
568523341,way,last_update,10-3-2018,Feature has not been updated in 5 years or more
568523342,way,last_update,10-3-2018,Feature has not been updated in 5 years or more
568523345,way,last_update,10-3-2018,Feature has not been updated in 5 years or more
568523347,way,last_update,10-3-2018,Feature has not been updated in 5 years or more
568523349,way,last_update,10-3-2018,Feature has not been updated in 5 years or more
568525523,way,last_update,12-11-2020,Feature has not been updated in 5 years or more
568525524,way,last_update,12-11-2020,Feature has not been updated in 5 years or more
568528978,way,last_update,10-3-2018,Feature has not been updated in 5 years or more
568528980,way,last_update,10-3-2018,Feature has not been updated in 5 years or more
568528981,way,last_update,10-3-2018,Feature has not been updated in 5 years or more
568528982,way,last_update,10-3-2018,Feature has not been updated in 5 years or more
568528983,way,last_update,10-3-2018,Feature has not been updated in 5 years or more
568528984,way,last_update,10-3-2018,Feature has not been updated in 5 years or more
568528985,way,last_update,10-3-2018,Feature has not been updated in 5 years or more
568528987,way,last_update,10-3-2018,Feature has not been updated in 5 years or more
568530230,way,last_update,10-3-2018,Feature has not been updated in 5 years or more
568530641,way,last_update,10-3-2018,Feature has not been updated in 5 years or more
568530642,way,last_update,10-3-2018,Feature has not been updated in 5 years or more
568570909,way,last_update,10-3-2018,Feature has not been updated in 5 years or more
568570910,way,last_update,10-3-2018,Feature has not been updated in 5 years or more
568570927,way,last_update,10-3-2018,Feature has not been updated in 5 years or more
568571757,way,last_update,10-3-2018,Feature has not been updated in 5 years or more
568577129,way,last_update,10-3-2018,Feature has not been updated in 5 years or more
568577133,way,last_update,10-3-2018,Feature has not been updated in 5 years or more
568578083,way,last_update,10-3-2018,Feature has not been updated in 5 years or more
568578084,way,last_update,10-3-2018,Feature has not been updated in 5 years or more
568578086,way,last_update,10-3-2018,Feature has not been updated in 5 years or more
568578087,way,last_update,10-3-2018,Feature has not been updated in 5 years or more
568578088,way,last_update,10-3-2018,Feature has not been updated in 5 years or more
568578089,way,last_update,10-3-2018,Feature has not been updated in 5 years or more
568578100,way,last_update,10-3-2018,Feature has not been updated in 5 years or more
569149876,way,last_update,13-3-2018,Feature has not been updated in 5 years or more
569460025,way,last_update,13-3-2018,Feature has not been updated in 5 years or more
569460026,way,last_update,13-3-2018,Feature has not been updated in 5 years or more
569460030,way,last_update,13-3-2018,Feature has not been updated in 5 years or more
569460031,way,last_update,13-3-2018,Feature has not been updated in 5 years or more
569460032,way,last_update,13-3-2018,Feature has not been updated in 5 years or more
569460663,way,last_update,13-3-2018,Feature has not been updated in 5 years or more
569472769,way,last_update,24-3-2019,Feature has not been updated in 5 years or more
569472770,way,last_update,13-3-2018,Feature has not been updated in 5 years or more
569472771,way,last_update,13-3-2018,Feature has not been updated in 5 years or more
569493972,way,last_update,3-3-2019,Feature has not been updated in 5 years or more
569493973,way,last_update,14-3-2018,Feature has not been updated in 5 years or more
569700286,way,last_update,14-3-2018,Feature has not been updated in 5 years or more
569700287,way,last_update,14-3-2018,Feature has not been updated in 5 years or more
569700289,way,last_update,14-3-2018,Feature has not been updated in 5 years or more
569700290,way,last_update,14-3-2018,Feature has not been updated in 5 years or more
569700291,way,last_update,14-3-2018,Feature has not been updated in 5 years or more
569700292,way,last_update,14-3-2018,Feature has not been updated in 5 years or more
569700293,way,last_update,14-3-2018,Feature has not been updated in 5 years or more
569700294,way,last_update,6-11-2020,Feature has not been updated in 5 years or more
569700295,way,last_update,6-11-2020,Feature has not been updated in 5 years or more
569700296,way,last_update,6-11-2020,Feature has not been updated in 5 years or more
569700297,way,last_update,6-11-2020,Feature has not been updated in 5 years or more
569701699,way,last_update,14-3-2018,Feature has not been updated in 5 years or more
569701700,way,last_update,14-3-2018,Feature has not been updated in 5 years or more
569701701,way,last_update,14-3-2018,Feature has not been updated in 5 years or more
569701702,way,last_update,14-3-2018,Feature has not been updated in 5 years or more
569701703,way,last_update,14-3-2018,Feature has not been updated in 5 years or more
569701704,way,last_update,14-3-2018,Feature has not been updated in 5 years or more
569701705,way,last_update,18-6-2019,Feature has not been updated in 5 years or more
569701706,way,last_update,14-3-2018,Feature has not been updated in 5 years or more
569701707,way,last_update,14-3-2018,Feature has not been updated in 5 years or more
569701708,way,last_update,14-3-2018,Feature has not been updated in 5 years or more
569701709,way,last_update,14-3-2018,Feature has not been updated in 5 years or more
569701710,way,last_update,14-3-2018,Feature has not been updated in 5 years or more
569701711,way,last_update,14-3-2018,Feature has not been updated in 5 years or more
569701712,way,last_update,14-3-2018,Feature has not been updated in 5 years or more
569701713,way,last_update,14-3-2018,Feature has not been updated in 5 years or more
569701714,way,last_update,14-3-2018,Feature has not been updated in 5 years or more
569701715,way,last_update,14-3-2018,Feature has not been updated in 5 years or more
569701716,way,last_update,14-3-2018,Feature has not been updated in 5 years or more
570056584,way,last_update,15-3-2018,Feature has not been updated in 5 years or more
570061729,way,last_update,15-3-2018,Feature has not been updated in 5 years or more
570069506,way,last_update,15-3-2018,Feature has not been updated in 5 years or more
570069511,way,last_update,15-3-2018,Feature has not been updated in 5 years or more
570080922,way,last_update,15-3-2018,Feature has not been updated in 5 years or more
570081642,way,last_update,15-3-2018,Feature has not been updated in 5 years or more
570082781,way,last_update,15-3-2018,Feature has not been updated in 5 years or more
570089977,way,last_update,10-9-2018,Feature has not been updated in 5 years or more
570368104,way,last_update,8-1-2019,Feature has not been updated in 5 years or more
570502566,way,last_update,17-3-2018,Feature has not been updated in 5 years or more
570553351,way,last_update,17-3-2018,Feature has not been updated in 5 years or more
570770844,way,last_update,18-3-2018,Feature has not been updated in 5 years or more
570770845,way,last_update,18-3-2018,Feature has not been updated in 5 years or more
570787604,way,last_update,17-4-2018,Feature has not been updated in 5 years or more
571057286,way,last_update,16-5-2021,Feature has not been updated in 5 years or more
571080648,way,last_update,19-7-2020,Feature has not been updated in 5 years or more
571082808,way,last_update,19-3-2021,Feature has not been updated in 5 years or more
571388288,way,last_update,20-3-2018,Feature has not been updated in 5 years or more
571808367,way,last_update,14-6-2021,Feature has not been updated in 5 years or more
577360709,way,last_update,7-4-2018,Feature has not been updated in 5 years or more
578581632,way,last_update,10-4-2018,Feature has not been updated in 5 years or more
578581648,way,last_update,13-4-2018,Feature has not been updated in 5 years or more
578684327,way,last_update,29-5-2019,Feature has not been updated in 5 years or more
579071950,way,last_update,29-5-2019,Feature has not been updated in 5 years or more
579627364,way,last_update,13-4-2018,Feature has not been updated in 5 years or more
579629582,way,last_update,17-4-2018,Feature has not been updated in 5 years or more
579629587,way,last_update,13-4-2018,Feature has not been updated in 5 years or more
579629588,way,last_update,13-4-2018,Feature has not been updated in 5 years or more
579635481,way,last_update,17-4-2018,Feature has not been updated in 5 years or more
579635507,way,last_update,13-4-2018,Feature has not been updated in 5 years or more
579635510,way,last_update,17-4-2018,Feature has not been updated in 5 years or more
579756790,way,last_update,14-4-2018,Feature has not been updated in 5 years or more
579756791,way,last_update,14-4-2018,Feature has not been updated in 5 years or more
579756793,way,last_update,14-4-2018,Feature has not been updated in 5 years or more
579756796,way,last_update,14-4-2018,Feature has not been updated in 5 years or more
579756797,way,last_update,13-5-2020,Feature has not been updated in 5 years or more
579756798,way,last_update,13-5-2020,Feature has not been updated in 5 years or more
579756799,way,last_update,13-5-2020,Feature has not been updated in 5 years or more
579756800,way,last_update,13-5-2020,Feature has not been updated in 5 years or more
579756801,way,last_update,13-5-2020,Feature has not been updated in 5 years or more
579756802,way,last_update,13-5-2020,Feature has not been updated in 5 years or more
579756803,way,last_update,13-5-2020,Feature has not been updated in 5 years or more
579756804,way,last_update,13-5-2020,Feature has not been updated in 5 years or more
579756805,way,last_update,13-5-2020,Feature has not been updated in 5 years or more
579756806,way,last_update,14-4-2018,Feature has not been updated in 5 years or more
579756807,way,last_update,14-4-2018,Feature has not been updated in 5 years or more
579756808,way,last_update,14-4-2018,Feature has not been updated in 5 years or more
580941079,way,last_update,17-4-2018,Feature has not been updated in 5 years or more
580983649,way,last_update,31-7-2021,Feature has not been updated in 5 years or more
580991117,way,last_update,17-4-2018,Feature has not been updated in 5 years or more
580991122,way,last_update,17-4-2018,Feature has not been updated in 5 years or more
581001230,way,last_update,17-4-2018,Feature has not been updated in 5 years or more
581002977,way,last_update,17-4-2018,Feature has not been updated in 5 years or more
581670417,way,last_update,26-5-2020,Feature has not been updated in 5 years or more
581670418,way,last_update,26-5-2020,Feature has not been updated in 5 years or more
582039049,way,last_update,20-4-2018,Feature has not been updated in 5 years or more
582039053,way,last_update,20-4-2018,Feature has not been updated in 5 years or more
582039056,way,last_update,20-4-2018,Feature has not been updated in 5 years or more
582355745,way,last_update,1-8-2021,Feature has not been updated in 5 years or more
582355746,way,last_update,1-8-2021,Feature has not been updated in 5 years or more
582355747,way,last_update,1-8-2021,Feature has not been updated in 5 years or more
582355748,way,last_update,1-8-2021,Feature has not been updated in 5 years or more
582355750,way,last_update,21-4-2018,Feature has not been updated in 5 years or more
582355751,way,last_update,21-4-2018,Feature has not been updated in 5 years or more
582355752,way,last_update,21-4-2018,Feature has not been updated in 5 years or more
582355753,way,last_update,21-4-2018,Feature has not been updated in 5 years or more
582355755,way,last_update,21-4-2018,Feature has not been updated in 5 years or more
582355756,way,last_update,21-4-2018,Feature has not been updated in 5 years or more
582355757,way,last_update,21-4-2018,Feature has not been updated in 5 years or more
582355760,way,last_update,3-8-2021,Feature has not been updated in 5 years or more
582355761,way,last_update,3-8-2021,Feature has not been updated in 5 years or more
582355762,way,last_update,3-8-2021,Feature has not been updated in 5 years or more
582355763,way,last_update,3-8-2021,Feature has not been updated in 5 years or more
582355764,way,last_update,3-8-2021,Feature has not been updated in 5 years or more
582355765,way,last_update,3-8-2021,Feature has not been updated in 5 years or more
582355766,way,last_update,3-8-2021,Feature has not been updated in 5 years or more
582356658,way,last_update,9-7-2021,Feature has not been updated in 5 years or more
582356659,way,last_update,9-7-2021,Feature has not been updated in 5 years or more
582356660,way,last_update,9-7-2021,Feature has not been updated in 5 years or more
582356661,way,last_update,9-7-2021,Feature has not been updated in 5 years or more
582356662,way,last_update,9-7-2021,Feature has not been updated in 5 years or more
582358415,way,last_update,21-4-2018,Feature has not been updated in 5 years or more
582358418,way,last_update,21-4-2018,Feature has not been updated in 5 years or more
582358419,way,last_update,21-4-2018,Feature has not been updated in 5 years or more
582392858,way,last_update,22-4-2018,Feature has not been updated in 5 years or more
587317094,way,last_update,10-5-2018,Feature has not been updated in 5 years or more
587317095,way,last_update,10-5-2018,Feature has not been updated in 5 years or more
587317096,way,last_update,10-5-2018,Feature has not been updated in 5 years or more
587317097,way,last_update,10-5-2018,Feature has not been updated in 5 years or more
587317098,way,last_update,10-5-2018,Feature has not been updated in 5 years or more
587317129,way,last_update,10-5-2018,Feature has not been updated in 5 years or more
587342174,way,last_update,10-5-2018,Feature has not been updated in 5 years or more
587385436,way,last_update,11-5-2018,Feature has not been updated in 5 years or more
587385437,way,last_update,11-5-2018,Feature has not been updated in 5 years or more
587385438,way,last_update,11-5-2018,Feature has not been updated in 5 years or more
587385439,way,last_update,11-5-2018,Feature has not been updated in 5 years or more
587385440,way,last_update,11-5-2018,Feature has not been updated in 5 years or more
587385442,way,last_update,11-5-2018,Feature has not been updated in 5 years or more
587385443,way,last_update,11-5-2018,Feature has not been updated in 5 years or more
588243844,way,last_update,3-3-2019,Feature has not been updated in 5 years or more
589375131,way,last_update,19-5-2018,Feature has not been updated in 5 years or more
589375132,way,last_update,19-5-2018,Feature has not been updated in 5 years or more
589375133,way,last_update,19-5-2018,Feature has not been updated in 5 years or more
589375134,way,last_update,19-5-2018,Feature has not been updated in 5 years or more
589375135,way,last_update,19-5-2018,Feature has not been updated in 5 years or more
589375136,way,last_update,19-5-2018,Feature has not been updated in 5 years or more
589375139,way,last_update,19-5-2018,Feature has not been updated in 5 years or more
589375140,way,last_update,19-5-2018,Feature has not been updated in 5 years or more
589375141,way,last_update,19-5-2018,Feature has not been updated in 5 years or more
589375142,way,last_update,19-5-2018,Feature has not been updated in 5 years or more
589375143,way,last_update,19-5-2018,Feature has not been updated in 5 years or more
589375144,way,last_update,19-5-2018,Feature has not been updated in 5 years or more
589375145,way,last_update,19-5-2018,Feature has not been updated in 5 years or more
589375146,way,last_update,19-5-2018,Feature has not been updated in 5 years or more
589375147,way,last_update,19-5-2018,Feature has not been updated in 5 years or more
589375148,way,last_update,19-5-2018,Feature has not been updated in 5 years or more
589375149,way,last_update,19-5-2018,Feature has not been updated in 5 years or more
589375150,way,last_update,19-5-2018,Feature has not been updated in 5 years or more
589375154,way,last_update,19-5-2018,Feature has not been updated in 5 years or more
589375155,way,last_update,19-5-2018,Feature has not been updated in 5 years or more
589375156,way,last_update,19-5-2018,Feature has not been updated in 5 years or more
589375159,way,last_update,19-5-2018,Feature has not been updated in 5 years or more
589375161,way,last_update,19-5-2018,Feature has not been updated in 5 years or more
589375164,way,last_update,20-10-2018,Feature has not been updated in 5 years or more
589375166,way,last_update,19-5-2018,Feature has not been updated in 5 years or more
589375168,way,last_update,19-5-2018,Feature has not been updated in 5 years or more
589375174,way,last_update,19-5-2018,Feature has not been updated in 5 years or more
589375175,way,last_update,19-5-2018,Feature has not been updated in 5 years or more
589375176,way,last_update,19-5-2018,Feature has not been updated in 5 years or more
589375177,way,last_update,19-5-2018,Feature has not been updated in 5 years or more
589375178,way,last_update,19-5-2018,Feature has not been updated in 5 years or more
589375189,way,last_update,19-5-2018,Feature has not been updated in 5 years or more
589375190,way,last_update,19-5-2018,Feature has not been updated in 5 years or more
589500097,way,last_update,19-5-2018,Feature has not been updated in 5 years or more
589991992,way,last_update,22-5-2018,Feature has not been updated in 5 years or more
589991993,way,last_update,22-5-2018,Feature has not been updated in 5 years or more
589991994,way,last_update,22-5-2018,Feature has not been updated in 5 years or more
589991995,way,last_update,22-5-2018,Feature has not been updated in 5 years or more
589991996,way,last_update,22-5-2018,Feature has not been updated in 5 years or more
589991997,way,last_update,22-5-2018,Feature has not been updated in 5 years or more
589991998,way,last_update,22-5-2018,Feature has not been updated in 5 years or more
589991999,way,last_update,22-5-2018,Feature has not been updated in 5 years or more
589992000,way,last_update,22-5-2018,Feature has not been updated in 5 years or more
589992001,way,last_update,22-5-2018,Feature has not been updated in 5 years or more
589992002,way,last_update,22-5-2018,Feature has not been updated in 5 years or more
589992003,way,last_update,22-5-2018,Feature has not been updated in 5 years or more
589992004,way,last_update,22-5-2018,Feature has not been updated in 5 years or more
589992005,way,last_update,22-5-2018,Feature has not been updated in 5 years or more
589992006,way,last_update,22-5-2018,Feature has not been updated in 5 years or more
589992007,way,last_update,22-5-2018,Feature has not been updated in 5 years or more
589992008,way,last_update,22-5-2018,Feature has not been updated in 5 years or more
589992009,way,last_update,22-5-2018,Feature has not been updated in 5 years or more
589992010,way,last_update,22-5-2018,Feature has not been updated in 5 years or more
589992011,way,last_update,22-5-2018,Feature has not been updated in 5 years or more
589992012,way,last_update,22-5-2018,Feature has not been updated in 5 years or more
589992013,way,last_update,22-5-2018,Feature has not been updated in 5 years or more
589992014,way,last_update,22-5-2018,Feature has not been updated in 5 years or more
589992015,way,last_update,22-5-2018,Feature has not been updated in 5 years or more
589992016,way,last_update,22-5-2018,Feature has not been updated in 5 years or more
589992017,way,last_update,22-5-2018,Feature has not been updated in 5 years or more
589992018,way,last_update,22-5-2018,Feature has not been updated in 5 years or more
589992019,way,last_update,22-5-2018,Feature has not been updated in 5 years or more
589992020,way,last_update,22-5-2018,Feature has not been updated in 5 years or more
589992022,way,last_update,22-5-2018,Feature has not been updated in 5 years or more
589992025,way,last_update,22-5-2018,Feature has not been updated in 5 years or more
589992026,way,last_update,22-5-2018,Feature has not been updated in 5 years or more
589992027,way,last_update,22-5-2018,Feature has not been updated in 5 years or more
589992028,way,last_update,22-5-2018,Feature has not been updated in 5 years or more
589992029,way,last_update,22-5-2018,Feature has not been updated in 5 years or more
589992031,way,last_update,22-5-2018,Feature has not been updated in 5 years or more
589992034,way,last_update,22-5-2018,Feature has not been updated in 5 years or more
589992035,way,last_update,22-5-2018,Feature has not been updated in 5 years or more
589992038,way,last_update,22-5-2018,Feature has not been updated in 5 years or more
589992039,way,last_update,22-5-2018,Feature has not been updated in 5 years or more
589992041,way,last_update,22-5-2018,Feature has not been updated in 5 years or more
589992042,way,last_update,22-5-2018,Feature has not been updated in 5 years or more
589992044,way,last_update,22-5-2018,Feature has not been updated in 5 years or more
589992045,way,last_update,22-5-2018,Feature has not been updated in 5 years or more
589992047,way,last_update,22-5-2018,Feature has not been updated in 5 years or more
590919562,way,last_update,1-12-2020,Feature has not been updated in 5 years or more
591098382,way,last_update,26-5-2018,Feature has not been updated in 5 years or more
591420114,way,last_update,27-5-2018,Feature has not been updated in 5 years or more
591420115,way,last_update,27-5-2018,Feature has not been updated in 5 years or more
591420116,way,last_update,1-12-2020,Feature has not been updated in 5 years or more
591420117,way,last_update,27-5-2018,Feature has not been updated in 5 years or more
591420118,way,last_update,27-5-2018,Feature has not been updated in 5 years or more
591420119,way,last_update,27-5-2018,Feature has not been updated in 5 years or more
591420120,way,last_update,27-5-2018,Feature has not been updated in 5 years or more
591420121,way,last_update,1-12-2020,Feature has not been updated in 5 years or more
591420123,way,last_update,27-5-2018,Feature has not been updated in 5 years or more
593094676,way,last_update,6-6-2021,Feature has not been updated in 5 years or more
593094679,way,last_update,6-6-2021,Feature has not been updated in 5 years or more
593094680,way,last_update,6-6-2021,Feature has not been updated in 5 years or more
593094681,way,last_update,6-6-2021,Feature has not been updated in 5 years or more
593094684,way,last_update,27-7-2018,Feature has not been updated in 5 years or more
593094686,way,last_update,27-7-2018,Feature has not been updated in 5 years or more
593094687,way,last_update,3-6-2018,Feature has not been updated in 5 years or more
593094688,way,last_update,12-8-2018,Feature has not been updated in 5 years or more
593094689,way,last_update,19-1-2019,Feature has not been updated in 5 years or more
593094690,way,last_update,3-6-2018,Feature has not been updated in 5 years or more
593094691,way,last_update,12-8-2018,Feature has not been updated in 5 years or more
593094692,way,last_update,27-7-2018,Feature has not been updated in 5 years or more
593094693,way,last_update,27-7-2018,Feature has not been updated in 5 years or more
593094696,way,last_update,29-6-2018,Feature has not been updated in 5 years or more
593094697,way,last_update,2-3-2019,Feature has not been updated in 5 years or more
593094702,way,last_update,2-3-2019,Feature has not been updated in 5 years or more
593109910,way,last_update,2-6-2018,Feature has not been updated in 5 years or more
593109911,way,last_update,2-6-2018,Feature has not been updated in 5 years or more
593109914,way,last_update,2-6-2018,Feature has not been updated in 5 years or more
593123092,way,last_update,12-8-2018,Feature has not been updated in 5 years or more
593123106,way,last_update,6-10-2018,Feature has not been updated in 5 years or more
593123107,way,last_update,3-6-2018,Feature has not been updated in 5 years or more
593132484,way,last_update,2-6-2018,Feature has not been updated in 5 years or more
593132485,way,last_update,26-9-2018,Feature has not been updated in 5 years or more
593132487,way,last_update,23-1-2019,Feature has not been updated in 5 years or more
593132489,way,last_update,24-6-2018,Feature has not been updated in 5 years or more
593132490,way,last_update,23-1-2019,Feature has not been updated in 5 years or more
593132491,way,last_update,24-2-2019,Feature has not been updated in 5 years or more
593144263,way,last_update,11-11-2018,Feature has not been updated in 5 years or more
593144264,way,last_update,2-6-2018,Feature has not been updated in 5 years or more
593144268,way,last_update,24-6-2018,Feature has not been updated in 5 years or more
593144271,way,last_update,6-12-2018,Feature has not been updated in 5 years or more
593144272,way,last_update,29-7-2019,Feature has not been updated in 5 years or more
593144273,way,last_update,12-8-2018,Feature has not been updated in 5 years or more
593144276,way,last_update,12-8-2018,Feature has not been updated in 5 years or more
593144277,way,last_update,20-10-2018,Feature has not been updated in 5 years or more
593144278,way,last_update,2-6-2018,Feature has not been updated in 5 years or more
593144279,way,last_update,2-6-2018,Feature has not been updated in 5 years or more
593144280,way,last_update,2-6-2018,Feature has not been updated in 5 years or more
593144281,way,last_update,12-8-2018,Feature has not been updated in 5 years or more
593144282,way,last_update,2-6-2018,Feature has not been updated in 5 years or more
593144283,way,last_update,12-8-2018,Feature has not been updated in 5 years or more
593144284,way,last_update,2-6-2018,Feature has not been updated in 5 years or more
593144285,way,last_update,2-6-2018,Feature has not been updated in 5 years or more
593144286,way,last_update,2-6-2018,Feature has not been updated in 5 years or more
593144287,way,last_update,2-6-2018,Feature has not been updated in 5 years or more
593144289,way,last_update,7-12-2018,Feature has not been updated in 5 years or more
593144290,way,last_update,3-6-2018,Feature has not been updated in 5 years or more
593144291,way,last_update,7-12-2018,Feature has not been updated in 5 years or more
593144292,way,last_update,3-6-2018,Feature has not been updated in 5 years or more
593144293,way,last_update,7-12-2018,Feature has not been updated in 5 years or more
593144295,way,last_update,2-6-2018,Feature has not been updated in 5 years or more
593144296,way,last_update,7-12-2018,Feature has not been updated in 5 years or more
593144297,way,last_update,7-12-2018,Feature has not been updated in 5 years or more
593144298,way,last_update,7-12-2018,Feature has not been updated in 5 years or more
593144299,way,last_update,24-2-2019,Feature has not been updated in 5 years or more
593144300,way,last_update,7-12-2018,Feature has not been updated in 5 years or more
593144301,way,last_update,24-2-2019,Feature has not been updated in 5 years or more
593144305,way,last_update,3-6-2018,Feature has not been updated in 5 years or more
593144307,way,last_update,18-8-2018,Feature has not been updated in 5 years or more
593152803,way,last_update,12-8-2018,Feature has not been updated in 5 years or more
593152804,way,last_update,6-6-2021,Feature has not been updated in 5 years or more
593162556,way,last_update,4-8-2018,Feature has not been updated in 5 years or more
593162557,way,last_update,4-8-2018,Feature has not been updated in 5 years or more
593162558,way,last_update,4-8-2018,Feature has not been updated in 5 years or more
593162559,way,last_update,4-8-2018,Feature has not been updated in 5 years or more
593162560,way,last_update,4-8-2018,Feature has not been updated in 5 years or more
593162561,way,last_update,4-8-2018,Feature has not been updated in 5 years or more
593162563,way,last_update,4-8-2018,Feature has not been updated in 5 years or more
593177247,way,last_update,29-7-2019,Feature has not been updated in 5 years or more
593180969,way,last_update,8-2-2019,Feature has not been updated in 5 years or more
593180970,way,last_update,16-12-2018,Feature has not been updated in 5 years or more
593180971,way,last_update,16-12-2018,Feature has not been updated in 5 years or more
593180973,way,last_update,2-6-2018,Feature has not been updated in 5 years or more
593180974,way,last_update,2-6-2018,Feature has not been updated in 5 years or more
593180982,way,last_update,10-6-2018,Feature has not been updated in 5 years or more
593180985,way,last_update,6-6-2018,Feature has not been updated in 5 years or more
593180988,way,last_update,2-6-2018,Feature has not been updated in 5 years or more
593181001,way,last_update,2-6-2018,Feature has not been updated in 5 years or more
593181010,way,last_update,2-6-2018,Feature has not been updated in 5 years or more
593181013,way,last_update,14-10-2018,Feature has not been updated in 5 years or more
593181023,way,last_update,2-6-2018,Feature has not been updated in 5 years or more
593185619,way,last_update,16-12-2018,Feature has not been updated in 5 years or more
593185620,way,last_update,2-6-2018,Feature has not been updated in 5 years or more
593185622,way,last_update,16-12-2018,Feature has not been updated in 5 years or more
593185623,way,last_update,16-12-2018,Feature has not been updated in 5 years or more
593187394,way,last_update,6-6-2018,Feature has not been updated in 5 years or more
593187398,way,last_update,14-10-2018,Feature has not been updated in 5 years or more
593187399,way,last_update,3-6-2018,Feature has not been updated in 5 years or more
593187400,way,last_update,3-6-2018,Feature has not been updated in 5 years or more
593187401,way,last_update,4-6-2018,Feature has not been updated in 5 years or more
593187402,way,last_update,4-6-2018,Feature has not been updated in 5 years or more
593187404,way,last_update,14-10-2018,Feature has not been updated in 5 years or more
593187405,way,last_update,3-6-2018,Feature has not been updated in 5 years or more
593187406,way,last_update,6-7-2018,Feature has not been updated in 5 years or more
593190249,way,last_update,2-2-2019,Feature has not been updated in 5 years or more
593190251,way,last_update,8-9-2018,Feature has not been updated in 5 years or more
593190255,way,last_update,14-10-2018,Feature has not been updated in 5 years or more
593190258,way,last_update,16-12-2020,Feature has not been updated in 5 years or more
593190261,way,last_update,3-6-2018,Feature has not been updated in 5 years or more
593190262,way,last_update,2-2-2019,Feature has not been updated in 5 years or more
593190263,way,last_update,6-6-2018,Feature has not been updated in 5 years or more
593190264,way,last_update,3-6-2018,Feature has not been updated in 5 years or more
593190265,way,last_update,3-6-2018,Feature has not been updated in 5 years or more
593190266,way,last_update,16-12-2020,Feature has not been updated in 5 years or more
593190267,way,last_update,6-6-2018,Feature has not been updated in 5 years or more
593190268,way,last_update,16-12-2020,Feature has not been updated in 5 years or more
593190269,way,last_update,16-12-2020,Feature has not been updated in 5 years or more
593190270,way,last_update,6-6-2018,Feature has not been updated in 5 years or more
593190271,way,last_update,6-12-2018,Feature has not been updated in 5 years or more
593194588,way,last_update,24-6-2018,Feature has not been updated in 5 years or more
593194589,way,last_update,3-6-2018,Feature has not been updated in 5 years or more
593194590,way,last_update,3-6-2018,Feature has not been updated in 5 years or more
593194591,way,last_update,3-6-2018,Feature has not been updated in 5 years or more
593194592,way,last_update,24-2-2019,Feature has not been updated in 5 years or more
593194593,way,last_update,3-6-2018,Feature has not been updated in 5 years or more
593196380,way,last_update,3-6-2018,Feature has not been updated in 5 years or more
593196381,way,last_update,19-8-2018,Feature has not been updated in 5 years or more
593196382,way,last_update,19-8-2018,Feature has not been updated in 5 years or more
593196383,way,last_update,19-8-2018,Feature has not been updated in 5 years or more
593196384,way,last_update,19-8-2018,Feature has not been updated in 5 years or more
593196385,way,last_update,10-6-2018,Feature has not been updated in 5 years or more
593196386,way,last_update,3-6-2018,Feature has not been updated in 5 years or more
593196387,way,last_update,3-6-2018,Feature has not been updated in 5 years or more
593196388,way,last_update,3-6-2018,Feature has not been updated in 5 years or more
593196389,way,last_update,3-6-2018,Feature has not been updated in 5 years or more
593196390,way,last_update,3-6-2018,Feature has not been updated in 5 years or more
593196391,way,last_update,3-6-2018,Feature has not been updated in 5 years or more
593196392,way,last_update,11-11-2018,Feature has not been updated in 5 years or more
593196393,way,last_update,3-6-2018,Feature has not been updated in 5 years or more
593196394,way,last_update,11-11-2018,Feature has not been updated in 5 years or more
593196396,way,last_update,24-6-2018,Feature has not been updated in 5 years or more
593196401,way,last_update,3-6-2018,Feature has not been updated in 5 years or more
593196402,way,last_update,3-6-2018,Feature has not been updated in 5 years or more
593196403,way,last_update,3-6-2018,Feature has not been updated in 5 years or more
593196404,way,last_update,15-12-2018,Feature has not been updated in 5 years or more
593196405,way,last_update,12-8-2018,Feature has not been updated in 5 years or more
593196406,way,last_update,3-6-2018,Feature has not been updated in 5 years or more
593196407,way,last_update,10-6-2018,Feature has not been updated in 5 years or more
593196408,way,last_update,15-12-2018,Feature has not been updated in 5 years or more
593196410,way,last_update,12-8-2018,Feature has not been updated in 5 years or more
593214328,way,last_update,3-6-2018,Feature has not been updated in 5 years or more
593214329,way,last_update,16-12-2019,Feature has not been updated in 5 years or more
593214330,way,last_update,7-7-2018,Feature has not been updated in 5 years or more
593214331,way,last_update,3-6-2018,Feature has not been updated in 5 years or more
593214332,way,last_update,3-6-2018,Feature has not been updated in 5 years or more
593434443,way,last_update,3-6-2018,Feature has not been updated in 5 years or more
593466609,way,last_update,3-6-2018,Feature has not been updated in 5 years or more
593471397,way,last_update,3-6-2018,Feature has not been updated in 5 years or more
593471398,way,last_update,3-6-2018,Feature has not been updated in 5 years or more
593471399,way,last_update,3-6-2018,Feature has not been updated in 5 years or more
593471401,way,last_update,23-6-2020,Feature has not been updated in 5 years or more
593961438,way,last_update,5-6-2018,Feature has not been updated in 5 years or more
593961442,way,last_update,5-6-2018,Feature has not been updated in 5 years or more
593961443,way,last_update,22-4-2019,Feature has not been updated in 5 years or more
593961444,way,last_update,9-6-2018,Feature has not been updated in 5 years or more
593961445,way,last_update,5-6-2018,Feature has not been updated in 5 years or more
593961446,way,last_update,5-6-2018,Feature has not been updated in 5 years or more
593961447,way,last_update,15-1-2019,Feature has not been updated in 5 years or more
593961450,way,last_update,9-6-2018,Feature has not been updated in 5 years or more
593961451,way,last_update,17-7-2018,Feature has not been updated in 5 years or more
593961454,way,last_update,17-7-2018,Feature has not been updated in 5 years or more
593961455,way,last_update,5-6-2018,Feature has not been updated in 5 years or more
593995278,way,last_update,5-6-2018,Feature has not been updated in 5 years or more
593995280,way,last_update,5-6-2018,Feature has not been updated in 5 years or more
593995281,way,last_update,5-6-2018,Feature has not been updated in 5 years or more
593995283,way,last_update,5-6-2018,Feature has not been updated in 5 years or more
594376078,way,last_update,15-7-2018,Feature has not been updated in 5 years or more
594376079,way,last_update,23-6-2018,Feature has not been updated in 5 years or more
594376081,way,last_update,6-6-2018,Feature has not been updated in 5 years or more
594376082,way,last_update,6-6-2018,Feature has not been updated in 5 years or more
594376083,way,last_update,15-7-2018,Feature has not been updated in 5 years or more
594376084,way,last_update,2-2-2019,Feature has not been updated in 5 years or more
594379659,way,last_update,6-6-2018,Feature has not been updated in 5 years or more
594379660,way,last_update,6-6-2018,Feature has not been updated in 5 years or more
594379661,way,last_update,6-6-2018,Feature has not been updated in 5 years or more
595283141,way,last_update,24-6-2018,Feature has not been updated in 5 years or more
595655427,way,last_update,8-6-2018,Feature has not been updated in 5 years or more
595655428,way,last_update,19-1-2019,Feature has not been updated in 5 years or more
595655429,way,last_update,8-6-2018,Feature has not been updated in 5 years or more
595655430,way,last_update,8-6-2018,Feature has not been updated in 5 years or more
595655431,way,last_update,8-6-2018,Feature has not been updated in 5 years or more
595655432,way,last_update,30-8-2020,Feature has not been updated in 5 years or more
595655433,way,last_update,8-6-2018,Feature has not been updated in 5 years or more
595655434,way,last_update,8-6-2018,Feature has not been updated in 5 years or more
595655435,way,last_update,8-6-2018,Feature has not been updated in 5 years or more
595655436,way,last_update,8-6-2018,Feature has not been updated in 5 years or more
595658004,way,last_update,8-6-2018,Feature has not been updated in 5 years or more
595658216,way,last_update,8-6-2018,Feature has not been updated in 5 years or more
595658217,way,last_update,11-8-2020,Feature has not been updated in 5 years or more
595658218,way,last_update,8-6-2018,Feature has not been updated in 5 years or more
595661304,way,last_update,9-6-2018,Feature has not been updated in 5 years or more
595661307,way,last_update,9-6-2018,Feature has not been updated in 5 years or more
595661308,way,last_update,17-12-2020,Feature has not been updated in 5 years or more
595661310,way,last_update,9-6-2018,Feature has not been updated in 5 years or more
595661311,way,last_update,9-6-2018,Feature has not been updated in 5 years or more
595661312,way,last_update,9-6-2018,Feature has not been updated in 5 years or more
595661313,way,last_update,9-6-2018,Feature has not been updated in 5 years or more
595661314,way,last_update,9-6-2018,Feature has not been updated in 5 years or more
595661316,way,last_update,9-6-2018,Feature has not been updated in 5 years or more
595902355,way,last_update,9-6-2018,Feature has not been updated in 5 years or more
595902357,way,last_update,9-6-2018,Feature has not been updated in 5 years or more
595909409,way,last_update,9-6-2018,Feature has not been updated in 5 years or more
596164246,way,last_update,5-9-2018,Feature has not been updated in 5 years or more
596164251,way,last_update,10-6-2018,Feature has not been updated in 5 years or more
596164252,way,last_update,10-6-2018,Feature has not been updated in 5 years or more
596179293,way,last_update,5-9-2018,Feature has not been updated in 5 years or more
596179295,way,last_update,5-9-2018,Feature has not been updated in 5 years or more
596179299,way,last_update,10-6-2018,Feature has not been updated in 5 years or more
596179300,way,last_update,10-6-2018,Feature has not been updated in 5 years or more
596179301,way,last_update,10-6-2018,Feature has not been updated in 5 years or more
596179302,way,last_update,2-3-2019,Feature has not been updated in 5 years or more
596179304,way,last_update,10-6-2018,Feature has not been updated in 5 years or more
596179306,way,last_update,2-3-2019,Feature has not been updated in 5 years or more
596179308,way,last_update,10-6-2018,Feature has not been updated in 5 years or more
596191436,way,last_update,10-6-2018,Feature has not been updated in 5 years or more
596191442,way,last_update,10-6-2018,Feature has not been updated in 5 years or more
596191443,way,last_update,24-9-2018,Feature has not been updated in 5 years or more
596191444,way,last_update,15-1-2019,Feature has not been updated in 5 years or more
596191447,way,last_update,10-6-2018,Feature has not been updated in 5 years or more
596191448,way,last_update,10-6-2018,Feature has not been updated in 5 years or more
596191449,way,last_update,10-6-2018,Feature has not been updated in 5 years or more
596191450,way,last_update,10-6-2018,Feature has not been updated in 5 years or more
596191452,way,last_update,10-6-2018,Feature has not been updated in 5 years or more
596191453,way,last_update,10-6-2018,Feature has not been updated in 5 years or more
596191454,way,last_update,9-11-2020,Feature has not been updated in 5 years or more
596191455,way,last_update,9-11-2020,Feature has not been updated in 5 years or more
596202323,way,last_update,10-6-2018,Feature has not been updated in 5 years or more
596202324,way,last_update,10-6-2018,Feature has not been updated in 5 years or more
596202326,way,last_update,10-6-2018,Feature has not been updated in 5 years or more
596202327,way,last_update,10-6-2018,Feature has not been updated in 5 years or more
596202328,way,last_update,10-6-2018,Feature has not been updated in 5 years or more
596202329,way,last_update,10-6-2018,Feature has not been updated in 5 years or more
596202330,way,last_update,10-6-2018,Feature has not been updated in 5 years or more
596202331,way,last_update,10-6-2018,Feature has not been updated in 5 years or more
596202332,way,last_update,10-6-2018,Feature has not been updated in 5 years or more
596202333,way,last_update,10-6-2018,Feature has not been updated in 5 years or more
596202334,way,last_update,10-6-2018,Feature has not been updated in 5 years or more
596202335,way,last_update,10-6-2018,Feature has not been updated in 5 years or more
596202336,way,last_update,10-6-2018,Feature has not been updated in 5 years or more
596202337,way,last_update,10-6-2018,Feature has not been updated in 5 years or more
596202338,way,last_update,10-6-2018,Feature has not been updated in 5 years or more
596202340,way,last_update,10-6-2018,Feature has not been updated in 5 years or more
596202341,way,last_update,10-6-2018,Feature has not been updated in 5 years or more
596202342,way,last_update,10-6-2018,Feature has not been updated in 5 years or more
596202343,way,last_update,10-6-2018,Feature has not been updated in 5 years or more
596202344,way,last_update,10-6-2018,Feature has not been updated in 5 years or more
596202345,way,last_update,10-6-2018,Feature has not been updated in 5 years or more
596202346,way,last_update,10-6-2018,Feature has not been updated in 5 years or more
596202347,way,last_update,10-6-2018,Feature has not been updated in 5 years or more
596202348,way,last_update,10-6-2018,Feature has not been updated in 5 years or more
596202349,way,last_update,10-6-2018,Feature has not been updated in 5 years or more
596202350,way,last_update,10-6-2018,Feature has not been updated in 5 years or more
596202351,way,last_update,10-6-2018,Feature has not been updated in 5 years or more
596202352,way,last_update,10-6-2018,Feature has not been updated in 5 years or more
596202353,way,last_update,10-6-2018,Feature has not been updated in 5 years or more
596202354,way,last_update,10-6-2018,Feature has not been updated in 5 years or more
596202355,way,last_update,10-6-2018,Feature has not been updated in 5 years or more
596202356,way,last_update,10-6-2018,Feature has not been updated in 5 years or more
596202357,way,last_update,10-6-2018,Feature has not been updated in 5 years or more
596204225,way,last_update,10-6-2018,Feature has not been updated in 5 years or more
596204229,way,last_update,10-6-2018,Feature has not been updated in 5 years or more
596204230,way,last_update,10-6-2018,Feature has not been updated in 5 years or more
596204231,way,last_update,15-1-2019,Feature has not been updated in 5 years or more
596204232,way,last_update,10-6-2018,Feature has not been updated in 5 years or more
596204233,way,last_update,10-6-2018,Feature has not been updated in 5 years or more
596204234,way,last_update,10-6-2018,Feature has not been updated in 5 years or more
596204235,way,last_update,10-6-2018,Feature has not been updated in 5 years or more
596204237,way,last_update,10-6-2018,Feature has not been updated in 5 years or more
596204238,way,last_update,10-6-2018,Feature has not been updated in 5 years or more
596204239,way,last_update,10-6-2018,Feature has not been updated in 5 years or more
596212124,way,last_update,10-6-2018,Feature has not been updated in 5 years or more
596212125,way,last_update,10-6-2018,Feature has not been updated in 5 years or more
596212126,way,last_update,10-6-2018,Feature has not been updated in 5 years or more
596212127,way,last_update,10-6-2018,Feature has not been updated in 5 years or more
596212128,way,last_update,10-6-2018,Feature has not been updated in 5 years or more
596212129,way,last_update,10-6-2018,Feature has not been updated in 5 years or more
596212130,way,last_update,10-6-2018,Feature has not been updated in 5 years or more
596212136,way,last_update,10-6-2018,Feature has not been updated in 5 years or more
596212138,way,last_update,10-6-2018,Feature has not been updated in 5 years or more
596212139,way,last_update,10-6-2018,Feature has not been updated in 5 years or more
596212140,way,last_update,10-6-2018,Feature has not been updated in 5 years or more
596212141,way,last_update,10-6-2018,Feature has not been updated in 5 years or more
596212143,way,last_update,10-6-2018,Feature has not been updated in 5 years or more
596212146,way,last_update,10-6-2018,Feature has not been updated in 5 years or more
596212150,way,last_update,10-6-2018,Feature has not been updated in 5 years or more
596212153,way,last_update,10-6-2018,Feature has not been updated in 5 years or more
596212155,way,last_update,10-6-2018,Feature has not been updated in 5 years or more
596212157,way,last_update,10-6-2018,Feature has not been updated in 5 years or more
596212159,way,last_update,10-6-2018,Feature has not been updated in 5 years or more
596212160,way,last_update,10-6-2018,Feature has not been updated in 5 years or more
596212161,way,last_update,10-6-2018,Feature has not been updated in 5 years or more
596212162,way,last_update,10-6-2018,Feature has not been updated in 5 years or more
596212164,way,last_update,6-12-2019,Feature has not been updated in 5 years or more
596212165,way,last_update,10-6-2018,Feature has not been updated in 5 years or more
596212166,way,last_update,6-12-2019,Feature has not been updated in 5 years or more
596212167,way,last_update,10-6-2018,Feature has not been updated in 5 years or more
596212168,way,last_update,10-6-2018,Feature has not been updated in 5 years or more
596212169,way,last_update,10-6-2018,Feature has not been updated in 5 years or more
596212170,way,last_update,10-6-2018,Feature has not been updated in 5 years or more
596212171,way,last_update,10-6-2018,Feature has not been updated in 5 years or more
596212172,way,last_update,10-6-2018,Feature has not been updated in 5 years or more
596212173,way,last_update,10-6-2018,Feature has not been updated in 5 years or more
596213378,way,last_update,10-6-2018,Feature has not been updated in 5 years or more
596213379,way,last_update,10-6-2018,Feature has not been updated in 5 years or more
596213380,way,last_update,10-6-2018,Feature has not been updated in 5 years or more
596213381,way,last_update,10-6-2018,Feature has not been updated in 5 years or more
596213386,way,last_update,10-6-2018,Feature has not been updated in 5 years or more
596213387,way,last_update,10-6-2018,Feature has not been updated in 5 years or more
596213388,way,last_update,10-6-2018,Feature has not been updated in 5 years or more
596213389,way,last_update,10-6-2018,Feature has not been updated in 5 years or more
596215354,way,last_update,10-6-2018,Feature has not been updated in 5 years or more
596215355,way,last_update,10-6-2018,Feature has not been updated in 5 years or more
596215356,way,last_update,10-6-2018,Feature has not been updated in 5 years or more
596215357,way,last_update,10-6-2018,Feature has not been updated in 5 years or more
596215358,way,last_update,10-6-2018,Feature has not been updated in 5 years or more
596215359,way,last_update,10-6-2018,Feature has not been updated in 5 years or more
596215360,way,last_update,11-5-2019,Feature has not been updated in 5 years or more
596220176,way,last_update,10-6-2018,Feature has not been updated in 5 years or more
596220177,way,last_update,10-6-2018,Feature has not been updated in 5 years or more
596220178,way,last_update,10-6-2018,Feature has not been updated in 5 years or more
596220179,way,last_update,10-6-2018,Feature has not been updated in 5 years or more
596220180,way,last_update,10-6-2018,Feature has not been updated in 5 years or more
596220181,way,last_update,10-6-2018,Feature has not been updated in 5 years or more
596220182,way,last_update,10-6-2018,Feature has not been updated in 5 years or more
596223590,way,last_update,10-6-2018,Feature has not been updated in 5 years or more
596223591,way,last_update,10-6-2018,Feature has not been updated in 5 years or more
596223594,way,last_update,10-6-2018,Feature has not been updated in 5 years or more
596223595,way,last_update,10-6-2018,Feature has not been updated in 5 years or more
596226988,way,last_update,10-6-2018,Feature has not been updated in 5 years or more
596226990,way,last_update,10-6-2018,Feature has not been updated in 5 years or more
596226991,way,last_update,10-6-2018,Feature has not been updated in 5 years or more
596226992,way,last_update,10-6-2018,Feature has not been updated in 5 years or more
596226993,way,last_update,10-6-2018,Feature has not been updated in 5 years or more
596226994,way,last_update,10-6-2018,Feature has not been updated in 5 years or more
596226995,way,last_update,10-6-2018,Feature has not been updated in 5 years or more
596226996,way,last_update,10-6-2018,Feature has not been updated in 5 years or more
596230317,way,last_update,10-6-2018,Feature has not been updated in 5 years or more
596230318,way,last_update,10-6-2018,Feature has not been updated in 5 years or more
596230319,way,last_update,10-6-2018,Feature has not been updated in 5 years or more
596230320,way,last_update,10-6-2018,Feature has not been updated in 5 years or more
596230321,way,last_update,20-5-2021,Feature has not been updated in 5 years or more
596230322,way,last_update,20-5-2021,Feature has not been updated in 5 years or more
596230323,way,last_update,20-5-2021,Feature has not been updated in 5 years or more
596236108,way,last_update,11-6-2018,Feature has not been updated in 5 years or more
596236109,way,last_update,11-6-2018,Feature has not been updated in 5 years or more
596239144,way,last_update,11-6-2018,Feature has not been updated in 5 years or more
596239145,way,last_update,11-6-2018,Feature has not been updated in 5 years or more
596239146,way,last_update,11-6-2018,Feature has not been updated in 5 years or more
596239147,way,last_update,11-6-2018,Feature has not been updated in 5 years or more
596239148,way,last_update,11-6-2018,Feature has not been updated in 5 years or more
596239149,way,last_update,11-6-2018,Feature has not been updated in 5 years or more
596239150,way,last_update,11-6-2018,Feature has not been updated in 5 years or more
596239183,way,last_update,11-6-2018,Feature has not been updated in 5 years or more
596239184,way,last_update,11-6-2018,Feature has not been updated in 5 years or more
596239185,way,last_update,11-6-2018,Feature has not been updated in 5 years or more
596239186,way,last_update,11-6-2018,Feature has not been updated in 5 years or more
596243607,way,last_update,14-10-2018,Feature has not been updated in 5 years or more
597102666,way,last_update,24-2-2021,Feature has not been updated in 5 years or more
597102774,way,last_update,12-6-2018,Feature has not been updated in 5 years or more
597102776,way,last_update,12-6-2018,Feature has not been updated in 5 years or more
597111149,way,last_update,13-6-2018,Feature has not been updated in 5 years or more
597111155,way,last_update,13-6-2018,Feature has not been updated in 5 years or more
597111158,way,last_update,6-7-2018,Feature has not been updated in 5 years or more
597119397,way,last_update,13-6-2018,Feature has not been updated in 5 years or more
597119398,way,last_update,22-7-2018,Feature has not been updated in 5 years or more
597119399,way,last_update,6-10-2018,Feature has not been updated in 5 years or more
597119400,way,last_update,2-8-2018,Feature has not been updated in 5 years or more
597119401,way,last_update,13-6-2018,Feature has not been updated in 5 years or more
597119402,way,last_update,13-6-2018,Feature has not been updated in 5 years or more
597119403,way,last_update,13-6-2018,Feature has not been updated in 5 years or more
597119404,way,last_update,13-6-2018,Feature has not been updated in 5 years or more
597140180,way,last_update,13-6-2018,Feature has not been updated in 5 years or more
597140182,way,last_update,13-6-2018,Feature has not been updated in 5 years or more
597140183,way,last_update,13-6-2018,Feature has not been updated in 5 years or more
597140184,way,last_update,16-10-2018,Feature has not been updated in 5 years or more
597140186,way,last_update,23-2-2020,Feature has not been updated in 5 years or more
597140187,way,last_update,13-6-2018,Feature has not been updated in 5 years or more
597140188,way,last_update,13-6-2018,Feature has not been updated in 5 years or more
597140189,way,last_update,13-6-2018,Feature has not been updated in 5 years or more
597140190,way,last_update,13-6-2018,Feature has not been updated in 5 years or more
597140191,way,last_update,16-10-2018,Feature has not been updated in 5 years or more
597140192,way,last_update,16-10-2018,Feature has not been updated in 5 years or more
597140194,way,last_update,13-6-2018,Feature has not been updated in 5 years or more
597140195,way,last_update,13-6-2018,Feature has not been updated in 5 years or more
597140196,way,last_update,16-10-2018,Feature has not been updated in 5 years or more
597140200,way,last_update,13-6-2018,Feature has not been updated in 5 years or more
597140201,way,last_update,13-6-2018,Feature has not been updated in 5 years or more
597140203,way,last_update,13-6-2018,Feature has not been updated in 5 years or more
597140204,way,last_update,13-6-2018,Feature has not been updated in 5 years or more
597140205,way,last_update,23-2-2020,Feature has not been updated in 5 years or more
597140206,way,last_update,16-10-2018,Feature has not been updated in 5 years or more
597140209,way,last_update,16-10-2018,Feature has not been updated in 5 years or more
597140210,way,last_update,13-6-2018,Feature has not been updated in 5 years or more
597140211,way,last_update,13-6-2018,Feature has not been updated in 5 years or more
597140212,way,last_update,13-6-2018,Feature has not been updated in 5 years or more
597140214,way,last_update,7-12-2018,Feature has not been updated in 5 years or more
597140215,way,last_update,7-12-2018,Feature has not been updated in 5 years or more
597140216,way,last_update,13-6-2018,Feature has not been updated in 5 years or more
597140217,way,last_update,13-6-2018,Feature has not been updated in 5 years or more
597140218,way,last_update,13-6-2018,Feature has not been updated in 5 years or more
597140219,way,last_update,13-6-2018,Feature has not been updated in 5 years or more
597140221,way,last_update,29-7-2018,Feature has not been updated in 5 years or more
597145113,way,last_update,4-6-2020,Feature has not been updated in 5 years or more
597145114,way,last_update,4-6-2020,Feature has not been updated in 5 years or more
597145115,way,last_update,4-6-2020,Feature has not been updated in 5 years or more
597145125,way,last_update,4-6-2020,Feature has not been updated in 5 years or more
597145127,way,last_update,4-6-2020,Feature has not been updated in 5 years or more
597145131,way,last_update,4-6-2020,Feature has not been updated in 5 years or more
597145134,way,last_update,4-6-2020,Feature has not been updated in 5 years or more
597145135,way,last_update,4-6-2020,Feature has not been updated in 5 years or more
597145136,way,last_update,4-6-2020,Feature has not been updated in 5 years or more
597145137,way,last_update,17-4-2021,Feature has not been updated in 5 years or more
597486775,way,last_update,22-7-2020,Feature has not been updated in 5 years or more
597486776,way,last_update,13-6-2018,Feature has not been updated in 5 years or more
598137745,way,last_update,15-6-2018,Feature has not been updated in 5 years or more
598137746,way,last_update,15-6-2018,Feature has not been updated in 5 years or more
598137747,way,last_update,15-6-2018,Feature has not been updated in 5 years or more
598137748,way,last_update,15-6-2018,Feature has not been updated in 5 years or more
598137749,way,last_update,15-6-2018,Feature has not been updated in 5 years or more
598137750,way,last_update,15-6-2018,Feature has not been updated in 5 years or more
598137751,way,last_update,15-6-2018,Feature has not been updated in 5 years or more
598377437,way,last_update,19-1-2019,Feature has not been updated in 5 years or more
598377439,way,last_update,20-9-2019,Feature has not been updated in 5 years or more
598377440,way,last_update,6-9-2019,Feature has not been updated in 5 years or more
598377441,way,last_update,16-6-2018,Feature has not been updated in 5 years or more
598377696,way,last_update,1-6-2020,Feature has not been updated in 5 years or more
599040451,way,last_update,18-6-2018,Feature has not been updated in 5 years or more
599040454,way,last_update,18-6-2018,Feature has not been updated in 5 years or more
599040455,way,last_update,18-6-2018,Feature has not been updated in 5 years or more
599040456,way,last_update,18-6-2018,Feature has not been updated in 5 years or more
599040457,way,last_update,18-6-2018,Feature has not been updated in 5 years or more
599040458,way,last_update,18-6-2018,Feature has not been updated in 5 years or more
599040459,way,last_update,18-6-2018,Feature has not been updated in 5 years or more
599040460,way,last_update,18-6-2018,Feature has not been updated in 5 years or more
599040461,way,last_update,18-6-2018,Feature has not been updated in 5 years or more
599040466,way,last_update,18-6-2018,Feature has not been updated in 5 years or more
599040467,way,last_update,18-6-2018,Feature has not been updated in 5 years or more
599040468,way,last_update,18-6-2018,Feature has not been updated in 5 years or more
599040469,way,last_update,18-6-2018,Feature has not been updated in 5 years or more
599040470,way,last_update,18-6-2018,Feature has not been updated in 5 years or more
599040471,way,last_update,18-6-2018,Feature has not been updated in 5 years or more
599040477,way,last_update,9-8-2020,Feature has not been updated in 5 years or more
599044216,way,last_update,18-6-2018,Feature has not been updated in 5 years or more
599044218,way,last_update,17-12-2020,Feature has not been updated in 5 years or more
599044220,way,last_update,18-6-2018,Feature has not been updated in 5 years or more
599044227,way,last_update,18-6-2018,Feature has not been updated in 5 years or more
599044230,way,last_update,18-6-2018,Feature has not been updated in 5 years or more
599044231,way,last_update,18-6-2018,Feature has not been updated in 5 years or more
599044233,way,last_update,25-2-2021,Feature has not been updated in 5 years or more
599058975,way,last_update,18-6-2018,Feature has not been updated in 5 years or more
599058977,way,last_update,18-6-2018,Feature has not been updated in 5 years or more
599058979,way,last_update,18-6-2018,Feature has not been updated in 5 years or more
599058981,way,last_update,18-6-2018,Feature has not been updated in 5 years or more
599058984,way,last_update,18-6-2018,Feature has not been updated in 5 years or more
599058986,way,last_update,18-6-2018,Feature has not been updated in 5 years or more
599059013,way,last_update,18-6-2018,Feature has not been updated in 5 years or more
599059016,way,last_update,18-6-2018,Feature has not been updated in 5 years or more
599059037,way,last_update,18-6-2018,Feature has not been updated in 5 years or more
599059052,way,last_update,18-6-2018,Feature has not been updated in 5 years or more
599059053,way,last_update,18-6-2018,Feature has not been updated in 5 years or more
599059054,way,last_update,18-6-2018,Feature has not been updated in 5 years or more
599059055,way,last_update,18-6-2018,Feature has not been updated in 5 years or more
599059056,way,last_update,18-6-2018,Feature has not been updated in 5 years or more
599059057,way,last_update,18-6-2018,Feature has not been updated in 5 years or more
599059058,way,last_update,18-6-2018,Feature has not been updated in 5 years or more
599059061,way,last_update,18-6-2018,Feature has not been updated in 5 years or more
599059073,way,last_update,18-6-2018,Feature has not been updated in 5 years or more
599059076,way,last_update,18-6-2018,Feature has not been updated in 5 years or more
599059079,way,last_update,18-6-2018,Feature has not been updated in 5 years or more
599059081,way,last_update,18-6-2018,Feature has not been updated in 5 years or more
599059084,way,last_update,18-6-2018,Feature has not been updated in 5 years or more
599059091,way,last_update,18-6-2018,Feature has not been updated in 5 years or more
599059095,way,last_update,18-6-2018,Feature has not been updated in 5 years or more
599059097,way,last_update,18-6-2018,Feature has not been updated in 5 years or more
599929425,way,last_update,16-12-2020,Feature has not been updated in 5 years or more
599929426,way,last_update,16-12-2020,Feature has not been updated in 5 years or more
599929427,way,last_update,20-6-2018,Feature has not been updated in 5 years or more
599929428,way,last_update,20-6-2018,Feature has not been updated in 5 years or more
599929429,way,last_update,20-6-2018,Feature has not been updated in 5 years or more
599929431,way,last_update,20-6-2018,Feature has not been updated in 5 years or more
599929433,way,last_update,20-6-2018,Feature has not been updated in 5 years or more
599929441,way,last_update,16-12-2020,Feature has not been updated in 5 years or more
599943822,way,last_update,20-6-2018,Feature has not been updated in 5 years or more
599943830,way,last_update,20-6-2018,Feature has not been updated in 5 years or more
599943831,way,last_update,20-6-2018,Feature has not been updated in 5 years or more
599943832,way,last_update,20-6-2018,Feature has not been updated in 5 years or more
599943833,way,last_update,20-6-2018,Feature has not been updated in 5 years or more
599943834,way,last_update,20-6-2018,Feature has not been updated in 5 years or more
599943835,way,last_update,20-6-2018,Feature has not been updated in 5 years or more
599943836,way,last_update,20-6-2018,Feature has not been updated in 5 years or more
599943837,way,last_update,20-6-2018,Feature has not been updated in 5 years or more
600466127,way,last_update,21-6-2018,Feature has not been updated in 5 years or more
600466128,way,last_update,21-6-2018,Feature has not been updated in 5 years or more
600466129,way,last_update,3-10-2018,Feature has not been updated in 5 years or more
600466130,way,last_update,21-6-2018,Feature has not been updated in 5 years or more
600466131,way,last_update,21-6-2018,Feature has not been updated in 5 years or more
600801937,way,last_update,22-6-2018,Feature has not been updated in 5 years or more
600801941,way,last_update,22-6-2018,Feature has not been updated in 5 years or more
600801949,way,last_update,22-6-2018,Feature has not been updated in 5 years or more
600801951,way,last_update,22-6-2018,Feature has not been updated in 5 years or more
600801953,way,last_update,22-6-2018,Feature has not been updated in 5 years or more
600801955,way,last_update,22-6-2018,Feature has not been updated in 5 years or more
600801956,way,last_update,22-6-2018,Feature has not been updated in 5 years or more
600801957,way,last_update,22-6-2018,Feature has not been updated in 5 years or more
600801958,way,last_update,22-6-2018,Feature has not been updated in 5 years or more
600809816,way,last_update,22-6-2018,Feature has not been updated in 5 years or more
600809817,way,last_update,6-8-2019,Feature has not been updated in 5 years or more
600809818,way,last_update,22-6-2018,Feature has not been updated in 5 years or more
600809819,way,last_update,22-6-2018,Feature has not been updated in 5 years or more
600809820,way,last_update,6-8-2019,Feature has not been updated in 5 years or more
600809821,way,last_update,6-8-2019,Feature has not been updated in 5 years or more
600809822,way,last_update,22-6-2018,Feature has not been updated in 5 years or more
600809823,way,last_update,6-8-2019,Feature has not been updated in 5 years or more
600809825,way,last_update,6-8-2019,Feature has not been updated in 5 years or more
600809827,way,last_update,22-6-2018,Feature has not been updated in 5 years or more
600809828,way,last_update,22-6-2018,Feature has not been updated in 5 years or more
600809829,way,last_update,6-8-2019,Feature has not been updated in 5 years or more
600809830,way,last_update,22-6-2018,Feature has not been updated in 5 years or more
600809831,way,last_update,22-6-2018,Feature has not been updated in 5 years or more
600809832,way,last_update,22-6-2018,Feature has not been updated in 5 years or more
601109868,way,last_update,4-8-2019,Feature has not been updated in 5 years or more
601118057,way,last_update,17-12-2020,Feature has not been updated in 5 years or more
601155661,way,last_update,23-6-2018,Feature has not been updated in 5 years or more
601155662,way,last_update,23-6-2018,Feature has not been updated in 5 years or more
601167643,way,last_update,24-6-2018,Feature has not been updated in 5 years or more
601167645,way,last_update,24-6-2018,Feature has not been updated in 5 years or more
601167647,way,last_update,24-6-2018,Feature has not been updated in 5 years or more
601167650,way,last_update,24-6-2018,Feature has not been updated in 5 years or more
601205719,way,last_update,24-6-2018,Feature has not been updated in 5 years or more
601207407,way,last_update,16-8-2021,Feature has not been updated in 5 years or more
601207408,way,last_update,25-8-2018,Feature has not been updated in 5 years or more
601207411,way,last_update,24-6-2018,Feature has not been updated in 5 years or more
601210557,way,last_update,24-6-2018,Feature has not been updated in 5 years or more
601330425,way,last_update,24-6-2018,Feature has not been updated in 5 years or more
601330426,way,last_update,23-12-2018,Feature has not been updated in 5 years or more
601330427,way,last_update,23-1-2019,Feature has not been updated in 5 years or more
601330428,way,last_update,24-6-2018,Feature has not been updated in 5 years or more
601330429,way,last_update,24-6-2018,Feature has not been updated in 5 years or more
601330431,way,last_update,2-3-2019,Feature has not been updated in 5 years or more
601330434,way,last_update,24-6-2018,Feature has not been updated in 5 years or more
601411546,way,last_update,24-6-2018,Feature has not been updated in 5 years or more
601411547,way,last_update,24-6-2018,Feature has not been updated in 5 years or more
601790878,way,last_update,25-6-2018,Feature has not been updated in 5 years or more
601817601,way,last_update,25-6-2018,Feature has not been updated in 5 years or more
602289086,way,last_update,27-6-2018,Feature has not been updated in 5 years or more
602289090,way,last_update,27-6-2018,Feature has not been updated in 5 years or more
602289091,way,last_update,27-6-2018,Feature has not been updated in 5 years or more
602289092,way,last_update,27-6-2018,Feature has not been updated in 5 years or more
602289093,way,last_update,27-6-2018,Feature has not been updated in 5 years or more
602289094,way,last_update,27-6-2018,Feature has not been updated in 5 years or more
602685334,way,last_update,27-6-2018,Feature has not been updated in 5 years or more
602685337,way,last_update,27-6-2018,Feature has not been updated in 5 years or more
602685338,way,last_update,27-6-2018,Feature has not been updated in 5 years or more
602685349,way,last_update,27-6-2018,Feature has not been updated in 5 years or more
602685350,way,last_update,27-6-2018,Feature has not been updated in 5 years or more
602685351,way,last_update,27-6-2018,Feature has not been updated in 5 years or more
602685352,way,last_update,27-6-2018,Feature has not been updated in 5 years or more
602685353,way,last_update,27-6-2018,Feature has not been updated in 5 years or more
602685354,way,last_update,27-6-2018,Feature has not been updated in 5 years or more
602720006,way,last_update,3-8-2020,Feature has not been updated in 5 years or more
603330404,way,last_update,14-10-2018,Feature has not been updated in 5 years or more
603330405,way,last_update,14-10-2018,Feature has not been updated in 5 years or more
603503388,way,last_update,29-6-2018,Feature has not been updated in 5 years or more
603503390,way,last_update,29-6-2018,Feature has not been updated in 5 years or more
603509132,way,last_update,27-7-2018,Feature has not been updated in 5 years or more
603509134,way,last_update,29-6-2018,Feature has not been updated in 5 years or more
603509135,way,last_update,29-6-2018,Feature has not been updated in 5 years or more
603509137,way,last_update,27-7-2018,Feature has not been updated in 5 years or more
603509138,way,last_update,20-6-2019,Feature has not been updated in 5 years or more
603916113,way,last_update,20-10-2018,Feature has not been updated in 5 years or more
603916114,way,last_update,1-7-2018,Feature has not been updated in 5 years or more
603916115,way,last_update,1-7-2018,Feature has not been updated in 5 years or more
604033977,way,last_update,1-7-2018,Feature has not been updated in 5 years or more
604033979,way,last_update,1-7-2018,Feature has not been updated in 5 years or more
604033981,way,last_update,1-7-2018,Feature has not been updated in 5 years or more
604033983,way,last_update,1-7-2018,Feature has not been updated in 5 years or more
604033986,way,last_update,1-7-2018,Feature has not been updated in 5 years or more
604033987,way,last_update,1-7-2018,Feature has not been updated in 5 years or more
604033989,way,last_update,1-7-2018,Feature has not been updated in 5 years or more
604205216,way,last_update,21-9-2018,Feature has not been updated in 5 years or more
604205219,way,last_update,21-9-2018,Feature has not been updated in 5 years or more
604205221,way,last_update,2-7-2018,Feature has not been updated in 5 years or more
604205226,way,last_update,2-7-2018,Feature has not been updated in 5 years or more
604205229,way,last_update,2-7-2018,Feature has not been updated in 5 years or more
604205237,way,last_update,2-7-2018,Feature has not been updated in 5 years or more
604205238,way,last_update,2-7-2018,Feature has not been updated in 5 years or more
604205239,way,last_update,17-12-2020,Feature has not been updated in 5 years or more
604205244,way,last_update,16-4-2019,Feature has not been updated in 5 years or more
604368768,way,last_update,2-7-2018,Feature has not been updated in 5 years or more
604368775,way,last_update,2-7-2018,Feature has not been updated in 5 years or more
604368793,way,last_update,2-7-2018,Feature has not been updated in 5 years or more
604379089,way,last_update,2-7-2018,Feature has not been updated in 5 years or more
604379092,way,last_update,2-7-2018,Feature has not been updated in 5 years or more
604379093,way,last_update,2-7-2018,Feature has not been updated in 5 years or more
604379095,way,last_update,2-7-2018,Feature has not been updated in 5 years or more
604379096,way,last_update,2-7-2018,Feature has not been updated in 5 years or more
604379097,way,last_update,2-7-2018,Feature has not been updated in 5 years or more
604704804,way,last_update,3-7-2018,Feature has not been updated in 5 years or more
604704805,way,last_update,3-7-2018,Feature has not been updated in 5 years or more
604704806,way,last_update,3-7-2018,Feature has not been updated in 5 years or more
604710804,way,last_update,3-7-2018,Feature has not been updated in 5 years or more
604728099,way,last_update,10-7-2021,Feature has not been updated in 5 years or more
604782430,way,last_update,3-8-2021,Feature has not been updated in 5 years or more
604782443,way,last_update,3-8-2021,Feature has not been updated in 5 years or more
604782476,way,last_update,3-8-2021,Feature has not been updated in 5 years or more
604782478,way,last_update,3-8-2021,Feature has not been updated in 5 years or more
604782481,way,last_update,31-3-2019,Feature has not been updated in 5 years or more
604782483,way,last_update,4-7-2018,Feature has not been updated in 5 years or more
604782486,way,last_update,4-7-2018,Feature has not been updated in 5 years or more
604782489,way,last_update,4-7-2018,Feature has not been updated in 5 years or more
604782502,way,last_update,31-3-2019,Feature has not been updated in 5 years or more
604782507,way,last_update,4-7-2018,Feature has not been updated in 5 years or more
604782509,way,last_update,4-7-2018,Feature has not been updated in 5 years or more
604782511,way,last_update,31-3-2019,Feature has not been updated in 5 years or more
604782514,way,last_update,31-3-2019,Feature has not been updated in 5 years or more
604792958,way,last_update,4-7-2018,Feature has not been updated in 5 years or more
604792964,way,last_update,4-7-2018,Feature has not been updated in 5 years or more
604792966,way,last_update,21-9-2018,Feature has not been updated in 5 years or more
605432985,way,last_update,14-10-2018,Feature has not been updated in 5 years or more
605480008,way,last_update,6-7-2018,Feature has not been updated in 5 years or more
605480009,way,last_update,6-7-2018,Feature has not been updated in 5 years or more
605500601,way,last_update,6-7-2018,Feature has not been updated in 5 years or more
605500604,way,last_update,6-7-2018,Feature has not been updated in 5 years or more
605500607,way,last_update,26-10-2019,Feature has not been updated in 5 years or more
605774041,way,last_update,5-10-2018,Feature has not been updated in 5 years or more
605774044,way,last_update,5-10-2018,Feature has not been updated in 5 years or more
605774045,way,last_update,5-10-2018,Feature has not been updated in 5 years or more
605774046,way,last_update,5-10-2018,Feature has not been updated in 5 years or more
605774047,way,last_update,5-10-2018,Feature has not been updated in 5 years or more
605774048,way,last_update,16-12-2020,Feature has not been updated in 5 years or more
605774049,way,last_update,19-1-2019,Feature has not been updated in 5 years or more
605774051,way,last_update,7-7-2018,Feature has not been updated in 5 years or more
605774052,way,last_update,5-10-2018,Feature has not been updated in 5 years or more
605780095,way,last_update,5-10-2018,Feature has not been updated in 5 years or more
605780099,way,last_update,5-10-2018,Feature has not been updated in 5 years or more
605780102,way,last_update,5-10-2018,Feature has not been updated in 5 years or more
605913006,way,last_update,25-8-2019,Feature has not been updated in 5 years or more
605913011,way,last_update,7-7-2018,Feature has not been updated in 5 years or more
605913019,way,last_update,7-7-2018,Feature has not been updated in 5 years or more
605913020,way,last_update,7-7-2018,Feature has not been updated in 5 years or more
605913021,way,last_update,7-7-2018,Feature has not been updated in 5 years or more
605913022,way,last_update,7-7-2018,Feature has not been updated in 5 years or more
605913023,way,last_update,7-7-2018,Feature has not been updated in 5 years or more
605913024,way,last_update,7-7-2018,Feature has not been updated in 5 years or more
605943568,way,last_update,7-7-2018,Feature has not been updated in 5 years or more
605943569,way,last_update,7-7-2018,Feature has not been updated in 5 years or more
605944857,way,last_update,7-7-2018,Feature has not been updated in 5 years or more
605944858,way,last_update,7-7-2018,Feature has not been updated in 5 years or more
605947071,way,last_update,7-7-2018,Feature has not been updated in 5 years or more
605947095,way,last_update,7-7-2018,Feature has not been updated in 5 years or more
605947096,way,last_update,7-7-2018,Feature has not been updated in 5 years or more
605947097,way,last_update,17-12-2020,Feature has not been updated in 5 years or more
607223698,way,last_update,12-7-2018,Feature has not been updated in 5 years or more
607223699,way,last_update,12-7-2018,Feature has not been updated in 5 years or more
608093077,way,last_update,15-7-2018,Feature has not been updated in 5 years or more
608112048,way,last_update,13-8-2021,Feature has not been updated in 5 years or more
608112059,way,last_update,15-8-2021,Feature has not been updated in 5 years or more
608112062,way,last_update,13-8-2021,Feature has not been updated in 5 years or more
608112064,way,last_update,19-8-2021,Feature has not been updated in 5 years or more
608173141,way,last_update,16-7-2018,Feature has not been updated in 5 years or more
608498427,way,last_update,17-7-2018,Feature has not been updated in 5 years or more
608498430,way,last_update,17-7-2018,Feature has not been updated in 5 years or more
608498433,way,last_update,17-7-2018,Feature has not been updated in 5 years or more
608498436,way,last_update,17-7-2018,Feature has not been updated in 5 years or more
608498438,way,last_update,17-7-2018,Feature has not been updated in 5 years or more
608498441,way,last_update,17-7-2018,Feature has not been updated in 5 years or more
608498444,way,last_update,17-7-2018,Feature has not been updated in 5 years or more
608498448,way,last_update,17-7-2018,Feature has not been updated in 5 years or more
608498451,way,last_update,17-7-2018,Feature has not been updated in 5 years or more
608498453,way,last_update,17-7-2018,Feature has not been updated in 5 years or more
608498460,way,last_update,17-7-2018,Feature has not been updated in 5 years or more
608498462,way,last_update,17-7-2018,Feature has not been updated in 5 years or more
608498463,way,last_update,17-7-2018,Feature has not been updated in 5 years or more
608498464,way,last_update,17-7-2018,Feature has not been updated in 5 years or more
608498465,way,last_update,17-7-2018,Feature has not been updated in 5 years or more
608498466,way,last_update,17-7-2018,Feature has not been updated in 5 years or more
608498467,way,last_update,17-7-2018,Feature has not been updated in 5 years or more
608506473,way,last_update,17-7-2018,Feature has not been updated in 5 years or more
608506477,way,last_update,17-7-2018,Feature has not been updated in 5 years or more
608506483,way,last_update,17-7-2018,Feature has not been updated in 5 years or more
608506490,way,last_update,17-7-2018,Feature has not been updated in 5 years or more
608515927,way,last_update,17-7-2018,Feature has not been updated in 5 years or more
608515928,way,last_update,17-7-2018,Feature has not been updated in 5 years or more
608515929,way,last_update,17-7-2018,Feature has not been updated in 5 years or more
608515930,way,last_update,17-7-2018,Feature has not been updated in 5 years or more
608515931,way,last_update,17-7-2018,Feature has not been updated in 5 years or more
608515932,way,last_update,17-7-2018,Feature has not been updated in 5 years or more
608515933,way,last_update,17-7-2018,Feature has not been updated in 5 years or more
608515934,way,last_update,17-7-2018,Feature has not been updated in 5 years or more
608515935,way,last_update,17-7-2018,Feature has not been updated in 5 years or more
608515936,way,last_update,17-7-2018,Feature has not been updated in 5 years or more
608515937,way,last_update,17-7-2018,Feature has not been updated in 5 years or more
608515938,way,last_update,17-7-2018,Feature has not been updated in 5 years or more
608515939,way,last_update,17-7-2018,Feature has not been updated in 5 years or more
608515940,way,last_update,17-7-2018,Feature has not been updated in 5 years or more
608515941,way,last_update,17-7-2018,Feature has not been updated in 5 years or more
608515942,way,last_update,17-7-2018,Feature has not been updated in 5 years or more
608521241,way,last_update,17-7-2018,Feature has not been updated in 5 years or more
610047046,way,last_update,22-7-2018,Feature has not been updated in 5 years or more
610048804,way,last_update,22-7-2018,Feature has not been updated in 5 years or more
610298011,way,last_update,6-3-2021,Feature has not been updated in 5 years or more
611371828,way,last_update,27-7-2018,Feature has not been updated in 5 years or more
611371831,way,last_update,27-7-2018,Feature has not been updated in 5 years or more
611371833,way,last_update,14-10-2018,Feature has not been updated in 5 years or more
611371844,way,last_update,27-7-2018,Feature has not been updated in 5 years or more
611386744,way,last_update,13-8-2019,Feature has not been updated in 5 years or more
611721979,way,last_update,28-7-2018,Feature has not been updated in 5 years or more
611721980,way,last_update,28-7-2018,Feature has not been updated in 5 years or more
611738343,way,last_update,28-7-2018,Feature has not been updated in 5 years or more
611738344,way,last_update,28-7-2018,Feature has not been updated in 5 years or more
611738345,way,last_update,28-7-2018,Feature has not been updated in 5 years or more
611738346,way,last_update,28-7-2018,Feature has not been updated in 5 years or more
611738347,way,last_update,28-7-2018,Feature has not been updated in 5 years or more
611738349,way,last_update,28-7-2018,Feature has not been updated in 5 years or more
611738350,way,last_update,28-7-2018,Feature has not been updated in 5 years or more
611738351,way,last_update,28-7-2018,Feature has not been updated in 5 years or more
611745702,way,last_update,26-11-2020,Feature has not been updated in 5 years or more
611745705,way,last_update,28-7-2018,Feature has not been updated in 5 years or more
611745708,way,last_update,28-7-2018,Feature has not been updated in 5 years or more
611745710,way,last_update,28-7-2018,Feature has not been updated in 5 years or more
611745715,way,last_update,11-5-2019,Feature has not been updated in 5 years or more
611745718,way,last_update,28-7-2018,Feature has not been updated in 5 years or more
611745720,way,last_update,11-5-2019,Feature has not been updated in 5 years or more
611873663,way,last_update,28-7-2018,Feature has not been updated in 5 years or more
611873667,way,last_update,28-7-2018,Feature has not been updated in 5 years or more
611873669,way,last_update,28-7-2018,Feature has not been updated in 5 years or more
611873670,way,last_update,28-7-2018,Feature has not been updated in 5 years or more
611873672,way,last_update,28-7-2018,Feature has not been updated in 5 years or more
611873675,way,last_update,28-7-2018,Feature has not been updated in 5 years or more
611873678,way,last_update,28-7-2018,Feature has not been updated in 5 years or more
611873680,way,last_update,28-7-2018,Feature has not been updated in 5 years or more
611879414,way,last_update,28-7-2018,Feature has not been updated in 5 years or more
611879415,way,last_update,28-7-2018,Feature has not been updated in 5 years or more
611879416,way,last_update,28-7-2018,Feature has not been updated in 5 years or more
611879417,way,last_update,28-7-2018,Feature has not been updated in 5 years or more
611879418,way,last_update,28-7-2018,Feature has not been updated in 5 years or more
611879419,way,last_update,28-7-2018,Feature has not been updated in 5 years or more
611879427,way,last_update,28-7-2018,Feature has not been updated in 5 years or more
611879429,way,last_update,28-7-2018,Feature has not been updated in 5 years or more
611879433,way,last_update,28-7-2018,Feature has not been updated in 5 years or more
612023977,way,last_update,28-8-2021,Feature has not been updated in 5 years or more
612030766,way,last_update,28-8-2021,Feature has not been updated in 5 years or more
612074679,way,last_update,29-7-2018,Feature has not been updated in 5 years or more
612074680,way,last_update,6-10-2018,Feature has not been updated in 5 years or more
612074681,way,last_update,29-7-2018,Feature has not been updated in 5 years or more
612074682,way,last_update,29-7-2018,Feature has not been updated in 5 years or more
612074683,way,last_update,29-7-2018,Feature has not been updated in 5 years or more
612074684,way,last_update,29-7-2018,Feature has not been updated in 5 years or more
612074687,way,last_update,29-7-2018,Feature has not been updated in 5 years or more
612074688,way,last_update,29-7-2018,Feature has not been updated in 5 years or more
612074689,way,last_update,29-7-2018,Feature has not been updated in 5 years or more
612074690,way,last_update,29-7-2018,Feature has not been updated in 5 years or more
612074692,way,last_update,29-7-2018,Feature has not been updated in 5 years or more
612074693,way,last_update,29-7-2018,Feature has not been updated in 5 years or more
612074694,way,last_update,29-7-2018,Feature has not been updated in 5 years or more
612074695,way,last_update,29-7-2018,Feature has not been updated in 5 years or more
612074696,way,last_update,29-7-2018,Feature has not been updated in 5 years or more
612074697,way,last_update,29-7-2018,Feature has not been updated in 5 years or more
612074698,way,last_update,29-7-2018,Feature has not been updated in 5 years or more
612074699,way,last_update,29-7-2018,Feature has not been updated in 5 years or more
612074700,way,last_update,29-7-2018,Feature has not been updated in 5 years or more
612074701,way,last_update,29-7-2018,Feature has not been updated in 5 years or more
612074702,way,last_update,29-7-2018,Feature has not been updated in 5 years or more
612074703,way,last_update,29-7-2018,Feature has not been updated in 5 years or more
612074704,way,last_update,29-7-2018,Feature has not been updated in 5 years or more
612096535,way,last_update,29-7-2018,Feature has not been updated in 5 years or more
612096537,way,last_update,29-7-2018,Feature has not been updated in 5 years or more
612096538,way,last_update,29-7-2018,Feature has not been updated in 5 years or more
612096539,way,last_update,29-7-2018,Feature has not been updated in 5 years or more
612096540,way,last_update,29-7-2018,Feature has not been updated in 5 years or more
612096541,way,last_update,29-7-2018,Feature has not been updated in 5 years or more
612096544,way,last_update,29-7-2018,Feature has not been updated in 5 years or more
612096545,way,last_update,29-7-2018,Feature has not been updated in 5 years or more
612096546,way,last_update,29-7-2018,Feature has not been updated in 5 years or more
612096547,way,last_update,29-7-2018,Feature has not been updated in 5 years or more
612096548,way,last_update,29-7-2018,Feature has not been updated in 5 years or more
612096549,way,last_update,29-7-2018,Feature has not been updated in 5 years or more
612105984,way,last_update,30-7-2018,Feature has not been updated in 5 years or more
612114638,way,last_update,30-7-2018,Feature has not been updated in 5 years or more
612114760,way,last_update,30-7-2018,Feature has not been updated in 5 years or more
612114761,way,last_update,30-7-2018,Feature has not been updated in 5 years or more
613194015,way,last_update,2-8-2018,Feature has not been updated in 5 years or more
613194021,way,last_update,2-8-2018,Feature has not been updated in 5 years or more
613194022,way,last_update,2-8-2018,Feature has not been updated in 5 years or more
613194025,way,last_update,2-8-2018,Feature has not been updated in 5 years or more
613194026,way,last_update,2-8-2018,Feature has not been updated in 5 years or more
613194027,way,last_update,2-8-2018,Feature has not been updated in 5 years or more
613194028,way,last_update,2-8-2018,Feature has not been updated in 5 years or more
613194029,way,last_update,2-8-2018,Feature has not been updated in 5 years or more
613194030,way,last_update,2-8-2018,Feature has not been updated in 5 years or more
613194031,way,last_update,19-1-2019,Feature has not been updated in 5 years or more
613419677,way,last_update,2-8-2018,Feature has not been updated in 5 years or more
613419679,way,last_update,2-8-2018,Feature has not been updated in 5 years or more
613969774,way,last_update,5-8-2018,Feature has not been updated in 5 years or more
613969775,way,last_update,4-8-2018,Feature has not been updated in 5 years or more
613969776,way,last_update,9-11-2020,Feature has not been updated in 5 years or more
613969777,way,last_update,9-11-2020,Feature has not been updated in 5 years or more
613969778,way,last_update,9-11-2020,Feature has not been updated in 5 years or more
613969779,way,last_update,9-11-2020,Feature has not been updated in 5 years or more
613969781,way,last_update,4-8-2018,Feature has not been updated in 5 years or more
613969782,way,last_update,4-8-2018,Feature has not been updated in 5 years or more
613969783,way,last_update,9-11-2020,Feature has not been updated in 5 years or more
613969784,way,last_update,9-11-2020,Feature has not been updated in 5 years or more
613972586,way,last_update,4-8-2018,Feature has not been updated in 5 years or more
613972587,way,last_update,4-8-2018,Feature has not been updated in 5 years or more
615293362,way,last_update,8-8-2018,Feature has not been updated in 5 years or more
615293363,way,last_update,8-8-2018,Feature has not been updated in 5 years or more
615293364,way,last_update,8-8-2018,Feature has not been updated in 5 years or more
615293367,way,last_update,16-3-2019,Feature has not been updated in 5 years or more
615293369,way,last_update,8-8-2018,Feature has not been updated in 5 years or more
615293370,way,last_update,8-8-2018,Feature has not been updated in 5 years or more
615294572,way,last_update,8-8-2018,Feature has not been updated in 5 years or more
615294574,way,last_update,8-8-2018,Feature has not been updated in 5 years or more
615354466,way,last_update,8-8-2018,Feature has not been updated in 5 years or more
615354470,way,last_update,8-8-2018,Feature has not been updated in 5 years or more
615354473,way,last_update,8-8-2018,Feature has not been updated in 5 years or more
615357150,way,last_update,8-8-2018,Feature has not been updated in 5 years or more
615360279,way,last_update,8-8-2018,Feature has not been updated in 5 years or more
615360280,way,last_update,8-8-2018,Feature has not been updated in 5 years or more
615360282,way,last_update,8-8-2018,Feature has not been updated in 5 years or more
615360285,way,last_update,8-8-2018,Feature has not been updated in 5 years or more
615366335,way,last_update,8-8-2018,Feature has not been updated in 5 years or more
615366336,way,last_update,8-8-2018,Feature has not been updated in 5 years or more
615366337,way,last_update,8-8-2018,Feature has not been updated in 5 years or more
615366338,way,last_update,8-8-2018,Feature has not been updated in 5 years or more
615366341,way,last_update,8-8-2018,Feature has not been updated in 5 years or more
615366343,way,last_update,8-8-2018,Feature has not been updated in 5 years or more
615367267,way,last_update,8-8-2018,Feature has not been updated in 5 years or more
615368259,way,last_update,8-8-2018,Feature has not been updated in 5 years or more
615368266,way,last_update,8-8-2018,Feature has not been updated in 5 years or more
615368268,way,last_update,8-8-2018,Feature has not been updated in 5 years or more
615368270,way,last_update,8-8-2018,Feature has not been updated in 5 years or more
615369014,way,last_update,8-8-2018,Feature has not been updated in 5 years or more
615369015,way,last_update,8-8-2018,Feature has not been updated in 5 years or more
615369018,way,last_update,8-8-2018,Feature has not been updated in 5 years or more
615369019,way,last_update,16-12-2020,Feature has not been updated in 5 years or more
615369020,way,last_update,8-8-2018,Feature has not been updated in 5 years or more
615376336,way,last_update,8-8-2018,Feature has not been updated in 5 years or more
615376337,way,last_update,8-8-2018,Feature has not been updated in 5 years or more
615376338,way,last_update,8-8-2018,Feature has not been updated in 5 years or more
615376357,way,last_update,8-8-2018,Feature has not been updated in 5 years or more
615376358,way,last_update,8-8-2018,Feature has not been updated in 5 years or more
615377165,way,last_update,8-8-2018,Feature has not been updated in 5 years or more
615383979,way,last_update,8-8-2018,Feature has not been updated in 5 years or more
615384730,way,last_update,8-8-2018,Feature has not been updated in 5 years or more
615390200,way,last_update,8-8-2018,Feature has not been updated in 5 years or more
615390201,way,last_update,8-8-2018,Feature has not been updated in 5 years or more
615390203,way,last_update,8-8-2018,Feature has not been updated in 5 years or more
615393139,way,last_update,16-3-2019,Feature has not been updated in 5 years or more
615405666,way,last_update,9-8-2018,Feature has not been updated in 5 years or more
615405667,way,last_update,9-8-2018,Feature has not been updated in 5 years or more
615405668,way,last_update,9-8-2018,Feature has not been updated in 5 years or more
615405669,way,last_update,9-8-2018,Feature has not been updated in 5 years or more
615644301,way,last_update,16-3-2019,Feature has not been updated in 5 years or more
616022630,way,last_update,1-11-2019,Feature has not been updated in 5 years or more
616022631,way,last_update,1-11-2019,Feature has not been updated in 5 years or more
616022632,way,last_update,1-11-2019,Feature has not been updated in 5 years or more
616022633,way,last_update,1-11-2019,Feature has not been updated in 5 years or more
616187980,way,last_update,11-8-2018,Feature has not been updated in 5 years or more
616188007,way,last_update,27-8-2018,Feature has not been updated in 5 years or more
616194461,way,last_update,14-10-2018,Feature has not been updated in 5 years or more
616194462,way,last_update,12-8-2018,Feature has not been updated in 5 years or more
616474103,way,last_update,20-7-2020,Feature has not been updated in 5 years or more
616655714,way,last_update,18-2-2019,Feature has not been updated in 5 years or more
616655715,way,last_update,29-8-2018,Feature has not been updated in 5 years or more
616655716,way,last_update,29-8-2018,Feature has not been updated in 5 years or more
616655717,way,last_update,29-8-2018,Feature has not been updated in 5 years or more
616655718,way,last_update,29-8-2018,Feature has not been updated in 5 years or more
616655719,way,last_update,29-8-2018,Feature has not been updated in 5 years or more
616655720,way,last_update,29-8-2018,Feature has not been updated in 5 years or more
616656472,way,last_update,13-8-2018,Feature has not been updated in 5 years or more
616656474,way,last_update,13-8-2018,Feature has not been updated in 5 years or more
616656475,way,last_update,13-8-2018,Feature has not been updated in 5 years or more
616656479,way,last_update,13-8-2018,Feature has not been updated in 5 years or more
616657881,way,last_update,13-8-2018,Feature has not been updated in 5 years or more
616706267,way,last_update,30-6-2021,Feature has not been updated in 5 years or more
617021215,way,last_update,14-8-2018,Feature has not been updated in 5 years or more
617021216,way,last_update,14-8-2018,Feature has not been updated in 5 years or more
617021217,way,last_update,14-8-2018,Feature has not been updated in 5 years or more
617021218,way,last_update,14-8-2018,Feature has not been updated in 5 years or more
617021219,way,last_update,14-8-2018,Feature has not been updated in 5 years or more
617021220,way,last_update,14-8-2018,Feature has not been updated in 5 years or more
617021221,way,last_update,14-8-2018,Feature has not been updated in 5 years or more
617021222,way,last_update,14-8-2018,Feature has not been updated in 5 years or more
617021223,way,last_update,14-8-2018,Feature has not been updated in 5 years or more
617021224,way,last_update,14-8-2018,Feature has not been updated in 5 years or more
617021225,way,last_update,15-6-2019,Feature has not been updated in 5 years or more
617021226,way,last_update,15-6-2019,Feature has not been updated in 5 years or more
617021227,way,last_update,14-8-2018,Feature has not been updated in 5 years or more
617021228,way,last_update,14-8-2018,Feature has not been updated in 5 years or more
617021229,way,last_update,14-8-2018,Feature has not been updated in 5 years or more
617026638,way,last_update,14-8-2018,Feature has not been updated in 5 years or more
617069303,way,last_update,14-8-2018,Feature has not been updated in 5 years or more
617069305,way,last_update,14-8-2018,Feature has not been updated in 5 years or more
617069306,way,last_update,14-8-2018,Feature has not been updated in 5 years or more
617069309,way,last_update,14-8-2018,Feature has not been updated in 5 years or more
617083558,way,last_update,14-8-2018,Feature has not been updated in 5 years or more
617083960,way,last_update,14-8-2018,Feature has not been updated in 5 years or more
617083961,way,last_update,14-8-2018,Feature has not been updated in 5 years or more
617083962,way,last_update,14-8-2018,Feature has not been updated in 5 years or more
617083963,way,last_update,14-8-2018,Feature has not been updated in 5 years or more
617084501,way,last_update,14-8-2018,Feature has not been updated in 5 years or more
617084502,way,last_update,14-8-2018,Feature has not been updated in 5 years or more
617084503,way,last_update,14-8-2018,Feature has not been updated in 5 years or more
617084504,way,last_update,14-8-2018,Feature has not been updated in 5 years or more
617084505,way,last_update,14-8-2018,Feature has not been updated in 5 years or more
617084507,way,last_update,14-8-2018,Feature has not been updated in 5 years or more
617084508,way,last_update,14-8-2018,Feature has not been updated in 5 years or more
617084510,way,last_update,14-8-2018,Feature has not been updated in 5 years or more
617084889,way,last_update,14-8-2018,Feature has not been updated in 5 years or more
617084890,way,last_update,14-8-2018,Feature has not been updated in 5 years or more
617085361,way,last_update,14-8-2018,Feature has not been updated in 5 years or more
617086978,way,last_update,14-8-2018,Feature has not been updated in 5 years or more
617086982,way,last_update,14-8-2018,Feature has not been updated in 5 years or more
617086983,way,last_update,14-8-2018,Feature has not been updated in 5 years or more
617086984,way,last_update,14-8-2018,Feature has not been updated in 5 years or more
617086985,way,last_update,14-8-2018,Feature has not been updated in 5 years or more
617086986,way,last_update,14-8-2018,Feature has not been updated in 5 years or more
617087674,way,last_update,14-8-2018,Feature has not been updated in 5 years or more
617089521,way,last_update,14-8-2018,Feature has not been updated in 5 years or more
617090316,way,last_update,14-8-2018,Feature has not been updated in 5 years or more
617090317,way,last_update,14-8-2018,Feature has not been updated in 5 years or more
617090318,way,last_update,14-8-2018,Feature has not been updated in 5 years or more
617090319,way,last_update,14-8-2018,Feature has not been updated in 5 years or more
617090321,way,last_update,14-8-2018,Feature has not been updated in 5 years or more
617090713,way,last_update,14-8-2018,Feature has not been updated in 5 years or more
617091049,way,last_update,15-8-2018,Feature has not been updated in 5 years or more
617091051,way,last_update,15-8-2018,Feature has not been updated in 5 years or more
617091052,way,last_update,15-8-2018,Feature has not been updated in 5 years or more
617091053,way,last_update,15-8-2018,Feature has not been updated in 5 years or more
617091317,way,last_update,15-8-2018,Feature has not been updated in 5 years or more
617091318,way,last_update,15-8-2018,Feature has not been updated in 5 years or more
617091319,way,last_update,15-8-2018,Feature has not been updated in 5 years or more
617091721,way,last_update,15-8-2018,Feature has not been updated in 5 years or more
617091722,way,last_update,9-11-2020,Feature has not been updated in 5 years or more
617091723,way,last_update,15-8-2018,Feature has not been updated in 5 years or more
617091727,way,last_update,15-8-2018,Feature has not been updated in 5 years or more
617091949,way,last_update,15-8-2018,Feature has not been updated in 5 years or more
617091950,way,last_update,15-8-2018,Feature has not been updated in 5 years or more
617091951,way,last_update,28-8-2018,Feature has not been updated in 5 years or more
617198906,way,last_update,9-11-2020,Feature has not been updated in 5 years or more
617199999,way,last_update,15-8-2018,Feature has not been updated in 5 years or more
617200001,way,last_update,15-8-2018,Feature has not been updated in 5 years or more
617200003,way,last_update,15-8-2018,Feature has not been updated in 5 years or more
617200004,way,last_update,15-8-2018,Feature has not been updated in 5 years or more
617205461,way,last_update,15-8-2018,Feature has not been updated in 5 years or more
617246160,way,last_update,21-8-2021,Feature has not been updated in 5 years or more
617250324,way,last_update,15-8-2018,Feature has not been updated in 5 years or more
617250325,way,last_update,15-8-2018,Feature has not been updated in 5 years or more
617256687,way,last_update,6-2-2020,Feature has not been updated in 5 years or more
617269560,way,last_update,15-8-2018,Feature has not been updated in 5 years or more
617269561,way,last_update,15-8-2018,Feature has not been updated in 5 years or more
617269562,way,last_update,15-8-2018,Feature has not been updated in 5 years or more
617269563,way,last_update,15-8-2018,Feature has not been updated in 5 years or more
617269564,way,last_update,15-8-2018,Feature has not been updated in 5 years or more
617271225,way,last_update,15-8-2018,Feature has not been updated in 5 years or more
617272512,way,last_update,15-8-2018,Feature has not been updated in 5 years or more
617420176,way,last_update,16-8-2018,Feature has not been updated in 5 years or more
617444520,way,last_update,6-11-2020,Feature has not been updated in 5 years or more
617444522,way,last_update,6-11-2020,Feature has not been updated in 5 years or more
617459330,way,last_update,16-8-2018,Feature has not been updated in 5 years or more
617462802,way,last_update,3-3-2019,Feature has not been updated in 5 years or more
617713789,way,last_update,17-8-2018,Feature has not been updated in 5 years or more
617846500,way,last_update,18-8-2018,Feature has not been updated in 5 years or more
617846506,way,last_update,18-8-2018,Feature has not been updated in 5 years or more
617846573,way,last_update,18-8-2018,Feature has not been updated in 5 years or more
618110861,way,last_update,20-8-2018,Feature has not been updated in 5 years or more
618269697,way,last_update,20-8-2018,Feature has not been updated in 5 years or more
619271596,way,last_update,23-8-2018,Feature has not been updated in 5 years or more
619271597,way,last_update,23-8-2018,Feature has not been updated in 5 years or more
619271598,way,last_update,23-8-2018,Feature has not been updated in 5 years or more
619563632,way,last_update,24-8-2018,Feature has not been updated in 5 years or more
619563633,way,last_update,24-8-2018,Feature has not been updated in 5 years or more
619850857,way,last_update,25-8-2018,Feature has not been updated in 5 years or more
619853615,way,last_update,25-8-2018,Feature has not been updated in 5 years or more
619857341,way,last_update,25-8-2018,Feature has not been updated in 5 years or more
619903752,way,last_update,26-8-2018,Feature has not been updated in 5 years or more
619903754,way,last_update,26-8-2018,Feature has not been updated in 5 years or more
619903755,way,last_update,26-8-2018,Feature has not been updated in 5 years or more
619903756,way,last_update,26-8-2018,Feature has not been updated in 5 years or more
620213895,way,last_update,24-9-2018,Feature has not been updated in 5 years or more
620213897,way,last_update,27-8-2018,Feature has not been updated in 5 years or more
620219439,way,last_update,27-8-2018,Feature has not been updated in 5 years or more
620219440,way,last_update,27-8-2018,Feature has not been updated in 5 years or more
620410039,way,last_update,27-8-2018,Feature has not been updated in 5 years or more
620410040,way,last_update,27-8-2018,Feature has not been updated in 5 years or more
620410041,way,last_update,27-8-2018,Feature has not been updated in 5 years or more
620410042,way,last_update,27-8-2018,Feature has not been updated in 5 years or more
620410043,way,last_update,27-8-2018,Feature has not been updated in 5 years or more
620410044,way,last_update,27-8-2018,Feature has not been updated in 5 years or more
620410045,way,last_update,27-8-2018,Feature has not been updated in 5 years or more
620415649,way,last_update,27-8-2018,Feature has not been updated in 5 years or more
620521721,way,last_update,28-8-2018,Feature has not been updated in 5 years or more
620521722,way,last_update,28-8-2018,Feature has not been updated in 5 years or more
620521723,way,last_update,28-8-2018,Feature has not been updated in 5 years or more
620521724,way,last_update,28-8-2018,Feature has not been updated in 5 years or more
620521725,way,last_update,28-8-2018,Feature has not been updated in 5 years or more
620521726,way,last_update,28-8-2018,Feature has not been updated in 5 years or more
620521727,way,last_update,28-8-2018,Feature has not been updated in 5 years or more
620521728,way,last_update,28-8-2018,Feature has not been updated in 5 years or more
620521729,way,last_update,28-8-2018,Feature has not been updated in 5 years or more
620521730,way,last_update,28-8-2018,Feature has not been updated in 5 years or more
620521731,way,last_update,28-8-2018,Feature has not been updated in 5 years or more
620521732,way,last_update,28-8-2018,Feature has not been updated in 5 years or more
620521733,way,last_update,28-8-2018,Feature has not been updated in 5 years or more
620659561,way,last_update,28-8-2018,Feature has not been updated in 5 years or more
620663165,way,last_update,28-8-2018,Feature has not been updated in 5 years or more
620678067,way,last_update,12-8-2019,Feature has not been updated in 5 years or more
620678069,way,last_update,28-8-2018,Feature has not been updated in 5 years or more
620678071,way,last_update,28-8-2018,Feature has not been updated in 5 years or more
620753264,way,last_update,29-8-2018,Feature has not been updated in 5 years or more
620753265,way,last_update,21-9-2018,Feature has not been updated in 5 years or more
620753266,way,last_update,29-8-2018,Feature has not been updated in 5 years or more
620753268,way,last_update,19-1-2019,Feature has not been updated in 5 years or more
620769625,way,last_update,29-8-2018,Feature has not been updated in 5 years or more
620987457,way,last_update,29-8-2018,Feature has not been updated in 5 years or more
621621249,way,last_update,17-3-2019,Feature has not been updated in 5 years or more
621640302,way,last_update,29-12-2020,Feature has not been updated in 5 years or more
621786245,way,last_update,31-7-2021,Feature has not been updated in 5 years or more
621786405,way,last_update,1-9-2018,Feature has not been updated in 5 years or more
621786407,way,last_update,1-9-2018,Feature has not been updated in 5 years or more
621786409,way,last_update,1-9-2018,Feature has not been updated in 5 years or more
621787516,way,last_update,1-9-2018,Feature has not been updated in 5 years or more
621787517,way,last_update,1-9-2018,Feature has not been updated in 5 years or more
621787955,way,last_update,1-9-2018,Feature has not been updated in 5 years or more
621787956,way,last_update,1-9-2018,Feature has not been updated in 5 years or more
621787957,way,last_update,1-9-2018,Feature has not been updated in 5 years or more
621787958,way,last_update,1-9-2018,Feature has not been updated in 5 years or more
621806864,way,last_update,1-9-2018,Feature has not been updated in 5 years or more
621806865,way,last_update,1-9-2018,Feature has not been updated in 5 years or more
621806876,way,last_update,1-9-2018,Feature has not been updated in 5 years or more
621806892,way,last_update,1-9-2018,Feature has not been updated in 5 years or more
621806894,way,last_update,1-9-2018,Feature has not been updated in 5 years or more
621806908,way,last_update,1-9-2018,Feature has not been updated in 5 years or more
621806910,way,last_update,1-9-2018,Feature has not been updated in 5 years or more
621806912,way,last_update,1-9-2018,Feature has not been updated in 5 years or more
621806914,way,last_update,1-9-2018,Feature has not been updated in 5 years or more
621806916,way,last_update,1-9-2018,Feature has not been updated in 5 years or more
621806918,way,last_update,1-9-2018,Feature has not been updated in 5 years or more
621806920,way,last_update,1-9-2018,Feature has not been updated in 5 years or more
621806922,way,last_update,1-9-2018,Feature has not been updated in 5 years or more
621806924,way,last_update,1-9-2018,Feature has not been updated in 5 years or more
621806926,way,last_update,1-9-2018,Feature has not been updated in 5 years or more
621806928,way,last_update,1-9-2018,Feature has not been updated in 5 years or more
621806930,way,last_update,1-9-2018,Feature has not been updated in 5 years or more
621806933,way,last_update,1-9-2018,Feature has not been updated in 5 years or more
621806935,way,last_update,1-9-2018,Feature has not been updated in 5 years or more
621806937,way,last_update,1-9-2018,Feature has not been updated in 5 years or more
621806939,way,last_update,1-9-2018,Feature has not been updated in 5 years or more
621806941,way,last_update,1-9-2018,Feature has not been updated in 5 years or more
621806943,way,last_update,1-9-2018,Feature has not been updated in 5 years or more
621806946,way,last_update,1-9-2018,Feature has not been updated in 5 years or more
621806949,way,last_update,10-11-2020,Feature has not been updated in 5 years or more
621811518,way,last_update,1-9-2018,Feature has not been updated in 5 years or more
621811519,way,last_update,1-9-2018,Feature has not been updated in 5 years or more
621811525,way,last_update,1-9-2018,Feature has not been updated in 5 years or more
621841984,way,last_update,1-9-2018,Feature has not been updated in 5 years or more
621841987,way,last_update,1-9-2018,Feature has not been updated in 5 years or more
621841989,way,last_update,1-9-2018,Feature has not been updated in 5 years or more
621841996,way,last_update,1-9-2018,Feature has not been updated in 5 years or more
621842001,way,last_update,1-9-2018,Feature has not been updated in 5 years or more
621842002,way,last_update,1-9-2018,Feature has not been updated in 5 years or more
621842003,way,last_update,1-9-2018,Feature has not been updated in 5 years or more
621842004,way,last_update,1-9-2018,Feature has not been updated in 5 years or more
621842005,way,last_update,1-9-2018,Feature has not been updated in 5 years or more
621842007,way,last_update,1-9-2018,Feature has not been updated in 5 years or more
621842009,way,last_update,1-9-2018,Feature has not been updated in 5 years or more
621847355,way,last_update,26-6-2021,Feature has not been updated in 5 years or more
621847358,way,last_update,2-9-2018,Feature has not been updated in 5 years or more
621847359,way,last_update,2-9-2018,Feature has not been updated in 5 years or more
621847361,way,last_update,2-9-2018,Feature has not been updated in 5 years or more
621877547,way,last_update,2-9-2018,Feature has not been updated in 5 years or more
621877548,way,last_update,2-9-2018,Feature has not been updated in 5 years or more
621877549,way,last_update,2-9-2018,Feature has not been updated in 5 years or more
621877550,way,last_update,2-9-2018,Feature has not been updated in 5 years or more
621877551,way,last_update,2-9-2018,Feature has not been updated in 5 years or more
621877552,way,last_update,17-12-2020,Feature has not been updated in 5 years or more
621877553,way,last_update,2-9-2018,Feature has not been updated in 5 years or more
621877554,way,last_update,2-9-2018,Feature has not been updated in 5 years or more
621877555,way,last_update,2-9-2018,Feature has not been updated in 5 years or more
621877556,way,last_update,2-9-2018,Feature has not been updated in 5 years or more
621877557,way,last_update,2-9-2018,Feature has not been updated in 5 years or more
621877558,way,last_update,2-9-2018,Feature has not been updated in 5 years or more
621877559,way,last_update,17-12-2020,Feature has not been updated in 5 years or more
621877560,way,last_update,2-9-2018,Feature has not been updated in 5 years or more
621877561,way,last_update,2-9-2018,Feature has not been updated in 5 years or more
621877562,way,last_update,2-9-2018,Feature has not been updated in 5 years or more
621877563,way,last_update,2-9-2018,Feature has not been updated in 5 years or more
621877564,way,last_update,2-9-2018,Feature has not been updated in 5 years or more
621877565,way,last_update,2-9-2018,Feature has not been updated in 5 years or more
621877566,way,last_update,2-9-2018,Feature has not been updated in 5 years or more
621877567,way,last_update,2-9-2018,Feature has not been updated in 5 years or more
621877568,way,last_update,2-9-2018,Feature has not been updated in 5 years or more
621877569,way,last_update,2-9-2018,Feature has not been updated in 5 years or more
621877570,way,last_update,17-12-2020,Feature has not been updated in 5 years or more
621877571,way,last_update,2-9-2018,Feature has not been updated in 5 years or more
621877572,way,last_update,17-12-2020,Feature has not been updated in 5 years or more
621877604,way,last_update,2-9-2018,Feature has not been updated in 5 years or more
621877605,way,last_update,2-9-2018,Feature has not been updated in 5 years or more
621877607,way,last_update,2-9-2018,Feature has not been updated in 5 years or more
621877608,way,last_update,2-9-2018,Feature has not been updated in 5 years or more
621976308,way,last_update,2-9-2018,Feature has not been updated in 5 years or more
622544193,way,last_update,4-9-2018,Feature has not been updated in 5 years or more
622544195,way,last_update,4-9-2018,Feature has not been updated in 5 years or more
622544196,way,last_update,4-9-2018,Feature has not been updated in 5 years or more
622544197,way,last_update,4-9-2018,Feature has not been updated in 5 years or more
622544198,way,last_update,4-9-2018,Feature has not been updated in 5 years or more
622925179,way,last_update,5-9-2018,Feature has not been updated in 5 years or more
622925180,way,last_update,5-9-2018,Feature has not been updated in 5 years or more
622935333,way,last_update,5-9-2018,Feature has not been updated in 5 years or more
622935337,way,last_update,5-9-2018,Feature has not been updated in 5 years or more
622935339,way,last_update,5-9-2018,Feature has not been updated in 5 years or more
622935340,way,last_update,26-1-2019,Feature has not been updated in 5 years or more
622935341,way,last_update,26-1-2019,Feature has not been updated in 5 years or more
622935342,way,last_update,5-9-2018,Feature has not been updated in 5 years or more
622935343,way,last_update,26-1-2019,Feature has not been updated in 5 years or more
622935344,way,last_update,26-1-2019,Feature has not been updated in 5 years or more
622935345,way,last_update,26-1-2019,Feature has not been updated in 5 years or more
622935346,way,last_update,26-1-2019,Feature has not been updated in 5 years or more
623276361,way,last_update,6-9-2018,Feature has not been updated in 5 years or more
623276366,way,last_update,6-9-2018,Feature has not been updated in 5 years or more
623276367,way,last_update,6-9-2018,Feature has not been updated in 5 years or more
623276371,way,last_update,6-9-2018,Feature has not been updated in 5 years or more
623276372,way,last_update,6-9-2018,Feature has not been updated in 5 years or more
623281021,way,last_update,6-9-2018,Feature has not been updated in 5 years or more
623281023,way,last_update,6-9-2018,Feature has not been updated in 5 years or more
623281025,way,last_update,6-9-2018,Feature has not been updated in 5 years or more
623283775,way,last_update,6-9-2018,Feature has not been updated in 5 years or more
623283776,way,last_update,6-9-2018,Feature has not been updated in 5 years or more
624104434,way,last_update,8-9-2018,Feature has not been updated in 5 years or more
624104435,way,last_update,2-6-2019,Feature has not been updated in 5 years or more
624104437,way,last_update,2-6-2019,Feature has not been updated in 5 years or more
624294738,way,last_update,10-12-2018,Feature has not been updated in 5 years or more
625484742,way,last_update,14-9-2018,Feature has not been updated in 5 years or more
625484743,way,last_update,14-9-2018,Feature has not been updated in 5 years or more
625484744,way,last_update,14-9-2018,Feature has not been updated in 5 years or more
625484745,way,last_update,14-9-2018,Feature has not been updated in 5 years or more
625484746,way,last_update,14-9-2018,Feature has not been updated in 5 years or more
625484747,way,last_update,14-9-2018,Feature has not been updated in 5 years or more
625484748,way,last_update,14-9-2018,Feature has not been updated in 5 years or more
625484749,way,last_update,14-9-2018,Feature has not been updated in 5 years or more
625484750,way,last_update,14-9-2018,Feature has not been updated in 5 years or more
625484751,way,last_update,14-9-2018,Feature has not been updated in 5 years or more
625484752,way,last_update,14-9-2018,Feature has not been updated in 5 years or more
625484753,way,last_update,14-9-2018,Feature has not been updated in 5 years or more
625486530,way,last_update,14-9-2018,Feature has not been updated in 5 years or more
625486531,way,last_update,14-9-2018,Feature has not been updated in 5 years or more
625486532,way,last_update,14-9-2018,Feature has not been updated in 5 years or more
625488861,way,last_update,18-8-2020,Feature has not been updated in 5 years or more
625694572,way,last_update,6-10-2018,Feature has not been updated in 5 years or more
625694573,way,last_update,15-9-2018,Feature has not been updated in 5 years or more
625694576,way,last_update,15-9-2018,Feature has not been updated in 5 years or more
625694577,way,last_update,15-9-2018,Feature has not been updated in 5 years or more
625694578,way,last_update,15-9-2018,Feature has not been updated in 5 years or more
625694579,way,last_update,15-9-2018,Feature has not been updated in 5 years or more
625694580,way,last_update,15-9-2018,Feature has not been updated in 5 years or more
625694581,way,last_update,15-9-2018,Feature has not been updated in 5 years or more
625694582,way,last_update,15-9-2018,Feature has not been updated in 5 years or more
625694583,way,last_update,15-9-2018,Feature has not been updated in 5 years or more
625694584,way,last_update,15-9-2018,Feature has not been updated in 5 years or more
625694585,way,last_update,5-11-2020,Feature has not been updated in 5 years or more
625694586,way,last_update,15-9-2018,Feature has not been updated in 5 years or more
625694587,way,last_update,15-9-2018,Feature has not been updated in 5 years or more
625694588,way,last_update,15-9-2018,Feature has not been updated in 5 years or more
625694589,way,last_update,15-9-2018,Feature has not been updated in 5 years or more
625694590,way,last_update,19-1-2019,Feature has not been updated in 5 years or more
625694591,way,last_update,19-1-2019,Feature has not been updated in 5 years or more
625694592,way,last_update,15-9-2018,Feature has not been updated in 5 years or more
625694593,way,last_update,15-9-2018,Feature has not been updated in 5 years or more
625694596,way,last_update,15-9-2018,Feature has not been updated in 5 years or more
625694598,way,last_update,15-9-2018,Feature has not been updated in 5 years or more
625694599,way,last_update,15-9-2018,Feature has not been updated in 5 years or more
625694600,way,last_update,15-9-2018,Feature has not been updated in 5 years or more
625694601,way,last_update,15-9-2018,Feature has not been updated in 5 years or more
625694602,way,last_update,15-9-2018,Feature has not been updated in 5 years or more
625694603,way,last_update,15-9-2018,Feature has not been updated in 5 years or more
625694604,way,last_update,15-9-2018,Feature has not been updated in 5 years or more
625694605,way,last_update,15-9-2018,Feature has not been updated in 5 years or more
625694606,way,last_update,15-9-2018,Feature has not been updated in 5 years or more
625694607,way,last_update,15-9-2018,Feature has not been updated in 5 years or more
625755780,way,last_update,15-9-2018,Feature has not been updated in 5 years or more
626324724,way,last_update,18-9-2018,Feature has not been updated in 5 years or more
626324733,way,last_update,18-9-2018,Feature has not been updated in 5 years or more
626331937,way,last_update,18-9-2018,Feature has not been updated in 5 years or more
626331938,way,last_update,18-9-2018,Feature has not been updated in 5 years or more
626331941,way,last_update,18-9-2018,Feature has not been updated in 5 years or more
626331942,way,last_update,18-9-2018,Feature has not been updated in 5 years or more
626331943,way,last_update,18-9-2018,Feature has not been updated in 5 years or more
626331944,way,last_update,18-9-2018,Feature has not been updated in 5 years or more
626331946,way,last_update,18-9-2018,Feature has not been updated in 5 years or more
626331949,way,last_update,18-9-2018,Feature has not been updated in 5 years or more
626331950,way,last_update,18-9-2018,Feature has not been updated in 5 years or more
626331952,way,last_update,18-9-2018,Feature has not been updated in 5 years or more
626331953,way,last_update,18-9-2018,Feature has not been updated in 5 years or more
626331961,way,last_update,9-11-2020,Feature has not been updated in 5 years or more
626331962,way,last_update,18-9-2018,Feature has not been updated in 5 years or more
626331963,way,last_update,18-9-2018,Feature has not been updated in 5 years or more
626331964,way,last_update,18-9-2018,Feature has not been updated in 5 years or more
626331967,way,last_update,18-9-2018,Feature has not been updated in 5 years or more
626331968,way,last_update,18-9-2018,Feature has not been updated in 5 years or more
626331972,way,last_update,18-9-2018,Feature has not been updated in 5 years or more
626331975,way,last_update,18-9-2018,Feature has not been updated in 5 years or more
626331976,way,last_update,18-9-2018,Feature has not been updated in 5 years or more
626437657,way,last_update,18-9-2018,Feature has not been updated in 5 years or more
626437658,way,last_update,18-9-2018,Feature has not been updated in 5 years or more
626437659,way,last_update,18-9-2018,Feature has not been updated in 5 years or more
626515410,way,last_update,7-3-2019,Feature has not been updated in 5 years or more
626521878,way,last_update,18-9-2018,Feature has not been updated in 5 years or more
627179985,way,last_update,21-9-2018,Feature has not been updated in 5 years or more
627179987,way,last_update,21-9-2018,Feature has not been updated in 5 years or more
627186721,way,last_update,21-9-2018,Feature has not been updated in 5 years or more
627199574,way,last_update,21-9-2018,Feature has not been updated in 5 years or more
627199575,way,last_update,21-9-2018,Feature has not been updated in 5 years or more
627199576,way,last_update,21-9-2018,Feature has not been updated in 5 years or more
627199577,way,last_update,21-9-2018,Feature has not been updated in 5 years or more
627247929,way,last_update,21-9-2018,Feature has not been updated in 5 years or more
627253401,way,last_update,21-9-2018,Feature has not been updated in 5 years or more
627253402,way,last_update,21-9-2018,Feature has not been updated in 5 years or more
627259260,way,last_update,21-9-2018,Feature has not been updated in 5 years or more
627264001,way,last_update,21-9-2018,Feature has not been updated in 5 years or more
627267209,way,last_update,21-7-2019,Feature has not been updated in 5 years or more
627267361,way,last_update,17-12-2020,Feature has not been updated in 5 years or more
627267362,way,last_update,21-9-2018,Feature has not been updated in 5 years or more
627268220,way,last_update,26-9-2018,Feature has not been updated in 5 years or more
627394485,way,last_update,14-3-2019,Feature has not been updated in 5 years or more
627394496,way,last_update,14-3-2019,Feature has not been updated in 5 years or more
627394498,way,last_update,14-3-2019,Feature has not been updated in 5 years or more
627394504,way,last_update,22-9-2018,Feature has not been updated in 5 years or more
627394505,way,last_update,22-9-2018,Feature has not been updated in 5 years or more
627394506,way,last_update,3-4-2019,Feature has not been updated in 5 years or more
627394507,way,last_update,22-9-2018,Feature has not been updated in 5 years or more
627394508,way,last_update,14-3-2019,Feature has not been updated in 5 years or more
627394509,way,last_update,22-9-2018,Feature has not been updated in 5 years or more
627394510,way,last_update,14-3-2019,Feature has not been updated in 5 years or more
627394511,way,last_update,22-9-2018,Feature has not been updated in 5 years or more
627394512,way,last_update,22-9-2018,Feature has not been updated in 5 years or more
627699878,way,last_update,24-9-2018,Feature has not been updated in 5 years or more
627699879,way,last_update,24-9-2018,Feature has not been updated in 5 years or more
627782275,way,last_update,24-9-2018,Feature has not been updated in 5 years or more
627782281,way,last_update,24-9-2018,Feature has not been updated in 5 years or more
627782282,way,last_update,24-9-2018,Feature has not been updated in 5 years or more
627782284,way,last_update,24-9-2018,Feature has not been updated in 5 years or more
627782285,way,last_update,24-9-2018,Feature has not been updated in 5 years or more
627782290,way,last_update,24-9-2018,Feature has not been updated in 5 years or more
627798696,way,last_update,24-9-2018,Feature has not been updated in 5 years or more
627851003,way,last_update,10-12-2019,Feature has not been updated in 5 years or more
627851004,way,last_update,10-12-2019,Feature has not been updated in 5 years or more
628144187,way,last_update,25-9-2018,Feature has not been updated in 5 years or more
628144188,way,last_update,9-6-2021,Feature has not been updated in 5 years or more
628144189,way,last_update,25-9-2018,Feature has not been updated in 5 years or more
628156246,way,last_update,25-9-2018,Feature has not been updated in 5 years or more
628183507,way,last_update,14-10-2018,Feature has not been updated in 5 years or more
628273354,way,last_update,26-9-2018,Feature has not been updated in 5 years or more
628273355,way,last_update,26-9-2018,Feature has not been updated in 5 years or more
628273356,way,last_update,26-9-2018,Feature has not been updated in 5 years or more
628273358,way,last_update,26-9-2018,Feature has not been updated in 5 years or more
628273361,way,last_update,26-9-2018,Feature has not been updated in 5 years or more
628274669,way,last_update,26-9-2018,Feature has not been updated in 5 years or more
628465280,way,last_update,27-9-2018,Feature has not been updated in 5 years or more
628465282,way,last_update,27-9-2018,Feature has not been updated in 5 years or more
628465283,way,last_update,27-9-2018,Feature has not been updated in 5 years or more
628465284,way,last_update,27-9-2018,Feature has not been updated in 5 years or more
628465285,way,last_update,27-9-2018,Feature has not been updated in 5 years or more
628465286,way,last_update,27-9-2018,Feature has not been updated in 5 years or more
628465287,way,last_update,27-9-2018,Feature has not been updated in 5 years or more
628465288,way,last_update,27-9-2018,Feature has not been updated in 5 years or more
628475478,way,last_update,27-9-2018,Feature has not been updated in 5 years or more
628475479,way,last_update,27-9-2018,Feature has not been updated in 5 years or more
628475480,way,last_update,27-9-2018,Feature has not been updated in 5 years or more
628475481,way,last_update,27-9-2018,Feature has not been updated in 5 years or more
628475483,way,last_update,27-9-2018,Feature has not been updated in 5 years or more
628475486,way,last_update,27-9-2018,Feature has not been updated in 5 years or more
628475487,way,last_update,19-1-2019,Feature has not been updated in 5 years or more
628475488,way,last_update,27-9-2018,Feature has not been updated in 5 years or more
628475489,way,last_update,27-9-2018,Feature has not been updated in 5 years or more
628475491,way,last_update,27-9-2018,Feature has not been updated in 5 years or more
628475492,way,last_update,27-9-2018,Feature has not been updated in 5 years or more
628475493,way,last_update,27-9-2018,Feature has not been updated in 5 years or more
628475494,way,last_update,27-9-2018,Feature has not been updated in 5 years or more
628475495,way,last_update,27-9-2018,Feature has not been updated in 5 years or more
628475496,way,last_update,27-9-2018,Feature has not been updated in 5 years or more
628475497,way,last_update,27-9-2018,Feature has not been updated in 5 years or more
628478713,way,last_update,27-9-2018,Feature has not been updated in 5 years or more
628478714,way,last_update,1-12-2020,Feature has not been updated in 5 years or more
628478715,way,last_update,1-12-2020,Feature has not been updated in 5 years or more
628478716,way,last_update,27-9-2018,Feature has not been updated in 5 years or more
628478717,way,last_update,1-12-2020,Feature has not been updated in 5 years or more
628478718,way,last_update,27-9-2018,Feature has not been updated in 5 years or more
628478719,way,last_update,27-9-2018,Feature has not been updated in 5 years or more
628478721,way,last_update,27-9-2018,Feature has not been updated in 5 years or more
628478722,way,last_update,27-9-2018,Feature has not been updated in 5 years or more
628478723,way,last_update,27-9-2018,Feature has not been updated in 5 years or more
628478724,way,last_update,19-1-2019,Feature has not been updated in 5 years or more
628478725,way,last_update,27-9-2018,Feature has not been updated in 5 years or more
628478726,way,last_update,27-9-2018,Feature has not been updated in 5 years or more
628481175,way,last_update,27-9-2018,Feature has not been updated in 5 years or more
628481176,way,last_update,27-9-2018,Feature has not been updated in 5 years or more
628481177,way,last_update,27-9-2018,Feature has not been updated in 5 years or more
628481178,way,last_update,27-9-2018,Feature has not been updated in 5 years or more
628481180,way,last_update,27-9-2018,Feature has not been updated in 5 years or more
628671376,way,last_update,3-8-2021,Feature has not been updated in 5 years or more
628671392,way,last_update,3-8-2021,Feature has not been updated in 5 years or more
628671400,way,last_update,21-6-2021,Feature has not been updated in 5 years or more
628671420,way,last_update,27-9-2018,Feature has not been updated in 5 years or more
628831999,way,last_update,28-9-2018,Feature has not been updated in 5 years or more
628832012,way,last_update,8-8-2021,Feature has not been updated in 5 years or more
628832015,way,last_update,7-7-2021,Feature has not been updated in 5 years or more
629133185,way,last_update,30-9-2018,Feature has not been updated in 5 years or more
629133186,way,last_update,30-9-2018,Feature has not been updated in 5 years or more
629133187,way,last_update,30-9-2018,Feature has not been updated in 5 years or more
629133188,way,last_update,30-9-2018,Feature has not been updated in 5 years or more
629133189,way,last_update,30-9-2018,Feature has not been updated in 5 years or more
629235110,way,last_update,30-9-2018,Feature has not been updated in 5 years or more
629235111,way,last_update,30-9-2018,Feature has not been updated in 5 years or more
629235112,way,last_update,30-9-2018,Feature has not been updated in 5 years or more
629235113,way,last_update,30-9-2018,Feature has not been updated in 5 years or more
629235115,way,last_update,30-9-2018,Feature has not been updated in 5 years or more
629235117,way,last_update,30-9-2018,Feature has not been updated in 5 years or more
629235119,way,last_update,2-10-2018,Feature has not been updated in 5 years or more
629235122,way,last_update,30-9-2018,Feature has not been updated in 5 years or more
629235123,way,last_update,2-10-2018,Feature has not been updated in 5 years or more
629235125,way,last_update,30-9-2018,Feature has not been updated in 5 years or more
629235126,way,last_update,30-9-2018,Feature has not been updated in 5 years or more
629235127,way,last_update,30-9-2018,Feature has not been updated in 5 years or more
629235132,way,last_update,30-9-2018,Feature has not been updated in 5 years or more
629235133,way,last_update,30-9-2018,Feature has not been updated in 5 years or more
629235134,way,last_update,30-9-2018,Feature has not been updated in 5 years or more
629278049,way,last_update,30-9-2018,Feature has not been updated in 5 years or more
629278050,way,last_update,30-9-2018,Feature has not been updated in 5 years or more
629278052,way,last_update,30-9-2018,Feature has not been updated in 5 years or more
629296668,way,last_update,30-9-2018,Feature has not been updated in 5 years or more
629296673,way,last_update,30-9-2018,Feature has not been updated in 5 years or more
629296674,way,last_update,30-9-2018,Feature has not been updated in 5 years or more
629296675,way,last_update,30-9-2018,Feature has not been updated in 5 years or more
629296676,way,last_update,30-9-2018,Feature has not been updated in 5 years or more
629296677,way,last_update,30-9-2018,Feature has not been updated in 5 years or more
629296678,way,last_update,30-9-2018,Feature has not been updated in 5 years or more
629305538,way,last_update,30-9-2018,Feature has not been updated in 5 years or more
629305539,way,last_update,30-9-2018,Feature has not been updated in 5 years or more
629305540,way,last_update,30-9-2018,Feature has not been updated in 5 years or more
629305541,way,last_update,30-9-2018,Feature has not been updated in 5 years or more
629305542,way,last_update,30-9-2018,Feature has not been updated in 5 years or more
629305543,way,last_update,30-9-2018,Feature has not been updated in 5 years or more
629305544,way,last_update,30-9-2018,Feature has not been updated in 5 years or more
629305545,way,last_update,30-9-2018,Feature has not been updated in 5 years or more
629305546,way,last_update,30-9-2018,Feature has not been updated in 5 years or more
629305547,way,last_update,30-9-2018,Feature has not been updated in 5 years or more
629305548,way,last_update,30-9-2018,Feature has not been updated in 5 years or more
629305549,way,last_update,30-9-2018,Feature has not been updated in 5 years or more
629305550,way,last_update,30-9-2018,Feature has not been updated in 5 years or more
629305551,way,last_update,30-9-2018,Feature has not been updated in 5 years or more
629305552,way,last_update,30-9-2018,Feature has not been updated in 5 years or more
629305553,way,last_update,30-9-2018,Feature has not been updated in 5 years or more
629305554,way,last_update,30-9-2018,Feature has not been updated in 5 years or more
629328486,way,last_update,1-10-2018,Feature has not been updated in 5 years or more
629328487,way,last_update,1-10-2018,Feature has not been updated in 5 years or more
629328488,way,last_update,1-10-2018,Feature has not been updated in 5 years or more
629328489,way,last_update,1-10-2018,Feature has not been updated in 5 years or more
629328490,way,last_update,1-10-2018,Feature has not been updated in 5 years or more
629328491,way,last_update,1-10-2018,Feature has not been updated in 5 years or more
629328492,way,last_update,1-10-2018,Feature has not been updated in 5 years or more
629328496,way,last_update,1-10-2018,Feature has not been updated in 5 years or more
629328498,way,last_update,1-10-2018,Feature has not been updated in 5 years or more
629328499,way,last_update,1-10-2018,Feature has not been updated in 5 years or more
629328500,way,last_update,1-10-2018,Feature has not been updated in 5 years or more
629328501,way,last_update,1-10-2018,Feature has not been updated in 5 years or more
629328502,way,last_update,1-10-2018,Feature has not been updated in 5 years or more
629328503,way,last_update,1-10-2018,Feature has not been updated in 5 years or more
629328504,way,last_update,1-10-2018,Feature has not been updated in 5 years or more
629328505,way,last_update,1-10-2018,Feature has not been updated in 5 years or more
629328507,way,last_update,2-4-2019,Feature has not been updated in 5 years or more
629328508,way,last_update,2-4-2019,Feature has not been updated in 5 years or more
629328509,way,last_update,1-10-2018,Feature has not been updated in 5 years or more
629328510,way,last_update,17-6-2021,Feature has not been updated in 5 years or more
629328511,way,last_update,1-10-2018,Feature has not been updated in 5 years or more
629331859,way,last_update,1-10-2018,Feature has not been updated in 5 years or more
629331860,way,last_update,1-10-2018,Feature has not been updated in 5 years or more
629331861,way,last_update,1-10-2018,Feature has not been updated in 5 years or more
629331862,way,last_update,1-10-2018,Feature has not been updated in 5 years or more
629331863,way,last_update,18-6-2021,Feature has not been updated in 5 years or more
629331864,way,last_update,18-6-2021,Feature has not been updated in 5 years or more
629331865,way,last_update,18-6-2021,Feature has not been updated in 5 years or more
629331869,way,last_update,18-6-2021,Feature has not been updated in 5 years or more
629331870,way,last_update,18-6-2021,Feature has not been updated in 5 years or more
630130271,way,last_update,3-10-2018,Feature has not been updated in 5 years or more
631145486,way,last_update,5-10-2018,Feature has not been updated in 5 years or more
631145487,way,last_update,19-1-2019,Feature has not been updated in 5 years or more
631145488,way,last_update,5-10-2018,Feature has not been updated in 5 years or more
631172046,way,last_update,11-6-2020,Feature has not been updated in 5 years or more
631172048,way,last_update,6-10-2018,Feature has not been updated in 5 years or more
631172051,way,last_update,6-10-2018,Feature has not been updated in 5 years or more
631172053,way,last_update,6-10-2018,Feature has not been updated in 5 years or more
631172056,way,last_update,6-10-2018,Feature has not been updated in 5 years or more
631172058,way,last_update,6-10-2018,Feature has not been updated in 5 years or more
631172060,way,last_update,13-10-2018,Feature has not been updated in 5 years or more
631172062,way,last_update,6-10-2018,Feature has not been updated in 5 years or more
631172064,way,last_update,6-10-2018,Feature has not been updated in 5 years or more
631172066,way,last_update,13-3-2019,Feature has not been updated in 5 years or more
631172068,way,last_update,6-10-2018,Feature has not been updated in 5 years or more
631172070,way,last_update,6-10-2018,Feature has not been updated in 5 years or more
631172072,way,last_update,6-10-2018,Feature has not been updated in 5 years or more
631172074,way,last_update,6-10-2018,Feature has not been updated in 5 years or more
631172075,way,last_update,6-10-2018,Feature has not been updated in 5 years or more
631187159,way,last_update,6-10-2018,Feature has not been updated in 5 years or more
631358821,way,last_update,6-10-2018,Feature has not been updated in 5 years or more
631358822,way,last_update,6-10-2018,Feature has not been updated in 5 years or more
631358823,way,last_update,6-10-2018,Feature has not been updated in 5 years or more
631358824,way,last_update,6-10-2018,Feature has not been updated in 5 years or more
631358825,way,last_update,6-10-2018,Feature has not been updated in 5 years or more
631358826,way,last_update,6-10-2018,Feature has not been updated in 5 years or more
631358827,way,last_update,6-10-2018,Feature has not been updated in 5 years or more
631358828,way,last_update,6-10-2018,Feature has not been updated in 5 years or more
631358829,way,last_update,6-10-2018,Feature has not been updated in 5 years or more
631358830,way,last_update,6-10-2018,Feature has not been updated in 5 years or more
631358831,way,last_update,6-10-2018,Feature has not been updated in 5 years or more
631358832,way,last_update,6-10-2018,Feature has not been updated in 5 years or more
631358833,way,last_update,6-10-2018,Feature has not been updated in 5 years or more
631358834,way,last_update,6-10-2018,Feature has not been updated in 5 years or more
631358835,way,last_update,6-10-2018,Feature has not been updated in 5 years or more
631358836,way,last_update,6-10-2018,Feature has not been updated in 5 years or more
631358837,way,last_update,6-10-2018,Feature has not been updated in 5 years or more
631358838,way,last_update,6-10-2018,Feature has not been updated in 5 years or more
631358839,way,last_update,6-10-2018,Feature has not been updated in 5 years or more
631371635,way,last_update,6-10-2018,Feature has not been updated in 5 years or more
631371636,way,last_update,2-3-2019,Feature has not been updated in 5 years or more
631371637,way,last_update,6-10-2018,Feature has not been updated in 5 years or more
631371638,way,last_update,6-10-2018,Feature has not been updated in 5 years or more
631371639,way,last_update,2-3-2019,Feature has not been updated in 5 years or more
631371642,way,last_update,6-10-2018,Feature has not been updated in 5 years or more
631371643,way,last_update,6-10-2018,Feature has not been updated in 5 years or more
631371644,way,last_update,6-10-2018,Feature has not been updated in 5 years or more
631371645,way,last_update,6-10-2018,Feature has not been updated in 5 years or more
631371646,way,last_update,6-10-2018,Feature has not been updated in 5 years or more
631371647,way,last_update,6-10-2018,Feature has not been updated in 5 years or more
631371648,way,last_update,6-10-2018,Feature has not been updated in 5 years or more
631371649,way,last_update,29-12-2018,Feature has not been updated in 5 years or more
631371650,way,last_update,6-10-2018,Feature has not been updated in 5 years or more
631371651,way,last_update,29-12-2018,Feature has not been updated in 5 years or more
631371652,way,last_update,6-10-2018,Feature has not been updated in 5 years or more
631371653,way,last_update,6-10-2018,Feature has not been updated in 5 years or more
631371654,way,last_update,6-10-2018,Feature has not been updated in 5 years or more
631371655,way,last_update,6-10-2018,Feature has not been updated in 5 years or more
631377672,way,last_update,6-10-2018,Feature has not been updated in 5 years or more
631377674,way,last_update,6-10-2018,Feature has not been updated in 5 years or more
631377675,way,last_update,6-10-2018,Feature has not been updated in 5 years or more
631377676,way,last_update,6-10-2018,Feature has not been updated in 5 years or more
631377677,way,last_update,6-10-2018,Feature has not been updated in 5 years or more
631377678,way,last_update,6-10-2018,Feature has not been updated in 5 years or more
631377679,way,last_update,6-10-2018,Feature has not been updated in 5 years or more
631377680,way,last_update,6-10-2018,Feature has not been updated in 5 years or more
631377681,way,last_update,6-10-2018,Feature has not been updated in 5 years or more
631377682,way,last_update,6-10-2018,Feature has not been updated in 5 years or more
631377683,way,last_update,6-10-2018,Feature has not been updated in 5 years or more
631377684,way,last_update,6-10-2018,Feature has not been updated in 5 years or more
631377685,way,last_update,6-10-2018,Feature has not been updated in 5 years or more
631377686,way,last_update,6-10-2018,Feature has not been updated in 5 years or more
631377687,way,last_update,6-10-2018,Feature has not been updated in 5 years or more
631377688,way,last_update,6-10-2018,Feature has not been updated in 5 years or more
631740730,way,last_update,1-3-2021,Feature has not been updated in 5 years or more
631740732,way,last_update,1-3-2021,Feature has not been updated in 5 years or more
631874818,way,last_update,8-10-2018,Feature has not been updated in 5 years or more
632003483,way,last_update,13-2-2019,Feature has not been updated in 5 years or more
632665274,way,last_update,10-10-2018,Feature has not been updated in 5 years or more
633166132,way,last_update,12-10-2018,Feature has not been updated in 5 years or more
633717628,way,last_update,13-10-2018,Feature has not been updated in 5 years or more
633717632,way,last_update,13-10-2018,Feature has not been updated in 5 years or more
633717634,way,last_update,13-10-2018,Feature has not been updated in 5 years or more
633717646,way,last_update,13-10-2018,Feature has not been updated in 5 years or more
633717649,way,last_update,13-10-2018,Feature has not been updated in 5 years or more
633717651,way,last_update,13-10-2018,Feature has not been updated in 5 years or more
633717654,way,last_update,23-5-2019,Feature has not been updated in 5 years or more
633717659,way,last_update,13-10-2018,Feature has not been updated in 5 years or more
633717661,way,last_update,13-10-2018,Feature has not been updated in 5 years or more
633717663,way,last_update,13-10-2018,Feature has not been updated in 5 years or more
633717667,way,last_update,13-10-2018,Feature has not been updated in 5 years or more
633717670,way,last_update,13-10-2018,Feature has not been updated in 5 years or more
633717671,way,last_update,13-10-2018,Feature has not been updated in 5 years or more
633717674,way,last_update,13-10-2018,Feature has not been updated in 5 years or more
633717675,way,last_update,13-10-2018,Feature has not been updated in 5 years or more
633717676,way,last_update,13-10-2018,Feature has not been updated in 5 years or more
633717677,way,last_update,13-10-2018,Feature has not been updated in 5 years or more
633717678,way,last_update,13-10-2018,Feature has not been updated in 5 years or more
633717679,way,last_update,13-10-2018,Feature has not been updated in 5 years or more
633717680,way,last_update,13-10-2018,Feature has not been updated in 5 years or more
633717681,way,last_update,13-10-2018,Feature has not been updated in 5 years or more
633717682,way,last_update,13-10-2018,Feature has not been updated in 5 years or more
633717683,way,last_update,13-10-2018,Feature has not been updated in 5 years or more
633717684,way,last_update,13-10-2018,Feature has not been updated in 5 years or more
633717685,way,last_update,13-10-2018,Feature has not been updated in 5 years or more
633717686,way,last_update,13-10-2018,Feature has not been updated in 5 years or more
633717687,way,last_update,13-10-2018,Feature has not been updated in 5 years or more
633717688,way,last_update,13-10-2018,Feature has not been updated in 5 years or more
633717689,way,last_update,13-10-2018,Feature has not been updated in 5 years or more
633717690,way,last_update,13-10-2018,Feature has not been updated in 5 years or more
633727479,way,last_update,13-10-2018,Feature has not been updated in 5 years or more
633727486,way,last_update,13-10-2018,Feature has not been updated in 5 years or more
633727490,way,last_update,13-10-2018,Feature has not been updated in 5 years or more
633727491,way,last_update,13-10-2018,Feature has not been updated in 5 years or more
633727492,way,last_update,13-10-2018,Feature has not been updated in 5 years or more
633727494,way,last_update,13-10-2018,Feature has not been updated in 5 years or more
633727495,way,last_update,13-10-2018,Feature has not been updated in 5 years or more
633727503,way,last_update,13-10-2018,Feature has not been updated in 5 years or more
633727504,way,last_update,13-10-2018,Feature has not been updated in 5 years or more
633727508,way,last_update,13-10-2018,Feature has not been updated in 5 years or more
633727509,way,last_update,13-10-2018,Feature has not been updated in 5 years or more
633727511,way,last_update,13-10-2018,Feature has not been updated in 5 years or more
633753337,way,last_update,12-9-2020,Feature has not been updated in 5 years or more
633753338,way,last_update,13-10-2018,Feature has not been updated in 5 years or more
633753339,way,last_update,13-10-2018,Feature has not been updated in 5 years or more
633753340,way,last_update,13-11-2020,Feature has not been updated in 5 years or more
633753341,way,last_update,13-11-2020,Feature has not been updated in 5 years or more
633753342,way,last_update,13-10-2018,Feature has not been updated in 5 years or more
633753343,way,last_update,13-10-2018,Feature has not been updated in 5 years or more
633753344,way,last_update,13-10-2018,Feature has not been updated in 5 years or more
633753345,way,last_update,13-10-2018,Feature has not been updated in 5 years or more
633753350,way,last_update,13-10-2018,Feature has not been updated in 5 years or more
633753351,way,last_update,13-10-2018,Feature has not been updated in 5 years or more
633753355,way,last_update,13-10-2018,Feature has not been updated in 5 years or more
633753356,way,last_update,13-10-2018,Feature has not been updated in 5 years or more
633753357,way,last_update,13-10-2018,Feature has not been updated in 5 years or more
633753358,way,last_update,13-10-2018,Feature has not been updated in 5 years or more
633753359,way,last_update,13-10-2018,Feature has not been updated in 5 years or more
633753360,way,last_update,13-10-2018,Feature has not been updated in 5 years or more
633753361,way,last_update,13-10-2018,Feature has not been updated in 5 years or more
633753362,way,last_update,13-10-2018,Feature has not been updated in 5 years or more
633753363,way,last_update,13-10-2018,Feature has not been updated in 5 years or more
633753364,way,last_update,13-10-2018,Feature has not been updated in 5 years or more
633753365,way,last_update,13-10-2018,Feature has not been updated in 5 years or more
633753366,way,last_update,13-10-2018,Feature has not been updated in 5 years or more
633753367,way,last_update,13-10-2018,Feature has not been updated in 5 years or more
633753368,way,last_update,13-10-2018,Feature has not been updated in 5 years or more
633753369,way,last_update,13-10-2018,Feature has not been updated in 5 years or more
633756877,way,last_update,16-10-2018,Feature has not been updated in 5 years or more
633756880,way,last_update,13-10-2018,Feature has not been updated in 5 years or more
633756883,way,last_update,13-10-2018,Feature has not been updated in 5 years or more
633756887,way,last_update,13-10-2018,Feature has not been updated in 5 years or more
633756890,way,last_update,13-10-2018,Feature has not been updated in 5 years or more
633780733,way,last_update,14-10-2018,Feature has not been updated in 5 years or more
633780741,way,last_update,14-10-2018,Feature has not been updated in 5 years or more
633780742,way,last_update,14-10-2018,Feature has not been updated in 5 years or more
633780743,way,last_update,14-10-2018,Feature has not been updated in 5 years or more
633780744,way,last_update,14-10-2018,Feature has not been updated in 5 years or more
634000009,way,last_update,26-1-2019,Feature has not been updated in 5 years or more
634000010,way,last_update,14-10-2018,Feature has not been updated in 5 years or more
634000011,way,last_update,14-10-2018,Feature has not been updated in 5 years or more
634532630,way,last_update,16-10-2018,Feature has not been updated in 5 years or more
634532631,way,last_update,16-10-2018,Feature has not been updated in 5 years or more
634532632,way,last_update,16-10-2018,Feature has not been updated in 5 years or more
634532633,way,last_update,16-10-2018,Feature has not been updated in 5 years or more
634532634,way,last_update,16-10-2018,Feature has not been updated in 5 years or more
634532635,way,last_update,16-10-2018,Feature has not been updated in 5 years or more
634532636,way,last_update,16-10-2018,Feature has not been updated in 5 years or more
634532637,way,last_update,16-10-2018,Feature has not been updated in 5 years or more
634532638,way,last_update,16-10-2018,Feature has not been updated in 5 years or more
634555009,way,last_update,16-10-2018,Feature has not been updated in 5 years or more
634555010,way,last_update,16-10-2018,Feature has not been updated in 5 years or more
634555011,way,last_update,16-10-2018,Feature has not been updated in 5 years or more
634555012,way,last_update,16-10-2018,Feature has not been updated in 5 years or more
634555013,way,last_update,25-1-2019,Feature has not been updated in 5 years or more
634555014,way,last_update,16-10-2018,Feature has not been updated in 5 years or more
634555015,way,last_update,16-10-2018,Feature has not been updated in 5 years or more
634574024,way,last_update,16-10-2018,Feature has not been updated in 5 years or more
634574025,way,last_update,16-10-2018,Feature has not been updated in 5 years or more
634574026,way,last_update,16-10-2018,Feature has not been updated in 5 years or more
634574027,way,last_update,16-10-2018,Feature has not been updated in 5 years or more
634574028,way,last_update,16-10-2018,Feature has not been updated in 5 years or more
634574029,way,last_update,16-10-2018,Feature has not been updated in 5 years or more
634574030,way,last_update,16-10-2018,Feature has not been updated in 5 years or more
634574031,way,last_update,16-10-2018,Feature has not been updated in 5 years or more
634574032,way,last_update,16-10-2018,Feature has not been updated in 5 years or more
634574034,way,last_update,16-10-2018,Feature has not been updated in 5 years or more
634574035,way,last_update,16-10-2018,Feature has not been updated in 5 years or more
634574036,way,last_update,16-10-2018,Feature has not been updated in 5 years or more
634574037,way,last_update,16-10-2018,Feature has not been updated in 5 years or more
634574038,way,last_update,16-10-2018,Feature has not been updated in 5 years or more
634574039,way,last_update,16-10-2018,Feature has not been updated in 5 years or more
634574040,way,last_update,16-10-2018,Feature has not been updated in 5 years or more
634574041,way,last_update,16-10-2018,Feature has not been updated in 5 years or more
634574042,way,last_update,16-10-2018,Feature has not been updated in 5 years or more
634574043,way,last_update,16-10-2018,Feature has not been updated in 5 years or more
634574044,way,last_update,16-10-2018,Feature has not been updated in 5 years or more
634574045,way,last_update,16-10-2018,Feature has not been updated in 5 years or more
634574046,way,last_update,16-10-2018,Feature has not been updated in 5 years or more
634574047,way,last_update,16-10-2018,Feature has not been updated in 5 years or more
634574048,way,last_update,16-10-2018,Feature has not been updated in 5 years or more
634574049,way,last_update,16-10-2018,Feature has not been updated in 5 years or more
634574050,way,last_update,16-10-2018,Feature has not been updated in 5 years or more
634574051,way,last_update,16-10-2018,Feature has not been updated in 5 years or more
634574052,way,last_update,16-10-2018,Feature has not been updated in 5 years or more
634574053,way,last_update,16-10-2018,Feature has not been updated in 5 years or more
634574054,way,last_update,16-10-2018,Feature has not been updated in 5 years or more
634574055,way,last_update,16-10-2018,Feature has not been updated in 5 years or more
634574056,way,last_update,16-10-2018,Feature has not been updated in 5 years or more
634574057,way,last_update,9-11-2020,Feature has not been updated in 5 years or more
634574058,way,last_update,16-10-2018,Feature has not been updated in 5 years or more
635049397,way,last_update,16-10-2018,Feature has not been updated in 5 years or more
635049398,way,last_update,4-12-2018,Feature has not been updated in 5 years or more
635049400,way,last_update,4-12-2018,Feature has not been updated in 5 years or more
635049401,way,last_update,16-10-2018,Feature has not been updated in 5 years or more
635049402,way,last_update,16-10-2018,Feature has not been updated in 5 years or more
635049403,way,last_update,16-10-2018,Feature has not been updated in 5 years or more
635049404,way,last_update,16-10-2018,Feature has not been updated in 5 years or more
635049405,way,last_update,16-10-2018,Feature has not been updated in 5 years or more
635049406,way,last_update,16-10-2018,Feature has not been updated in 5 years or more
635366882,way,last_update,17-10-2018,Feature has not been updated in 5 years or more
635366884,way,last_update,17-10-2018,Feature has not been updated in 5 years or more
635366885,way,last_update,17-10-2018,Feature has not been updated in 5 years or more
635366888,way,last_update,17-10-2018,Feature has not been updated in 5 years or more
635831852,way,last_update,19-10-2018,Feature has not been updated in 5 years or more
635831853,way,last_update,19-10-2018,Feature has not been updated in 5 years or more
635831854,way,last_update,19-10-2018,Feature has not been updated in 5 years or more
635831855,way,last_update,19-10-2018,Feature has not been updated in 5 years or more
635831856,way,last_update,16-12-2020,Feature has not been updated in 5 years or more
636302066,way,last_update,20-10-2018,Feature has not been updated in 5 years or more
636417830,way,last_update,20-10-2018,Feature has not been updated in 5 years or more
638033003,way,last_update,12-11-2020,Feature has not been updated in 5 years or more
638033005,way,last_update,12-11-2020,Feature has not been updated in 5 years or more
638033018,way,last_update,25-10-2018,Feature has not been updated in 5 years or more
639848738,way,last_update,1-11-2018,Feature has not been updated in 5 years or more
639848838,way,last_update,1-11-2018,Feature has not been updated in 5 years or more
640383858,way,last_update,2-11-2018,Feature has not been updated in 5 years or more
640388180,way,last_update,2-11-2018,Feature has not been updated in 5 years or more
640390571,way,last_update,16-8-2021,Feature has not been updated in 5 years or more
640390576,way,last_update,16-8-2021,Feature has not been updated in 5 years or more
640390580,way,last_update,13-8-2021,Feature has not been updated in 5 years or more
640390584,way,last_update,16-8-2021,Feature has not been updated in 5 years or more
640390585,way,last_update,13-8-2021,Feature has not been updated in 5 years or more
641342992,way,last_update,5-11-2018,Feature has not been updated in 5 years or more
641342993,way,last_update,5-11-2018,Feature has not been updated in 5 years or more
641342994,way,last_update,5-11-2018,Feature has not been updated in 5 years or more
641996211,way,last_update,7-11-2018,Feature has not been updated in 5 years or more
641996212,way,last_update,7-11-2018,Feature has not been updated in 5 years or more
642649660,way,last_update,9-11-2018,Feature has not been updated in 5 years or more
642649661,way,last_update,9-11-2018,Feature has not been updated in 5 years or more
642649662,way,last_update,9-11-2018,Feature has not been updated in 5 years or more
642649664,way,last_update,9-11-2018,Feature has not been updated in 5 years or more
642653745,way,last_update,9-11-2018,Feature has not been updated in 5 years or more
642709360,way,last_update,9-11-2018,Feature has not been updated in 5 years or more
643546910,way,last_update,12-11-2018,Feature has not been updated in 5 years or more
643551652,way,last_update,12-11-2018,Feature has not been updated in 5 years or more
645087405,way,last_update,3-11-2020,Feature has not been updated in 5 years or more
645887964,way,last_update,18-11-2018,Feature has not been updated in 5 years or more
647098717,way,last_update,21-11-2018,Feature has not been updated in 5 years or more
647098719,way,last_update,21-11-2018,Feature has not been updated in 5 years or more
647098720,way,last_update,21-11-2018,Feature has not been updated in 5 years or more
647107287,way,last_update,21-11-2018,Feature has not been updated in 5 years or more
647107288,way,last_update,21-11-2018,Feature has not been updated in 5 years or more
647107289,way,last_update,21-11-2018,Feature has not been updated in 5 years or more
647107290,way,last_update,21-11-2018,Feature has not been updated in 5 years or more
647107291,way,last_update,21-11-2018,Feature has not been updated in 5 years or more
647107292,way,last_update,21-11-2018,Feature has not been updated in 5 years or more
647107293,way,last_update,21-11-2018,Feature has not been updated in 5 years or more
647553936,way,last_update,22-11-2018,Feature has not been updated in 5 years or more
647553937,way,last_update,20-8-2020,Feature has not been updated in 5 years or more
647553938,way,last_update,7-11-2020,Feature has not been updated in 5 years or more
647553939,way,last_update,22-11-2018,Feature has not been updated in 5 years or more
647553957,way,last_update,22-11-2018,Feature has not been updated in 5 years or more
647553962,way,last_update,22-11-2018,Feature has not been updated in 5 years or more
647564970,way,last_update,22-11-2018,Feature has not been updated in 5 years or more
647564971,way,last_update,22-11-2018,Feature has not been updated in 5 years or more
647564972,way,last_update,22-11-2018,Feature has not been updated in 5 years or more
647564973,way,last_update,17-4-2021,Feature has not been updated in 5 years or more
647564974,way,last_update,17-4-2021,Feature has not been updated in 5 years or more
647564975,way,last_update,22-11-2018,Feature has not been updated in 5 years or more
647564976,way,last_update,17-4-2021,Feature has not been updated in 5 years or more
647572060,way,last_update,16-5-2021,Feature has not been updated in 5 years or more
647572061,way,last_update,22-11-2018,Feature has not been updated in 5 years or more
647572062,way,last_update,16-5-2021,Feature has not been updated in 5 years or more
647572063,way,last_update,22-11-2018,Feature has not been updated in 5 years or more
647572064,way,last_update,16-5-2021,Feature has not been updated in 5 years or more
647572065,way,last_update,22-11-2018,Feature has not been updated in 5 years or more
647572066,way,last_update,22-11-2018,Feature has not been updated in 5 years or more
647572067,way,last_update,16-5-2021,Feature has not been updated in 5 years or more
647572068,way,last_update,16-5-2021,Feature has not been updated in 5 years or more
647572069,way,last_update,16-5-2021,Feature has not been updated in 5 years or more
647572070,way,last_update,22-11-2018,Feature has not been updated in 5 years or more
647572073,way,last_update,16-5-2021,Feature has not been updated in 5 years or more
647572075,way,last_update,16-5-2021,Feature has not been updated in 5 years or more
647572077,way,last_update,22-11-2018,Feature has not been updated in 5 years or more
647572078,way,last_update,16-5-2021,Feature has not been updated in 5 years or more
647578857,way,last_update,16-10-2020,Feature has not been updated in 5 years or more
647586579,way,last_update,21-8-2021,Feature has not been updated in 5 years or more
647586580,way,last_update,21-8-2021,Feature has not been updated in 5 years or more
647586581,way,last_update,21-8-2021,Feature has not been updated in 5 years or more
647586582,way,last_update,21-8-2021,Feature has not been updated in 5 years or more
647586583,way,last_update,21-8-2021,Feature has not been updated in 5 years or more
647586584,way,last_update,22-11-2018,Feature has not been updated in 5 years or more
647586585,way,last_update,21-8-2021,Feature has not been updated in 5 years or more
647940661,way,last_update,23-11-2018,Feature has not been updated in 5 years or more
647940662,way,last_update,23-11-2018,Feature has not been updated in 5 years or more
647940663,way,last_update,21-11-2020,Feature has not been updated in 5 years or more
647940664,way,last_update,21-11-2020,Feature has not been updated in 5 years or more
647940665,way,last_update,23-11-2018,Feature has not been updated in 5 years or more
647940666,way,last_update,21-11-2020,Feature has not been updated in 5 years or more
647940667,way,last_update,23-11-2018,Feature has not been updated in 5 years or more
647940668,way,last_update,3-8-2020,Feature has not been updated in 5 years or more
647940669,way,last_update,9-5-2021,Feature has not been updated in 5 years or more
647940670,way,last_update,9-5-2021,Feature has not been updated in 5 years or more
648214723,way,last_update,23-3-2019,Feature has not been updated in 5 years or more
648291142,way,last_update,23-11-2018,Feature has not been updated in 5 years or more
648316528,way,last_update,24-11-2018,Feature has not been updated in 5 years or more
648329627,way,last_update,24-11-2018,Feature has not been updated in 5 years or more
648576322,way,last_update,3-6-2020,Feature has not been updated in 5 years or more
650787315,way,last_update,29-11-2018,Feature has not been updated in 5 years or more
650787317,way,last_update,29-11-2018,Feature has not been updated in 5 years or more
650787332,way,last_update,29-11-2018,Feature has not been updated in 5 years or more
650790021,way,last_update,29-11-2018,Feature has not been updated in 5 years or more
650790022,way,last_update,29-11-2018,Feature has not been updated in 5 years or more
650790023,way,last_update,29-11-2018,Feature has not been updated in 5 years or more
650790024,way,last_update,29-11-2018,Feature has not been updated in 5 years or more
650790025,way,last_update,29-11-2018,Feature has not been updated in 5 years or more
650790026,way,last_update,29-11-2018,Feature has not been updated in 5 years or more
650790027,way,last_update,29-11-2018,Feature has not been updated in 5 years or more
650790028,way,last_update,29-11-2018,Feature has not been updated in 5 years or more
651921180,way,last_update,14-3-2021,Feature has not been updated in 5 years or more
652299570,way,last_update,4-12-2018,Feature has not been updated in 5 years or more
652977235,way,last_update,8-8-2021,Feature has not been updated in 5 years or more
652977237,way,last_update,5-12-2018,Feature has not been updated in 5 years or more
653304342,way,last_update,7-12-2018,Feature has not been updated in 5 years or more
653305886,way,last_update,7-12-2018,Feature has not been updated in 5 years or more
653305887,way,last_update,7-12-2018,Feature has not been updated in 5 years or more
653305888,way,last_update,7-12-2018,Feature has not been updated in 5 years or more
653305889,way,last_update,7-12-2018,Feature has not been updated in 5 years or more
653305890,way,last_update,7-12-2018,Feature has not been updated in 5 years or more
653305891,way,last_update,7-12-2018,Feature has not been updated in 5 years or more
653305892,way,last_update,7-12-2018,Feature has not been updated in 5 years or more
653305893,way,last_update,7-12-2018,Feature has not been updated in 5 years or more
653305894,way,last_update,7-12-2018,Feature has not been updated in 5 years or more
653305895,way,last_update,7-12-2018,Feature has not been updated in 5 years or more
653305896,way,last_update,7-12-2018,Feature has not been updated in 5 years or more
653305897,way,last_update,7-12-2018,Feature has not been updated in 5 years or more
653305898,way,last_update,7-12-2018,Feature has not been updated in 5 years or more
653305900,way,last_update,7-12-2018,Feature has not been updated in 5 years or more
653305901,way,last_update,7-12-2018,Feature has not been updated in 5 years or more
653305902,way,last_update,7-12-2018,Feature has not been updated in 5 years or more
653305903,way,last_update,7-12-2018,Feature has not been updated in 5 years or more
653306127,way,last_update,7-12-2018,Feature has not been updated in 5 years or more
653306128,way,last_update,7-12-2018,Feature has not been updated in 5 years or more
653306129,way,last_update,7-12-2018,Feature has not been updated in 5 years or more
653306130,way,last_update,7-12-2018,Feature has not been updated in 5 years or more
653306131,way,last_update,7-12-2018,Feature has not been updated in 5 years or more
653651473,way,last_update,8-12-2018,Feature has not been updated in 5 years or more
653652588,way,last_update,8-12-2018,Feature has not been updated in 5 years or more
653909094,way,last_update,10-12-2018,Feature has not been updated in 5 years or more
653909095,way,last_update,10-12-2018,Feature has not been updated in 5 years or more
653909096,way,last_update,15-12-2018,Feature has not been updated in 5 years or more
653909099,way,last_update,10-12-2018,Feature has not been updated in 5 years or more
653909100,way,last_update,15-12-2018,Feature has not been updated in 5 years or more
653909102,way,last_update,19-6-2019,Feature has not been updated in 5 years or more
653912225,way,last_update,10-12-2018,Feature has not been updated in 5 years or more
653912226,way,last_update,10-12-2018,Feature has not been updated in 5 years or more
653912227,way,last_update,10-12-2018,Feature has not been updated in 5 years or more
654047351,way,last_update,10-12-2018,Feature has not been updated in 5 years or more
654047352,way,last_update,10-12-2018,Feature has not been updated in 5 years or more
654079182,way,last_update,10-12-2018,Feature has not been updated in 5 years or more
654079183,way,last_update,10-12-2018,Feature has not been updated in 5 years or more
654079184,way,last_update,10-12-2018,Feature has not been updated in 5 years or more
654079185,way,last_update,10-12-2018,Feature has not been updated in 5 years or more
654082214,way,last_update,13-2-2019,Feature has not been updated in 5 years or more
654595494,way,last_update,7-7-2021,Feature has not been updated in 5 years or more
654595499,way,last_update,7-7-2021,Feature has not been updated in 5 years or more
654595500,way,last_update,7-7-2021,Feature has not been updated in 5 years or more
654595501,way,last_update,7-7-2021,Feature has not been updated in 5 years or more
654595502,way,last_update,7-7-2021,Feature has not been updated in 5 years or more
654595503,way,last_update,7-7-2021,Feature has not been updated in 5 years or more
655090863,way,last_update,14-12-2018,Feature has not been updated in 5 years or more
655090865,way,last_update,14-12-2018,Feature has not been updated in 5 years or more
655182321,way,last_update,15-12-2018,Feature has not been updated in 5 years or more
655184759,way,last_update,15-12-2018,Feature has not been updated in 5 years or more
655202881,way,last_update,15-12-2018,Feature has not been updated in 5 years or more
655202882,way,last_update,15-12-2018,Feature has not been updated in 5 years or more
655202892,way,last_update,15-12-2018,Feature has not been updated in 5 years or more
655408749,way,last_update,16-12-2018,Feature has not been updated in 5 years or more
655418832,way,last_update,16-12-2018,Feature has not been updated in 5 years or more
657399568,way,last_update,23-12-2018,Feature has not been updated in 5 years or more
657399569,way,last_update,23-12-2018,Feature has not been updated in 5 years or more
657399570,way,last_update,23-12-2018,Feature has not been updated in 5 years or more
657399571,way,last_update,23-12-2018,Feature has not been updated in 5 years or more
657998846,way,last_update,31-7-2020,Feature has not been updated in 5 years or more
657998848,way,last_update,31-7-2020,Feature has not been updated in 5 years or more
657998850,way,last_update,31-7-2020,Feature has not been updated in 5 years or more
658867234,way,last_update,28-12-2018,Feature has not been updated in 5 years or more
659150249,way,last_update,29-12-2018,Feature has not been updated in 5 years or more
659150250,way,last_update,29-12-2018,Feature has not been updated in 5 years or more
659150251,way,last_update,29-12-2018,Feature has not been updated in 5 years or more
659150252,way,last_update,29-12-2018,Feature has not been updated in 5 years or more
659150253,way,last_update,29-12-2018,Feature has not been updated in 5 years or more
659150257,way,last_update,29-12-2018,Feature has not been updated in 5 years or more
659150259,way,last_update,29-12-2018,Feature has not been updated in 5 years or more
659150260,way,last_update,29-12-2018,Feature has not been updated in 5 years or more
659411298,way,last_update,6-3-2021,Feature has not been updated in 5 years or more
659411299,way,last_update,6-3-2021,Feature has not been updated in 5 years or more
659565757,way,last_update,31-12-2018,Feature has not been updated in 5 years or more
659585527,way,last_update,13-1-2020,Feature has not been updated in 5 years or more
661319850,way,last_update,8-1-2019,Feature has not been updated in 5 years or more
661319851,way,last_update,8-1-2019,Feature has not been updated in 5 years or more
661319852,way,last_update,8-1-2019,Feature has not been updated in 5 years or more
661319860,way,last_update,8-1-2019,Feature has not been updated in 5 years or more
661319861,way,last_update,8-1-2019,Feature has not been updated in 5 years or more
661321479,way,last_update,8-1-2019,Feature has not been updated in 5 years or more
661321482,way,last_update,8-1-2019,Feature has not been updated in 5 years or more
661321483,way,last_update,8-1-2019,Feature has not been updated in 5 years or more
661321484,way,last_update,8-1-2019,Feature has not been updated in 5 years or more
661321485,way,last_update,8-1-2019,Feature has not been updated in 5 years or more
661326063,way,last_update,8-1-2019,Feature has not been updated in 5 years or more
661326064,way,last_update,8-1-2019,Feature has not been updated in 5 years or more
661326065,way,last_update,8-1-2019,Feature has not been updated in 5 years or more
661333122,way,last_update,8-1-2019,Feature has not been updated in 5 years or more
661333123,way,last_update,8-1-2019,Feature has not been updated in 5 years or more
661333124,way,last_update,8-1-2019,Feature has not been updated in 5 years or more
661333126,way,last_update,8-1-2019,Feature has not been updated in 5 years or more
661333127,way,last_update,8-1-2019,Feature has not been updated in 5 years or more
661333129,way,last_update,8-1-2019,Feature has not been updated in 5 years or more
661339627,way,last_update,8-1-2019,Feature has not been updated in 5 years or more
661339630,way,last_update,8-1-2019,Feature has not been updated in 5 years or more
661339631,way,last_update,8-1-2019,Feature has not been updated in 5 years or more
661339632,way,last_update,8-1-2019,Feature has not been updated in 5 years or more
661339633,way,last_update,8-1-2019,Feature has not been updated in 5 years or more
661357067,way,last_update,24-4-2021,Feature has not been updated in 5 years or more
661357068,way,last_update,24-4-2021,Feature has not been updated in 5 years or more
661357069,way,last_update,24-4-2021,Feature has not been updated in 5 years or more
661919394,way,last_update,10-1-2019,Feature has not been updated in 5 years or more
661919395,way,last_update,10-1-2019,Feature has not been updated in 5 years or more
661919396,way,last_update,10-1-2019,Feature has not been updated in 5 years or more
661919397,way,last_update,10-1-2019,Feature has not been updated in 5 years or more
661919398,way,last_update,10-1-2019,Feature has not been updated in 5 years or more
661919399,way,last_update,10-1-2019,Feature has not been updated in 5 years or more
661924432,way,last_update,10-1-2019,Feature has not been updated in 5 years or more
661945212,way,last_update,11-5-2019,Feature has not been updated in 5 years or more
662506315,way,last_update,8-5-2021,Feature has not been updated in 5 years or more
662506316,way,last_update,11-1-2019,Feature has not been updated in 5 years or more
662506317,way,last_update,11-1-2019,Feature has not been updated in 5 years or more
662506318,way,last_update,11-1-2019,Feature has not been updated in 5 years or more
662506319,way,last_update,11-1-2019,Feature has not been updated in 5 years or more
662506320,way,last_update,11-1-2019,Feature has not been updated in 5 years or more
662506321,way,last_update,11-1-2019,Feature has not been updated in 5 years or more
662506322,way,last_update,18-4-2019,Feature has not been updated in 5 years or more
662506323,way,last_update,18-4-2019,Feature has not been updated in 5 years or more
662506324,way,last_update,18-4-2019,Feature has not been updated in 5 years or more
662506325,way,last_update,18-4-2019,Feature has not been updated in 5 years or more
662506326,way,last_update,18-4-2019,Feature has not been updated in 5 years or more
662506327,way,last_update,11-1-2019,Feature has not been updated in 5 years or more
662506328,way,last_update,11-1-2019,Feature has not been updated in 5 years or more
662506329,way,last_update,18-4-2019,Feature has not been updated in 5 years or more
662506330,way,last_update,18-4-2019,Feature has not been updated in 5 years or more
662506331,way,last_update,11-1-2019,Feature has not been updated in 5 years or more
662506338,way,last_update,11-1-2019,Feature has not been updated in 5 years or more
662506339,way,last_update,8-5-2021,Feature has not been updated in 5 years or more
662506340,way,last_update,31-3-2019,Feature has not been updated in 5 years or more
665108378,way,last_update,21-1-2019,Feature has not been updated in 5 years or more
666008195,way,last_update,25-1-2019,Feature has not been updated in 5 years or more
666009236,way,last_update,25-1-2019,Feature has not been updated in 5 years or more
666009237,way,last_update,25-1-2019,Feature has not been updated in 5 years or more
666009238,way,last_update,25-1-2019,Feature has not been updated in 5 years or more
666010900,way,last_update,25-1-2019,Feature has not been updated in 5 years or more
666010901,way,last_update,25-1-2019,Feature has not been updated in 5 years or more
666010902,way,last_update,25-1-2019,Feature has not been updated in 5 years or more
666010903,way,last_update,25-1-2019,Feature has not been updated in 5 years or more
666010904,way,last_update,25-1-2019,Feature has not been updated in 5 years or more
666010906,way,last_update,25-1-2019,Feature has not been updated in 5 years or more
666015152,way,last_update,25-1-2019,Feature has not been updated in 5 years or more
666015153,way,last_update,25-1-2019,Feature has not been updated in 5 years or more
666015155,way,last_update,25-1-2019,Feature has not been updated in 5 years or more
668870957,way,last_update,7-2-2019,Feature has not been updated in 5 years or more
668870962,way,last_update,7-2-2019,Feature has not been updated in 5 years or more
669264086,way,last_update,9-2-2019,Feature has not been updated in 5 years or more
669264087,way,last_update,9-2-2019,Feature has not been updated in 5 years or more
669264090,way,last_update,9-2-2019,Feature has not been updated in 5 years or more
669269695,way,last_update,9-2-2019,Feature has not been updated in 5 years or more
670322195,way,last_update,13-2-2019,Feature has not been updated in 5 years or more
670322196,way,last_update,13-2-2019,Feature has not been updated in 5 years or more
670924380,way,last_update,6-3-2021,Feature has not been updated in 5 years or more
671342457,way,last_update,18-2-2019,Feature has not been updated in 5 years or more
671908311,way,last_update,12-6-2019,Feature has not been updated in 5 years or more
672589573,way,last_update,24-2-2019,Feature has not been updated in 5 years or more
672589576,way,last_update,24-2-2019,Feature has not been updated in 5 years or more
672589582,way,last_update,7-5-2019,Feature has not been updated in 5 years or more
672589585,way,last_update,24-2-2019,Feature has not been updated in 5 years or more
672596400,way,last_update,24-2-2019,Feature has not been updated in 5 years or more
674104457,way,last_update,2-3-2019,Feature has not been updated in 5 years or more
674104458,way,last_update,2-3-2019,Feature has not been updated in 5 years or more
674104459,way,last_update,2-3-2019,Feature has not been updated in 5 years or more
674284790,way,last_update,6-3-2021,Feature has not been updated in 5 years or more
674284793,way,last_update,3-3-2019,Feature has not been updated in 5 years or more
674284794,way,last_update,3-3-2019,Feature has not been updated in 5 years or more
674284796,way,last_update,3-3-2019,Feature has not been updated in 5 years or more
674284797,way,last_update,3-3-2019,Feature has not been updated in 5 years or more
674305454,way,last_update,3-3-2019,Feature has not been updated in 5 years or more
674305455,way,last_update,3-3-2019,Feature has not been updated in 5 years or more
674305456,way,last_update,3-3-2019,Feature has not been updated in 5 years or more
674305458,way,last_update,3-3-2019,Feature has not been updated in 5 years or more
674305459,way,last_update,3-3-2019,Feature has not been updated in 5 years or more
674305460,way,last_update,3-3-2019,Feature has not been updated in 5 years or more
674308646,way,last_update,3-3-2019,Feature has not been updated in 5 years or more
674308647,way,last_update,3-5-2020,Feature has not been updated in 5 years or more
674308648,way,last_update,3-3-2019,Feature has not been updated in 5 years or more
674308649,way,last_update,3-3-2019,Feature has not been updated in 5 years or more
674308650,way,last_update,3-3-2019,Feature has not been updated in 5 years or more
674308651,way,last_update,3-3-2019,Feature has not been updated in 5 years or more
674308652,way,last_update,3-3-2019,Feature has not been updated in 5 years or more
674308653,way,last_update,3-3-2019,Feature has not been updated in 5 years or more
674308654,way,last_update,3-3-2019,Feature has not been updated in 5 years or more
674308655,way,last_update,3-3-2019,Feature has not been updated in 5 years or more
674308656,way,last_update,3-3-2019,Feature has not been updated in 5 years or more
674308657,way,last_update,3-3-2019,Feature has not been updated in 5 years or more
674308658,way,last_update,3-3-2019,Feature has not been updated in 5 years or more
674308659,way,last_update,3-3-2019,Feature has not been updated in 5 years or more
674308660,way,last_update,3-3-2019,Feature has not been updated in 5 years or more
674320850,way,last_update,3-3-2019,Feature has not been updated in 5 years or more
674320851,way,last_update,3-3-2019,Feature has not been updated in 5 years or more
674320852,way,last_update,3-3-2019,Feature has not been updated in 5 years or more
674320853,way,last_update,3-3-2019,Feature has not been updated in 5 years or more
674320854,way,last_update,3-3-2019,Feature has not been updated in 5 years or more
674320855,way,last_update,3-3-2019,Feature has not been updated in 5 years or more
674320856,way,last_update,3-3-2019,Feature has not been updated in 5 years or more
674320857,way,last_update,3-3-2019,Feature has not been updated in 5 years or more
674320858,way,last_update,3-3-2019,Feature has not been updated in 5 years or more
674320861,way,last_update,3-3-2019,Feature has not been updated in 5 years or more
674320873,way,last_update,3-3-2019,Feature has not been updated in 5 years or more
674332060,way,last_update,4-3-2019,Feature has not been updated in 5 years or more
674332061,way,last_update,4-3-2019,Feature has not been updated in 5 years or more
674332062,way,last_update,4-3-2019,Feature has not been updated in 5 years or more
674332063,way,last_update,4-3-2019,Feature has not been updated in 5 years or more
674332064,way,last_update,4-3-2019,Feature has not been updated in 5 years or more
674332065,way,last_update,4-3-2019,Feature has not been updated in 5 years or more
674332066,way,last_update,4-3-2019,Feature has not been updated in 5 years or more
674332067,way,last_update,4-3-2019,Feature has not been updated in 5 years or more
674332068,way,last_update,4-3-2019,Feature has not been updated in 5 years or more
674333018,way,last_update,4-3-2019,Feature has not been updated in 5 years or more
674333019,way,last_update,4-3-2019,Feature has not been updated in 5 years or more
674333020,way,last_update,4-3-2019,Feature has not been updated in 5 years or more
674333021,way,last_update,8-11-2019,Feature has not been updated in 5 years or more
674333023,way,last_update,4-3-2019,Feature has not been updated in 5 years or more
674333024,way,last_update,4-3-2019,Feature has not been updated in 5 years or more
674333025,way,last_update,4-3-2019,Feature has not been updated in 5 years or more
674333026,way,last_update,4-3-2019,Feature has not been updated in 5 years or more
674333027,way,last_update,4-3-2019,Feature has not been updated in 5 years or more
674333028,way,last_update,4-3-2019,Feature has not been updated in 5 years or more
674333029,way,last_update,4-3-2019,Feature has not been updated in 5 years or more
674333030,way,last_update,4-3-2019,Feature has not been updated in 5 years or more
674333031,way,last_update,4-3-2019,Feature has not been updated in 5 years or more
674333032,way,last_update,4-3-2019,Feature has not been updated in 5 years or more
674333033,way,last_update,4-3-2019,Feature has not been updated in 5 years or more
674333034,way,last_update,4-3-2019,Feature has not been updated in 5 years or more
674333035,way,last_update,4-3-2019,Feature has not been updated in 5 years or more
674333036,way,last_update,4-3-2019,Feature has not been updated in 5 years or more
674333037,way,last_update,4-3-2019,Feature has not been updated in 5 years or more
674333038,way,last_update,4-3-2019,Feature has not been updated in 5 years or more
674333039,way,last_update,4-3-2019,Feature has not been updated in 5 years or more
674333040,way,last_update,11-5-2019,Feature has not been updated in 5 years or more
674333041,way,last_update,4-3-2019,Feature has not been updated in 5 years or more
674333042,way,last_update,11-5-2019,Feature has not been updated in 5 years or more
674333043,way,last_update,4-3-2019,Feature has not been updated in 5 years or more
674333044,way,last_update,4-3-2019,Feature has not been updated in 5 years or more
674333045,way,last_update,4-3-2019,Feature has not been updated in 5 years or more
674338915,way,last_update,4-3-2019,Feature has not been updated in 5 years or more
674338916,way,last_update,4-3-2019,Feature has not been updated in 5 years or more
674338917,way,last_update,4-3-2019,Feature has not been updated in 5 years or more
674338918,way,last_update,4-3-2019,Feature has not been updated in 5 years or more
674338919,way,last_update,4-3-2019,Feature has not been updated in 5 years or more
674338920,way,last_update,4-3-2019,Feature has not been updated in 5 years or more
674338921,way,last_update,4-3-2019,Feature has not been updated in 5 years or more
674338922,way,last_update,4-3-2019,Feature has not been updated in 5 years or more
674338923,way,last_update,4-3-2019,Feature has not been updated in 5 years or more
674338924,way,last_update,4-3-2019,Feature has not been updated in 5 years or more
674338925,way,last_update,4-3-2019,Feature has not been updated in 5 years or more
674338926,way,last_update,4-3-2019,Feature has not been updated in 5 years or more
674338927,way,last_update,4-3-2019,Feature has not been updated in 5 years or more
674338928,way,last_update,4-3-2019,Feature has not been updated in 5 years or more
674338929,way,last_update,4-3-2019,Feature has not been updated in 5 years or more
674338930,way,last_update,4-3-2019,Feature has not been updated in 5 years or more
674341996,way,last_update,4-3-2019,Feature has not been updated in 5 years or more
674341997,way,last_update,4-3-2019,Feature has not been updated in 5 years or more
674341998,way,last_update,4-3-2019,Feature has not been updated in 5 years or more
674346499,way,last_update,4-3-2019,Feature has not been updated in 5 years or more
674346500,way,last_update,4-3-2019,Feature has not been updated in 5 years or more
674346501,way,last_update,4-3-2019,Feature has not been updated in 5 years or more
674346502,way,last_update,4-3-2019,Feature has not been updated in 5 years or more
674346503,way,last_update,4-3-2019,Feature has not been updated in 5 years or more
674346504,way,last_update,4-3-2019,Feature has not been updated in 5 years or more
674346505,way,last_update,4-3-2019,Feature has not been updated in 5 years or more
674428535,way,last_update,4-3-2019,Feature has not been updated in 5 years or more
674564766,way,last_update,5-3-2019,Feature has not been updated in 5 years or more
674564767,way,last_update,5-3-2019,Feature has not been updated in 5 years or more
674564768,way,last_update,5-3-2019,Feature has not been updated in 5 years or more
674564769,way,last_update,5-3-2019,Feature has not been updated in 5 years or more
674564770,way,last_update,5-3-2019,Feature has not been updated in 5 years or more
674564771,way,last_update,5-3-2019,Feature has not been updated in 5 years or more
674564772,way,last_update,5-3-2019,Feature has not been updated in 5 years or more
674565603,way,last_update,5-3-2019,Feature has not been updated in 5 years or more
674565604,way,last_update,5-3-2019,Feature has not been updated in 5 years or more
674565605,way,last_update,5-3-2019,Feature has not been updated in 5 years or more
674565606,way,last_update,5-3-2019,Feature has not been updated in 5 years or more
674565607,way,last_update,5-3-2019,Feature has not been updated in 5 years or more
674565608,way,last_update,5-3-2019,Feature has not been updated in 5 years or more
674565609,way,last_update,5-3-2019,Feature has not been updated in 5 years or more
674565610,way,last_update,5-3-2019,Feature has not been updated in 5 years or more
674565611,way,last_update,5-3-2019,Feature has not been updated in 5 years or more
674586809,way,last_update,5-3-2019,Feature has not been updated in 5 years or more
674586810,way,last_update,5-3-2019,Feature has not been updated in 5 years or more
674586814,way,last_update,5-3-2019,Feature has not been updated in 5 years or more
674849194,way,last_update,6-3-2019,Feature has not been updated in 5 years or more
675072854,way,last_update,7-3-2019,Feature has not been updated in 5 years or more
675072855,way,last_update,7-3-2019,Feature has not been updated in 5 years or more
675072859,way,last_update,7-3-2019,Feature has not been updated in 5 years or more
675072863,way,last_update,7-3-2019,Feature has not been updated in 5 years or more
675072864,way,last_update,7-3-2019,Feature has not been updated in 5 years or more
675085255,way,last_update,7-3-2019,Feature has not been updated in 5 years or more
675085256,way,last_update,7-3-2019,Feature has not been updated in 5 years or more
675087021,way,last_update,7-3-2019,Feature has not been updated in 5 years or more
675087022,way,last_update,7-3-2019,Feature has not been updated in 5 years or more
675087023,way,last_update,7-3-2019,Feature has not been updated in 5 years or more
675087024,way,last_update,7-3-2019,Feature has not been updated in 5 years or more
675087025,way,last_update,7-3-2019,Feature has not been updated in 5 years or more
675087026,way,last_update,7-3-2019,Feature has not been updated in 5 years or more
675087027,way,last_update,7-3-2019,Feature has not been updated in 5 years or more
675087028,way,last_update,7-3-2019,Feature has not been updated in 5 years or more
675089134,way,last_update,7-3-2019,Feature has not been updated in 5 years or more
675089135,way,last_update,7-3-2019,Feature has not been updated in 5 years or more
675089136,way,last_update,7-3-2019,Feature has not been updated in 5 years or more
675089137,way,last_update,7-3-2019,Feature has not been updated in 5 years or more
675089138,way,last_update,7-3-2019,Feature has not been updated in 5 years or more
675089139,way,last_update,7-3-2019,Feature has not been updated in 5 years or more
675089140,way,last_update,7-3-2019,Feature has not been updated in 5 years or more
675089141,way,last_update,7-3-2019,Feature has not been updated in 5 years or more
675314764,way,last_update,7-3-2019,Feature has not been updated in 5 years or more
675314767,way,last_update,7-3-2019,Feature has not been updated in 5 years or more
675314771,way,last_update,7-3-2019,Feature has not been updated in 5 years or more
675314787,way,last_update,7-3-2019,Feature has not been updated in 5 years or more
675314789,way,last_update,7-3-2019,Feature has not been updated in 5 years or more
675314792,way,last_update,3-5-2021,Feature has not been updated in 5 years or more
675314794,way,last_update,7-3-2019,Feature has not been updated in 5 years or more
675314800,way,last_update,7-3-2019,Feature has not been updated in 5 years or more
675314802,way,last_update,7-3-2019,Feature has not been updated in 5 years or more
675314804,way,last_update,3-5-2021,Feature has not been updated in 5 years or more
675314806,way,last_update,3-5-2021,Feature has not been updated in 5 years or more
676442718,way,last_update,14-3-2019,Feature has not been updated in 5 years or more
676442719,way,last_update,13-3-2019,Feature has not been updated in 5 years or more
676442720,way,last_update,12-5-2019,Feature has not been updated in 5 years or more
676442722,way,last_update,13-3-2019,Feature has not been updated in 5 years or more
676442723,way,last_update,12-5-2019,Feature has not been updated in 5 years or more
676442724,way,last_update,13-3-2019,Feature has not been updated in 5 years or more
676442727,way,last_update,13-3-2019,Feature has not been updated in 5 years or more
676442730,way,last_update,13-3-2019,Feature has not been updated in 5 years or more
676442731,way,last_update,13-3-2019,Feature has not been updated in 5 years or more
676442732,way,last_update,13-3-2019,Feature has not been updated in 5 years or more
676442733,way,last_update,13-3-2019,Feature has not been updated in 5 years or more
676442734,way,last_update,13-3-2019,Feature has not been updated in 5 years or more
676442735,way,last_update,13-3-2019,Feature has not been updated in 5 years or more
676442736,way,last_update,13-3-2019,Feature has not been updated in 5 years or more
676442737,way,last_update,13-3-2019,Feature has not been updated in 5 years or more
676442738,way,last_update,13-3-2019,Feature has not been updated in 5 years or more
676442739,way,last_update,13-3-2019,Feature has not been updated in 5 years or more
676442740,way,last_update,13-3-2019,Feature has not been updated in 5 years or more
676442741,way,last_update,13-3-2019,Feature has not been updated in 5 years or more
676442743,way,last_update,13-3-2019,Feature has not been updated in 5 years or more
676442744,way,last_update,13-3-2019,Feature has not been updated in 5 years or more
676442745,way,last_update,13-3-2019,Feature has not been updated in 5 years or more
676681529,way,last_update,14-3-2019,Feature has not been updated in 5 years or more
676681531,way,last_update,14-3-2019,Feature has not been updated in 5 years or more
676915908,way,last_update,14-3-2019,Feature has not been updated in 5 years or more
676915909,way,last_update,14-3-2019,Feature has not been updated in 5 years or more
676915913,way,last_update,14-3-2019,Feature has not been updated in 5 years or more
677194756,way,last_update,16-3-2019,Feature has not been updated in 5 years or more
677194757,way,last_update,16-3-2019,Feature has not been updated in 5 years or more
677194758,way,last_update,16-3-2019,Feature has not been updated in 5 years or more
677194759,way,last_update,16-3-2019,Feature has not been updated in 5 years or more
677199243,way,last_update,16-3-2019,Feature has not been updated in 5 years or more
677199244,way,last_update,16-3-2019,Feature has not been updated in 5 years or more
677199245,way,last_update,16-3-2019,Feature has not been updated in 5 years or more
677199246,way,last_update,16-3-2019,Feature has not been updated in 5 years or more
677199247,way,last_update,16-12-2020,Feature has not been updated in 5 years or more
677199248,way,last_update,16-3-2019,Feature has not been updated in 5 years or more
677199250,way,last_update,16-3-2019,Feature has not been updated in 5 years or more
677199253,way,last_update,16-3-2019,Feature has not been updated in 5 years or more
677199254,way,last_update,16-3-2019,Feature has not been updated in 5 years or more
677199255,way,last_update,16-3-2019,Feature has not been updated in 5 years or more
677199256,way,last_update,16-3-2019,Feature has not been updated in 5 years or more
677238845,way,last_update,16-3-2019,Feature has not been updated in 5 years or more
677238846,way,last_update,6-11-2020,Feature has not been updated in 5 years or more
677238847,way,last_update,16-3-2019,Feature has not been updated in 5 years or more
677238848,way,last_update,16-3-2019,Feature has not been updated in 5 years or more
677238849,way,last_update,16-3-2019,Feature has not been updated in 5 years or more
677238850,way,last_update,17-3-2019,Feature has not been updated in 5 years or more
677238851,way,last_update,17-3-2019,Feature has not been updated in 5 years or more
677238852,way,last_update,16-3-2019,Feature has not been updated in 5 years or more
677238853,way,last_update,16-3-2019,Feature has not been updated in 5 years or more
677238854,way,last_update,16-3-2019,Feature has not been updated in 5 years or more
677249747,way,last_update,31-3-2021,Feature has not been updated in 5 years or more
677249748,way,last_update,31-3-2021,Feature has not been updated in 5 years or more
677249749,way,last_update,31-3-2021,Feature has not been updated in 5 years or more
677249750,way,last_update,31-3-2021,Feature has not been updated in 5 years or more
677249751,way,last_update,31-3-2021,Feature has not been updated in 5 years or more
677249752,way,last_update,31-3-2021,Feature has not been updated in 5 years or more
677249753,way,last_update,31-3-2021,Feature has not been updated in 5 years or more
677249754,way,last_update,31-3-2021,Feature has not been updated in 5 years or more
677249755,way,last_update,31-3-2021,Feature has not been updated in 5 years or more
677249756,way,last_update,16-3-2019,Feature has not been updated in 5 years or more
677249757,way,last_update,16-3-2019,Feature has not been updated in 5 years or more
677249758,way,last_update,16-3-2019,Feature has not been updated in 5 years or more
677249759,way,last_update,31-3-2021,Feature has not been updated in 5 years or more
677249760,way,last_update,16-3-2019,Feature has not been updated in 5 years or more
677249761,way,last_update,16-3-2019,Feature has not been updated in 5 years or more
677249763,way,last_update,16-3-2019,Feature has not been updated in 5 years or more
677249764,way,last_update,31-3-2021,Feature has not been updated in 5 years or more
677249765,way,last_update,31-3-2021,Feature has not been updated in 5 years or more
677249766,way,last_update,31-3-2021,Feature has not been updated in 5 years or more
677249767,way,last_update,31-3-2021,Feature has not been updated in 5 years or more
677251306,way,last_update,16-3-2019,Feature has not been updated in 5 years or more
677251309,way,last_update,16-3-2019,Feature has not been updated in 5 years or more
677251311,way,last_update,16-3-2019,Feature has not been updated in 5 years or more
677251314,way,last_update,16-3-2019,Feature has not been updated in 5 years or more
677251317,way,last_update,16-3-2019,Feature has not been updated in 5 years or more
677280941,way,last_update,16-3-2019,Feature has not been updated in 5 years or more
677280942,way,last_update,16-3-2019,Feature has not been updated in 5 years or more
677447492,way,last_update,17-3-2019,Feature has not been updated in 5 years or more
677447496,way,last_update,17-3-2019,Feature has not been updated in 5 years or more
677447504,way,last_update,17-3-2019,Feature has not been updated in 5 years or more
678658504,way,last_update,22-3-2019,Feature has not been updated in 5 years or more
678658505,way,last_update,22-3-2019,Feature has not been updated in 5 years or more
678658506,way,last_update,22-3-2019,Feature has not been updated in 5 years or more
678658507,way,last_update,22-3-2019,Feature has not been updated in 5 years or more
678658508,way,last_update,22-3-2019,Feature has not been updated in 5 years or more
678658509,way,last_update,22-3-2019,Feature has not been updated in 5 years or more
678658510,way,last_update,22-3-2019,Feature has not been updated in 5 years or more
678658511,way,last_update,22-3-2019,Feature has not been updated in 5 years or more
678658512,way,last_update,22-3-2019,Feature has not been updated in 5 years or more
678658513,way,last_update,22-3-2019,Feature has not been updated in 5 years or more
678658514,way,last_update,22-3-2019,Feature has not been updated in 5 years or more
678658515,way,last_update,22-3-2019,Feature has not been updated in 5 years or more
678899411,way,last_update,23-3-2019,Feature has not been updated in 5 years or more
678899412,way,last_update,23-3-2019,Feature has not been updated in 5 years or more
678899413,way,last_update,23-3-2019,Feature has not been updated in 5 years or more
678899415,way,last_update,23-3-2019,Feature has not been updated in 5 years or more
678899416,way,last_update,23-3-2019,Feature has not been updated in 5 years or more
678899417,way,last_update,23-3-2019,Feature has not been updated in 5 years or more
678899418,way,last_update,23-3-2019,Feature has not been updated in 5 years or more
678902533,way,last_update,23-3-2019,Feature has not been updated in 5 years or more
678958344,way,last_update,24-3-2019,Feature has not been updated in 5 years or more
678958346,way,last_update,24-3-2019,Feature has not been updated in 5 years or more
678958347,way,last_update,24-3-2019,Feature has not been updated in 5 years or more
678958348,way,last_update,24-3-2019,Feature has not been updated in 5 years or more
678961031,way,last_update,24-3-2019,Feature has not been updated in 5 years or more
678961033,way,last_update,24-3-2019,Feature has not been updated in 5 years or more
678961036,way,last_update,24-3-2019,Feature has not been updated in 5 years or more
678961039,way,last_update,24-3-2019,Feature has not been updated in 5 years or more
678961041,way,last_update,24-3-2019,Feature has not been updated in 5 years or more
678961043,way,last_update,24-3-2019,Feature has not been updated in 5 years or more
678961045,way,last_update,24-3-2019,Feature has not been updated in 5 years or more
678961047,way,last_update,24-3-2019,Feature has not been updated in 5 years or more
678961048,way,last_update,24-3-2019,Feature has not been updated in 5 years or more
678966143,way,last_update,24-3-2019,Feature has not been updated in 5 years or more
679059108,way,last_update,24-3-2019,Feature has not been updated in 5 years or more
679059109,way,last_update,24-3-2019,Feature has not been updated in 5 years or more
679059110,way,last_update,24-3-2019,Feature has not been updated in 5 years or more
679059111,way,last_update,24-3-2019,Feature has not been updated in 5 years or more
679364605,way,last_update,26-3-2019,Feature has not been updated in 5 years or more
679364606,way,last_update,26-3-2019,Feature has not been updated in 5 years or more
679368225,way,last_update,26-3-2019,Feature has not been updated in 5 years or more
679368226,way,last_update,11-11-2020,Feature has not been updated in 5 years or more
679368227,way,last_update,26-3-2019,Feature has not been updated in 5 years or more
679368229,way,last_update,26-3-2019,Feature has not been updated in 5 years or more
679368230,way,last_update,26-3-2019,Feature has not been updated in 5 years or more
679368232,way,last_update,26-3-2019,Feature has not been updated in 5 years or more
679368233,way,last_update,26-3-2019,Feature has not been updated in 5 years or more
679368234,way,last_update,26-3-2019,Feature has not been updated in 5 years or more
679621049,way,last_update,27-3-2019,Feature has not been updated in 5 years or more
679624866,way,last_update,27-3-2019,Feature has not been updated in 5 years or more
679624867,way,last_update,27-3-2019,Feature has not been updated in 5 years or more
679624868,way,last_update,27-3-2019,Feature has not been updated in 5 years or more
679624874,way,last_update,27-3-2019,Feature has not been updated in 5 years or more
679624876,way,last_update,27-3-2019,Feature has not been updated in 5 years or more
679624877,way,last_update,27-3-2019,Feature has not been updated in 5 years or more
679626451,way,last_update,12-5-2019,Feature has not been updated in 5 years or more
679631734,way,last_update,27-3-2019,Feature has not been updated in 5 years or more
679633627,way,last_update,27-3-2019,Feature has not been updated in 5 years or more
679633628,way,last_update,27-3-2019,Feature has not been updated in 5 years or more
679633631,way,last_update,27-3-2019,Feature has not been updated in 5 years or more
679633637,way,last_update,27-3-2019,Feature has not been updated in 5 years or more
679633638,way,last_update,27-3-2019,Feature has not been updated in 5 years or more
679633639,way,last_update,27-3-2019,Feature has not been updated in 5 years or more
679633640,way,last_update,27-3-2019,Feature has not been updated in 5 years or more
679633641,way,last_update,27-3-2019,Feature has not been updated in 5 years or more
680243831,way,last_update,29-3-2019,Feature has not been updated in 5 years or more
680243832,way,last_update,29-3-2019,Feature has not been updated in 5 years or more
680243833,way,last_update,29-3-2019,Feature has not been updated in 5 years or more
680243834,way,last_update,29-3-2019,Feature has not been updated in 5 years or more
680243835,way,last_update,29-3-2019,Feature has not been updated in 5 years or more
680243836,way,last_update,29-3-2019,Feature has not been updated in 5 years or more
680243837,way,last_update,29-3-2019,Feature has not been updated in 5 years or more
680243838,way,last_update,29-3-2019,Feature has not been updated in 5 years or more
680243839,way,last_update,29-3-2019,Feature has not been updated in 5 years or more
680243840,way,last_update,29-3-2019,Feature has not been updated in 5 years or more
680243841,way,last_update,29-3-2019,Feature has not been updated in 5 years or more
680243842,way,last_update,29-3-2019,Feature has not been updated in 5 years or more
680250021,way,last_update,29-3-2019,Feature has not been updated in 5 years or more
680250022,way,last_update,29-3-2019,Feature has not been updated in 5 years or more
680250023,way,last_update,29-3-2019,Feature has not been updated in 5 years or more
680250024,way,last_update,29-3-2019,Feature has not been updated in 5 years or more
680250025,way,last_update,29-3-2019,Feature has not been updated in 5 years or more
680250026,way,last_update,29-3-2019,Feature has not been updated in 5 years or more
680250027,way,last_update,29-3-2019,Feature has not been updated in 5 years or more
680250028,way,last_update,29-3-2019,Feature has not been updated in 5 years or more
680250029,way,last_update,29-3-2019,Feature has not been updated in 5 years or more
680250030,way,last_update,29-3-2019,Feature has not been updated in 5 years or more
680250031,way,last_update,29-3-2019,Feature has not been updated in 5 years or more
680250032,way,last_update,29-3-2019,Feature has not been updated in 5 years or more
680250033,way,last_update,29-3-2019,Feature has not been updated in 5 years or more
680250034,way,last_update,29-3-2019,Feature has not been updated in 5 years or more
680250035,way,last_update,29-3-2019,Feature has not been updated in 5 years or more
680250036,way,last_update,29-3-2019,Feature has not been updated in 5 years or more
680250037,way,last_update,29-3-2019,Feature has not been updated in 5 years or more
680250038,way,last_update,29-3-2019,Feature has not been updated in 5 years or more
680250039,way,last_update,29-3-2019,Feature has not been updated in 5 years or more
680250040,way,last_update,29-3-2019,Feature has not been updated in 5 years or more
680250043,way,last_update,29-3-2019,Feature has not been updated in 5 years or more
680250044,way,last_update,29-3-2019,Feature has not been updated in 5 years or more
680250045,way,last_update,29-3-2019,Feature has not been updated in 5 years or more
680250046,way,last_update,29-3-2019,Feature has not been updated in 5 years or more
680250047,way,last_update,29-3-2019,Feature has not been updated in 5 years or more
680250048,way,last_update,29-3-2019,Feature has not been updated in 5 years or more
680250049,way,last_update,7-5-2021,Feature has not been updated in 5 years or more
680250050,way,last_update,29-3-2019,Feature has not been updated in 5 years or more
680250052,way,last_update,7-5-2021,Feature has not been updated in 5 years or more
680251876,way,last_update,29-3-2019,Feature has not been updated in 5 years or more
680251877,way,last_update,29-3-2019,Feature has not been updated in 5 years or more
680251878,way,last_update,29-3-2019,Feature has not been updated in 5 years or more
680251879,way,last_update,29-3-2019,Feature has not been updated in 5 years or more
680251880,way,last_update,29-3-2019,Feature has not been updated in 5 years or more
680251881,way,last_update,29-3-2019,Feature has not been updated in 5 years or more
680251886,way,last_update,29-3-2019,Feature has not been updated in 5 years or more
680251887,way,last_update,29-3-2019,Feature has not been updated in 5 years or more
680251888,way,last_update,29-3-2019,Feature has not been updated in 5 years or more
680251895,way,last_update,29-3-2019,Feature has not been updated in 5 years or more
680251896,way,last_update,29-3-2019,Feature has not been updated in 5 years or more
680251897,way,last_update,29-3-2019,Feature has not been updated in 5 years or more
680251898,way,last_update,29-3-2019,Feature has not been updated in 5 years or more
680251899,way,last_update,29-3-2019,Feature has not been updated in 5 years or more
680251900,way,last_update,29-3-2019,Feature has not been updated in 5 years or more
680254504,way,last_update,29-3-2019,Feature has not been updated in 5 years or more
680692015,way,last_update,31-3-2019,Feature has not been updated in 5 years or more
680692016,way,last_update,21-11-2020,Feature has not been updated in 5 years or more
680692017,way,last_update,21-11-2020,Feature has not been updated in 5 years or more
680692018,way,last_update,21-11-2020,Feature has not been updated in 5 years or more
680692019,way,last_update,31-3-2019,Feature has not been updated in 5 years or more
680692020,way,last_update,31-3-2019,Feature has not been updated in 5 years or more
680692021,way,last_update,31-3-2019,Feature has not been updated in 5 years or more
680692022,way,last_update,31-3-2019,Feature has not been updated in 5 years or more
680692023,way,last_update,31-3-2019,Feature has not been updated in 5 years or more
680692024,way,last_update,31-3-2019,Feature has not been updated in 5 years or more
680692025,way,last_update,31-3-2019,Feature has not been updated in 5 years or more
680692026,way,last_update,31-3-2019,Feature has not been updated in 5 years or more
680692027,way,last_update,31-3-2019,Feature has not been updated in 5 years or more
680700542,way,last_update,21-11-2020,Feature has not been updated in 5 years or more
680700543,way,last_update,21-11-2020,Feature has not been updated in 5 years or more
680700544,way,last_update,21-11-2020,Feature has not been updated in 5 years or more
680700545,way,last_update,21-11-2020,Feature has not been updated in 5 years or more
680700546,way,last_update,21-11-2020,Feature has not been updated in 5 years or more
680700547,way,last_update,21-11-2020,Feature has not been updated in 5 years or more
680700548,way,last_update,21-11-2020,Feature has not been updated in 5 years or more
680703679,way,last_update,31-3-2019,Feature has not been updated in 5 years or more
680703680,way,last_update,31-3-2019,Feature has not been updated in 5 years or more
680716230,way,last_update,21-11-2020,Feature has not been updated in 5 years or more
680716231,way,last_update,31-3-2019,Feature has not been updated in 5 years or more
680716233,way,last_update,21-11-2020,Feature has not been updated in 5 years or more
680716235,way,last_update,21-11-2020,Feature has not been updated in 5 years or more
680716236,way,last_update,21-11-2020,Feature has not been updated in 5 years or more
680716239,way,last_update,21-11-2020,Feature has not been updated in 5 years or more
680721779,way,last_update,26-11-2020,Feature has not been updated in 5 years or more
680721780,way,last_update,26-11-2020,Feature has not been updated in 5 years or more
680721781,way,last_update,26-11-2020,Feature has not been updated in 5 years or more
680721783,way,last_update,26-11-2020,Feature has not been updated in 5 years or more
680721784,way,last_update,26-11-2020,Feature has not been updated in 5 years or more
680721785,way,last_update,31-3-2019,Feature has not been updated in 5 years or more
680721786,way,last_update,26-11-2020,Feature has not been updated in 5 years or more
680721787,way,last_update,31-3-2019,Feature has not been updated in 5 years or more
680721788,way,last_update,31-3-2019,Feature has not been updated in 5 years or more
680721789,way,last_update,26-11-2020,Feature has not been updated in 5 years or more
680721790,way,last_update,26-11-2020,Feature has not been updated in 5 years or more
680721791,way,last_update,26-11-2020,Feature has not been updated in 5 years or more
680721792,way,last_update,31-3-2019,Feature has not been updated in 5 years or more
680721793,way,last_update,26-11-2020,Feature has not been updated in 5 years or more
681427358,way,last_update,3-4-2019,Feature has not been updated in 5 years or more
681957246,way,last_update,20-4-2020,Feature has not been updated in 5 years or more
682051166,way,last_update,6-4-2019,Feature has not been updated in 5 years or more
682275287,way,last_update,7-4-2019,Feature has not been updated in 5 years or more
682275288,way,last_update,7-4-2019,Feature has not been updated in 5 years or more
682275290,way,last_update,7-4-2019,Feature has not been updated in 5 years or more
682275294,way,last_update,7-4-2019,Feature has not been updated in 5 years or more
682275295,way,last_update,7-4-2019,Feature has not been updated in 5 years or more
682275296,way,last_update,7-4-2019,Feature has not been updated in 5 years or more
682275299,way,last_update,7-4-2019,Feature has not been updated in 5 years or more
682275300,way,last_update,16-1-2021,Feature has not been updated in 5 years or more
682275301,way,last_update,19-7-2020,Feature has not been updated in 5 years or more
682275302,way,last_update,19-7-2020,Feature has not been updated in 5 years or more
682275303,way,last_update,19-7-2020,Feature has not been updated in 5 years or more
682275304,way,last_update,19-7-2020,Feature has not been updated in 5 years or more
682275306,way,last_update,7-4-2019,Feature has not been updated in 5 years or more
682275307,way,last_update,2-11-2020,Feature has not been updated in 5 years or more
682275308,way,last_update,2-11-2020,Feature has not been updated in 5 years or more
682275309,way,last_update,2-11-2020,Feature has not been updated in 5 years or more
682275310,way,last_update,2-11-2020,Feature has not been updated in 5 years or more
682276775,way,last_update,16-1-2021,Feature has not been updated in 5 years or more
682276781,way,last_update,16-1-2021,Feature has not been updated in 5 years or more
682277431,way,last_update,7-4-2019,Feature has not been updated in 5 years or more
682277432,way,last_update,7-4-2019,Feature has not been updated in 5 years or more
682277433,way,last_update,7-4-2019,Feature has not been updated in 5 years or more
682277434,way,last_update,14-4-2019,Feature has not been updated in 5 years or more
682277435,way,last_update,7-4-2019,Feature has not been updated in 5 years or more
682277691,way,last_update,7-4-2019,Feature has not been updated in 5 years or more
682277693,way,last_update,7-4-2019,Feature has not been updated in 5 years or more
682327508,way,last_update,8-4-2019,Feature has not been updated in 5 years or more
682329013,way,last_update,8-4-2019,Feature has not been updated in 5 years or more
682329014,way,last_update,8-4-2019,Feature has not been updated in 5 years or more
682329015,way,last_update,25-5-2019,Feature has not been updated in 5 years or more
682329016,way,last_update,8-4-2019,Feature has not been updated in 5 years or more
682329017,way,last_update,8-4-2019,Feature has not been updated in 5 years or more
682329018,way,last_update,8-4-2019,Feature has not been updated in 5 years or more
682339793,way,last_update,1-12-2020,Feature has not been updated in 5 years or more
682339796,way,last_update,8-4-2019,Feature has not been updated in 5 years or more
682339798,way,last_update,8-4-2019,Feature has not been updated in 5 years or more
682339800,way,last_update,15-10-2019,Feature has not been updated in 5 years or more
682339801,way,last_update,15-10-2019,Feature has not been updated in 5 years or more
682339805,way,last_update,1-12-2020,Feature has not been updated in 5 years or more
682339807,way,last_update,8-4-2019,Feature has not been updated in 5 years or more
683255032,way,last_update,11-4-2019,Feature has not been updated in 5 years or more
683255033,way,last_update,11-4-2019,Feature has not been updated in 5 years or more
683255034,way,last_update,11-4-2019,Feature has not been updated in 5 years or more
683255035,way,last_update,11-4-2019,Feature has not been updated in 5 years or more
683255036,way,last_update,11-4-2019,Feature has not been updated in 5 years or more
683255038,way,last_update,11-4-2019,Feature has not been updated in 5 years or more
683255039,way,last_update,8-5-2021,Feature has not been updated in 5 years or more
683255040,way,last_update,8-5-2021,Feature has not been updated in 5 years or more
683255041,way,last_update,11-4-2019,Feature has not been updated in 5 years or more
683255044,way,last_update,11-4-2019,Feature has not been updated in 5 years or more
683255045,way,last_update,11-4-2019,Feature has not been updated in 5 years or more
683255046,way,last_update,11-4-2019,Feature has not been updated in 5 years or more
683255047,way,last_update,11-4-2019,Feature has not been updated in 5 years or more
683255048,way,last_update,11-4-2019,Feature has not been updated in 5 years or more
683255049,way,last_update,11-4-2019,Feature has not been updated in 5 years or more
683255054,way,last_update,11-4-2019,Feature has not been updated in 5 years or more
683255055,way,last_update,11-4-2019,Feature has not been updated in 5 years or more
683255056,way,last_update,11-4-2019,Feature has not been updated in 5 years or more
683255057,way,last_update,11-4-2019,Feature has not been updated in 5 years or more
683255058,way,last_update,11-4-2019,Feature has not been updated in 5 years or more
683255059,way,last_update,11-4-2019,Feature has not been updated in 5 years or more
683673055,way,last_update,17-12-2020,Feature has not been updated in 5 years or more
683708111,way,last_update,14-4-2019,Feature has not been updated in 5 years or more
683708112,way,last_update,28-4-2019,Feature has not been updated in 5 years or more
683708113,way,last_update,28-4-2019,Feature has not been updated in 5 years or more
685351869,way,last_update,23-4-2019,Feature has not been updated in 5 years or more
685351870,way,last_update,23-4-2019,Feature has not been updated in 5 years or more
685351873,way,last_update,23-4-2019,Feature has not been updated in 5 years or more
685351874,way,last_update,23-4-2019,Feature has not been updated in 5 years or more
685351876,way,last_update,23-4-2019,Feature has not been updated in 5 years or more
685351877,way,last_update,23-4-2019,Feature has not been updated in 5 years or more
686305134,way,last_update,27-4-2019,Feature has not been updated in 5 years or more
686992283,way,last_update,1-5-2019,Feature has not been updated in 5 years or more
687268404,way,last_update,2-5-2019,Feature has not been updated in 5 years or more
687268405,way,last_update,13-8-2020,Feature has not been updated in 5 years or more
687268406,way,last_update,2-5-2019,Feature has not been updated in 5 years or more
687268407,way,last_update,2-5-2019,Feature has not been updated in 5 years or more
687268408,way,last_update,2-5-2019,Feature has not been updated in 5 years or more
687268409,way,last_update,2-5-2019,Feature has not been updated in 5 years or more
687268410,way,last_update,2-5-2019,Feature has not been updated in 5 years or more
687268411,way,last_update,2-5-2019,Feature has not been updated in 5 years or more
687268412,way,last_update,2-5-2019,Feature has not been updated in 5 years or more
687268413,way,last_update,2-5-2019,Feature has not been updated in 5 years or more
687507285,way,last_update,3-5-2019,Feature has not been updated in 5 years or more
687507286,way,last_update,3-5-2019,Feature has not been updated in 5 years or more
687507287,way,last_update,3-5-2019,Feature has not been updated in 5 years or more
687833848,way,last_update,30-7-2020,Feature has not been updated in 5 years or more
687850831,way,last_update,4-5-2019,Feature has not been updated in 5 years or more
687850832,way,last_update,4-5-2019,Feature has not been updated in 5 years or more
687850833,way,last_update,4-5-2019,Feature has not been updated in 5 years or more
687879298,way,last_update,5-5-2019,Feature has not been updated in 5 years or more
687879299,way,last_update,5-5-2019,Feature has not been updated in 5 years or more
687879300,way,last_update,5-5-2019,Feature has not been updated in 5 years or more
687879301,way,last_update,5-5-2019,Feature has not been updated in 5 years or more
687879302,way,last_update,5-5-2019,Feature has not been updated in 5 years or more
687879303,way,last_update,5-5-2019,Feature has not been updated in 5 years or more
687879304,way,last_update,5-5-2019,Feature has not been updated in 5 years or more
687879306,way,last_update,5-5-2019,Feature has not been updated in 5 years or more
687879307,way,last_update,5-5-2019,Feature has not been updated in 5 years or more
687879308,way,last_update,5-5-2019,Feature has not been updated in 5 years or more
687879309,way,last_update,5-5-2019,Feature has not been updated in 5 years or more
687879310,way,last_update,5-5-2019,Feature has not been updated in 5 years or more
687879311,way,last_update,5-5-2019,Feature has not been updated in 5 years or more
687886658,way,last_update,5-5-2019,Feature has not been updated in 5 years or more
687886660,way,last_update,5-5-2019,Feature has not been updated in 5 years or more
687886661,way,last_update,5-5-2019,Feature has not been updated in 5 years or more
687886662,way,last_update,5-5-2019,Feature has not been updated in 5 years or more
687886663,way,last_update,5-5-2019,Feature has not been updated in 5 years or more
687886664,way,last_update,5-5-2019,Feature has not been updated in 5 years or more
687886666,way,last_update,5-5-2019,Feature has not been updated in 5 years or more
687886667,way,last_update,5-5-2019,Feature has not been updated in 5 years or more
687886669,way,last_update,5-5-2019,Feature has not been updated in 5 years or more
688032316,way,last_update,5-5-2019,Feature has not been updated in 5 years or more
688032317,way,last_update,5-5-2019,Feature has not been updated in 5 years or more
688032318,way,last_update,5-5-2019,Feature has not been updated in 5 years or more
688053577,way,last_update,5-5-2019,Feature has not been updated in 5 years or more
688053579,way,last_update,5-5-2019,Feature has not been updated in 5 years or more
688053580,way,last_update,5-5-2019,Feature has not been updated in 5 years or more
688053581,way,last_update,5-5-2019,Feature has not been updated in 5 years or more
688053582,way,last_update,5-5-2019,Feature has not been updated in 5 years or more
688053583,way,last_update,5-5-2019,Feature has not been updated in 5 years or more
688270350,way,last_update,7-5-2019,Feature has not been updated in 5 years or more
688270351,way,last_update,7-5-2019,Feature has not been updated in 5 years or more
688803999,way,last_update,9-5-2019,Feature has not been updated in 5 years or more
689346277,way,last_update,11-5-2019,Feature has not been updated in 5 years or more
689346281,way,last_update,11-5-2019,Feature has not been updated in 5 years or more
689346282,way,last_update,11-5-2019,Feature has not been updated in 5 years or more
689346283,way,last_update,11-5-2019,Feature has not been updated in 5 years or more
689346284,way,last_update,11-5-2019,Feature has not been updated in 5 years or more
689346285,way,last_update,11-5-2019,Feature has not been updated in 5 years or more
689346286,way,last_update,11-5-2019,Feature has not been updated in 5 years or more
689346287,way,last_update,11-5-2019,Feature has not been updated in 5 years or more
689346288,way,last_update,11-5-2019,Feature has not been updated in 5 years or more
689346289,way,last_update,11-5-2019,Feature has not been updated in 5 years or more
689346290,way,last_update,11-5-2019,Feature has not been updated in 5 years or more
689346293,way,last_update,11-5-2019,Feature has not been updated in 5 years or more
689350447,way,last_update,11-5-2019,Feature has not been updated in 5 years or more
689364810,way,last_update,11-5-2019,Feature has not been updated in 5 years or more
689364813,way,last_update,11-5-2019,Feature has not been updated in 5 years or more
689364814,way,last_update,11-5-2019,Feature has not been updated in 5 years or more
689364817,way,last_update,11-5-2019,Feature has not been updated in 5 years or more
689364819,way,last_update,11-5-2019,Feature has not been updated in 5 years or more
689364820,way,last_update,11-5-2019,Feature has not been updated in 5 years or more
689364822,way,last_update,11-5-2019,Feature has not been updated in 5 years or more
689364823,way,last_update,11-5-2019,Feature has not been updated in 5 years or more
689364824,way,last_update,11-5-2019,Feature has not been updated in 5 years or more
689364826,way,last_update,11-5-2019,Feature has not been updated in 5 years or more
689364827,way,last_update,11-5-2019,Feature has not been updated in 5 years or more
689364829,way,last_update,11-5-2019,Feature has not been updated in 5 years or more
689364832,way,last_update,11-5-2019,Feature has not been updated in 5 years or more
689364833,way,last_update,11-5-2019,Feature has not been updated in 5 years or more
689364836,way,last_update,16-6-2020,Feature has not been updated in 5 years or more
689364837,way,last_update,11-5-2019,Feature has not been updated in 5 years or more
689376704,way,last_update,11-5-2019,Feature has not been updated in 5 years or more
689376705,way,last_update,11-5-2019,Feature has not been updated in 5 years or more
689376706,way,last_update,11-5-2019,Feature has not been updated in 5 years or more
689376707,way,last_update,11-5-2019,Feature has not been updated in 5 years or more
689376708,way,last_update,11-5-2019,Feature has not been updated in 5 years or more
689376709,way,last_update,11-5-2019,Feature has not been updated in 5 years or more
689376710,way,last_update,11-5-2019,Feature has not been updated in 5 years or more
689376711,way,last_update,11-5-2019,Feature has not been updated in 5 years or more
689376712,way,last_update,11-5-2019,Feature has not been updated in 5 years or more
689376713,way,last_update,11-5-2019,Feature has not been updated in 5 years or more
689376715,way,last_update,11-5-2019,Feature has not been updated in 5 years or more
689382115,way,last_update,11-5-2019,Feature has not been updated in 5 years or more
689382116,way,last_update,11-5-2019,Feature has not been updated in 5 years or more
689382120,way,last_update,11-5-2019,Feature has not been updated in 5 years or more
689405911,way,last_update,12-5-2019,Feature has not been updated in 5 years or more
690104326,way,last_update,15-5-2019,Feature has not been updated in 5 years or more
690602538,way,last_update,24-6-2021,Feature has not been updated in 5 years or more
690926257,way,last_update,18-5-2019,Feature has not been updated in 5 years or more
690926258,way,last_update,18-5-2019,Feature has not been updated in 5 years or more
690926260,way,last_update,18-5-2019,Feature has not been updated in 5 years or more
690926261,way,last_update,18-5-2019,Feature has not been updated in 5 years or more
690926262,way,last_update,18-5-2019,Feature has not been updated in 5 years or more
690926264,way,last_update,18-5-2019,Feature has not been updated in 5 years or more
690926265,way,last_update,18-5-2019,Feature has not been updated in 5 years or more
690926266,way,last_update,18-5-2019,Feature has not been updated in 5 years or more
690935545,way,last_update,18-5-2019,Feature has not been updated in 5 years or more
690935546,way,last_update,18-5-2019,Feature has not been updated in 5 years or more
690935547,way,last_update,18-5-2019,Feature has not been updated in 5 years or more
690935548,way,last_update,1-6-2019,Feature has not been updated in 5 years or more
690948226,way,last_update,18-5-2019,Feature has not been updated in 5 years or more
690948227,way,last_update,18-5-2019,Feature has not been updated in 5 years or more
690948228,way,last_update,18-5-2019,Feature has not been updated in 5 years or more
690948259,way,last_update,18-5-2019,Feature has not been updated in 5 years or more
690948262,way,last_update,18-5-2019,Feature has not been updated in 5 years or more
690948263,way,last_update,18-5-2019,Feature has not been updated in 5 years or more
690948265,way,last_update,18-5-2019,Feature has not been updated in 5 years or more
690954601,way,last_update,18-5-2019,Feature has not been updated in 5 years or more
690954602,way,last_update,18-5-2019,Feature has not been updated in 5 years or more
690954603,way,last_update,18-5-2019,Feature has not been updated in 5 years or more
690962542,way,last_update,18-5-2019,Feature has not been updated in 5 years or more
690973143,way,last_update,19-5-2019,Feature has not been updated in 5 years or more
690973144,way,last_update,19-5-2019,Feature has not been updated in 5 years or more
690973145,way,last_update,19-5-2019,Feature has not been updated in 5 years or more
690973146,way,last_update,19-5-2019,Feature has not been updated in 5 years or more
690973147,way,last_update,19-5-2019,Feature has not been updated in 5 years or more
690973148,way,last_update,19-5-2019,Feature has not been updated in 5 years or more
690973149,way,last_update,19-5-2019,Feature has not been updated in 5 years or more
690973150,way,last_update,19-5-2019,Feature has not been updated in 5 years or more
690973151,way,last_update,19-5-2019,Feature has not been updated in 5 years or more
691838820,way,last_update,23-5-2019,Feature has not been updated in 5 years or more
691838822,way,last_update,17-6-2021,Feature has not been updated in 5 years or more
691838823,way,last_update,17-6-2021,Feature has not been updated in 5 years or more
691838824,way,last_update,17-6-2021,Feature has not been updated in 5 years or more
691838825,way,last_update,17-6-2021,Feature has not been updated in 5 years or more
691838826,way,last_update,17-6-2021,Feature has not been updated in 5 years or more
691838828,way,last_update,23-5-2019,Feature has not been updated in 5 years or more
691838832,way,last_update,17-6-2021,Feature has not been updated in 5 years or more
691842369,way,last_update,23-5-2019,Feature has not been updated in 5 years or more
691842371,way,last_update,23-5-2019,Feature has not been updated in 5 years or more
691842372,way,last_update,23-5-2019,Feature has not been updated in 5 years or more
691846361,way,last_update,23-5-2019,Feature has not been updated in 5 years or more
692092010,way,last_update,23-5-2019,Feature has not been updated in 5 years or more
692092011,way,last_update,3-5-2021,Feature has not been updated in 5 years or more
692092012,way,last_update,23-5-2019,Feature has not been updated in 5 years or more
692355330,way,last_update,25-5-2019,Feature has not been updated in 5 years or more
692355331,way,last_update,25-8-2019,Feature has not been updated in 5 years or more
692355332,way,last_update,25-5-2019,Feature has not been updated in 5 years or more
692355334,way,last_update,25-8-2019,Feature has not been updated in 5 years or more
692355335,way,last_update,25-8-2019,Feature has not been updated in 5 years or more
692355336,way,last_update,25-5-2019,Feature has not been updated in 5 years or more
692355337,way,last_update,25-8-2019,Feature has not been updated in 5 years or more
692355338,way,last_update,25-5-2019,Feature has not been updated in 5 years or more
692355339,way,last_update,25-8-2019,Feature has not been updated in 5 years or more
692355340,way,last_update,25-8-2019,Feature has not been updated in 5 years or more
692499219,way,last_update,25-5-2019,Feature has not been updated in 5 years or more
692499220,way,last_update,25-5-2019,Feature has not been updated in 5 years or more
692499221,way,last_update,25-5-2019,Feature has not been updated in 5 years or more
692499222,way,last_update,25-5-2019,Feature has not been updated in 5 years or more
692510016,way,last_update,26-5-2019,Feature has not been updated in 5 years or more
692510017,way,last_update,26-5-2019,Feature has not been updated in 5 years or more
692510057,way,last_update,26-5-2019,Feature has not been updated in 5 years or more
692510058,way,last_update,26-5-2019,Feature has not been updated in 5 years or more
692510059,way,last_update,26-5-2019,Feature has not been updated in 5 years or more
692510060,way,last_update,26-5-2019,Feature has not been updated in 5 years or more
692510061,way,last_update,26-5-2019,Feature has not been updated in 5 years or more
692510062,way,last_update,26-5-2019,Feature has not been updated in 5 years or more
692660691,way,last_update,27-5-2019,Feature has not been updated in 5 years or more
692660692,way,last_update,27-5-2019,Feature has not been updated in 5 years or more
693124934,way,last_update,29-5-2019,Feature has not been updated in 5 years or more
693124937,way,last_update,29-5-2019,Feature has not been updated in 5 years or more
693124940,way,last_update,29-5-2019,Feature has not been updated in 5 years or more
693124941,way,last_update,29-5-2019,Feature has not been updated in 5 years or more
693964105,way,last_update,1-6-2019,Feature has not been updated in 5 years or more
693964106,way,last_update,17-12-2020,Feature has not been updated in 5 years or more
693964107,way,last_update,1-6-2019,Feature has not been updated in 5 years or more
693964108,way,last_update,1-6-2019,Feature has not been updated in 5 years or more
693964110,way,last_update,1-6-2019,Feature has not been updated in 5 years or more
693964115,way,last_update,1-6-2019,Feature has not been updated in 5 years or more
693964116,way,last_update,1-6-2019,Feature has not been updated in 5 years or more
693964117,way,last_update,17-12-2020,Feature has not been updated in 5 years or more
693964118,way,last_update,1-6-2019,Feature has not been updated in 5 years or more
693964119,way,last_update,1-6-2019,Feature has not been updated in 5 years or more
693964120,way,last_update,1-6-2019,Feature has not been updated in 5 years or more
693964121,way,last_update,1-6-2019,Feature has not been updated in 5 years or more
693964122,way,last_update,1-6-2019,Feature has not been updated in 5 years or more
693964123,way,last_update,1-6-2019,Feature has not been updated in 5 years or more
693964124,way,last_update,1-6-2019,Feature has not been updated in 5 years or more
693964126,way,last_update,1-6-2019,Feature has not been updated in 5 years or more
693964128,way,last_update,1-6-2019,Feature has not been updated in 5 years or more
694003407,way,last_update,2-6-2019,Feature has not been updated in 5 years or more
694003408,way,last_update,2-6-2019,Feature has not been updated in 5 years or more
694003409,way,last_update,2-6-2019,Feature has not been updated in 5 years or more
694003410,way,last_update,2-6-2019,Feature has not been updated in 5 years or more
694003411,way,last_update,2-6-2019,Feature has not been updated in 5 years or more
694003412,way,last_update,2-6-2019,Feature has not been updated in 5 years or more
694003413,way,last_update,2-6-2019,Feature has not been updated in 5 years or more
694003414,way,last_update,2-6-2019,Feature has not been updated in 5 years or more
694003415,way,last_update,2-6-2019,Feature has not been updated in 5 years or more
694140511,way,last_update,2-6-2019,Feature has not been updated in 5 years or more
695830914,way,last_update,8-6-2019,Feature has not been updated in 5 years or more
695830915,way,last_update,8-6-2019,Feature has not been updated in 5 years or more
696761502,way,last_update,1-12-2020,Feature has not been updated in 5 years or more
697247458,way,last_update,15-6-2019,Feature has not been updated in 5 years or more
697249167,way,last_update,15-6-2019,Feature has not been updated in 5 years or more
697249168,way,last_update,15-6-2019,Feature has not been updated in 5 years or more
697254453,way,last_update,15-6-2019,Feature has not been updated in 5 years or more
697254457,way,last_update,15-6-2019,Feature has not been updated in 5 years or more
697254458,way,last_update,15-6-2019,Feature has not been updated in 5 years or more
697254459,way,last_update,15-6-2019,Feature has not been updated in 5 years or more
697254460,way,last_update,15-6-2019,Feature has not been updated in 5 years or more
697254461,way,last_update,15-6-2019,Feature has not been updated in 5 years or more
697254462,way,last_update,15-6-2019,Feature has not been updated in 5 years or more
697254463,way,last_update,15-6-2019,Feature has not been updated in 5 years or more
697254464,way,last_update,15-6-2019,Feature has not been updated in 5 years or more
697254465,way,last_update,15-6-2019,Feature has not been updated in 5 years or more
697254466,way,last_update,15-6-2019,Feature has not been updated in 5 years or more
697254467,way,last_update,15-6-2019,Feature has not been updated in 5 years or more
697405894,way,last_update,15-6-2019,Feature has not been updated in 5 years or more
697410865,way,last_update,15-6-2019,Feature has not been updated in 5 years or more
697410867,way,last_update,15-6-2019,Feature has not been updated in 5 years or more
697410868,way,last_update,22-6-2021,Feature has not been updated in 5 years or more
697410869,way,last_update,15-6-2019,Feature has not been updated in 5 years or more
697410870,way,last_update,22-6-2021,Feature has not been updated in 5 years or more
697410871,way,last_update,22-6-2021,Feature has not been updated in 5 years or more
697410872,way,last_update,22-6-2021,Feature has not been updated in 5 years or more
697410873,way,last_update,22-6-2021,Feature has not been updated in 5 years or more
702849412,way,last_update,4-7-2020,Feature has not been updated in 5 years or more
706127466,way,last_update,21-7-2019,Feature has not been updated in 5 years or more
706192883,way,last_update,21-7-2019,Feature has not been updated in 5 years or more
708544907,way,last_update,29-7-2019,Feature has not been updated in 5 years or more
708544908,way,last_update,29-7-2019,Feature has not been updated in 5 years or more
713175889,way,last_update,12-8-2019,Feature has not been updated in 5 years or more
713176533,way,last_update,16-12-2020,Feature has not been updated in 5 years or more
713197678,way,last_update,6-6-2021,Feature has not been updated in 5 years or more
713197679,way,last_update,6-6-2021,Feature has not been updated in 5 years or more
713197680,way,last_update,13-8-2019,Feature has not been updated in 5 years or more
713574825,way,last_update,14-8-2019,Feature has not been updated in 5 years or more
722380649,way,last_update,6-9-2019,Feature has not been updated in 5 years or more
722380650,way,last_update,6-9-2019,Feature has not been updated in 5 years or more
722380651,way,last_update,6-9-2019,Feature has not been updated in 5 years or more
722380652,way,last_update,6-9-2019,Feature has not been updated in 5 years or more
723203593,way,last_update,9-9-2019,Feature has not been updated in 5 years or more
723203594,way,last_update,9-9-2019,Feature has not been updated in 5 years or more
723208176,way,last_update,12-9-2019,Feature has not been updated in 5 years or more
723214797,way,last_update,12-9-2019,Feature has not been updated in 5 years or more
723214798,way,last_update,9-9-2019,Feature has not been updated in 5 years or more
723214799,way,last_update,9-9-2019,Feature has not been updated in 5 years or more
723239282,way,last_update,9-9-2019,Feature has not been updated in 5 years or more
724089424,way,last_update,12-9-2019,Feature has not been updated in 5 years or more
724089426,way,last_update,12-9-2019,Feature has not been updated in 5 years or more
724089427,way,last_update,12-9-2019,Feature has not been updated in 5 years or more
724089676,way,last_update,12-9-2019,Feature has not been updated in 5 years or more
724637075,way,last_update,14-9-2019,Feature has not been updated in 5 years or more
724637079,way,last_update,10-1-2021,Feature has not been updated in 5 years or more
724637080,way,last_update,10-1-2021,Feature has not been updated in 5 years or more
725238780,way,last_update,17-9-2019,Feature has not been updated in 5 years or more
725238781,way,last_update,17-9-2019,Feature has not been updated in 5 years or more
725238782,way,last_update,17-9-2019,Feature has not been updated in 5 years or more
725698723,way,last_update,17-9-2019,Feature has not been updated in 5 years or more
726909447,way,last_update,20-9-2019,Feature has not been updated in 5 years or more
726909448,way,last_update,20-9-2019,Feature has not been updated in 5 years or more
726909449,way,last_update,20-9-2019,Feature has not been updated in 5 years or more
726909455,way,last_update,20-9-2019,Feature has not been updated in 5 years or more
726909456,way,last_update,20-9-2019,Feature has not been updated in 5 years or more
726909457,way,last_update,20-9-2019,Feature has not been updated in 5 years or more
726909458,way,last_update,20-9-2019,Feature has not been updated in 5 years or more
726924704,way,last_update,20-9-2019,Feature has not been updated in 5 years or more
738922641,way,last_update,11-6-2020,Feature has not been updated in 5 years or more
738922642,way,last_update,26-10-2019,Feature has not been updated in 5 years or more
738922643,way,last_update,26-10-2019,Feature has not been updated in 5 years or more
738922644,way,last_update,26-10-2019,Feature has not been updated in 5 years or more
738922645,way,last_update,26-10-2019,Feature has not been updated in 5 years or more
738922646,way,last_update,26-10-2019,Feature has not been updated in 5 years or more
738922647,way,last_update,26-10-2019,Feature has not been updated in 5 years or more
738922648,way,last_update,26-10-2019,Feature has not been updated in 5 years or more
738933615,way,last_update,26-10-2019,Feature has not been updated in 5 years or more
738933618,way,last_update,26-10-2019,Feature has not been updated in 5 years or more
738933620,way,last_update,26-10-2019,Feature has not been updated in 5 years or more
738933621,way,last_update,26-10-2019,Feature has not been updated in 5 years or more
740893224,way,last_update,1-11-2019,Feature has not been updated in 5 years or more
742385532,way,last_update,20-8-2020,Feature has not been updated in 5 years or more
742385533,way,last_update,20-8-2020,Feature has not been updated in 5 years or more
742761224,way,last_update,20-8-2020,Feature has not been updated in 5 years or more
742761225,way,last_update,20-8-2020,Feature has not been updated in 5 years or more
742761226,way,last_update,20-8-2020,Feature has not been updated in 5 years or more
742761227,way,last_update,20-8-2020,Feature has not been updated in 5 years or more
749662213,way,last_update,26-11-2019,Feature has not been updated in 5 years or more
749667743,way,last_update,26-11-2019,Feature has not been updated in 5 years or more
749970697,way,last_update,27-11-2019,Feature has not been updated in 5 years or more
749970698,way,last_update,27-11-2019,Feature has not been updated in 5 years or more
749970700,way,last_update,27-11-2019,Feature has not been updated in 5 years or more
749970701,way,last_update,27-11-2019,Feature has not been updated in 5 years or more
749970702,way,last_update,27-11-2019,Feature has not been updated in 5 years or more
749970703,way,last_update,27-11-2019,Feature has not been updated in 5 years or more
749970704,way,last_update,27-11-2019,Feature has not been updated in 5 years or more
749970705,way,last_update,27-11-2019,Feature has not been updated in 5 years or more
751751584,way,last_update,4-6-2020,Feature has not been updated in 5 years or more
751751585,way,last_update,4-6-2020,Feature has not been updated in 5 years or more
754359415,way,last_update,10-12-2019,Feature has not been updated in 5 years or more
754360692,way,last_update,10-12-2019,Feature has not been updated in 5 years or more
756106328,way,last_update,17-12-2019,Feature has not been updated in 5 years or more
756106502,way,last_update,17-12-2019,Feature has not been updated in 5 years or more
756344044,way,last_update,17-12-2019,Feature has not been updated in 5 years or more
758632843,way,last_update,26-12-2019,Feature has not been updated in 5 years or more
766256639,way,last_update,24-1-2020,Feature has not been updated in 5 years or more
768569153,way,last_update,31-1-2020,Feature has not been updated in 5 years or more
768569154,way,last_update,31-1-2020,Feature has not been updated in 5 years or more
768569156,way,last_update,31-1-2020,Feature has not been updated in 5 years or more
768569158,way,last_update,31-1-2020,Feature has not been updated in 5 years or more
770067797,way,last_update,5-2-2020,Feature has not been updated in 5 years or more
770951710,way,last_update,17-2-2020,Feature has not been updated in 5 years or more
770951713,way,last_update,17-2-2020,Feature has not been updated in 5 years or more
772705895,way,last_update,15-2-2020,Feature has not been updated in 5 years or more
772705896,way,last_update,15-2-2020,Feature has not been updated in 5 years or more
772705900,way,last_update,15-2-2020,Feature has not been updated in 5 years or more
772705903,way,last_update,28-8-2020,Feature has not been updated in 5 years or more
772705907,way,last_update,15-2-2020,Feature has not been updated in 5 years or more
772705908,way,last_update,15-2-2020,Feature has not been updated in 5 years or more
780365507,way,last_update,11-3-2020,Feature has not been updated in 5 years or more
780365511,way,last_update,11-3-2020,Feature has not been updated in 5 years or more
782129997,way,last_update,17-3-2020,Feature has not been updated in 5 years or more
788070597,way,last_update,5-4-2020,Feature has not been updated in 5 years or more
789724321,way,last_update,7-8-2020,Feature has not been updated in 5 years or more
795121909,way,last_update,23-4-2020,Feature has not been updated in 5 years or more
795121910,way,last_update,23-4-2020,Feature has not been updated in 5 years or more
795121911,way,last_update,23-4-2020,Feature has not been updated in 5 years or more
795121912,way,last_update,23-4-2020,Feature has not been updated in 5 years or more
795121913,way,last_update,23-4-2020,Feature has not been updated in 5 years or more
795121914,way,last_update,23-4-2020,Feature has not been updated in 5 years or more
795677755,way,last_update,24-4-2020,Feature has not been updated in 5 years or more
795797483,way,last_update,24-4-2020,Feature has not been updated in 5 years or more
797830788,way,last_update,30-4-2020,Feature has not been updated in 5 years or more
799264948,way,last_update,3-5-2020,Feature has not been updated in 5 years or more
799456904,way,last_update,3-5-2020,Feature has not been updated in 5 years or more
799456905,way,last_update,3-5-2020,Feature has not been updated in 5 years or more
799456909,way,last_update,3-5-2020,Feature has not been updated in 5 years or more
800574401,way,last_update,6-5-2020,Feature has not been updated in 5 years or more
800574408,way,last_update,6-5-2020,Feature has not been updated in 5 years or more
802020035,way,last_update,9-5-2020,Feature has not been updated in 5 years or more
802020036,way,last_update,9-5-2020,Feature has not been updated in 5 years or more
802083753,way,last_update,10-5-2020,Feature has not been updated in 5 years or more
802083754,way,last_update,10-5-2020,Feature has not been updated in 5 years or more
802083755,way,last_update,20-7-2021,Feature has not been updated in 5 years or more
803118080,way,last_update,12-5-2020,Feature has not been updated in 5 years or more
804775507,way,last_update,16-5-2020,Feature has not been updated in 5 years or more
806647297,way,last_update,21-5-2020,Feature has not been updated in 5 years or more
807140998,way,last_update,22-5-2020,Feature has not been updated in 5 years or more
807549463,way,last_update,23-5-2020,Feature has not been updated in 5 years or more
807549464,way,last_update,23-5-2020,Feature has not been updated in 5 years or more
807603723,way,last_update,23-5-2020,Feature has not been updated in 5 years or more
807947830,way,last_update,25-5-2020,Feature has not been updated in 5 years or more
807947831,way,last_update,25-5-2020,Feature has not been updated in 5 years or more
808139966,way,last_update,25-5-2020,Feature has not been updated in 5 years or more
808140082,way,last_update,25-5-2020,Feature has not been updated in 5 years or more
808140675,way,last_update,25-5-2020,Feature has not been updated in 5 years or more
808560902,way,last_update,26-6-2021,Feature has not been updated in 5 years or more
808895609,way,last_update,27-5-2020,Feature has not been updated in 5 years or more
808939135,way,last_update,27-5-2020,Feature has not been updated in 5 years or more
810390916,way,last_update,1-6-2020,Feature has not been updated in 5 years or more
810390928,way,last_update,1-6-2020,Feature has not been updated in 5 years or more
810390929,way,last_update,1-6-2020,Feature has not been updated in 5 years or more
812378140,way,last_update,3-6-2020,Feature has not been updated in 5 years or more
812378141,way,last_update,3-6-2020,Feature has not been updated in 5 years or more
812735366,way,last_update,4-6-2020,Feature has not been updated in 5 years or more
812735367,way,last_update,4-6-2020,Feature has not been updated in 5 years or more
812735368,way,last_update,4-6-2020,Feature has not been updated in 5 years or more
812735369,way,last_update,4-6-2020,Feature has not been updated in 5 years or more
814799342,way,last_update,11-6-2020,Feature has not been updated in 5 years or more
814799347,way,last_update,11-6-2020,Feature has not been updated in 5 years or more
816689158,way,last_update,16-6-2020,Feature has not been updated in 5 years or more
818640357,way,last_update,23-6-2020,Feature has not been updated in 5 years or more
818640358,way,last_update,23-6-2020,Feature has not been updated in 5 years or more
824002757,way,last_update,8-7-2020,Feature has not been updated in 5 years or more
824402383,way,last_update,9-7-2020,Feature has not been updated in 5 years or more
827189445,way,last_update,17-7-2020,Feature has not been updated in 5 years or more
827189451,way,last_update,17-7-2020,Feature has not been updated in 5 years or more
827189452,way,last_update,17-7-2020,Feature has not been updated in 5 years or more
827189453,way,last_update,17-7-2020,Feature has not been updated in 5 years or more
828914480,way,last_update,15-8-2020,Feature has not been updated in 5 years or more
828914485,way,last_update,15-8-2020,Feature has not been updated in 5 years or more
828914486,way,last_update,22-7-2020,Feature has not been updated in 5 years or more
828914501,way,last_update,15-8-2020,Feature has not been updated in 5 years or more
828914503,way,last_update,22-7-2020,Feature has not been updated in 5 years or more
828934841,way,last_update,22-7-2020,Feature has not been updated in 5 years or more
829867993,way,last_update,24-7-2020,Feature has not been updated in 5 years or more
829925750,way,last_update,25-7-2020,Feature has not been updated in 5 years or more
829925751,way,last_update,25-7-2020,Feature has not been updated in 5 years or more
829925753,way,last_update,25-7-2020,Feature has not been updated in 5 years or more
829925754,way,last_update,25-7-2020,Feature has not been updated in 5 years or more
829925755,way,last_update,25-7-2020,Feature has not been updated in 5 years or more
829925756,way,last_update,25-7-2020,Feature has not been updated in 5 years or more
829925757,way,last_update,25-7-2020,Feature has not been updated in 5 years or more
829925759,way,last_update,25-7-2020,Feature has not been updated in 5 years or more
829925760,way,last_update,25-7-2020,Feature has not been updated in 5 years or more
829925761,way,last_update,25-7-2020,Feature has not been updated in 5 years or more
830159425,way,last_update,25-7-2020,Feature has not been updated in 5 years or more
830159426,way,last_update,25-7-2020,Feature has not been updated in 5 years or more
830159427,way,last_update,25-7-2020,Feature has not been updated in 5 years or more
830159428,way,last_update,25-7-2020,Feature has not been updated in 5 years or more
830159429,way,last_update,25-7-2020,Feature has not been updated in 5 years or more
830159430,way,last_update,25-7-2020,Feature has not been updated in 5 years or more
830159431,way,last_update,25-7-2020,Feature has not been updated in 5 years or more
830159432,way,last_update,25-7-2020,Feature has not been updated in 5 years or more
830159433,way,last_update,25-7-2020,Feature has not been updated in 5 years or more
830159434,way,last_update,25-7-2020,Feature has not been updated in 5 years or more
830159435,way,last_update,25-7-2020,Feature has not been updated in 5 years or more
830159436,way,last_update,25-7-2020,Feature has not been updated in 5 years or more
830159437,way,last_update,25-7-2020,Feature has not been updated in 5 years or more
830163077,way,last_update,26-7-2020,Feature has not been updated in 5 years or more
830163079,way,last_update,26-7-2020,Feature has not been updated in 5 years or more
830163081,way,last_update,26-7-2020,Feature has not been updated in 5 years or more
830163082,way,last_update,26-7-2020,Feature has not been updated in 5 years or more
830163083,way,last_update,26-7-2020,Feature has not been updated in 5 years or more
830163084,way,last_update,26-7-2020,Feature has not been updated in 5 years or more
830163088,way,last_update,26-7-2020,Feature has not been updated in 5 years or more
830163090,way,last_update,26-7-2020,Feature has not been updated in 5 years or more
830167832,way,last_update,26-7-2020,Feature has not been updated in 5 years or more
830167833,way,last_update,26-7-2020,Feature has not been updated in 5 years or more
830167834,way,last_update,26-7-2020,Feature has not been updated in 5 years or more
830167835,way,last_update,26-7-2020,Feature has not been updated in 5 years or more
830169416,way,last_update,26-7-2020,Feature has not been updated in 5 years or more
830182973,way,last_update,26-7-2020,Feature has not been updated in 5 years or more
830182974,way,last_update,26-7-2020,Feature has not been updated in 5 years or more
830182975,way,last_update,26-7-2020,Feature has not been updated in 5 years or more
830182976,way,last_update,26-7-2020,Feature has not been updated in 5 years or more
830182977,way,last_update,26-7-2020,Feature has not been updated in 5 years or more
830182978,way,last_update,26-7-2020,Feature has not been updated in 5 years or more
830182979,way,last_update,26-7-2020,Feature has not been updated in 5 years or more
830182980,way,last_update,26-7-2020,Feature has not been updated in 5 years or more
830182981,way,last_update,26-7-2020,Feature has not been updated in 5 years or more
830182982,way,last_update,26-7-2020,Feature has not been updated in 5 years or more
830182983,way,last_update,26-7-2020,Feature has not been updated in 5 years or more
830182984,way,last_update,26-7-2020,Feature has not been updated in 5 years or more
830182985,way,last_update,26-7-2020,Feature has not been updated in 5 years or more
830183374,way,last_update,26-7-2020,Feature has not been updated in 5 years or more
830183376,way,last_update,26-7-2020,Feature has not been updated in 5 years or more
830183377,way,last_update,26-7-2020,Feature has not been updated in 5 years or more
830430624,way,last_update,26-7-2020,Feature has not been updated in 5 years or more
830430625,way,last_update,26-7-2020,Feature has not been updated in 5 years or more
830430626,way,last_update,26-7-2020,Feature has not been updated in 5 years or more
830430627,way,last_update,26-7-2020,Feature has not been updated in 5 years or more
830430628,way,last_update,26-7-2020,Feature has not been updated in 5 years or more
830430629,way,last_update,26-7-2020,Feature has not been updated in 5 years or more
830430630,way,last_update,26-7-2020,Feature has not been updated in 5 years or more
830430631,way,last_update,26-7-2020,Feature has not been updated in 5 years or more
830430632,way,last_update,26-7-2020,Feature has not been updated in 5 years or more
830430633,way,last_update,26-7-2020,Feature has not been updated in 5 years or more
830430634,way,last_update,26-7-2020,Feature has not been updated in 5 years or more
830430635,way,last_update,26-7-2020,Feature has not been updated in 5 years or more
830430636,way,last_update,26-7-2020,Feature has not been updated in 5 years or more
830430637,way,last_update,26-7-2020,Feature has not been updated in 5 years or more
830430638,way,last_update,26-7-2020,Feature has not been updated in 5 years or more
830430639,way,last_update,26-7-2020,Feature has not been updated in 5 years or more
830430640,way,last_update,26-7-2020,Feature has not been updated in 5 years or more
830430641,way,last_update,26-7-2020,Feature has not been updated in 5 years or more
830501855,way,last_update,26-7-2020,Feature has not been updated in 5 years or more
830501856,way,last_update,26-7-2020,Feature has not been updated in 5 years or more
830501857,way,last_update,26-7-2020,Feature has not been updated in 5 years or more
830501858,way,last_update,26-7-2020,Feature has not been updated in 5 years or more
830501859,way,last_update,26-7-2020,Feature has not been updated in 5 years or more
830501860,way,last_update,26-7-2020,Feature has not been updated in 5 years or more
830501861,way,last_update,26-7-2020,Feature has not been updated in 5 years or more
830501862,way,last_update,26-7-2020,Feature has not been updated in 5 years or more
830501863,way,last_update,26-7-2020,Feature has not been updated in 5 years or more
830501864,way,last_update,26-7-2020,Feature has not been updated in 5 years or more
830501865,way,last_update,26-7-2020,Feature has not been updated in 5 years or more
830518938,way,last_update,27-7-2020,Feature has not been updated in 5 years or more
830518939,way,last_update,27-7-2020,Feature has not been updated in 5 years or more
830518940,way,last_update,27-7-2020,Feature has not been updated in 5 years or more
830518941,way,last_update,27-7-2020,Feature has not been updated in 5 years or more
830518942,way,last_update,27-7-2020,Feature has not been updated in 5 years or more
830518944,way,last_update,27-7-2020,Feature has not been updated in 5 years or more
830580960,way,last_update,27-7-2020,Feature has not been updated in 5 years or more
830580961,way,last_update,27-7-2020,Feature has not been updated in 5 years or more
830580964,way,last_update,27-7-2020,Feature has not been updated in 5 years or more
830580965,way,last_update,27-7-2020,Feature has not been updated in 5 years or more
830580967,way,last_update,27-7-2020,Feature has not been updated in 5 years or more
830580968,way,last_update,27-7-2020,Feature has not been updated in 5 years or more
830871421,way,last_update,27-7-2020,Feature has not been updated in 5 years or more
830871422,way,last_update,27-7-2020,Feature has not been updated in 5 years or more
830871423,way,last_update,27-7-2020,Feature has not been updated in 5 years or more
830871424,way,last_update,27-7-2020,Feature has not been updated in 5 years or more
830871425,way,last_update,27-7-2020,Feature has not been updated in 5 years or more
830871426,way,last_update,27-7-2020,Feature has not been updated in 5 years or more
830871427,way,last_update,27-7-2020,Feature has not been updated in 5 years or more
830871428,way,last_update,27-7-2020,Feature has not been updated in 5 years or more
830871429,way,last_update,27-7-2020,Feature has not been updated in 5 years or more
830871430,way,last_update,27-7-2020,Feature has not been updated in 5 years or more
830912899,way,last_update,27-7-2020,Feature has not been updated in 5 years or more
830912900,way,last_update,27-7-2020,Feature has not been updated in 5 years or more
830912901,way,last_update,27-7-2020,Feature has not been updated in 5 years or more
830912902,way,last_update,27-7-2020,Feature has not been updated in 5 years or more
830969428,way,last_update,27-7-2020,Feature has not been updated in 5 years or more
830969429,way,last_update,27-7-2020,Feature has not been updated in 5 years or more
830969430,way,last_update,27-7-2020,Feature has not been updated in 5 years or more
830969432,way,last_update,27-7-2020,Feature has not been updated in 5 years or more
830969433,way,last_update,27-7-2020,Feature has not been updated in 5 years or more
830969434,way,last_update,27-7-2020,Feature has not been updated in 5 years or more
830969435,way,last_update,27-7-2020,Feature has not been updated in 5 years or more
830969436,way,last_update,27-7-2020,Feature has not been updated in 5 years or more
830969437,way,last_update,27-7-2020,Feature has not been updated in 5 years or more
830969438,way,last_update,27-7-2020,Feature has not been updated in 5 years or more
831073056,way,last_update,28-7-2020,Feature has not been updated in 5 years or more
831073057,way,last_update,28-7-2020,Feature has not been updated in 5 years or more
831073059,way,last_update,28-7-2020,Feature has not been updated in 5 years or more
831073060,way,last_update,28-7-2020,Feature has not been updated in 5 years or more
831074357,way,last_update,28-7-2020,Feature has not been updated in 5 years or more
831074358,way,last_update,28-7-2020,Feature has not been updated in 5 years or more
831074359,way,last_update,28-7-2020,Feature has not been updated in 5 years or more
831074360,way,last_update,28-7-2020,Feature has not been updated in 5 years or more
831074361,way,last_update,28-7-2020,Feature has not been updated in 5 years or more
831074362,way,last_update,28-7-2020,Feature has not been updated in 5 years or more
831074363,way,last_update,28-7-2020,Feature has not been updated in 5 years or more
831074364,way,last_update,28-7-2020,Feature has not been updated in 5 years or more
831074365,way,last_update,28-7-2020,Feature has not been updated in 5 years or more
831074366,way,last_update,28-7-2020,Feature has not been updated in 5 years or more
831074367,way,last_update,28-7-2020,Feature has not been updated in 5 years or more
831074368,way,last_update,28-7-2020,Feature has not been updated in 5 years or more
831977097,way,last_update,23-8-2021,Feature has not been updated in 5 years or more
831989168,way,last_update,9-8-2020,Feature has not been updated in 5 years or more
831989169,way,last_update,9-8-2020,Feature has not been updated in 5 years or more
831989170,way,last_update,9-8-2020,Feature has not been updated in 5 years or more
831989171,way,last_update,9-8-2020,Feature has not been updated in 5 years or more
831989172,way,last_update,29-7-2020,Feature has not been updated in 5 years or more
832016540,way,last_update,29-7-2020,Feature has not been updated in 5 years or more
832016541,way,last_update,29-7-2020,Feature has not been updated in 5 years or more
832016542,way,last_update,29-7-2020,Feature has not been updated in 5 years or more
832016543,way,last_update,29-7-2020,Feature has not been updated in 5 years or more
832016544,way,last_update,29-7-2020,Feature has not been updated in 5 years or more
832016546,way,last_update,11-8-2020,Feature has not been updated in 5 years or more
832016547,way,last_update,29-7-2020,Feature has not been updated in 5 years or more
832016548,way,last_update,29-7-2020,Feature has not been updated in 5 years or more
832032162,way,last_update,29-7-2020,Feature has not been updated in 5 years or more
832323320,way,last_update,30-7-2020,Feature has not been updated in 5 years or more
832323321,way,last_update,30-7-2020,Feature has not been updated in 5 years or more
832323322,way,last_update,30-7-2020,Feature has not been updated in 5 years or more
832323323,way,last_update,30-7-2020,Feature has not been updated in 5 years or more
832323324,way,last_update,11-8-2020,Feature has not been updated in 5 years or more
832335353,way,last_update,30-7-2020,Feature has not been updated in 5 years or more
832335354,way,last_update,31-7-2020,Feature has not been updated in 5 years or more
832335355,way,last_update,31-7-2020,Feature has not been updated in 5 years or more
832335356,way,last_update,30-7-2020,Feature has not been updated in 5 years or more
832335357,way,last_update,30-7-2020,Feature has not been updated in 5 years or more
832378685,way,last_update,30-7-2020,Feature has not been updated in 5 years or more
832378686,way,last_update,30-7-2020,Feature has not been updated in 5 years or more
832378687,way,last_update,30-7-2020,Feature has not been updated in 5 years or more
832378688,way,last_update,30-7-2020,Feature has not been updated in 5 years or more
832378689,way,last_update,30-7-2020,Feature has not been updated in 5 years or more
832378690,way,last_update,30-7-2020,Feature has not been updated in 5 years or more
832378691,way,last_update,30-7-2020,Feature has not been updated in 5 years or more
832378692,way,last_update,30-7-2020,Feature has not been updated in 5 years or more
832383821,way,last_update,30-7-2020,Feature has not been updated in 5 years or more
832383822,way,last_update,30-7-2020,Feature has not been updated in 5 years or more
832383823,way,last_update,30-7-2020,Feature has not been updated in 5 years or more
832383824,way,last_update,30-7-2020,Feature has not been updated in 5 years or more
832389114,way,last_update,30-7-2020,Feature has not been updated in 5 years or more
832389115,way,last_update,30-7-2020,Feature has not been updated in 5 years or more
832389117,way,last_update,30-7-2020,Feature has not been updated in 5 years or more
832767005,way,last_update,1-8-2020,Feature has not been updated in 5 years or more
832767006,way,last_update,1-8-2020,Feature has not been updated in 5 years or more
832767007,way,last_update,1-8-2020,Feature has not been updated in 5 years or more
832767008,way,last_update,1-8-2020,Feature has not been updated in 5 years or more
832767009,way,last_update,1-8-2020,Feature has not been updated in 5 years or more
832767010,way,last_update,1-8-2020,Feature has not been updated in 5 years or more
832767011,way,last_update,1-8-2020,Feature has not been updated in 5 years or more
832767012,way,last_update,1-8-2020,Feature has not been updated in 5 years or more
832767014,way,last_update,1-8-2020,Feature has not been updated in 5 years or more
832767015,way,last_update,1-8-2020,Feature has not been updated in 5 years or more
832767017,way,last_update,1-8-2020,Feature has not been updated in 5 years or more
832767018,way,last_update,1-8-2020,Feature has not been updated in 5 years or more
832812070,way,last_update,1-8-2020,Feature has not been updated in 5 years or more
832812071,way,last_update,1-8-2020,Feature has not been updated in 5 years or more
832812072,way,last_update,1-8-2020,Feature has not been updated in 5 years or more
832812074,way,last_update,1-8-2020,Feature has not been updated in 5 years or more
832812075,way,last_update,1-8-2020,Feature has not been updated in 5 years or more
832812076,way,last_update,1-8-2020,Feature has not been updated in 5 years or more
832812077,way,last_update,1-8-2020,Feature has not been updated in 5 years or more
832812078,way,last_update,1-8-2020,Feature has not been updated in 5 years or more
832822983,way,last_update,1-8-2020,Feature has not been updated in 5 years or more
832822984,way,last_update,1-8-2020,Feature has not been updated in 5 years or more
832822985,way,last_update,1-8-2020,Feature has not been updated in 5 years or more
832822986,way,last_update,1-8-2020,Feature has not been updated in 5 years or more
832822987,way,last_update,1-8-2020,Feature has not been updated in 5 years or more
832822988,way,last_update,1-8-2020,Feature has not been updated in 5 years or more
832823290,way,last_update,1-8-2020,Feature has not been updated in 5 years or more
832823291,way,last_update,1-8-2020,Feature has not been updated in 5 years or more
832823292,way,last_update,1-8-2020,Feature has not been updated in 5 years or more
832823293,way,last_update,1-8-2020,Feature has not been updated in 5 years or more
832823294,way,last_update,1-8-2020,Feature has not been updated in 5 years or more
832823295,way,last_update,1-8-2020,Feature has not been updated in 5 years or more
832823296,way,last_update,1-8-2020,Feature has not been updated in 5 years or more
832823297,way,last_update,1-8-2020,Feature has not been updated in 5 years or more
832823299,way,last_update,1-8-2020,Feature has not been updated in 5 years or more
832824181,way,last_update,1-8-2020,Feature has not been updated in 5 years or more
832824182,way,last_update,1-8-2020,Feature has not been updated in 5 years or more
832824183,way,last_update,1-8-2020,Feature has not been updated in 5 years or more
832824184,way,last_update,1-8-2020,Feature has not been updated in 5 years or more
832824823,way,last_update,1-8-2020,Feature has not been updated in 5 years or more
832824824,way,last_update,1-8-2020,Feature has not been updated in 5 years or more
832824825,way,last_update,1-8-2020,Feature has not been updated in 5 years or more
832853189,way,last_update,1-8-2020,Feature has not been updated in 5 years or more
832853190,way,last_update,1-8-2020,Feature has not been updated in 5 years or more
832853191,way,last_update,1-8-2020,Feature has not been updated in 5 years or more
832853192,way,last_update,1-8-2020,Feature has not been updated in 5 years or more
832853193,way,last_update,1-8-2020,Feature has not been updated in 5 years or more
832853194,way,last_update,1-8-2020,Feature has not been updated in 5 years or more
832853195,way,last_update,1-8-2020,Feature has not been updated in 5 years or more
832853196,way,last_update,1-8-2020,Feature has not been updated in 5 years or more
832853687,way,last_update,1-8-2020,Feature has not been updated in 5 years or more
832853688,way,last_update,1-8-2020,Feature has not been updated in 5 years or more
832853689,way,last_update,1-8-2020,Feature has not been updated in 5 years or more
832853690,way,last_update,1-8-2020,Feature has not been updated in 5 years or more
833034374,way,last_update,1-8-2020,Feature has not been updated in 5 years or more
833034375,way,last_update,1-8-2020,Feature has not been updated in 5 years or more
833034376,way,last_update,1-8-2020,Feature has not been updated in 5 years or more
833034377,way,last_update,1-8-2020,Feature has not been updated in 5 years or more
833034378,way,last_update,1-8-2020,Feature has not been updated in 5 years or more
833034379,way,last_update,1-8-2020,Feature has not been updated in 5 years or more
833034380,way,last_update,1-8-2020,Feature has not been updated in 5 years or more
833034381,way,last_update,1-8-2020,Feature has not been updated in 5 years or more
833034382,way,last_update,1-8-2020,Feature has not been updated in 5 years or more
833244231,way,last_update,2-8-2020,Feature has not been updated in 5 years or more
833244232,way,last_update,2-8-2020,Feature has not been updated in 5 years or more
833244233,way,last_update,2-8-2020,Feature has not been updated in 5 years or more
833244234,way,last_update,2-8-2020,Feature has not been updated in 5 years or more
833244235,way,last_update,2-8-2020,Feature has not been updated in 5 years or more
833244236,way,last_update,2-8-2020,Feature has not been updated in 5 years or more
833244237,way,last_update,2-8-2020,Feature has not been updated in 5 years or more
833244238,way,last_update,2-8-2020,Feature has not been updated in 5 years or more
833358853,way,last_update,2-8-2020,Feature has not been updated in 5 years or more
833358854,way,last_update,2-8-2020,Feature has not been updated in 5 years or more
833358855,way,last_update,2-8-2020,Feature has not been updated in 5 years or more
833358856,way,last_update,2-8-2020,Feature has not been updated in 5 years or more
833358857,way,last_update,2-8-2020,Feature has not been updated in 5 years or more
833358858,way,last_update,2-8-2020,Feature has not been updated in 5 years or more
833358859,way,last_update,2-8-2020,Feature has not been updated in 5 years or more
833358860,way,last_update,2-8-2020,Feature has not been updated in 5 years or more
833358861,way,last_update,2-8-2020,Feature has not been updated in 5 years or more
833358862,way,last_update,2-8-2020,Feature has not been updated in 5 years or more
833358863,way,last_update,2-8-2020,Feature has not been updated in 5 years or more
833395182,way,last_update,3-8-2020,Feature has not been updated in 5 years or more
833395183,way,last_update,3-8-2020,Feature has not been updated in 5 years or more
833395184,way,last_update,3-8-2020,Feature has not been updated in 5 years or more
833397910,way,last_update,3-8-2020,Feature has not been updated in 5 years or more
833397911,way,last_update,3-8-2020,Feature has not been updated in 5 years or more
833397912,way,last_update,3-8-2020,Feature has not been updated in 5 years or more
833397915,way,last_update,3-8-2020,Feature has not been updated in 5 years or more
833397916,way,last_update,3-8-2020,Feature has not been updated in 5 years or more
833397917,way,last_update,3-8-2020,Feature has not been updated in 5 years or more
833397918,way,last_update,3-8-2020,Feature has not been updated in 5 years or more
833397919,way,last_update,3-8-2020,Feature has not been updated in 5 years or more
833397920,way,last_update,3-8-2020,Feature has not been updated in 5 years or more
833397922,way,last_update,3-8-2020,Feature has not been updated in 5 years or more
833397923,way,last_update,3-8-2020,Feature has not been updated in 5 years or more
833397925,way,last_update,3-8-2020,Feature has not been updated in 5 years or more
833397926,way,last_update,3-8-2020,Feature has not been updated in 5 years or more
833397927,way,last_update,3-8-2020,Feature has not been updated in 5 years or more
833397928,way,last_update,3-8-2020,Feature has not been updated in 5 years or more
833397929,way,last_update,3-8-2020,Feature has not been updated in 5 years or more
833397930,way,last_update,3-8-2020,Feature has not been updated in 5 years or more
833593631,way,last_update,3-8-2020,Feature has not been updated in 5 years or more
833604637,way,last_update,3-8-2020,Feature has not been updated in 5 years or more
833604638,way,last_update,3-8-2020,Feature has not been updated in 5 years or more
833604639,way,last_update,3-8-2020,Feature has not been updated in 5 years or more
833604640,way,last_update,3-8-2020,Feature has not been updated in 5 years or more
833604641,way,last_update,3-8-2020,Feature has not been updated in 5 years or more
833604642,way,last_update,3-8-2020,Feature has not been updated in 5 years or more
833604643,way,last_update,3-8-2020,Feature has not been updated in 5 years or more
833604644,way,last_update,3-8-2020,Feature has not been updated in 5 years or more
833672109,way,last_update,3-8-2020,Feature has not been updated in 5 years or more
833672110,way,last_update,3-8-2020,Feature has not been updated in 5 years or more
833672111,way,last_update,3-8-2020,Feature has not been updated in 5 years or more
833672112,way,last_update,3-8-2020,Feature has not been updated in 5 years or more
833672113,way,last_update,3-8-2020,Feature has not been updated in 5 years or more
833672116,way,last_update,3-8-2020,Feature has not been updated in 5 years or more
833672117,way,last_update,3-8-2020,Feature has not been updated in 5 years or more
833674399,way,last_update,3-8-2020,Feature has not been updated in 5 years or more
833674400,way,last_update,3-8-2020,Feature has not been updated in 5 years or more
833674401,way,last_update,3-8-2020,Feature has not been updated in 5 years or more
833674402,way,last_update,9-5-2021,Feature has not been updated in 5 years or more
833674403,way,last_update,9-5-2021,Feature has not been updated in 5 years or more
833677514,way,last_update,3-8-2020,Feature has not been updated in 5 years or more
833677515,way,last_update,3-8-2020,Feature has not been updated in 5 years or more
833677516,way,last_update,3-8-2020,Feature has not been updated in 5 years or more
833679595,way,last_update,3-8-2020,Feature has not been updated in 5 years or more
833681746,way,last_update,3-8-2020,Feature has not been updated in 5 years or more
833681747,way,last_update,3-8-2020,Feature has not been updated in 5 years or more
833681748,way,last_update,3-8-2020,Feature has not been updated in 5 years or more
833681749,way,last_update,3-8-2020,Feature has not been updated in 5 years or more
833681750,way,last_update,3-8-2020,Feature has not been updated in 5 years or more
833681751,way,last_update,3-8-2020,Feature has not been updated in 5 years or more
833681752,way,last_update,3-8-2020,Feature has not been updated in 5 years or more
833681753,way,last_update,3-8-2020,Feature has not been updated in 5 years or more
833681754,way,last_update,3-8-2020,Feature has not been updated in 5 years or more
833681755,way,last_update,3-8-2020,Feature has not been updated in 5 years or more
833681756,way,last_update,3-8-2020,Feature has not been updated in 5 years or more
833681757,way,last_update,3-8-2020,Feature has not been updated in 5 years or more
833681758,way,last_update,3-8-2020,Feature has not been updated in 5 years or more
833681759,way,last_update,3-8-2020,Feature has not been updated in 5 years or more
833681760,way,last_update,3-8-2020,Feature has not been updated in 5 years or more
833681761,way,last_update,3-8-2020,Feature has not been updated in 5 years or more
833681763,way,last_update,3-8-2020,Feature has not been updated in 5 years or more
833681764,way,last_update,3-8-2020,Feature has not been updated in 5 years or more
833681765,way,last_update,3-8-2020,Feature has not been updated in 5 years or more
833681766,way,last_update,3-8-2020,Feature has not been updated in 5 years or more
833681767,way,last_update,3-8-2020,Feature has not been updated in 5 years or more
833681768,way,last_update,3-8-2020,Feature has not been updated in 5 years or more
833681769,way,last_update,3-8-2020,Feature has not been updated in 5 years or more
833681770,way,last_update,3-8-2020,Feature has not been updated in 5 years or more
833687375,way,last_update,4-8-2020,Feature has not been updated in 5 years or more
833687376,way,last_update,4-8-2020,Feature has not been updated in 5 years or more
833687377,way,last_update,4-8-2020,Feature has not been updated in 5 years or more
833687378,way,last_update,4-8-2020,Feature has not been updated in 5 years or more
833687379,way,last_update,4-8-2020,Feature has not been updated in 5 years or more
833687380,way,last_update,4-8-2020,Feature has not been updated in 5 years or more
833722339,way,last_update,4-8-2020,Feature has not been updated in 5 years or more
833722341,way,last_update,4-8-2020,Feature has not been updated in 5 years or more
833722342,way,last_update,11-5-2021,Feature has not been updated in 5 years or more
833722961,way,last_update,4-8-2020,Feature has not been updated in 5 years or more
833722962,way,last_update,4-8-2020,Feature has not been updated in 5 years or more
833722963,way,last_update,4-8-2020,Feature has not been updated in 5 years or more
833722964,way,last_update,4-8-2020,Feature has not been updated in 5 years or more
833722965,way,last_update,4-8-2020,Feature has not been updated in 5 years or more
833722966,way,last_update,4-8-2020,Feature has not been updated in 5 years or more
833722967,way,last_update,4-8-2020,Feature has not been updated in 5 years or more
833724066,way,last_update,4-8-2020,Feature has not been updated in 5 years or more
833724067,way,last_update,4-8-2020,Feature has not been updated in 5 years or more
833724068,way,last_update,4-8-2020,Feature has not been updated in 5 years or more
833724069,way,last_update,4-8-2020,Feature has not been updated in 5 years or more
833724070,way,last_update,4-8-2020,Feature has not been updated in 5 years or more
833724071,way,last_update,4-8-2020,Feature has not been updated in 5 years or more
833724072,way,last_update,4-8-2020,Feature has not been updated in 5 years or more
833724073,way,last_update,4-8-2020,Feature has not been updated in 5 years or more
833724396,way,last_update,11-5-2021,Feature has not been updated in 5 years or more
833724397,way,last_update,4-8-2020,Feature has not been updated in 5 years or more
833724398,way,last_update,4-8-2020,Feature has not been updated in 5 years or more
833724399,way,last_update,4-8-2020,Feature has not been updated in 5 years or more
833724400,way,last_update,4-8-2020,Feature has not been updated in 5 years or more
833724401,way,last_update,4-8-2020,Feature has not been updated in 5 years or more
833724402,way,last_update,11-5-2021,Feature has not been updated in 5 years or more
833738953,way,last_update,4-8-2020,Feature has not been updated in 5 years or more
833738954,way,last_update,4-8-2020,Feature has not been updated in 5 years or more
833738955,way,last_update,4-8-2020,Feature has not been updated in 5 years or more
833738956,way,last_update,4-8-2020,Feature has not been updated in 5 years or more
833738957,way,last_update,4-8-2020,Feature has not been updated in 5 years or more
833738958,way,last_update,4-8-2020,Feature has not been updated in 5 years or more
833738959,way,last_update,4-8-2020,Feature has not been updated in 5 years or more
833738960,way,last_update,4-8-2020,Feature has not been updated in 5 years or more
834775587,way,last_update,6-8-2020,Feature has not been updated in 5 years or more
834775588,way,last_update,6-8-2020,Feature has not been updated in 5 years or more
834775589,way,last_update,6-8-2020,Feature has not been updated in 5 years or more
834775590,way,last_update,6-8-2020,Feature has not been updated in 5 years or more
834775591,way,last_update,6-8-2020,Feature has not been updated in 5 years or more
834775592,way,last_update,6-8-2020,Feature has not been updated in 5 years or more
834775593,way,last_update,6-8-2020,Feature has not been updated in 5 years or more
834775594,way,last_update,6-8-2020,Feature has not been updated in 5 years or more
834775595,way,last_update,6-8-2020,Feature has not been updated in 5 years or more
834777208,way,last_update,6-8-2020,Feature has not been updated in 5 years or more
834789605,way,last_update,6-8-2020,Feature has not been updated in 5 years or more
834789606,way,last_update,6-8-2020,Feature has not been updated in 5 years or more
834789607,way,last_update,6-8-2020,Feature has not been updated in 5 years or more
834789608,way,last_update,6-8-2020,Feature has not been updated in 5 years or more
834789609,way,last_update,6-8-2020,Feature has not been updated in 5 years or more
834789610,way,last_update,6-8-2020,Feature has not been updated in 5 years or more
834790423,way,last_update,6-8-2020,Feature has not been updated in 5 years or more
834790424,way,last_update,6-8-2020,Feature has not been updated in 5 years or more
834790425,way,last_update,6-8-2020,Feature has not been updated in 5 years or more
834792012,way,last_update,6-8-2020,Feature has not been updated in 5 years or more
834792013,way,last_update,6-8-2020,Feature has not been updated in 5 years or more
834792014,way,last_update,6-8-2020,Feature has not been updated in 5 years or more
834792015,way,last_update,6-8-2020,Feature has not been updated in 5 years or more
834792016,way,last_update,6-8-2020,Feature has not been updated in 5 years or more
834792017,way,last_update,6-8-2020,Feature has not been updated in 5 years or more
834792018,way,last_update,6-8-2020,Feature has not been updated in 5 years or more
834792019,way,last_update,6-8-2020,Feature has not been updated in 5 years or more
834792020,way,last_update,6-8-2020,Feature has not been updated in 5 years or more
834792021,way,last_update,6-8-2020,Feature has not been updated in 5 years or more
834792022,way,last_update,6-8-2020,Feature has not been updated in 5 years or more
834792023,way,last_update,6-8-2020,Feature has not been updated in 5 years or more
834793727,way,last_update,6-8-2020,Feature has not been updated in 5 years or more
834793728,way,last_update,6-8-2020,Feature has not been updated in 5 years or more
834793729,way,last_update,6-8-2020,Feature has not been updated in 5 years or more
834793730,way,last_update,6-8-2020,Feature has not been updated in 5 years or more
834793731,way,last_update,6-8-2020,Feature has not been updated in 5 years or more
834793732,way,last_update,6-8-2020,Feature has not been updated in 5 years or more
834793733,way,last_update,6-8-2020,Feature has not been updated in 5 years or more
834793734,way,last_update,6-8-2020,Feature has not been updated in 5 years or more
834793735,way,last_update,6-8-2020,Feature has not been updated in 5 years or more
834793736,way,last_update,6-8-2020,Feature has not been updated in 5 years or more
834793737,way,last_update,6-8-2020,Feature has not been updated in 5 years or more
834793738,way,last_update,6-8-2020,Feature has not been updated in 5 years or more
834793739,way,last_update,6-8-2020,Feature has not been updated in 5 years or more
834805837,way,last_update,6-8-2020,Feature has not been updated in 5 years or more
834805838,way,last_update,6-8-2020,Feature has not been updated in 5 years or more
834805839,way,last_update,6-8-2020,Feature has not been updated in 5 years or more
834805841,way,last_update,6-8-2020,Feature has not been updated in 5 years or more
834805842,way,last_update,6-8-2020,Feature has not been updated in 5 years or more
834805843,way,last_update,6-8-2020,Feature has not been updated in 5 years or more
834805844,way,last_update,6-8-2020,Feature has not been updated in 5 years or more
834805845,way,last_update,6-8-2020,Feature has not been updated in 5 years or more
834805846,way,last_update,6-8-2020,Feature has not been updated in 5 years or more
834805847,way,last_update,6-8-2020,Feature has not been updated in 5 years or more
834805848,way,last_update,6-8-2020,Feature has not been updated in 5 years or more
834805849,way,last_update,6-8-2020,Feature has not been updated in 5 years or more
834811030,way,last_update,6-8-2020,Feature has not been updated in 5 years or more
834811031,way,last_update,6-8-2020,Feature has not been updated in 5 years or more
834811032,way,last_update,6-8-2020,Feature has not been updated in 5 years or more
834811033,way,last_update,6-8-2020,Feature has not been updated in 5 years or more
834811034,way,last_update,6-8-2020,Feature has not been updated in 5 years or more
834811036,way,last_update,6-8-2020,Feature has not been updated in 5 years or more
834811037,way,last_update,6-8-2020,Feature has not been updated in 5 years or more
834811038,way,last_update,6-8-2020,Feature has not been updated in 5 years or more
834811039,way,last_update,6-8-2020,Feature has not been updated in 5 years or more
834811040,way,last_update,6-8-2020,Feature has not been updated in 5 years or more
834811041,way,last_update,6-8-2020,Feature has not been updated in 5 years or more
834811042,way,last_update,6-8-2020,Feature has not been updated in 5 years or more
834811043,way,last_update,6-8-2020,Feature has not been updated in 5 years or more
834811044,way,last_update,6-8-2020,Feature has not been updated in 5 years or more
835080501,way,last_update,7-8-2020,Feature has not been updated in 5 years or more
835346438,way,last_update,8-8-2020,Feature has not been updated in 5 years or more
835346439,way,last_update,8-8-2020,Feature has not been updated in 5 years or more
835368245,way,last_update,8-8-2020,Feature has not been updated in 5 years or more
835368249,way,last_update,8-8-2020,Feature has not been updated in 5 years or more
835376259,way,last_update,25-2-2021,Feature has not been updated in 5 years or more
835376263,way,last_update,8-8-2020,Feature has not been updated in 5 years or more
835377890,way,last_update,8-8-2020,Feature has not been updated in 5 years or more
835377891,way,last_update,8-8-2020,Feature has not been updated in 5 years or more
835377892,way,last_update,8-8-2020,Feature has not been updated in 5 years or more
835603792,way,last_update,9-8-2020,Feature has not been updated in 5 years or more
835603793,way,last_update,9-8-2020,Feature has not been updated in 5 years or more
835603794,way,last_update,9-8-2020,Feature has not been updated in 5 years or more
835603795,way,last_update,9-8-2020,Feature has not been updated in 5 years or more
835603796,way,last_update,9-8-2020,Feature has not been updated in 5 years or more
835603797,way,last_update,9-8-2020,Feature has not been updated in 5 years or more
835603798,way,last_update,9-8-2020,Feature has not been updated in 5 years or more
835603799,way,last_update,9-8-2020,Feature has not been updated in 5 years or more
835603800,way,last_update,9-8-2020,Feature has not been updated in 5 years or more
835603801,way,last_update,9-8-2020,Feature has not been updated in 5 years or more
835603802,way,last_update,9-8-2020,Feature has not been updated in 5 years or more
835603803,way,last_update,9-8-2020,Feature has not been updated in 5 years or more
835604999,way,last_update,9-8-2020,Feature has not been updated in 5 years or more
835605000,way,last_update,9-8-2020,Feature has not been updated in 5 years or more
835605002,way,last_update,9-8-2020,Feature has not been updated in 5 years or more
835605003,way,last_update,9-8-2020,Feature has not been updated in 5 years or more
835605004,way,last_update,9-8-2020,Feature has not been updated in 5 years or more
835605005,way,last_update,9-8-2020,Feature has not been updated in 5 years or more
835908629,way,last_update,11-8-2020,Feature has not been updated in 5 years or more
835908630,way,last_update,11-8-2020,Feature has not been updated in 5 years or more
835908639,way,last_update,11-8-2020,Feature has not been updated in 5 years or more
835918506,way,last_update,11-8-2020,Feature has not been updated in 5 years or more
835918508,way,last_update,11-8-2020,Feature has not been updated in 5 years or more
835918509,way,last_update,11-8-2020,Feature has not been updated in 5 years or more
835918520,way,last_update,11-8-2020,Feature has not been updated in 5 years or more
835918528,way,last_update,11-8-2020,Feature has not been updated in 5 years or more
835918531,way,last_update,11-8-2020,Feature has not been updated in 5 years or more
835920525,way,last_update,11-8-2020,Feature has not been updated in 5 years or more
835920526,way,last_update,11-8-2020,Feature has not been updated in 5 years or more
836634451,way,last_update,13-8-2020,Feature has not been updated in 5 years or more
836634452,way,last_update,13-8-2020,Feature has not been updated in 5 years or more
836636608,way,last_update,13-8-2020,Feature has not been updated in 5 years or more
836636609,way,last_update,13-8-2020,Feature has not been updated in 5 years or more
837397048,way,last_update,15-8-2020,Feature has not been updated in 5 years or more
838296538,way,last_update,18-8-2020,Feature has not been updated in 5 years or more
838378264,way,last_update,18-8-2020,Feature has not been updated in 5 years or more
838378265,way,last_update,18-8-2020,Feature has not been updated in 5 years or more
838378266,way,last_update,18-8-2020,Feature has not been updated in 5 years or more
838378267,way,last_update,18-8-2020,Feature has not been updated in 5 years or more
838378268,way,last_update,18-8-2020,Feature has not been updated in 5 years or more
838378269,way,last_update,18-8-2020,Feature has not been updated in 5 years or more
838378271,way,last_update,18-8-2020,Feature has not been updated in 5 years or more
838378272,way,last_update,18-8-2020,Feature has not been updated in 5 years or more
838378273,way,last_update,18-8-2020,Feature has not been updated in 5 years or more
838378274,way,last_update,18-8-2020,Feature has not been updated in 5 years or more
838378275,way,last_update,18-8-2020,Feature has not been updated in 5 years or more
838378276,way,last_update,18-8-2020,Feature has not been updated in 5 years or more
838378277,way,last_update,18-8-2020,Feature has not been updated in 5 years or more
838378278,way,last_update,18-8-2020,Feature has not been updated in 5 years or more
838844949,way,last_update,20-8-2020,Feature has not been updated in 5 years or more
838844950,way,last_update,20-8-2020,Feature has not been updated in 5 years or more
838844951,way,last_update,20-8-2020,Feature has not been updated in 5 years or more
839128119,way,last_update,20-8-2020,Feature has not been updated in 5 years or more
839128120,way,last_update,20-8-2020,Feature has not been updated in 5 years or more
839128121,way,last_update,7-11-2020,Feature has not been updated in 5 years or more
840007784,way,last_update,24-8-2020,Feature has not been updated in 5 years or more
840007785,way,last_update,24-8-2020,Feature has not been updated in 5 years or more
840007786,way,last_update,24-8-2020,Feature has not been updated in 5 years or more
840007787,way,last_update,24-8-2020,Feature has not been updated in 5 years or more
840007788,way,last_update,24-8-2020,Feature has not been updated in 5 years or more
840007789,way,last_update,24-8-2020,Feature has not been updated in 5 years or more
840007790,way,last_update,24-8-2020,Feature has not been updated in 5 years or more
840008909,way,last_update,24-8-2020,Feature has not been updated in 5 years or more
840008911,way,last_update,24-8-2020,Feature has not been updated in 5 years or more
840008912,way,last_update,24-8-2020,Feature has not been updated in 5 years or more
840008917,way,last_update,24-8-2020,Feature has not been updated in 5 years or more
840008918,way,last_update,24-8-2020,Feature has not been updated in 5 years or more
840277588,way,last_update,24-8-2020,Feature has not been updated in 5 years or more
840277589,way,last_update,24-8-2020,Feature has not been updated in 5 years or more
840277590,way,last_update,24-8-2020,Feature has not been updated in 5 years or more
840277591,way,last_update,24-8-2020,Feature has not been updated in 5 years or more
840277592,way,last_update,24-8-2020,Feature has not been updated in 5 years or more
840277593,way,last_update,24-8-2020,Feature has not been updated in 5 years or more
840277594,way,last_update,24-8-2020,Feature has not been updated in 5 years or more
840277595,way,last_update,24-8-2020,Feature has not been updated in 5 years or more
840277596,way,last_update,24-8-2020,Feature has not been updated in 5 years or more
840277597,way,last_update,24-8-2020,Feature has not been updated in 5 years or more
840277598,way,last_update,24-8-2020,Feature has not been updated in 5 years or more
840277599,way,last_update,24-8-2020,Feature has not been updated in 5 years or more
840277600,way,last_update,24-8-2020,Feature has not been updated in 5 years or more
840277601,way,last_update,24-8-2020,Feature has not been updated in 5 years or more
840277602,way,last_update,24-8-2020,Feature has not been updated in 5 years or more
840277603,way,last_update,24-8-2020,Feature has not been updated in 5 years or more
840277604,way,last_update,24-8-2020,Feature has not been updated in 5 years or more
840277605,way,last_update,24-8-2020,Feature has not been updated in 5 years or more
840277606,way,last_update,24-8-2020,Feature has not been updated in 5 years or more
840277607,way,last_update,24-8-2020,Feature has not been updated in 5 years or more
840277608,way,last_update,24-8-2020,Feature has not been updated in 5 years or more
840277609,way,last_update,24-8-2020,Feature has not been updated in 5 years or more
840277610,way,last_update,24-8-2020,Feature has not been updated in 5 years or more
840277611,way,last_update,24-8-2020,Feature has not been updated in 5 years or more
840277612,way,last_update,24-8-2020,Feature has not been updated in 5 years or more
840277613,way,last_update,24-8-2020,Feature has not been updated in 5 years or more
840278501,way,last_update,24-8-2020,Feature has not been updated in 5 years or more
840278502,way,last_update,24-8-2020,Feature has not been updated in 5 years or more
841449017,way,last_update,27-8-2020,Feature has not been updated in 5 years or more
841449018,way,last_update,27-8-2020,Feature has not been updated in 5 years or more
841449019,way,last_update,27-8-2020,Feature has not been updated in 5 years or more
841449020,way,last_update,27-8-2020,Feature has not been updated in 5 years or more
841449021,way,last_update,27-8-2020,Feature has not been updated in 5 years or more
841449022,way,last_update,27-8-2020,Feature has not been updated in 5 years or more
841449023,way,last_update,27-8-2020,Feature has not been updated in 5 years or more
841449024,way,last_update,27-8-2020,Feature has not been updated in 5 years or more
841969850,way,last_update,28-8-2020,Feature has not been updated in 5 years or more
844649979,way,last_update,5-9-2020,Feature has not been updated in 5 years or more
844649980,way,last_update,5-9-2020,Feature has not been updated in 5 years or more
844649981,way,last_update,5-9-2020,Feature has not been updated in 5 years or more
844650318,way,last_update,5-9-2020,Feature has not been updated in 5 years or more
844650319,way,last_update,5-9-2020,Feature has not been updated in 5 years or more
844650320,way,last_update,5-9-2020,Feature has not been updated in 5 years or more
844650321,way,last_update,5-9-2020,Feature has not been updated in 5 years or more
844650322,way,last_update,5-9-2020,Feature has not been updated in 5 years or more
844650323,way,last_update,5-9-2020,Feature has not been updated in 5 years or more
844650324,way,last_update,5-9-2020,Feature has not been updated in 5 years or more
845472056,way,last_update,8-9-2020,Feature has not been updated in 5 years or more
845472057,way,last_update,8-9-2020,Feature has not been updated in 5 years or more
845472058,way,last_update,8-9-2020,Feature has not been updated in 5 years or more
845472059,way,last_update,8-9-2020,Feature has not been updated in 5 years or more
845472060,way,last_update,8-9-2020,Feature has not been updated in 5 years or more
845472061,way,last_update,8-9-2020,Feature has not been updated in 5 years or more
845472062,way,last_update,8-9-2020,Feature has not been updated in 5 years or more
845473186,way,last_update,8-9-2020,Feature has not been updated in 5 years or more
845473187,way,last_update,8-9-2020,Feature has not been updated in 5 years or more
845473188,way,last_update,8-9-2020,Feature has not been updated in 5 years or more
845473189,way,last_update,8-9-2020,Feature has not been updated in 5 years or more
845473190,way,last_update,8-9-2020,Feature has not been updated in 5 years or more
845473191,way,last_update,8-9-2020,Feature has not been updated in 5 years or more
845473192,way,last_update,8-9-2020,Feature has not been updated in 5 years or more
846731984,way,last_update,12-9-2020,Feature has not been updated in 5 years or more
846731985,way,last_update,12-9-2020,Feature has not been updated in 5 years or more
846745474,way,last_update,12-9-2020,Feature has not been updated in 5 years or more
846745475,way,last_update,12-9-2020,Feature has not been updated in 5 years or more
846745476,way,last_update,12-9-2020,Feature has not been updated in 5 years or more
846771053,way,last_update,12-9-2020,Feature has not been updated in 5 years or more
846774030,way,last_update,12-9-2020,Feature has not been updated in 5 years or more
846786005,way,last_update,12-9-2020,Feature has not been updated in 5 years or more
846791872,way,last_update,13-9-2020,Feature has not been updated in 5 years or more
846791873,way,last_update,13-9-2020,Feature has not been updated in 5 years or more
846791874,way,last_update,13-9-2020,Feature has not been updated in 5 years or more
846791875,way,last_update,13-9-2020,Feature has not been updated in 5 years or more
846791876,way,last_update,13-9-2020,Feature has not been updated in 5 years or more
846791877,way,last_update,13-9-2020,Feature has not been updated in 5 years or more
846791878,way,last_update,13-9-2020,Feature has not been updated in 5 years or more
846791879,way,last_update,13-9-2020,Feature has not been updated in 5 years or more
846791880,way,last_update,13-9-2020,Feature has not been updated in 5 years or more
846791881,way,last_update,13-9-2020,Feature has not been updated in 5 years or more
846791882,way,last_update,13-9-2020,Feature has not been updated in 5 years or more
846791883,way,last_update,13-9-2020,Feature has not been updated in 5 years or more
846791884,way,last_update,13-9-2020,Feature has not been updated in 5 years or more
846791885,way,last_update,13-9-2020,Feature has not been updated in 5 years or more
846791886,way,last_update,13-9-2020,Feature has not been updated in 5 years or more
846791887,way,last_update,13-9-2020,Feature has not been updated in 5 years or more
846791888,way,last_update,13-9-2020,Feature has not been updated in 5 years or more
846791889,way,last_update,13-9-2020,Feature has not been updated in 5 years or more
846791890,way,last_update,13-9-2020,Feature has not been updated in 5 years or more
846791891,way,last_update,13-9-2020,Feature has not been updated in 5 years or more
846791892,way,last_update,13-9-2020,Feature has not been updated in 5 years or more
846791893,way,last_update,13-9-2020,Feature has not been updated in 5 years or more
846791894,way,last_update,13-9-2020,Feature has not been updated in 5 years or more
846791895,way,last_update,13-9-2020,Feature has not been updated in 5 years or more
846791896,way,last_update,13-9-2020,Feature has not been updated in 5 years or more
846791897,way,last_update,13-9-2020,Feature has not been updated in 5 years or more
846791898,way,last_update,13-9-2020,Feature has not been updated in 5 years or more
846791899,way,last_update,13-9-2020,Feature has not been updated in 5 years or more
846791900,way,last_update,13-9-2020,Feature has not been updated in 5 years or more
846791901,way,last_update,13-9-2020,Feature has not been updated in 5 years or more
846791902,way,last_update,13-9-2020,Feature has not been updated in 5 years or more
846791903,way,last_update,13-9-2020,Feature has not been updated in 5 years or more
846791904,way,last_update,13-9-2020,Feature has not been updated in 5 years or more
846791905,way,last_update,13-9-2020,Feature has not been updated in 5 years or more
846791906,way,last_update,13-9-2020,Feature has not been updated in 5 years or more
846791907,way,last_update,13-9-2020,Feature has not been updated in 5 years or more
846791908,way,last_update,13-9-2020,Feature has not been updated in 5 years or more
846791914,way,last_update,13-9-2020,Feature has not been updated in 5 years or more
846791915,way,last_update,13-9-2020,Feature has not been updated in 5 years or more
846791917,way,last_update,13-9-2020,Feature has not been updated in 5 years or more
846791918,way,last_update,13-9-2020,Feature has not been updated in 5 years or more
846791919,way,last_update,13-9-2020,Feature has not been updated in 5 years or more
846791920,way,last_update,13-9-2020,Feature has not been updated in 5 years or more
846791921,way,last_update,13-9-2020,Feature has not been updated in 5 years or more
846791922,way,last_update,13-9-2020,Feature has not been updated in 5 years or more
846791923,way,last_update,13-9-2020,Feature has not been updated in 5 years or more
846791924,way,last_update,13-9-2020,Feature has not been updated in 5 years or more
846791925,way,last_update,13-9-2020,Feature has not been updated in 5 years or more
846791929,way,last_update,13-9-2020,Feature has not been updated in 5 years or more
846791930,way,last_update,13-9-2020,Feature has not been updated in 5 years or more
846791931,way,last_update,13-9-2020,Feature has not been updated in 5 years or more
846791932,way,last_update,13-9-2020,Feature has not been updated in 5 years or more
846791933,way,last_update,13-9-2020,Feature has not been updated in 5 years or more
846791934,way,last_update,13-9-2020,Feature has not been updated in 5 years or more
846791935,way,last_update,13-9-2020,Feature has not been updated in 5 years or more
846791936,way,last_update,13-9-2020,Feature has not been updated in 5 years or more
846791939,way,last_update,13-9-2020,Feature has not been updated in 5 years or more
846791940,way,last_update,13-9-2020,Feature has not been updated in 5 years or more
846791941,way,last_update,13-9-2020,Feature has not been updated in 5 years or more
846791942,way,last_update,13-9-2020,Feature has not been updated in 5 years or more
846791946,way,last_update,13-9-2020,Feature has not been updated in 5 years or more
846791947,way,last_update,13-9-2020,Feature has not been updated in 5 years or more
846791948,way,last_update,13-9-2020,Feature has not been updated in 5 years or more
846791950,way,last_update,13-9-2020,Feature has not been updated in 5 years or more
846791951,way,last_update,13-9-2020,Feature has not been updated in 5 years or more
846791952,way,last_update,13-9-2020,Feature has not been updated in 5 years or more
846791953,way,last_update,13-9-2020,Feature has not been updated in 5 years or more
846791963,way,last_update,13-9-2020,Feature has not been updated in 5 years or more
846791964,way,last_update,13-9-2020,Feature has not been updated in 5 years or more
846791965,way,last_update,13-9-2020,Feature has not been updated in 5 years or more
846791966,way,last_update,13-9-2020,Feature has not been updated in 5 years or more
846791968,way,last_update,13-9-2020,Feature has not been updated in 5 years or more
846791969,way,last_update,13-9-2020,Feature has not been updated in 5 years or more
846791970,way,last_update,13-9-2020,Feature has not been updated in 5 years or more
846791971,way,last_update,13-9-2020,Feature has not been updated in 5 years or more
846791973,way,last_update,13-9-2020,Feature has not been updated in 5 years or more
846791974,way,last_update,13-9-2020,Feature has not been updated in 5 years or more
846791975,way,last_update,13-9-2020,Feature has not been updated in 5 years or more
846791976,way,last_update,13-9-2020,Feature has not been updated in 5 years or more
846791978,way,last_update,13-9-2020,Feature has not been updated in 5 years or more
846791979,way,last_update,13-9-2020,Feature has not been updated in 5 years or more
846791980,way,last_update,13-9-2020,Feature has not been updated in 5 years or more
846791981,way,last_update,13-9-2020,Feature has not been updated in 5 years or more
846791982,way,last_update,13-9-2020,Feature has not been updated in 5 years or more
846791983,way,last_update,13-9-2020,Feature has not been updated in 5 years or more
846791984,way,last_update,13-9-2020,Feature has not been updated in 5 years or more
846791985,way,last_update,13-9-2020,Feature has not been updated in 5 years or more
846791991,way,last_update,13-9-2020,Feature has not been updated in 5 years or more
846791992,way,last_update,13-9-2020,Feature has not been updated in 5 years or more
846791993,way,last_update,13-9-2020,Feature has not been updated in 5 years or more
846791994,way,last_update,13-9-2020,Feature has not been updated in 5 years or more
846791995,way,last_update,13-9-2020,Feature has not been updated in 5 years or more
846791996,way,last_update,13-9-2020,Feature has not been updated in 5 years or more
846791997,way,last_update,13-9-2020,Feature has not been updated in 5 years or more
846791998,way,last_update,13-9-2020,Feature has not been updated in 5 years or more
846791999,way,last_update,13-9-2020,Feature has not been updated in 5 years or more
846792000,way,last_update,13-9-2020,Feature has not been updated in 5 years or more
846792001,way,last_update,13-9-2020,Feature has not been updated in 5 years or more
846792002,way,last_update,13-9-2020,Feature has not been updated in 5 years or more
846792003,way,last_update,13-9-2020,Feature has not been updated in 5 years or more
846792004,way,last_update,13-9-2020,Feature has not been updated in 5 years or more
846792005,way,last_update,13-9-2020,Feature has not been updated in 5 years or more
846792006,way,last_update,13-9-2020,Feature has not been updated in 5 years or more
846792007,way,last_update,13-9-2020,Feature has not been updated in 5 years or more
846792008,way,last_update,13-9-2020,Feature has not been updated in 5 years or more
846792009,way,last_update,13-9-2020,Feature has not been updated in 5 years or more
846792010,way,last_update,13-9-2020,Feature has not been updated in 5 years or more
846792011,way,last_update,13-9-2020,Feature has not been updated in 5 years or more
846792012,way,last_update,13-9-2020,Feature has not been updated in 5 years or more
846792013,way,last_update,13-9-2020,Feature has not been updated in 5 years or more
846792014,way,last_update,13-9-2020,Feature has not been updated in 5 years or more
846792015,way,last_update,13-9-2020,Feature has not been updated in 5 years or more
846792016,way,last_update,13-9-2020,Feature has not been updated in 5 years or more
846792017,way,last_update,13-9-2020,Feature has not been updated in 5 years or more
846792022,way,last_update,13-9-2020,Feature has not been updated in 5 years or more
848584299,way,last_update,17-9-2020,Feature has not been updated in 5 years or more
848584300,way,last_update,17-9-2020,Feature has not been updated in 5 years or more
848584301,way,last_update,17-9-2020,Feature has not been updated in 5 years or more
848584302,way,last_update,17-9-2020,Feature has not been updated in 5 years or more
848584303,way,last_update,17-9-2020,Feature has not been updated in 5 years or more
848584304,way,last_update,17-9-2020,Feature has not been updated in 5 years or more
848969245,way,last_update,18-9-2020,Feature has not been updated in 5 years or more
848969246,way,last_update,18-9-2020,Feature has not been updated in 5 years or more
848969247,way,last_update,18-9-2020,Feature has not been updated in 5 years or more
848969248,way,last_update,18-9-2020,Feature has not been updated in 5 years or more
848969249,way,last_update,18-9-2020,Feature has not been updated in 5 years or more
850197417,way,last_update,22-9-2020,Feature has not been updated in 5 years or more
850197419,way,last_update,22-9-2020,Feature has not been updated in 5 years or more
851688205,way,last_update,25-9-2020,Feature has not been updated in 5 years or more
851688206,way,last_update,25-9-2020,Feature has not been updated in 5 years or more
851688207,way,last_update,25-9-2020,Feature has not been updated in 5 years or more
851688208,way,last_update,25-9-2020,Feature has not been updated in 5 years or more
851688209,way,last_update,25-9-2020,Feature has not been updated in 5 years or more
851688212,way,last_update,25-9-2020,Feature has not been updated in 5 years or more
851689769,way,last_update,26-9-2020,Feature has not been updated in 5 years or more
851689770,way,last_update,26-9-2020,Feature has not been updated in 5 years or more
851689771,way,last_update,26-9-2020,Feature has not been updated in 5 years or more
851689772,way,last_update,26-9-2020,Feature has not been updated in 5 years or more
851689773,way,last_update,26-9-2020,Feature has not been updated in 5 years or more
851689774,way,last_update,26-9-2020,Feature has not been updated in 5 years or more
851689777,way,last_update,26-9-2020,Feature has not been updated in 5 years or more
851689778,way,last_update,26-9-2020,Feature has not been updated in 5 years or more
851689779,way,last_update,26-9-2020,Feature has not been updated in 5 years or more
851689780,way,last_update,26-9-2020,Feature has not been updated in 5 years or more
851689781,way,last_update,26-9-2020,Feature has not been updated in 5 years or more
851689782,way,last_update,26-9-2020,Feature has not been updated in 5 years or more
851689783,way,last_update,26-9-2020,Feature has not been updated in 5 years or more
851689784,way,last_update,26-9-2020,Feature has not been updated in 5 years or more
851689785,way,last_update,26-9-2020,Feature has not been updated in 5 years or more
851689786,way,last_update,26-9-2020,Feature has not been updated in 5 years or more
851689787,way,last_update,26-9-2020,Feature has not been updated in 5 years or more
851689788,way,last_update,26-9-2020,Feature has not been updated in 5 years or more
851692237,way,last_update,26-9-2020,Feature has not been updated in 5 years or more
851692238,way,last_update,26-9-2020,Feature has not been updated in 5 years or more
851692239,way,last_update,26-9-2020,Feature has not been updated in 5 years or more
851692240,way,last_update,26-9-2020,Feature has not been updated in 5 years or more
851692241,way,last_update,26-9-2020,Feature has not been updated in 5 years or more
851692242,way,last_update,26-9-2020,Feature has not been updated in 5 years or more
851692244,way,last_update,26-9-2020,Feature has not been updated in 5 years or more
851692245,way,last_update,26-9-2020,Feature has not been updated in 5 years or more
851692251,way,last_update,26-9-2020,Feature has not been updated in 5 years or more
851692252,way,last_update,26-9-2020,Feature has not been updated in 5 years or more
851692253,way,last_update,26-9-2020,Feature has not been updated in 5 years or more
851692255,way,last_update,26-9-2020,Feature has not been updated in 5 years or more
851692256,way,last_update,26-9-2020,Feature has not been updated in 5 years or more
851726095,way,last_update,26-9-2020,Feature has not been updated in 5 years or more
851726096,way,last_update,26-9-2020,Feature has not been updated in 5 years or more
851726097,way,last_update,26-9-2020,Feature has not been updated in 5 years or more
851726098,way,last_update,26-9-2020,Feature has not been updated in 5 years or more
851726099,way,last_update,26-9-2020,Feature has not been updated in 5 years or more
851726100,way,last_update,26-9-2020,Feature has not been updated in 5 years or more
851726101,way,last_update,26-9-2020,Feature has not been updated in 5 years or more
851726102,way,last_update,26-9-2020,Feature has not been updated in 5 years or more
851726103,way,last_update,26-9-2020,Feature has not been updated in 5 years or more
851726104,way,last_update,26-9-2020,Feature has not been updated in 5 years or more
851726105,way,last_update,26-9-2020,Feature has not been updated in 5 years or more
851726106,way,last_update,26-9-2020,Feature has not been updated in 5 years or more
851726107,way,last_update,26-9-2020,Feature has not been updated in 5 years or more
851732321,way,last_update,26-9-2020,Feature has not been updated in 5 years or more
851732322,way,last_update,26-9-2020,Feature has not been updated in 5 years or more
851732323,way,last_update,26-9-2020,Feature has not been updated in 5 years or more
851732324,way,last_update,26-9-2020,Feature has not been updated in 5 years or more
851732325,way,last_update,26-9-2020,Feature has not been updated in 5 years or more
851732326,way,last_update,26-9-2020,Feature has not been updated in 5 years or more
851732327,way,last_update,26-9-2020,Feature has not been updated in 5 years or more
851732328,way,last_update,26-9-2020,Feature has not been updated in 5 years or more
851732330,way,last_update,26-9-2020,Feature has not been updated in 5 years or more
851733072,way,last_update,26-9-2020,Feature has not been updated in 5 years or more
851733073,way,last_update,26-9-2020,Feature has not been updated in 5 years or more
851733074,way,last_update,26-9-2020,Feature has not been updated in 5 years or more
851733075,way,last_update,26-9-2020,Feature has not been updated in 5 years or more
851733076,way,last_update,26-9-2020,Feature has not been updated in 5 years or more
851733077,way,last_update,26-9-2020,Feature has not been updated in 5 years or more
851733291,way,last_update,26-9-2020,Feature has not been updated in 5 years or more
851733292,way,last_update,26-9-2020,Feature has not been updated in 5 years or more
851733293,way,last_update,26-9-2020,Feature has not been updated in 5 years or more
851733294,way,last_update,26-9-2020,Feature has not been updated in 5 years or more
851733295,way,last_update,26-9-2020,Feature has not been updated in 5 years or more
851733296,way,last_update,26-9-2020,Feature has not been updated in 5 years or more
851733297,way,last_update,26-9-2020,Feature has not been updated in 5 years or more
851733298,way,last_update,26-9-2020,Feature has not been updated in 5 years or more
851733299,way,last_update,26-9-2020,Feature has not been updated in 5 years or more
851733300,way,last_update,26-9-2020,Feature has not been updated in 5 years or more
851733301,way,last_update,26-9-2020,Feature has not been updated in 5 years or more
851733302,way,last_update,26-9-2020,Feature has not been updated in 5 years or more
851733303,way,last_update,26-9-2020,Feature has not been updated in 5 years or more
851733304,way,last_update,26-9-2020,Feature has not been updated in 5 years or more
851733305,way,last_update,26-9-2020,Feature has not been updated in 5 years or more
851733306,way,last_update,26-9-2020,Feature has not been updated in 5 years or more
851942300,way,last_update,27-9-2020,Feature has not been updated in 5 years or more
851942301,way,last_update,27-9-2020,Feature has not been updated in 5 years or more
851942302,way,last_update,27-9-2020,Feature has not been updated in 5 years or more
851942303,way,last_update,27-9-2020,Feature has not been updated in 5 years or more
851942304,way,last_update,27-9-2020,Feature has not been updated in 5 years or more
851942573,way,last_update,27-9-2020,Feature has not been updated in 5 years or more
851942574,way,last_update,27-9-2020,Feature has not been updated in 5 years or more
851942575,way,last_update,27-9-2020,Feature has not been updated in 5 years or more
851942576,way,last_update,27-9-2020,Feature has not been updated in 5 years or more
851942577,way,last_update,27-9-2020,Feature has not been updated in 5 years or more
851942578,way,last_update,27-9-2020,Feature has not been updated in 5 years or more
854398898,way,last_update,3-10-2020,Feature has not been updated in 5 years or more
854398899,way,last_update,3-10-2020,Feature has not been updated in 5 years or more
854398900,way,last_update,3-10-2020,Feature has not been updated in 5 years or more
854398901,way,last_update,3-10-2020,Feature has not been updated in 5 years or more
854398902,way,last_update,3-10-2020,Feature has not been updated in 5 years or more
854398903,way,last_update,3-10-2020,Feature has not been updated in 5 years or more
854398904,way,last_update,3-10-2020,Feature has not been updated in 5 years or more
854400133,way,last_update,3-10-2020,Feature has not been updated in 5 years or more
854400134,way,last_update,3-10-2020,Feature has not been updated in 5 years or more
854400135,way,last_update,3-10-2020,Feature has not been updated in 5 years or more
854400136,way,last_update,3-10-2020,Feature has not been updated in 5 years or more
854400137,way,last_update,3-10-2020,Feature has not been updated in 5 years or more
854400138,way,last_update,3-10-2020,Feature has not been updated in 5 years or more
854400139,way,last_update,3-10-2020,Feature has not been updated in 5 years or more
854400140,way,last_update,3-10-2020,Feature has not been updated in 5 years or more
854400141,way,last_update,3-10-2020,Feature has not been updated in 5 years or more
854400142,way,last_update,3-10-2020,Feature has not been updated in 5 years or more
854401859,way,last_update,3-10-2020,Feature has not been updated in 5 years or more
854401860,way,last_update,3-10-2020,Feature has not been updated in 5 years or more
854401861,way,last_update,3-10-2020,Feature has not been updated in 5 years or more
854401862,way,last_update,3-10-2020,Feature has not been updated in 5 years or more
854401863,way,last_update,3-10-2020,Feature has not been updated in 5 years or more
854401864,way,last_update,3-10-2020,Feature has not been updated in 5 years or more
854401865,way,last_update,3-10-2020,Feature has not been updated in 5 years or more
854401866,way,last_update,3-10-2020,Feature has not been updated in 5 years or more
854401867,way,last_update,3-10-2020,Feature has not been updated in 5 years or more
854401868,way,last_update,3-10-2020,Feature has not been updated in 5 years or more
854401869,way,last_update,3-10-2020,Feature has not been updated in 5 years or more
854401870,way,last_update,3-10-2020,Feature has not been updated in 5 years or more
854401871,way,last_update,3-10-2020,Feature has not been updated in 5 years or more
854401872,way,last_update,3-10-2020,Feature has not been updated in 5 years or more
854401873,way,last_update,3-10-2020,Feature has not been updated in 5 years or more
854402006,way,last_update,3-10-2020,Feature has not been updated in 5 years or more
854402007,way,last_update,3-10-2020,Feature has not been updated in 5 years or more
854402009,way,last_update,3-10-2020,Feature has not been updated in 5 years or more
854801378,way,last_update,4-10-2020,Feature has not been updated in 5 years or more
854801379,way,last_update,4-10-2020,Feature has not been updated in 5 years or more
854801381,way,last_update,4-10-2020,Feature has not been updated in 5 years or more
854801382,way,last_update,4-10-2020,Feature has not been updated in 5 years or more
854801383,way,last_update,4-10-2020,Feature has not been updated in 5 years or more
854801384,way,last_update,4-10-2020,Feature has not been updated in 5 years or more
854801385,way,last_update,4-10-2020,Feature has not been updated in 5 years or more
854801386,way,last_update,4-10-2020,Feature has not been updated in 5 years or more
854801387,way,last_update,4-10-2020,Feature has not been updated in 5 years or more
854801388,way,last_update,4-10-2020,Feature has not been updated in 5 years or more
854801389,way,last_update,4-10-2020,Feature has not been updated in 5 years or more
854801390,way,last_update,4-10-2020,Feature has not been updated in 5 years or more
854801391,way,last_update,4-10-2020,Feature has not been updated in 5 years or more
855214532,way,last_update,5-10-2020,Feature has not been updated in 5 years or more
855214533,way,last_update,5-10-2020,Feature has not been updated in 5 years or more
855214534,way,last_update,5-10-2020,Feature has not been updated in 5 years or more
855214535,way,last_update,5-10-2020,Feature has not been updated in 5 years or more
855214536,way,last_update,5-10-2020,Feature has not been updated in 5 years or more
856215938,way,last_update,7-10-2020,Feature has not been updated in 5 years or more
856215939,way,last_update,7-10-2020,Feature has not been updated in 5 years or more
856215940,way,last_update,7-10-2020,Feature has not been updated in 5 years or more
856215942,way,last_update,7-10-2020,Feature has not been updated in 5 years or more
859485274,way,last_update,16-10-2020,Feature has not been updated in 5 years or more
859485275,way,last_update,16-10-2020,Feature has not been updated in 5 years or more
859485276,way,last_update,16-10-2020,Feature has not been updated in 5 years or more
859485277,way,last_update,16-10-2020,Feature has not been updated in 5 years or more
863184290,way,last_update,23-10-2020,Feature has not been updated in 5 years or more
863184291,way,last_update,23-10-2020,Feature has not been updated in 5 years or more
863184292,way,last_update,23-10-2020,Feature has not been updated in 5 years or more
863184293,way,last_update,23-10-2020,Feature has not been updated in 5 years or more
863184294,way,last_update,23-10-2020,Feature has not been updated in 5 years or more
863184295,way,last_update,23-10-2020,Feature has not been updated in 5 years or more
863184296,way,last_update,23-10-2020,Feature has not been updated in 5 years or more
863190351,way,last_update,24-10-2020,Feature has not been updated in 5 years or more
863190352,way,last_update,24-10-2020,Feature has not been updated in 5 years or more
864147728,way,last_update,27-10-2020,Feature has not been updated in 5 years or more
864147729,way,last_update,27-10-2020,Feature has not been updated in 5 years or more
864147730,way,last_update,27-10-2020,Feature has not been updated in 5 years or more
865841221,way,last_update,12-11-2020,Feature has not been updated in 5 years or more
866120415,way,last_update,2-11-2020,Feature has not been updated in 5 years or more
866120416,way,last_update,2-11-2020,Feature has not been updated in 5 years or more
866120417,way,last_update,2-11-2020,Feature has not been updated in 5 years or more
866120418,way,last_update,2-11-2020,Feature has not been updated in 5 years or more
866123252,way,last_update,2-11-2020,Feature has not been updated in 5 years or more
866123253,way,last_update,2-11-2020,Feature has not been updated in 5 years or more
866123254,way,last_update,2-11-2020,Feature has not been updated in 5 years or more
866123255,way,last_update,2-11-2020,Feature has not been updated in 5 years or more
866123256,way,last_update,2-11-2020,Feature has not been updated in 5 years or more
866123257,way,last_update,2-11-2020,Feature has not been updated in 5 years or more
866123258,way,last_update,2-11-2020,Feature has not been updated in 5 years or more
866123259,way,last_update,2-11-2020,Feature has not been updated in 5 years or more
866123260,way,last_update,2-11-2020,Feature has not been updated in 5 years or more
866479728,way,last_update,3-11-2020,Feature has not been updated in 5 years or more
866479729,way,last_update,3-11-2020,Feature has not been updated in 5 years or more
866479730,way,last_update,3-11-2020,Feature has not been updated in 5 years or more
866479731,way,last_update,3-11-2020,Feature has not been updated in 5 years or more
866479732,way,last_update,3-11-2020,Feature has not been updated in 5 years or more
866520838,way,last_update,3-11-2020,Feature has not been updated in 5 years or more
866520839,way,last_update,3-11-2020,Feature has not been updated in 5 years or more
866520840,way,last_update,3-11-2020,Feature has not been updated in 5 years or more
866520841,way,last_update,3-11-2020,Feature has not been updated in 5 years or more
866520842,way,last_update,3-11-2020,Feature has not been updated in 5 years or more
866520843,way,last_update,3-11-2020,Feature has not been updated in 5 years or more
866520844,way,last_update,3-11-2020,Feature has not been updated in 5 years or more
866520845,way,last_update,3-11-2020,Feature has not been updated in 5 years or more
866520846,way,last_update,3-11-2020,Feature has not been updated in 5 years or more
867176165,way,last_update,5-11-2020,Feature has not been updated in 5 years or more
867176166,way,last_update,5-11-2020,Feature has not been updated in 5 years or more
867176167,way,last_update,5-11-2020,Feature has not been updated in 5 years or more
867531811,way,last_update,5-11-2020,Feature has not been updated in 5 years or more
867560602,way,last_update,6-11-2020,Feature has not been updated in 5 years or more
867560603,way,last_update,6-11-2020,Feature has not been updated in 5 years or more
867560604,way,last_update,6-11-2020,Feature has not been updated in 5 years or more
867560605,way,last_update,6-11-2020,Feature has not been updated in 5 years or more
867560606,way,last_update,6-11-2020,Feature has not been updated in 5 years or more
867560607,way,last_update,6-11-2020,Feature has not been updated in 5 years or more
867560608,way,last_update,6-11-2020,Feature has not been updated in 5 years or more
867560609,way,last_update,6-11-2020,Feature has not been updated in 5 years or more
867560610,way,last_update,6-11-2020,Feature has not been updated in 5 years or more
867560611,way,last_update,6-11-2020,Feature has not been updated in 5 years or more
867560612,way,last_update,6-11-2020,Feature has not been updated in 5 years or more
867620642,way,last_update,6-11-2020,Feature has not been updated in 5 years or more
867620643,way,last_update,6-11-2020,Feature has not been updated in 5 years or more
867624043,way,last_update,24-6-2021,Feature has not been updated in 5 years or more
868159691,way,last_update,7-11-2020,Feature has not been updated in 5 years or more
868159692,way,last_update,7-11-2020,Feature has not been updated in 5 years or more
868159693,way,last_update,7-11-2020,Feature has not been updated in 5 years or more
868159694,way,last_update,7-11-2020,Feature has not been updated in 5 years or more
868159695,way,last_update,7-11-2020,Feature has not been updated in 5 years or more
868159696,way,last_update,7-11-2020,Feature has not been updated in 5 years or more
868159697,way,last_update,7-11-2020,Feature has not been updated in 5 years or more
868159699,way,last_update,7-11-2020,Feature has not been updated in 5 years or more
868162392,way,last_update,7-11-2020,Feature has not been updated in 5 years or more
868504968,way,last_update,9-11-2020,Feature has not been updated in 5 years or more
868504970,way,last_update,9-11-2020,Feature has not been updated in 5 years or more
868504971,way,last_update,9-11-2020,Feature has not been updated in 5 years or more
868504972,way,last_update,9-11-2020,Feature has not been updated in 5 years or more
868504975,way,last_update,9-11-2020,Feature has not been updated in 5 years or more
868504976,way,last_update,9-11-2020,Feature has not been updated in 5 years or more
868921257,way,last_update,10-11-2020,Feature has not been updated in 5 years or more
868921258,way,last_update,10-11-2020,Feature has not been updated in 5 years or more
868921259,way,last_update,10-11-2020,Feature has not been updated in 5 years or more
868921260,way,last_update,10-11-2020,Feature has not been updated in 5 years or more
868921261,way,last_update,10-11-2020,Feature has not been updated in 5 years or more
868937894,way,last_update,10-11-2020,Feature has not been updated in 5 years or more
868937895,way,last_update,10-11-2020,Feature has not been updated in 5 years or more
868937897,way,last_update,10-11-2020,Feature has not been updated in 5 years or more
868937898,way,last_update,10-11-2020,Feature has not been updated in 5 years or more
868937899,way,last_update,10-11-2020,Feature has not been updated in 5 years or more
868937900,way,last_update,10-11-2020,Feature has not been updated in 5 years or more
868937901,way,last_update,10-11-2020,Feature has not been updated in 5 years or more
869971280,way,last_update,11-11-2020,Feature has not been updated in 5 years or more
869971281,way,last_update,11-11-2020,Feature has not been updated in 5 years or more
869971282,way,last_update,11-11-2020,Feature has not been updated in 5 years or more
869971283,way,last_update,11-11-2020,Feature has not been updated in 5 years or more
869971284,way,last_update,11-11-2020,Feature has not been updated in 5 years or more
869971285,way,last_update,11-11-2020,Feature has not been updated in 5 years or more
869977171,way,last_update,11-11-2020,Feature has not been updated in 5 years or more
869977172,way,last_update,11-11-2020,Feature has not been updated in 5 years or more
869977173,way,last_update,11-11-2020,Feature has not been updated in 5 years or more
869977174,way,last_update,11-11-2020,Feature has not been updated in 5 years or more
869977175,way,last_update,11-11-2020,Feature has not been updated in 5 years or more
869977176,way,last_update,11-11-2020,Feature has not been updated in 5 years or more
869977177,way,last_update,11-11-2020,Feature has not been updated in 5 years or more
869977178,way,last_update,11-11-2020,Feature has not been updated in 5 years or more
869977179,way,last_update,11-11-2020,Feature has not been updated in 5 years or more
869977180,way,last_update,11-11-2020,Feature has not been updated in 5 years or more
869977181,way,last_update,11-11-2020,Feature has not been updated in 5 years or more
869982170,way,last_update,11-11-2020,Feature has not been updated in 5 years or more
869990492,way,last_update,11-11-2020,Feature has not been updated in 5 years or more
869990493,way,last_update,11-11-2020,Feature has not been updated in 5 years or more
869990494,way,last_update,11-11-2020,Feature has not been updated in 5 years or more
869990495,way,last_update,11-11-2020,Feature has not been updated in 5 years or more
869990496,way,last_update,11-11-2020,Feature has not been updated in 5 years or more
869990497,way,last_update,11-11-2020,Feature has not been updated in 5 years or more
869991554,way,last_update,11-11-2020,Feature has not been updated in 5 years or more
869991555,way,last_update,11-11-2020,Feature has not been updated in 5 years or more
869991556,way,last_update,11-11-2020,Feature has not been updated in 5 years or more
869992803,way,last_update,11-11-2020,Feature has not been updated in 5 years or more
869992804,way,last_update,11-11-2020,Feature has not been updated in 5 years or more
869992805,way,last_update,11-11-2020,Feature has not been updated in 5 years or more
869992806,way,last_update,11-11-2020,Feature has not been updated in 5 years or more
869996182,way,last_update,11-11-2020,Feature has not been updated in 5 years or more
869996183,way,last_update,11-11-2020,Feature has not been updated in 5 years or more
869996184,way,last_update,11-11-2020,Feature has not been updated in 5 years or more
869996185,way,last_update,11-11-2020,Feature has not been updated in 5 years or more
869996186,way,last_update,11-11-2020,Feature has not been updated in 5 years or more
869996187,way,last_update,11-11-2020,Feature has not been updated in 5 years or more
869996188,way,last_update,11-11-2020,Feature has not been updated in 5 years or more
869996189,way,last_update,11-11-2020,Feature has not been updated in 5 years or more
870569310,way,last_update,11-11-2020,Feature has not been updated in 5 years or more
870577486,way,last_update,11-11-2020,Feature has not been updated in 5 years or more
870577487,way,last_update,11-11-2020,Feature has not been updated in 5 years or more
870577488,way,last_update,11-11-2020,Feature has not been updated in 5 years or more
870577489,way,last_update,11-11-2020,Feature has not been updated in 5 years or more
870577490,way,last_update,11-11-2020,Feature has not been updated in 5 years or more
870577498,way,last_update,11-11-2020,Feature has not been updated in 5 years or more
870577500,way,last_update,11-11-2020,Feature has not been updated in 5 years or more
870577501,way,last_update,11-11-2020,Feature has not been updated in 5 years or more
870577503,way,last_update,11-11-2020,Feature has not been updated in 5 years or more
870578943,way,last_update,11-11-2020,Feature has not been updated in 5 years or more
870635070,way,last_update,12-11-2020,Feature has not been updated in 5 years or more
870635071,way,last_update,12-11-2020,Feature has not been updated in 5 years or more
870635072,way,last_update,12-11-2020,Feature has not been updated in 5 years or more
870635073,way,last_update,12-11-2020,Feature has not been updated in 5 years or more
870635074,way,last_update,12-11-2020,Feature has not been updated in 5 years or more
870635076,way,last_update,12-11-2020,Feature has not been updated in 5 years or more
870635077,way,last_update,12-11-2020,Feature has not been updated in 5 years or more
870635078,way,last_update,12-11-2020,Feature has not been updated in 5 years or more
870635079,way,last_update,12-11-2020,Feature has not been updated in 5 years or more
870635080,way,last_update,12-11-2020,Feature has not been updated in 5 years or more
870642096,way,last_update,12-11-2020,Feature has not been updated in 5 years or more
870642097,way,last_update,12-11-2020,Feature has not been updated in 5 years or more
870642098,way,last_update,12-11-2020,Feature has not been updated in 5 years or more
870642099,way,last_update,12-11-2020,Feature has not been updated in 5 years or more
870642100,way,last_update,12-11-2020,Feature has not been updated in 5 years or more
870642101,way,last_update,12-11-2020,Feature has not been updated in 5 years or more
870642102,way,last_update,12-11-2020,Feature has not been updated in 5 years or more
870642103,way,last_update,12-11-2020,Feature has not been updated in 5 years or more
870642104,way,last_update,12-11-2020,Feature has not been updated in 5 years or more
870642105,way,last_update,12-11-2020,Feature has not been updated in 5 years or more
870642106,way,last_update,12-11-2020,Feature has not been updated in 5 years or more
870881398,way,last_update,12-11-2020,Feature has not been updated in 5 years or more
870881400,way,last_update,12-11-2020,Feature has not been updated in 5 years or more
870942743,way,last_update,12-11-2020,Feature has not been updated in 5 years or more
870942744,way,last_update,12-11-2020,Feature has not been updated in 5 years or more
870942745,way,last_update,12-11-2020,Feature has not been updated in 5 years or more
870955286,way,last_update,12-11-2020,Feature has not been updated in 5 years or more
871008314,way,last_update,13-11-2020,Feature has not been updated in 5 years or more
871008316,way,last_update,13-11-2020,Feature has not been updated in 5 years or more
871008317,way,last_update,13-11-2020,Feature has not been updated in 5 years or more
871008318,way,last_update,13-11-2020,Feature has not been updated in 5 years or more
871008319,way,last_update,13-11-2020,Feature has not been updated in 5 years or more
871028585,way,last_update,13-11-2020,Feature has not been updated in 5 years or more
871028586,way,last_update,13-11-2020,Feature has not been updated in 5 years or more
871028587,way,last_update,13-11-2020,Feature has not been updated in 5 years or more
871028588,way,last_update,13-11-2020,Feature has not been updated in 5 years or more
871028589,way,last_update,13-11-2020,Feature has not been updated in 5 years or more
871028590,way,last_update,13-11-2020,Feature has not been updated in 5 years or more
871028591,way,last_update,13-11-2020,Feature has not been updated in 5 years or more
871030058,way,last_update,13-11-2020,Feature has not been updated in 5 years or more
871030059,way,last_update,13-11-2020,Feature has not been updated in 5 years or more
871030060,way,last_update,13-11-2020,Feature has not been updated in 5 years or more
871030061,way,last_update,13-11-2020,Feature has not been updated in 5 years or more
871030062,way,last_update,13-11-2020,Feature has not been updated in 5 years or more
871030063,way,last_update,13-11-2020,Feature has not been updated in 5 years or more
871030064,way,last_update,13-11-2020,Feature has not been updated in 5 years or more
871030065,way,last_update,13-11-2020,Feature has not been updated in 5 years or more
871030066,way,last_update,13-11-2020,Feature has not been updated in 5 years or more
871030068,way,last_update,13-11-2020,Feature has not been updated in 5 years or more
871030069,way,last_update,13-11-2020,Feature has not been updated in 5 years or more
871030070,way,last_update,13-11-2020,Feature has not been updated in 5 years or more
871030071,way,last_update,13-11-2020,Feature has not been updated in 5 years or more
871033490,way,last_update,13-11-2020,Feature has not been updated in 5 years or more
871033491,way,last_update,13-11-2020,Feature has not been updated in 5 years or more
871033492,way,last_update,13-11-2020,Feature has not been updated in 5 years or more
871033493,way,last_update,13-11-2020,Feature has not been updated in 5 years or more
871033494,way,last_update,13-11-2020,Feature has not been updated in 5 years or more
871033497,way,last_update,13-11-2020,Feature has not been updated in 5 years or more
871033498,way,last_update,13-11-2020,Feature has not been updated in 5 years or more
871033499,way,last_update,13-11-2020,Feature has not been updated in 5 years or more
871040208,way,last_update,13-11-2020,Feature has not been updated in 5 years or more
872043361,way,last_update,16-11-2020,Feature has not been updated in 5 years or more
872099461,way,last_update,16-11-2020,Feature has not been updated in 5 years or more
872106238,way,last_update,16-11-2020,Feature has not been updated in 5 years or more
872112373,way,last_update,16-11-2020,Feature has not been updated in 5 years or more
872112374,way,last_update,16-11-2020,Feature has not been updated in 5 years or more
872112375,way,last_update,16-11-2020,Feature has not been updated in 5 years or more
872112376,way,last_update,16-11-2020,Feature has not been updated in 5 years or more
872112377,way,last_update,16-11-2020,Feature has not been updated in 5 years or more
872112378,way,last_update,16-11-2020,Feature has not been updated in 5 years or more
872112379,way,last_update,16-11-2020,Feature has not been updated in 5 years or more
872112380,way,last_update,16-11-2020,Feature has not been updated in 5 years or more
872112381,way,last_update,16-11-2020,Feature has not been updated in 5 years or more
872112382,way,last_update,16-11-2020,Feature has not been updated in 5 years or more
872120415,way,last_update,16-11-2020,Feature has not been updated in 5 years or more
872120416,way,last_update,16-11-2020,Feature has not been updated in 5 years or more
872120417,way,last_update,16-11-2020,Feature has not been updated in 5 years or more
872120418,way,last_update,16-11-2020,Feature has not been updated in 5 years or more
872129507,way,last_update,16-11-2020,Feature has not been updated in 5 years or more
872129508,way,last_update,16-11-2020,Feature has not been updated in 5 years or more
872129509,way,last_update,16-11-2020,Feature has not been updated in 5 years or more
872129510,way,last_update,16-11-2020,Feature has not been updated in 5 years or more
872129511,way,last_update,16-11-2020,Feature has not been updated in 5 years or more
872129512,way,last_update,16-11-2020,Feature has not been updated in 5 years or more
872129513,way,last_update,16-11-2020,Feature has not been updated in 5 years or more
872129514,way,last_update,16-11-2020,Feature has not been updated in 5 years or more
872149039,way,last_update,16-11-2020,Feature has not been updated in 5 years or more
872149040,way,last_update,16-11-2020,Feature has not been updated in 5 years or more
872149041,way,last_update,16-11-2020,Feature has not been updated in 5 years or more
872149043,way,last_update,16-11-2020,Feature has not been updated in 5 years or more
872149044,way,last_update,16-11-2020,Feature has not been updated in 5 years or more
872149045,way,last_update,16-11-2020,Feature has not been updated in 5 years or more
872149046,way,last_update,16-11-2020,Feature has not been updated in 5 years or more
872149047,way,last_update,16-11-2020,Feature has not been updated in 5 years or more
872149048,way,last_update,16-11-2020,Feature has not been updated in 5 years or more
872149049,way,last_update,16-11-2020,Feature has not been updated in 5 years or more
872149050,way,last_update,16-11-2020,Feature has not been updated in 5 years or more
872149051,way,last_update,16-11-2020,Feature has not been updated in 5 years or more
872149053,way,last_update,16-11-2020,Feature has not been updated in 5 years or more
872149054,way,last_update,16-11-2020,Feature has not been updated in 5 years or more
872149055,way,last_update,16-11-2020,Feature has not been updated in 5 years or more
872149056,way,last_update,16-11-2020,Feature has not been updated in 5 years or more
872149057,way,last_update,16-11-2020,Feature has not been updated in 5 years or more
872149058,way,last_update,16-11-2020,Feature has not been updated in 5 years or more
872149059,way,last_update,16-11-2020,Feature has not been updated in 5 years or more
872149060,way,last_update,16-11-2020,Feature has not been updated in 5 years or more
872149061,way,last_update,16-11-2020,Feature has not been updated in 5 years or more
872149062,way,last_update,16-11-2020,Feature has not been updated in 5 years or more
872149063,way,last_update,16-11-2020,Feature has not been updated in 5 years or more
872149064,way,last_update,16-11-2020,Feature has not been updated in 5 years or more
872149065,way,last_update,16-11-2020,Feature has not been updated in 5 years or more
872651180,way,last_update,16-11-2020,Feature has not been updated in 5 years or more
872651181,way,last_update,16-11-2020,Feature has not been updated in 5 years or more
872722740,way,last_update,16-11-2020,Feature has not been updated in 5 years or more
872722741,way,last_update,16-11-2020,Feature has not been updated in 5 years or more
872722742,way,last_update,16-11-2020,Feature has not been updated in 5 years or more
872722743,way,last_update,16-11-2020,Feature has not been updated in 5 years or more
872722744,way,last_update,16-11-2020,Feature has not been updated in 5 years or more
872722745,way,last_update,16-11-2020,Feature has not been updated in 5 years or more
872722746,way,last_update,16-11-2020,Feature has not been updated in 5 years or more
872722747,way,last_update,16-11-2020,Feature has not been updated in 5 years or more
872722749,way,last_update,16-11-2020,Feature has not been updated in 5 years or more
872790405,way,last_update,17-11-2020,Feature has not been updated in 5 years or more
872790406,way,last_update,17-11-2020,Feature has not been updated in 5 years or more
872790407,way,last_update,17-11-2020,Feature has not been updated in 5 years or more
872836618,way,last_update,17-11-2020,Feature has not been updated in 5 years or more
872836620,way,last_update,17-11-2020,Feature has not been updated in 5 years or more
872836621,way,last_update,17-11-2020,Feature has not been updated in 5 years or more
872836622,way,last_update,17-11-2020,Feature has not been updated in 5 years or more
872836623,way,last_update,17-11-2020,Feature has not been updated in 5 years or more
874309301,way,last_update,18-11-2020,Feature has not been updated in 5 years or more
874309302,way,last_update,18-11-2020,Feature has not been updated in 5 years or more
874365578,way,last_update,18-11-2020,Feature has not been updated in 5 years or more
874365579,way,last_update,18-11-2020,Feature has not been updated in 5 years or more
874365580,way,last_update,18-11-2020,Feature has not been updated in 5 years or more
874365581,way,last_update,18-11-2020,Feature has not been updated in 5 years or more
874365582,way,last_update,18-11-2020,Feature has not been updated in 5 years or more
874365583,way,last_update,18-11-2020,Feature has not been updated in 5 years or more
874365584,way,last_update,18-11-2020,Feature has not been updated in 5 years or more
874365585,way,last_update,18-11-2020,Feature has not been updated in 5 years or more
874365587,way,last_update,18-11-2020,Feature has not been updated in 5 years or more
874365588,way,last_update,18-11-2020,Feature has not been updated in 5 years or more
874422969,way,last_update,18-11-2020,Feature has not been updated in 5 years or more
875269473,way,last_update,20-11-2020,Feature has not been updated in 5 years or more
875269474,way,last_update,20-11-2020,Feature has not been updated in 5 years or more
875269475,way,last_update,20-11-2020,Feature has not been updated in 5 years or more
875269476,way,last_update,20-11-2020,Feature has not been updated in 5 years or more
875269477,way,last_update,20-11-2020,Feature has not been updated in 5 years or more
875269478,way,last_update,20-11-2020,Feature has not been updated in 5 years or more
875269479,way,last_update,20-11-2020,Feature has not been updated in 5 years or more
875272676,way,last_update,20-11-2020,Feature has not been updated in 5 years or more
875272677,way,last_update,20-11-2020,Feature has not been updated in 5 years or more
875272678,way,last_update,20-11-2020,Feature has not been updated in 5 years or more
875272679,way,last_update,20-11-2020,Feature has not been updated in 5 years or more
875272680,way,last_update,20-11-2020,Feature has not been updated in 5 years or more
875371278,way,last_update,21-11-2020,Feature has not been updated in 5 years or more
875371279,way,last_update,21-11-2020,Feature has not been updated in 5 years or more
875371280,way,last_update,21-11-2020,Feature has not been updated in 5 years or more
875371281,way,last_update,21-11-2020,Feature has not been updated in 5 years or more
875371282,way,last_update,21-11-2020,Feature has not been updated in 5 years or more
875371283,way,last_update,21-11-2020,Feature has not been updated in 5 years or more
875371285,way,last_update,21-11-2020,Feature has not been updated in 5 years or more
875372371,way,last_update,21-11-2020,Feature has not been updated in 5 years or more
875372372,way,last_update,21-11-2020,Feature has not been updated in 5 years or more
875372373,way,last_update,21-11-2020,Feature has not been updated in 5 years or more
875372374,way,last_update,21-11-2020,Feature has not been updated in 5 years or more
875372375,way,last_update,21-11-2020,Feature has not been updated in 5 years or more
875372376,way,last_update,21-11-2020,Feature has not been updated in 5 years or more
875374061,way,last_update,21-11-2020,Feature has not been updated in 5 years or more
875374664,way,last_update,21-11-2020,Feature has not been updated in 5 years or more
875375126,way,last_update,21-11-2020,Feature has not been updated in 5 years or more
875381660,way,last_update,21-11-2020,Feature has not been updated in 5 years or more
875381661,way,last_update,21-11-2020,Feature has not been updated in 5 years or more
875381662,way,last_update,21-11-2020,Feature has not been updated in 5 years or more
875381663,way,last_update,21-11-2020,Feature has not been updated in 5 years or more
875381664,way,last_update,21-11-2020,Feature has not been updated in 5 years or more
875381665,way,last_update,21-11-2020,Feature has not been updated in 5 years or more
875381666,way,last_update,21-11-2020,Feature has not been updated in 5 years or more
875381667,way,last_update,21-11-2020,Feature has not been updated in 5 years or more
875381668,way,last_update,21-11-2020,Feature has not been updated in 5 years or more
875381669,way,last_update,21-11-2020,Feature has not been updated in 5 years or more
875381670,way,last_update,21-11-2020,Feature has not been updated in 5 years or more
875381672,way,last_update,21-11-2020,Feature has not been updated in 5 years or more
875381673,way,last_update,21-11-2020,Feature has not been updated in 5 years or more
875381674,way,last_update,21-11-2020,Feature has not been updated in 5 years or more
875381675,way,last_update,21-11-2020,Feature has not been updated in 5 years or more
875383167,way,last_update,21-11-2020,Feature has not been updated in 5 years or more
875654270,way,last_update,22-11-2020,Feature has not been updated in 5 years or more
875654271,way,last_update,22-11-2020,Feature has not been updated in 5 years or more
875654273,way,last_update,22-11-2020,Feature has not been updated in 5 years or more
875654274,way,last_update,22-11-2020,Feature has not been updated in 5 years or more
875664056,way,last_update,22-11-2020,Feature has not been updated in 5 years or more
875664057,way,last_update,22-11-2020,Feature has not been updated in 5 years or more
875664058,way,last_update,22-11-2020,Feature has not been updated in 5 years or more
875664059,way,last_update,22-11-2020,Feature has not been updated in 5 years or more
875664060,way,last_update,22-11-2020,Feature has not been updated in 5 years or more
875664061,way,last_update,22-11-2020,Feature has not been updated in 5 years or more
875664062,way,last_update,22-11-2020,Feature has not been updated in 5 years or more
875664067,way,last_update,22-11-2020,Feature has not been updated in 5 years or more
875666841,way,last_update,22-11-2020,Feature has not been updated in 5 years or more
875666842,way,last_update,22-11-2020,Feature has not been updated in 5 years or more
875666843,way,last_update,22-11-2020,Feature has not been updated in 5 years or more
875666844,way,last_update,22-11-2020,Feature has not been updated in 5 years or more
875666845,way,last_update,22-11-2020,Feature has not been updated in 5 years or more
875666846,way,last_update,22-11-2020,Feature has not been updated in 5 years or more
875666847,way,last_update,22-11-2020,Feature has not been updated in 5 years or more
875666848,way,last_update,22-11-2020,Feature has not been updated in 5 years or more
875666849,way,last_update,22-11-2020,Feature has not been updated in 5 years or more
875666850,way,last_update,22-11-2020,Feature has not been updated in 5 years or more
875666852,way,last_update,22-11-2020,Feature has not been updated in 5 years or more
875666853,way,last_update,22-11-2020,Feature has not been updated in 5 years or more
875666854,way,last_update,22-11-2020,Feature has not been updated in 5 years or more
875666855,way,last_update,22-11-2020,Feature has not been updated in 5 years or more
875666856,way,last_update,22-11-2020,Feature has not been updated in 5 years or more
875666857,way,last_update,22-11-2020,Feature has not been updated in 5 years or more
875666858,way,last_update,22-11-2020,Feature has not been updated in 5 years or more
875666876,way,last_update,22-11-2020,Feature has not been updated in 5 years or more
875666877,way,last_update,22-11-2020,Feature has not been updated in 5 years or more
876371247,way,last_update,24-11-2020,Feature has not been updated in 5 years or more
876371248,way,last_update,24-11-2020,Feature has not been updated in 5 years or more
876371249,way,last_update,24-11-2020,Feature has not been updated in 5 years or more
876371250,way,last_update,24-11-2020,Feature has not been updated in 5 years or more
876415350,way,last_update,24-11-2020,Feature has not been updated in 5 years or more
876415351,way,last_update,24-11-2020,Feature has not been updated in 5 years or more
876415352,way,last_update,24-11-2020,Feature has not been updated in 5 years or more
876415353,way,last_update,24-11-2020,Feature has not been updated in 5 years or more
876415354,way,last_update,24-11-2020,Feature has not been updated in 5 years or more
876415357,way,last_update,24-11-2020,Feature has not been updated in 5 years or more
876415358,way,last_update,24-11-2020,Feature has not been updated in 5 years or more
876415359,way,last_update,24-11-2020,Feature has not been updated in 5 years or more
876415360,way,last_update,24-11-2020,Feature has not been updated in 5 years or more
876415361,way,last_update,24-11-2020,Feature has not been updated in 5 years or more
876415362,way,last_update,24-11-2020,Feature has not been updated in 5 years or more
876415363,way,last_update,24-11-2020,Feature has not been updated in 5 years or more
876420253,way,last_update,24-11-2020,Feature has not been updated in 5 years or more
876420255,way,last_update,24-11-2020,Feature has not been updated in 5 years or more
876422899,way,last_update,24-11-2020,Feature has not been updated in 5 years or more
876423590,way,last_update,24-11-2020,Feature has not been updated in 5 years or more
876423591,way,last_update,24-11-2020,Feature has not been updated in 5 years or more
876423592,way,last_update,24-11-2020,Feature has not been updated in 5 years or more
876423593,way,last_update,24-11-2020,Feature has not been updated in 5 years or more
876425139,way,last_update,24-11-2020,Feature has not been updated in 5 years or more
876425140,way,last_update,24-11-2020,Feature has not been updated in 5 years or more
876425141,way,last_update,24-11-2020,Feature has not been updated in 5 years or more
876425142,way,last_update,24-11-2020,Feature has not been updated in 5 years or more
876425143,way,last_update,24-11-2020,Feature has not been updated in 5 years or more
876425144,way,last_update,24-11-2020,Feature has not been updated in 5 years or more
877311707,way,last_update,24-11-2020,Feature has not been updated in 5 years or more
877311708,way,last_update,24-11-2020,Feature has not been updated in 5 years or more
877311709,way,last_update,24-11-2020,Feature has not been updated in 5 years or more
877311710,way,last_update,24-11-2020,Feature has not been updated in 5 years or more
877311711,way,last_update,24-11-2020,Feature has not been updated in 5 years or more
877311716,way,last_update,24-11-2020,Feature has not been updated in 5 years or more
877315060,way,last_update,21-4-2021,Feature has not been updated in 5 years or more
877315061,way,last_update,24-11-2020,Feature has not been updated in 5 years or more
877315062,way,last_update,21-4-2021,Feature has not been updated in 5 years or more
877315063,way,last_update,24-11-2020,Feature has not been updated in 5 years or more
877315064,way,last_update,24-11-2020,Feature has not been updated in 5 years or more
877315065,way,last_update,24-11-2020,Feature has not been updated in 5 years or more
877315066,way,last_update,24-11-2020,Feature has not been updated in 5 years or more
877315067,way,last_update,24-11-2020,Feature has not been updated in 5 years or more
877315068,way,last_update,24-11-2020,Feature has not been updated in 5 years or more
877315069,way,last_update,24-11-2020,Feature has not been updated in 5 years or more
877700200,way,last_update,26-11-2020,Feature has not been updated in 5 years or more
877700201,way,last_update,26-11-2020,Feature has not been updated in 5 years or more
877700202,way,last_update,26-11-2020,Feature has not been updated in 5 years or more
877700204,way,last_update,26-11-2020,Feature has not been updated in 5 years or more
877707478,way,last_update,26-11-2020,Feature has not been updated in 5 years or more
877707479,way,last_update,26-11-2020,Feature has not been updated in 5 years or more
877707480,way,last_update,26-11-2020,Feature has not been updated in 5 years or more
877707481,way,last_update,26-11-2020,Feature has not been updated in 5 years or more
877707482,way,last_update,26-11-2020,Feature has not been updated in 5 years or more
877707483,way,last_update,26-11-2020,Feature has not been updated in 5 years or more
877707484,way,last_update,26-11-2020,Feature has not been updated in 5 years or more
877707485,way,last_update,26-11-2020,Feature has not been updated in 5 years or more
877707486,way,last_update,26-11-2020,Feature has not been updated in 5 years or more
877709260,way,last_update,26-11-2020,Feature has not been updated in 5 years or more
877709261,way,last_update,26-11-2020,Feature has not been updated in 5 years or more
877709262,way,last_update,26-11-2020,Feature has not been updated in 5 years or more
877709263,way,last_update,26-11-2020,Feature has not been updated in 5 years or more
877709264,way,last_update,26-11-2020,Feature has not been updated in 5 years or more
877709265,way,last_update,26-11-2020,Feature has not been updated in 5 years or more
877717834,way,last_update,26-11-2020,Feature has not been updated in 5 years or more
877717835,way,last_update,26-11-2020,Feature has not been updated in 5 years or more
877717836,way,last_update,26-11-2020,Feature has not been updated in 5 years or more
877717837,way,last_update,26-11-2020,Feature has not been updated in 5 years or more
877717838,way,last_update,26-11-2020,Feature has not been updated in 5 years or more
877717839,way,last_update,26-11-2020,Feature has not been updated in 5 years or more
877718873,way,last_update,26-11-2020,Feature has not been updated in 5 years or more
877718875,way,last_update,26-11-2020,Feature has not been updated in 5 years or more
877720915,way,last_update,26-11-2020,Feature has not been updated in 5 years or more
877720916,way,last_update,4-5-2021,Feature has not been updated in 5 years or more
877720917,way,last_update,26-11-2020,Feature has not been updated in 5 years or more
877720918,way,last_update,26-11-2020,Feature has not been updated in 5 years or more
877720919,way,last_update,26-11-2020,Feature has not been updated in 5 years or more
877720920,way,last_update,26-11-2020,Feature has not been updated in 5 years or more
877720921,way,last_update,26-11-2020,Feature has not been updated in 5 years or more
877720922,way,last_update,26-11-2020,Feature has not been updated in 5 years or more
877720923,way,last_update,26-11-2020,Feature has not been updated in 5 years or more
877720924,way,last_update,26-11-2020,Feature has not been updated in 5 years or more
877720925,way,last_update,26-11-2020,Feature has not been updated in 5 years or more
877720926,way,last_update,26-11-2020,Feature has not been updated in 5 years or more
877720927,way,last_update,26-11-2020,Feature has not been updated in 5 years or more
877720928,way,last_update,26-11-2020,Feature has not been updated in 5 years or more
877720929,way,last_update,26-11-2020,Feature has not been updated in 5 years or more
877720930,way,last_update,26-11-2020,Feature has not been updated in 5 years or more
877725087,way,last_update,26-11-2020,Feature has not been updated in 5 years or more
877725088,way,last_update,26-11-2020,Feature has not been updated in 5 years or more
877725089,way,last_update,26-11-2020,Feature has not been updated in 5 years or more
877725090,way,last_update,26-11-2020,Feature has not been updated in 5 years or more
877725091,way,last_update,26-11-2020,Feature has not been updated in 5 years or more
877725092,way,last_update,26-11-2020,Feature has not been updated in 5 years or more
877725095,way,last_update,26-11-2020,Feature has not been updated in 5 years or more
877962867,way,last_update,26-11-2020,Feature has not been updated in 5 years or more
877962868,way,last_update,26-11-2020,Feature has not been updated in 5 years or more
877967533,way,last_update,26-11-2020,Feature has not been updated in 5 years or more
877967534,way,last_update,26-11-2020,Feature has not been updated in 5 years or more
877967535,way,last_update,26-11-2020,Feature has not been updated in 5 years or more
877967536,way,last_update,26-11-2020,Feature has not been updated in 5 years or more
877979360,way,last_update,26-11-2020,Feature has not been updated in 5 years or more
878073086,way,last_update,31-7-2021,Feature has not been updated in 5 years or more
878073087,way,last_update,31-7-2021,Feature has not been updated in 5 years or more
878073088,way,last_update,31-7-2021,Feature has not been updated in 5 years or more
878073089,way,last_update,31-7-2021,Feature has not been updated in 5 years or more
878073574,way,last_update,7-7-2021,Feature has not been updated in 5 years or more
878073575,way,last_update,7-7-2021,Feature has not been updated in 5 years or more
878073576,way,last_update,7-7-2021,Feature has not been updated in 5 years or more
878073577,way,last_update,7-7-2021,Feature has not been updated in 5 years or more
878073578,way,last_update,7-7-2021,Feature has not been updated in 5 years or more
878074115,way,last_update,27-11-2020,Feature has not been updated in 5 years or more
878074116,way,last_update,27-11-2020,Feature has not been updated in 5 years or more
878074117,way,last_update,27-11-2020,Feature has not been updated in 5 years or more
878074118,way,last_update,27-11-2020,Feature has not been updated in 5 years or more
878074119,way,last_update,27-11-2020,Feature has not been updated in 5 years or more
879346844,way,last_update,30-11-2020,Feature has not been updated in 5 years or more
879346845,way,last_update,30-11-2020,Feature has not been updated in 5 years or more
879346846,way,last_update,30-11-2020,Feature has not been updated in 5 years or more
879349431,way,last_update,30-11-2020,Feature has not been updated in 5 years or more
879349432,way,last_update,30-11-2020,Feature has not been updated in 5 years or more
879349433,way,last_update,30-11-2020,Feature has not been updated in 5 years or more
879349434,way,last_update,30-11-2020,Feature has not been updated in 5 years or more
879349435,way,last_update,30-11-2020,Feature has not been updated in 5 years or more
879349436,way,last_update,30-11-2020,Feature has not been updated in 5 years or more
879349437,way,last_update,30-11-2020,Feature has not been updated in 5 years or more
879349438,way,last_update,30-11-2020,Feature has not been updated in 5 years or more
879349439,way,last_update,30-11-2020,Feature has not been updated in 5 years or more
879349440,way,last_update,30-11-2020,Feature has not been updated in 5 years or more
879349441,way,last_update,30-11-2020,Feature has not been updated in 5 years or more
879352853,way,last_update,30-11-2020,Feature has not been updated in 5 years or more
879352854,way,last_update,30-11-2020,Feature has not been updated in 5 years or more
879352855,way,last_update,30-11-2020,Feature has not been updated in 5 years or more
879352856,way,last_update,30-11-2020,Feature has not been updated in 5 years or more
879352857,way,last_update,30-11-2020,Feature has not been updated in 5 years or more
879352858,way,last_update,30-11-2020,Feature has not been updated in 5 years or more
879352860,way,last_update,30-11-2020,Feature has not been updated in 5 years or more
879352861,way,last_update,30-11-2020,Feature has not been updated in 5 years or more
879352862,way,last_update,30-11-2020,Feature has not been updated in 5 years or more
879352863,way,last_update,30-11-2020,Feature has not been updated in 5 years or more
879354188,way,last_update,30-11-2020,Feature has not been updated in 5 years or more
879354189,way,last_update,30-11-2020,Feature has not been updated in 5 years or more
879354190,way,last_update,30-11-2020,Feature has not been updated in 5 years or more
879354191,way,last_update,30-11-2020,Feature has not been updated in 5 years or more
879357901,way,last_update,30-11-2020,Feature has not been updated in 5 years or more
879357902,way,last_update,30-11-2020,Feature has not been updated in 5 years or more
879357903,way,last_update,30-11-2020,Feature has not been updated in 5 years or more
879357904,way,last_update,30-11-2020,Feature has not been updated in 5 years or more
879357905,way,last_update,30-11-2020,Feature has not been updated in 5 years or more
879357906,way,last_update,30-11-2020,Feature has not been updated in 5 years or more
879357907,way,last_update,30-11-2020,Feature has not been updated in 5 years or more
879357908,way,last_update,30-11-2020,Feature has not been updated in 5 years or more
879357909,way,last_update,30-11-2020,Feature has not been updated in 5 years or more
879357910,way,last_update,30-11-2020,Feature has not been updated in 5 years or more
879357911,way,last_update,30-11-2020,Feature has not been updated in 5 years or more
879357912,way,last_update,30-11-2020,Feature has not been updated in 5 years or more
879357913,way,last_update,30-11-2020,Feature has not been updated in 5 years or more
879402077,way,last_update,30-11-2020,Feature has not been updated in 5 years or more
879403190,way,last_update,30-11-2020,Feature has not been updated in 5 years or more
879403198,way,last_update,30-11-2020,Feature has not been updated in 5 years or more
879508678,way,last_update,1-12-2020,Feature has not been updated in 5 years or more
879517321,way,last_update,1-12-2020,Feature has not been updated in 5 years or more
879517322,way,last_update,1-12-2020,Feature has not been updated in 5 years or more
879517323,way,last_update,1-12-2020,Feature has not been updated in 5 years or more
879881554,way,last_update,1-12-2020,Feature has not been updated in 5 years or more
879881558,way,last_update,1-12-2020,Feature has not been updated in 5 years or more
879881559,way,last_update,1-12-2020,Feature has not been updated in 5 years or more
879881560,way,last_update,1-12-2020,Feature has not been updated in 5 years or more
879881561,way,last_update,1-12-2020,Feature has not been updated in 5 years or more
879889152,way,last_update,1-12-2020,Feature has not been updated in 5 years or more
879889153,way,last_update,1-12-2020,Feature has not been updated in 5 years or more
879889154,way,last_update,1-12-2020,Feature has not been updated in 5 years or more
879889155,way,last_update,1-12-2020,Feature has not been updated in 5 years or more
879889156,way,last_update,1-12-2020,Feature has not been updated in 5 years or more
879889157,way,last_update,1-12-2020,Feature has not been updated in 5 years or more
879889158,way,last_update,1-12-2020,Feature has not been updated in 5 years or more
879889159,way,last_update,1-12-2020,Feature has not been updated in 5 years or more
879889160,way,last_update,1-12-2020,Feature has not been updated in 5 years or more
879899628,way,last_update,1-12-2020,Feature has not been updated in 5 years or more
879899629,way,last_update,1-12-2020,Feature has not been updated in 5 years or more
879910796,way,last_update,1-12-2020,Feature has not been updated in 5 years or more
879910797,way,last_update,1-12-2020,Feature has not been updated in 5 years or more
879910798,way,last_update,1-12-2020,Feature has not been updated in 5 years or more
879910799,way,last_update,1-12-2020,Feature has not been updated in 5 years or more
879910800,way,last_update,1-12-2020,Feature has not been updated in 5 years or more
879910801,way,last_update,1-12-2020,Feature has not been updated in 5 years or more
879910802,way,last_update,1-12-2020,Feature has not been updated in 5 years or more
879910803,way,last_update,1-12-2020,Feature has not been updated in 5 years or more
879910804,way,last_update,1-12-2020,Feature has not been updated in 5 years or more
879910805,way,last_update,1-12-2020,Feature has not been updated in 5 years or more
879910806,way,last_update,1-12-2020,Feature has not been updated in 5 years or more
879910807,way,last_update,1-12-2020,Feature has not been updated in 5 years or more
879910808,way,last_update,1-12-2020,Feature has not been updated in 5 years or more
879910809,way,last_update,1-12-2020,Feature has not been updated in 5 years or more
879910810,way,last_update,1-12-2020,Feature has not been updated in 5 years or more
879910811,way,last_update,1-12-2020,Feature has not been updated in 5 years or more
879910812,way,last_update,1-12-2020,Feature has not been updated in 5 years or more
879910813,way,last_update,1-12-2020,Feature has not been updated in 5 years or more
879910814,way,last_update,1-12-2020,Feature has not been updated in 5 years or more
879910815,way,last_update,1-12-2020,Feature has not been updated in 5 years or more
879916668,way,last_update,3-5-2021,Feature has not been updated in 5 years or more
879916669,way,last_update,3-5-2021,Feature has not been updated in 5 years or more
881100679,way,last_update,4-12-2020,Feature has not been updated in 5 years or more
881100680,way,last_update,4-12-2020,Feature has not been updated in 5 years or more
881100681,way,last_update,4-12-2020,Feature has not been updated in 5 years or more
881100682,way,last_update,4-12-2020,Feature has not been updated in 5 years or more
881100683,way,last_update,4-12-2020,Feature has not been updated in 5 years or more
881100684,way,last_update,4-12-2020,Feature has not been updated in 5 years or more
881100685,way,last_update,4-12-2020,Feature has not been updated in 5 years or more
881100686,way,last_update,4-12-2020,Feature has not been updated in 5 years or more
881100687,way,last_update,4-12-2020,Feature has not been updated in 5 years or more
881100688,way,last_update,4-12-2020,Feature has not been updated in 5 years or more
881100689,way,last_update,4-12-2020,Feature has not been updated in 5 years or more
881100690,way,last_update,4-12-2020,Feature has not been updated in 5 years or more
881100691,way,last_update,4-12-2020,Feature has not been updated in 5 years or more
881100692,way,last_update,4-12-2020,Feature has not been updated in 5 years or more
881160323,way,last_update,8-6-2021,Feature has not been updated in 5 years or more
881160324,way,last_update,8-6-2021,Feature has not been updated in 5 years or more
881160955,way,last_update,5-12-2020,Feature has not been updated in 5 years or more
881160956,way,last_update,5-12-2020,Feature has not been updated in 5 years or more
881160957,way,last_update,5-12-2020,Feature has not been updated in 5 years or more
881160958,way,last_update,5-12-2020,Feature has not been updated in 5 years or more
881160959,way,last_update,5-12-2020,Feature has not been updated in 5 years or more
881160960,way,last_update,5-12-2020,Feature has not been updated in 5 years or more
881160961,way,last_update,5-12-2020,Feature has not been updated in 5 years or more
881160962,way,last_update,5-12-2020,Feature has not been updated in 5 years or more
881823074,way,last_update,7-12-2020,Feature has not been updated in 5 years or more
881823075,way,last_update,7-12-2020,Feature has not been updated in 5 years or more
882567040,way,last_update,6-8-2021,Feature has not been updated in 5 years or more
882768050,way,last_update,10-12-2020,Feature has not been updated in 5 years or more
882768052,way,last_update,10-12-2020,Feature has not been updated in 5 years or more
882768053,way,last_update,10-12-2020,Feature has not been updated in 5 years or more
882768054,way,last_update,10-12-2020,Feature has not been updated in 5 years or more
882907569,way,last_update,10-12-2020,Feature has not been updated in 5 years or more
882907570,way,last_update,10-12-2020,Feature has not been updated in 5 years or more
882907571,way,last_update,16-7-2021,Feature has not been updated in 5 years or more
882907573,way,last_update,16-7-2021,Feature has not been updated in 5 years or more
882963929,way,last_update,9-12-2020,Feature has not been updated in 5 years or more
883001606,way,last_update,10-12-2020,Feature has not been updated in 5 years or more
883001607,way,last_update,10-12-2020,Feature has not been updated in 5 years or more
883001608,way,last_update,10-12-2020,Feature has not been updated in 5 years or more
883070289,way,last_update,10-12-2020,Feature has not been updated in 5 years or more
883070290,way,last_update,10-12-2020,Feature has not been updated in 5 years or more
883070291,way,last_update,10-12-2020,Feature has not been updated in 5 years or more
883092768,way,last_update,10-12-2020,Feature has not been updated in 5 years or more
883092769,way,last_update,10-12-2020,Feature has not been updated in 5 years or more
883092770,way,last_update,10-12-2020,Feature has not been updated in 5 years or more
883992835,way,last_update,12-12-2020,Feature has not been updated in 5 years or more
883992836,way,last_update,12-12-2020,Feature has not been updated in 5 years or more
883992837,way,last_update,12-12-2020,Feature has not been updated in 5 years or more
884103105,way,last_update,12-12-2020,Feature has not been updated in 5 years or more
884103106,way,last_update,12-12-2020,Feature has not been updated in 5 years or more
884103107,way,last_update,12-12-2020,Feature has not been updated in 5 years or more
884948869,way,last_update,15-12-2020,Feature has not been updated in 5 years or more
884948872,way,last_update,15-12-2020,Feature has not been updated in 5 years or more
884948874,way,last_update,15-12-2020,Feature has not been updated in 5 years or more
885527357,way,last_update,16-12-2020,Feature has not been updated in 5 years or more
885527358,way,last_update,16-12-2020,Feature has not been updated in 5 years or more
885789005,way,last_update,17-12-2020,Feature has not been updated in 5 years or more
885789006,way,last_update,17-12-2020,Feature has not been updated in 5 years or more
885789007,way,last_update,17-12-2020,Feature has not been updated in 5 years or more
885816712,way,last_update,17-12-2020,Feature has not been updated in 5 years or more
885886388,way,last_update,17-12-2020,Feature has not been updated in 5 years or more
886859270,way,last_update,21-12-2020,Feature has not been updated in 5 years or more
886859271,way,last_update,21-12-2020,Feature has not been updated in 5 years or more
888994432,way,last_update,27-12-2020,Feature has not been updated in 5 years or more
888994433,way,last_update,27-12-2020,Feature has not been updated in 5 years or more
888994434,way,last_update,27-12-2020,Feature has not been updated in 5 years or more
888994435,way,last_update,27-12-2020,Feature has not been updated in 5 years or more
888994436,way,last_update,27-12-2020,Feature has not been updated in 5 years or more
888994437,way,last_update,27-12-2020,Feature has not been updated in 5 years or more
888994438,way,last_update,27-12-2020,Feature has not been updated in 5 years or more
888994439,way,last_update,27-12-2020,Feature has not been updated in 5 years or more
889056702,way,last_update,28-12-2020,Feature has not been updated in 5 years or more
889056703,way,last_update,28-12-2020,Feature has not been updated in 5 years or more
889056704,way,last_update,28-12-2020,Feature has not been updated in 5 years or more
889056705,way,last_update,28-12-2020,Feature has not been updated in 5 years or more
889056706,way,last_update,28-12-2020,Feature has not been updated in 5 years or more
889056707,way,last_update,28-12-2020,Feature has not been updated in 5 years or more
889056708,way,last_update,28-12-2020,Feature has not been updated in 5 years or more
889057029,way,last_update,28-12-2020,Feature has not been updated in 5 years or more
889057935,way,last_update,28-12-2020,Feature has not been updated in 5 years or more
889057938,way,last_update,28-12-2020,Feature has not been updated in 5 years or more
889057939,way,last_update,28-12-2020,Feature has not been updated in 5 years or more
889057940,way,last_update,28-12-2020,Feature has not been updated in 5 years or more
889091687,way,last_update,28-12-2020,Feature has not been updated in 5 years or more
889091688,way,last_update,28-12-2020,Feature has not been updated in 5 years or more
889091689,way,last_update,28-12-2020,Feature has not been updated in 5 years or more
889091690,way,last_update,28-12-2020,Feature has not been updated in 5 years or more
889092722,way,last_update,28-12-2020,Feature has not been updated in 5 years or more
889092723,way,last_update,28-12-2020,Feature has not been updated in 5 years or more
889096038,way,last_update,28-12-2020,Feature has not been updated in 5 years or more
889096039,way,last_update,28-12-2020,Feature has not been updated in 5 years or more
889096040,way,last_update,28-12-2020,Feature has not been updated in 5 years or more
889096041,way,last_update,28-12-2020,Feature has not been updated in 5 years or more
889096044,way,last_update,28-12-2020,Feature has not been updated in 5 years or more
889096045,way,last_update,28-12-2020,Feature has not been updated in 5 years or more
889096046,way,last_update,28-12-2020,Feature has not been updated in 5 years or more
889096047,way,last_update,28-12-2020,Feature has not been updated in 5 years or more
889096048,way,last_update,28-12-2020,Feature has not been updated in 5 years or more
889111233,way,last_update,28-12-2020,Feature has not been updated in 5 years or more
889111234,way,last_update,28-12-2020,Feature has not been updated in 5 years or more
889111236,way,last_update,28-12-2020,Feature has not been updated in 5 years or more
889111237,way,last_update,28-12-2020,Feature has not been updated in 5 years or more
889111238,way,last_update,28-12-2020,Feature has not been updated in 5 years or more
889111239,way,last_update,28-12-2020,Feature has not been updated in 5 years or more
889111240,way,last_update,28-12-2020,Feature has not been updated in 5 years or more
889111241,way,last_update,28-12-2020,Feature has not been updated in 5 years or more
889112620,way,last_update,28-12-2020,Feature has not been updated in 5 years or more
889112621,way,last_update,28-12-2020,Feature has not been updated in 5 years or more
889112623,way,last_update,28-12-2020,Feature has not been updated in 5 years or more
889112624,way,last_update,28-12-2020,Feature has not been updated in 5 years or more
889112625,way,last_update,28-12-2020,Feature has not been updated in 5 years or more
889112626,way,last_update,28-12-2020,Feature has not been updated in 5 years or more
889112627,way,last_update,28-12-2020,Feature has not been updated in 5 years or more
889112628,way,last_update,28-12-2020,Feature has not been updated in 5 years or more
889113725,way,last_update,28-12-2020,Feature has not been updated in 5 years or more
889113726,way,last_update,28-12-2020,Feature has not been updated in 5 years or more
889113727,way,last_update,28-12-2020,Feature has not been updated in 5 years or more
889113728,way,last_update,28-12-2020,Feature has not been updated in 5 years or more
889113729,way,last_update,28-12-2020,Feature has not been updated in 5 years or more
889113730,way,last_update,28-12-2020,Feature has not been updated in 5 years or more
889113731,way,last_update,28-12-2020,Feature has not been updated in 5 years or more
889113732,way,last_update,28-12-2020,Feature has not been updated in 5 years or more
889113733,way,last_update,28-12-2020,Feature has not been updated in 5 years or more
889959897,way,last_update,29-12-2020,Feature has not been updated in 5 years or more
890261837,way,last_update,30-12-2020,Feature has not been updated in 5 years or more
890261838,way,last_update,30-12-2020,Feature has not been updated in 5 years or more
890261839,way,last_update,30-12-2020,Feature has not been updated in 5 years or more
890261840,way,last_update,30-12-2020,Feature has not been updated in 5 years or more
890261843,way,last_update,30-12-2020,Feature has not been updated in 5 years or more
890261844,way,last_update,30-12-2020,Feature has not been updated in 5 years or more
890261846,way,last_update,30-12-2020,Feature has not been updated in 5 years or more
890261847,way,last_update,30-12-2020,Feature has not been updated in 5 years or more
890261848,way,last_update,30-12-2020,Feature has not been updated in 5 years or more
890261849,way,last_update,30-12-2020,Feature has not been updated in 5 years or more
890261850,way,last_update,30-12-2020,Feature has not been updated in 5 years or more
890261851,way,last_update,30-12-2020,Feature has not been updated in 5 years or more
890261852,way,last_update,30-12-2020,Feature has not been updated in 5 years or more
890261853,way,last_update,30-12-2020,Feature has not been updated in 5 years or more
890261854,way,last_update,30-12-2020,Feature has not been updated in 5 years or more
890261855,way,last_update,30-12-2020,Feature has not been updated in 5 years or more
890261856,way,last_update,30-12-2020,Feature has not been updated in 5 years or more
890261857,way,last_update,30-12-2020,Feature has not been updated in 5 years or more
890274967,way,last_update,30-12-2020,Feature has not been updated in 5 years or more
890274970,way,last_update,30-12-2020,Feature has not been updated in 5 years or more
891136821,way,last_update,2-1-2021,Feature has not been updated in 5 years or more
891136822,way,last_update,2-1-2021,Feature has not been updated in 5 years or more
891136823,way,last_update,2-1-2021,Feature has not been updated in 5 years or more
891136824,way,last_update,2-1-2021,Feature has not been updated in 5 years or more
891136825,way,last_update,2-1-2021,Feature has not been updated in 5 years or more
891136826,way,last_update,2-1-2021,Feature has not been updated in 5 years or more
891315950,way,last_update,2-1-2021,Feature has not been updated in 5 years or more
891315951,way,last_update,2-1-2021,Feature has not been updated in 5 years or more
891315952,way,last_update,2-1-2021,Feature has not been updated in 5 years or more
891315953,way,last_update,2-1-2021,Feature has not been updated in 5 years or more
891315954,way,last_update,2-1-2021,Feature has not been updated in 5 years or more
891315955,way,last_update,2-1-2021,Feature has not been updated in 5 years or more
891315956,way,last_update,2-1-2021,Feature has not been updated in 5 years or more
893997194,way,last_update,10-1-2021,Feature has not been updated in 5 years or more
894438009,way,last_update,12-1-2021,Feature has not been updated in 5 years or more
894438010,way,last_update,12-1-2021,Feature has not been updated in 5 years or more
894438012,way,last_update,12-1-2021,Feature has not been updated in 5 years or more
894438013,way,last_update,12-1-2021,Feature has not been updated in 5 years or more
894438015,way,last_update,12-1-2021,Feature has not been updated in 5 years or more
895023917,way,last_update,13-1-2021,Feature has not been updated in 5 years or more
895023918,way,last_update,13-1-2021,Feature has not been updated in 5 years or more
895023921,way,last_update,13-1-2021,Feature has not been updated in 5 years or more
895023922,way,last_update,13-1-2021,Feature has not been updated in 5 years or more
895023923,way,last_update,13-1-2021,Feature has not been updated in 5 years or more
895023924,way,last_update,13-1-2021,Feature has not been updated in 5 years or more
895023925,way,last_update,13-1-2021,Feature has not been updated in 5 years or more
895023926,way,last_update,13-1-2021,Feature has not been updated in 5 years or more
895023927,way,last_update,13-1-2021,Feature has not been updated in 5 years or more
895023929,way,last_update,13-1-2021,Feature has not been updated in 5 years or more
895023930,way,last_update,13-1-2021,Feature has not been updated in 5 years or more
895023931,way,last_update,13-1-2021,Feature has not been updated in 5 years or more
895023932,way,last_update,13-1-2021,Feature has not been updated in 5 years or more
895023934,way,last_update,13-1-2021,Feature has not been updated in 5 years or more
895023935,way,last_update,13-1-2021,Feature has not been updated in 5 years or more
895023936,way,last_update,13-1-2021,Feature has not been updated in 5 years or more
895023937,way,last_update,13-1-2021,Feature has not been updated in 5 years or more
895023938,way,last_update,13-1-2021,Feature has not been updated in 5 years or more
895028337,way,last_update,13-1-2021,Feature has not been updated in 5 years or more
895028338,way,last_update,13-1-2021,Feature has not been updated in 5 years or more
895028339,way,last_update,13-1-2021,Feature has not been updated in 5 years or more
895028340,way,last_update,13-1-2021,Feature has not been updated in 5 years or more
895028341,way,last_update,13-1-2021,Feature has not been updated in 5 years or more
895028342,way,last_update,13-1-2021,Feature has not been updated in 5 years or more
895028343,way,last_update,13-1-2021,Feature has not been updated in 5 years or more
895764785,way,last_update,16-1-2021,Feature has not been updated in 5 years or more
895775145,way,last_update,16-1-2021,Feature has not been updated in 5 years or more
895775146,way,last_update,16-1-2021,Feature has not been updated in 5 years or more
895775147,way,last_update,16-1-2021,Feature has not been updated in 5 years or more
896271570,way,last_update,17-1-2021,Feature has not been updated in 5 years or more
896271571,way,last_update,17-1-2021,Feature has not been updated in 5 years or more
896271572,way,last_update,17-1-2021,Feature has not been updated in 5 years or more
897684345,way,last_update,20-1-2021,Feature has not been updated in 5 years or more
897684347,way,last_update,20-1-2021,Feature has not been updated in 5 years or more
900470691,way,last_update,26-1-2021,Feature has not been updated in 5 years or more
900470692,way,last_update,26-1-2021,Feature has not been updated in 5 years or more
900470693,way,last_update,26-1-2021,Feature has not been updated in 5 years or more
900470694,way,last_update,26-1-2021,Feature has not been updated in 5 years or more
900470695,way,last_update,26-1-2021,Feature has not been updated in 5 years or more
900470696,way,last_update,26-1-2021,Feature has not been updated in 5 years or more
900470697,way,last_update,26-1-2021,Feature has not been updated in 5 years or more
900470698,way,last_update,26-1-2021,Feature has not been updated in 5 years or more
900470699,way,last_update,26-1-2021,Feature has not been updated in 5 years or more
901420634,way,last_update,29-1-2021,Feature has not been updated in 5 years or more
901420635,way,last_update,29-1-2021,Feature has not been updated in 5 years or more
901420636,way,last_update,29-1-2021,Feature has not been updated in 5 years or more
901420637,way,last_update,29-1-2021,Feature has not been updated in 5 years or more
901420638,way,last_update,29-1-2021,Feature has not been updated in 5 years or more
901420639,way,last_update,29-1-2021,Feature has not been updated in 5 years or more
901420640,way,last_update,29-1-2021,Feature has not been updated in 5 years or more
901420641,way,last_update,29-1-2021,Feature has not been updated in 5 years or more
901420642,way,last_update,29-1-2021,Feature has not been updated in 5 years or more
901420643,way,last_update,29-1-2021,Feature has not been updated in 5 years or more
901822166,way,last_update,30-1-2021,Feature has not been updated in 5 years or more
901822167,way,last_update,30-1-2021,Feature has not been updated in 5 years or more
901822168,way,last_update,30-1-2021,Feature has not been updated in 5 years or more
901822169,way,last_update,30-1-2021,Feature has not been updated in 5 years or more
901822170,way,last_update,30-1-2021,Feature has not been updated in 5 years or more
901822171,way,last_update,30-1-2021,Feature has not been updated in 5 years or more
901822172,way,last_update,30-1-2021,Feature has not been updated in 5 years or more
901822173,way,last_update,30-1-2021,Feature has not been updated in 5 years or more
902151189,way,last_update,31-1-2021,Feature has not been updated in 5 years or more
902151190,way,last_update,31-1-2021,Feature has not been updated in 5 years or more
902151191,way,last_update,31-1-2021,Feature has not been updated in 5 years or more
902151192,way,last_update,31-1-2021,Feature has not been updated in 5 years or more
902151193,way,last_update,31-1-2021,Feature has not been updated in 5 years or more
902151194,way,last_update,31-1-2021,Feature has not been updated in 5 years or more
903128475,way,last_update,2-2-2021,Feature has not been updated in 5 years or more
903128476,way,last_update,2-2-2021,Feature has not been updated in 5 years or more
903128477,way,last_update,2-2-2021,Feature has not been updated in 5 years or more
910322143,way,last_update,24-2-2021,Feature has not been updated in 5 years or more
910322144,way,last_update,24-2-2021,Feature has not been updated in 5 years or more
911421967,way,last_update,27-2-2021,Feature has not been updated in 5 years or more
911421968,way,last_update,27-2-2021,Feature has not been updated in 5 years or more
911421969,way,last_update,27-2-2021,Feature has not been updated in 5 years or more
911421970,way,last_update,27-2-2021,Feature has not been updated in 5 years or more
911421971,way,last_update,27-2-2021,Feature has not been updated in 5 years or more
911421972,way,last_update,27-2-2021,Feature has not been updated in 5 years or more
911427325,way,last_update,27-2-2021,Feature has not been updated in 5 years or more
911427327,way,last_update,27-2-2021,Feature has not been updated in 5 years or more
911427328,way,last_update,27-2-2021,Feature has not been updated in 5 years or more
911427330,way,last_update,27-2-2021,Feature has not been updated in 5 years or more
911427331,way,last_update,27-2-2021,Feature has not been updated in 5 years or more
911427332,way,last_update,27-2-2021,Feature has not been updated in 5 years or more
911427333,way,last_update,27-2-2021,Feature has not been updated in 5 years or more
911427334,way,last_update,27-2-2021,Feature has not been updated in 5 years or more
915309806,way,last_update,10-3-2021,Feature has not been updated in 5 years or more
915309807,way,last_update,10-3-2021,Feature has not been updated in 5 years or more
915309808,way,last_update,10-3-2021,Feature has not been updated in 5 years or more
915309809,way,last_update,10-3-2021,Feature has not been updated in 5 years or more
915309810,way,last_update,10-3-2021,Feature has not been updated in 5 years or more
915309811,way,last_update,10-3-2021,Feature has not been updated in 5 years or more
915309812,way,last_update,10-3-2021,Feature has not been updated in 5 years or more
915309813,way,last_update,10-3-2021,Feature has not been updated in 5 years or more
915309814,way,last_update,10-3-2021,Feature has not been updated in 5 years or more
915309815,way,last_update,10-3-2021,Feature has not been updated in 5 years or more
916078375,way,last_update,12-3-2021,Feature has not been updated in 5 years or more
916078376,way,last_update,12-3-2021,Feature has not been updated in 5 years or more
916078377,way,last_update,12-3-2021,Feature has not been updated in 5 years or more
916078378,way,last_update,12-3-2021,Feature has not been updated in 5 years or more
916078379,way,last_update,12-3-2021,Feature has not been updated in 5 years or more
916078380,way,last_update,12-3-2021,Feature has not been updated in 5 years or more
916079538,way,last_update,12-3-2021,Feature has not been updated in 5 years or more
916081460,way,last_update,12-3-2021,Feature has not been updated in 5 years or more
916081463,way,last_update,12-3-2021,Feature has not been updated in 5 years or more
916081464,way,last_update,12-3-2021,Feature has not been updated in 5 years or more
916081465,way,last_update,12-3-2021,Feature has not been updated in 5 years or more
916081466,way,last_update,12-3-2021,Feature has not been updated in 5 years or more
916081467,way,last_update,12-3-2021,Feature has not been updated in 5 years or more
916081468,way,last_update,12-3-2021,Feature has not been updated in 5 years or more
916081469,way,last_update,12-3-2021,Feature has not been updated in 5 years or more
917187325,way,last_update,14-3-2021,Feature has not been updated in 5 years or more
917187326,way,last_update,14-3-2021,Feature has not been updated in 5 years or more
917187327,way,last_update,14-3-2021,Feature has not been updated in 5 years or more
917187328,way,last_update,14-3-2021,Feature has not been updated in 5 years or more
917187329,way,last_update,14-3-2021,Feature has not been updated in 5 years or more
918887894,way,last_update,18-3-2021,Feature has not been updated in 5 years or more
925795961,way,last_update,4-4-2021,Feature has not been updated in 5 years or more
925795962,way,last_update,4-4-2021,Feature has not been updated in 5 years or more
925795963,way,last_update,4-4-2021,Feature has not been updated in 5 years or more
925795964,way,last_update,4-4-2021,Feature has not been updated in 5 years or more
925795970,way,last_update,4-4-2021,Feature has not been updated in 5 years or more
925796522,way,last_update,4-4-2021,Feature has not been updated in 5 years or more
925796523,way,last_update,4-4-2021,Feature has not been updated in 5 years or more
925796524,way,last_update,4-4-2021,Feature has not been updated in 5 years or more
925796525,way,last_update,4-4-2021,Feature has not been updated in 5 years or more
925796526,way,last_update,4-4-2021,Feature has not been updated in 5 years or more
925797346,way,last_update,4-4-2021,Feature has not been updated in 5 years or more
925797347,way,last_update,4-4-2021,Feature has not been updated in 5 years or more
925797988,way,last_update,4-4-2021,Feature has not been updated in 5 years or more
925797989,way,last_update,4-4-2021,Feature has not been updated in 5 years or more
925797990,way,last_update,4-4-2021,Feature has not been updated in 5 years or more
925798427,way,last_update,4-4-2021,Feature has not been updated in 5 years or more
925798428,way,last_update,4-4-2021,Feature has not been updated in 5 years or more
925798429,way,last_update,4-4-2021,Feature has not been updated in 5 years or more
925798430,way,last_update,4-4-2021,Feature has not been updated in 5 years or more
926094567,way,last_update,5-4-2021,Feature has not been updated in 5 years or more
926094568,way,last_update,5-4-2021,Feature has not been updated in 5 years or more
926094569,way,last_update,5-4-2021,Feature has not been updated in 5 years or more
926095461,way,last_update,5-4-2021,Feature has not been updated in 5 years or more
926097034,way,last_update,5-4-2021,Feature has not been updated in 5 years or more
926097035,way,last_update,5-4-2021,Feature has not been updated in 5 years or more
926097036,way,last_update,5-4-2021,Feature has not been updated in 5 years or more
926097037,way,last_update,5-4-2021,Feature has not been updated in 5 years or more
926098056,way,last_update,5-4-2021,Feature has not been updated in 5 years or more
927512831,way,last_update,8-4-2021,Feature has not been updated in 5 years or more
927512832,way,last_update,8-4-2021,Feature has not been updated in 5 years or more
927519667,way,last_update,8-4-2021,Feature has not been updated in 5 years or more
927519668,way,last_update,8-4-2021,Feature has not been updated in 5 years or more
927519669,way,last_update,8-4-2021,Feature has not been updated in 5 years or more
927519670,way,last_update,8-4-2021,Feature has not been updated in 5 years or more
927519671,way,last_update,8-4-2021,Feature has not been updated in 5 years or more
927519672,way,last_update,8-4-2021,Feature has not been updated in 5 years or more
927519673,way,last_update,8-4-2021,Feature has not been updated in 5 years or more
927519674,way,last_update,8-4-2021,Feature has not been updated in 5 years or more
927519675,way,last_update,8-4-2021,Feature has not been updated in 5 years or more
927519676,way,last_update,8-4-2021,Feature has not been updated in 5 years or more
927519677,way,last_update,8-4-2021,Feature has not been updated in 5 years or more
927519678,way,last_update,8-4-2021,Feature has not been updated in 5 years or more
927519679,way,last_update,8-4-2021,Feature has not been updated in 5 years or more
927519680,way,last_update,8-4-2021,Feature has not been updated in 5 years or more
929868343,way,last_update,14-4-2021,Feature has not been updated in 5 years or more
929880850,way,last_update,15-4-2021,Feature has not been updated in 5 years or more
929926944,way,last_update,12-4-2021,Feature has not been updated in 5 years or more
929926945,way,last_update,12-4-2021,Feature has not been updated in 5 years or more
929926946,way,last_update,12-4-2021,Feature has not been updated in 5 years or more
929926947,way,last_update,12-4-2021,Feature has not been updated in 5 years or more
929937626,way,last_update,12-4-2021,Feature has not been updated in 5 years or more
929937627,way,last_update,12-4-2021,Feature has not been updated in 5 years or more
929937628,way,last_update,12-4-2021,Feature has not been updated in 5 years or more
929937629,way,last_update,12-4-2021,Feature has not been updated in 5 years or more
929937630,way,last_update,12-4-2021,Feature has not been updated in 5 years or more
929937631,way,last_update,12-4-2021,Feature has not been updated in 5 years or more
929937632,way,last_update,12-4-2021,Feature has not been updated in 5 years or more
929938311,way,last_update,12-4-2021,Feature has not been updated in 5 years or more
929938312,way,last_update,12-4-2021,Feature has not been updated in 5 years or more
929938313,way,last_update,12-4-2021,Feature has not been updated in 5 years or more
929938314,way,last_update,12-4-2021,Feature has not been updated in 5 years or more
929938315,way,last_update,12-4-2021,Feature has not been updated in 5 years or more
929938316,way,last_update,12-4-2021,Feature has not been updated in 5 years or more
929938317,way,last_update,12-4-2021,Feature has not been updated in 5 years or more
929938318,way,last_update,12-4-2021,Feature has not been updated in 5 years or more
929938998,way,last_update,12-4-2021,Feature has not been updated in 5 years or more
929938999,way,last_update,12-4-2021,Feature has not been updated in 5 years or more
929939000,way,last_update,12-4-2021,Feature has not been updated in 5 years or more
929939636,way,last_update,12-4-2021,Feature has not been updated in 5 years or more
929939637,way,last_update,12-4-2021,Feature has not been updated in 5 years or more
929939638,way,last_update,12-4-2021,Feature has not been updated in 5 years or more
929939639,way,last_update,12-4-2021,Feature has not been updated in 5 years or more
930505579,way,last_update,14-4-2021,Feature has not been updated in 5 years or more
930505580,way,last_update,14-4-2021,Feature has not been updated in 5 years or more
930505581,way,last_update,14-4-2021,Feature has not been updated in 5 years or more
930505582,way,last_update,14-4-2021,Feature has not been updated in 5 years or more
930505583,way,last_update,14-4-2021,Feature has not been updated in 5 years or more
930508225,way,last_update,14-4-2021,Feature has not been updated in 5 years or more
930508226,way,last_update,14-4-2021,Feature has not been updated in 5 years or more
930508230,way,last_update,14-4-2021,Feature has not been updated in 5 years or more
930508231,way,last_update,14-4-2021,Feature has not been updated in 5 years or more
930508232,way,last_update,14-4-2021,Feature has not been updated in 5 years or more
930508233,way,last_update,14-4-2021,Feature has not been updated in 5 years or more
930508234,way,last_update,14-4-2021,Feature has not been updated in 5 years or more
930508235,way,last_update,14-4-2021,Feature has not been updated in 5 years or more
930508236,way,last_update,14-4-2021,Feature has not been updated in 5 years or more
930508237,way,last_update,14-4-2021,Feature has not been updated in 5 years or more
930510690,way,last_update,14-4-2021,Feature has not been updated in 5 years or more
930510695,way,last_update,14-4-2021,Feature has not been updated in 5 years or more
930510696,way,last_update,14-4-2021,Feature has not been updated in 5 years or more
930510697,way,last_update,14-4-2021,Feature has not been updated in 5 years or more
930510698,way,last_update,14-4-2021,Feature has not been updated in 5 years or more
930510699,way,last_update,14-4-2021,Feature has not been updated in 5 years or more
930510700,way,last_update,14-4-2021,Feature has not been updated in 5 years or more
930510701,way,last_update,14-4-2021,Feature has not been updated in 5 years or more
930510702,way,last_update,14-4-2021,Feature has not been updated in 5 years or more
930510703,way,last_update,14-4-2021,Feature has not been updated in 5 years or more
930510704,way,last_update,14-4-2021,Feature has not been updated in 5 years or more
930516864,way,last_update,14-4-2021,Feature has not been updated in 5 years or more
930516865,way,last_update,14-4-2021,Feature has not been updated in 5 years or more
930516868,way,last_update,14-4-2021,Feature has not been updated in 5 years or more
930516874,way,last_update,14-4-2021,Feature has not been updated in 5 years or more
930516875,way,last_update,14-4-2021,Feature has not been updated in 5 years or more
930886884,way,last_update,15-4-2021,Feature has not been updated in 5 years or more
930886885,way,last_update,15-4-2021,Feature has not been updated in 5 years or more
930886886,way,last_update,15-4-2021,Feature has not been updated in 5 years or more
930886887,way,last_update,15-4-2021,Feature has not been updated in 5 years or more
930886888,way,last_update,15-4-2021,Feature has not been updated in 5 years or more
930888869,way,last_update,15-4-2021,Feature has not been updated in 5 years or more
930888870,way,last_update,15-4-2021,Feature has not been updated in 5 years or more
930888871,way,last_update,15-4-2021,Feature has not been updated in 5 years or more
930888872,way,last_update,15-4-2021,Feature has not been updated in 5 years or more
930888873,way,last_update,15-4-2021,Feature has not been updated in 5 years or more
930891148,way,last_update,15-4-2021,Feature has not been updated in 5 years or more
930891149,way,last_update,15-4-2021,Feature has not been updated in 5 years or more
930891151,way,last_update,15-4-2021,Feature has not been updated in 5 years or more
931259663,way,last_update,16-4-2021,Feature has not been updated in 5 years or more
931259664,way,last_update,16-4-2021,Feature has not been updated in 5 years or more
931259665,way,last_update,16-4-2021,Feature has not been updated in 5 years or more
931259666,way,last_update,16-4-2021,Feature has not been updated in 5 years or more
931263202,way,last_update,16-4-2021,Feature has not been updated in 5 years or more
931270904,way,last_update,16-4-2021,Feature has not been updated in 5 years or more
931270905,way,last_update,16-4-2021,Feature has not been updated in 5 years or more
931270906,way,last_update,16-4-2021,Feature has not been updated in 5 years or more
931270907,way,last_update,16-4-2021,Feature has not been updated in 5 years or more
931270908,way,last_update,16-4-2021,Feature has not been updated in 5 years or more
931270910,way,last_update,16-4-2021,Feature has not been updated in 5 years or more
931280416,way,last_update,16-4-2021,Feature has not been updated in 5 years or more
931280417,way,last_update,16-4-2021,Feature has not been updated in 5 years or more
931280418,way,last_update,16-4-2021,Feature has not been updated in 5 years or more
931280419,way,last_update,16-4-2021,Feature has not been updated in 5 years or more
931659178,way,last_update,17-4-2021,Feature has not been updated in 5 years or more
931659189,way,last_update,17-4-2021,Feature has not been updated in 5 years or more
931666877,way,last_update,17-4-2021,Feature has not been updated in 5 years or more
931666878,way,last_update,17-4-2021,Feature has not been updated in 5 years or more
931850296,way,last_update,17-4-2021,Feature has not been updated in 5 years or more
931850297,way,last_update,17-4-2021,Feature has not been updated in 5 years or more
931850298,way,last_update,17-4-2021,Feature has not been updated in 5 years or more
931850299,way,last_update,17-4-2021,Feature has not been updated in 5 years or more
931850300,way,last_update,17-4-2021,Feature has not been updated in 5 years or more
931850962,way,last_update,17-4-2021,Feature has not been updated in 5 years or more
931850963,way,last_update,17-4-2021,Feature has not been updated in 5 years or more
931850964,way,last_update,17-4-2021,Feature has not been updated in 5 years or more
931850965,way,last_update,17-4-2021,Feature has not been updated in 5 years or more
931850966,way,last_update,17-4-2021,Feature has not been updated in 5 years or more
931855529,way,last_update,17-4-2021,Feature has not been updated in 5 years or more
931855530,way,last_update,17-4-2021,Feature has not been updated in 5 years or more
931855531,way,last_update,17-4-2021,Feature has not been updated in 5 years or more
931855532,way,last_update,17-4-2021,Feature has not been updated in 5 years or more
931855533,way,last_update,17-4-2021,Feature has not been updated in 5 years or more
931855534,way,last_update,17-4-2021,Feature has not been updated in 5 years or more
931855535,way,last_update,17-4-2021,Feature has not been updated in 5 years or more
931855536,way,last_update,17-4-2021,Feature has not been updated in 5 years or more
931855537,way,last_update,17-4-2021,Feature has not been updated in 5 years or more
931855538,way,last_update,17-4-2021,Feature has not been updated in 5 years or more
932290974,way,last_update,19-4-2021,Feature has not been updated in 5 years or more
932290976,way,last_update,19-4-2021,Feature has not been updated in 5 years or more
932290977,way,last_update,19-4-2021,Feature has not been updated in 5 years or more
932290978,way,last_update,19-4-2021,Feature has not been updated in 5 years or more
932296004,way,last_update,19-4-2021,Feature has not been updated in 5 years or more
932296005,way,last_update,19-4-2021,Feature has not been updated in 5 years or more
932296006,way,last_update,19-4-2021,Feature has not been updated in 5 years or more
932296007,way,last_update,19-4-2021,Feature has not been updated in 5 years or more
932296008,way,last_update,19-4-2021,Feature has not been updated in 5 years or more
932296009,way,last_update,19-4-2021,Feature has not been updated in 5 years or more
932296010,way,last_update,19-4-2021,Feature has not been updated in 5 years or more
933143600,way,last_update,21-4-2021,Feature has not been updated in 5 years or more
933143601,way,last_update,21-4-2021,Feature has not been updated in 5 years or more
933143602,way,last_update,21-4-2021,Feature has not been updated in 5 years or more
933143603,way,last_update,21-4-2021,Feature has not been updated in 5 years or more
933143604,way,last_update,21-4-2021,Feature has not been updated in 5 years or more
933149973,way,last_update,21-4-2021,Feature has not been updated in 5 years or more
933149975,way,last_update,21-4-2021,Feature has not been updated in 5 years or more
933149976,way,last_update,21-4-2021,Feature has not been updated in 5 years or more
933149977,way,last_update,21-4-2021,Feature has not been updated in 5 years or more
933149978,way,last_update,21-4-2021,Feature has not been updated in 5 years or more
933149979,way,last_update,21-4-2021,Feature has not been updated in 5 years or more
933631825,way,last_update,21-4-2021,Feature has not been updated in 5 years or more
933631827,way,last_update,21-4-2021,Feature has not been updated in 5 years or more
933644805,way,last_update,21-4-2021,Feature has not been updated in 5 years or more
933644806,way,last_update,21-4-2021,Feature has not been updated in 5 years or more
933644807,way,last_update,21-4-2021,Feature has not been updated in 5 years or more
933645878,way,last_update,21-4-2021,Feature has not been updated in 5 years or more
933713055,way,last_update,22-4-2021,Feature has not been updated in 5 years or more
933713056,way,last_update,22-4-2021,Feature has not been updated in 5 years or more
933713057,way,last_update,22-4-2021,Feature has not been updated in 5 years or more
933713058,way,last_update,22-4-2021,Feature has not been updated in 5 years or more
933713059,way,last_update,22-4-2021,Feature has not been updated in 5 years or more
933713060,way,last_update,22-4-2021,Feature has not been updated in 5 years or more
933713061,way,last_update,22-4-2021,Feature has not been updated in 5 years or more
933713062,way,last_update,22-4-2021,Feature has not been updated in 5 years or more
933713063,way,last_update,22-4-2021,Feature has not been updated in 5 years or more
933713064,way,last_update,22-4-2021,Feature has not been updated in 5 years or more
933713065,way,last_update,22-4-2021,Feature has not been updated in 5 years or more
933722780,way,last_update,22-4-2021,Feature has not been updated in 5 years or more
933722781,way,last_update,22-4-2021,Feature has not been updated in 5 years or more
933722782,way,last_update,22-4-2021,Feature has not been updated in 5 years or more
933722783,way,last_update,22-4-2021,Feature has not been updated in 5 years or more
933722784,way,last_update,22-4-2021,Feature has not been updated in 5 years or more
933722785,way,last_update,22-4-2021,Feature has not been updated in 5 years or more
933722786,way,last_update,22-4-2021,Feature has not been updated in 5 years or more
933722787,way,last_update,22-4-2021,Feature has not been updated in 5 years or more
933722790,way,last_update,22-4-2021,Feature has not been updated in 5 years or more
933722791,way,last_update,22-4-2021,Feature has not been updated in 5 years or more
933722793,way,last_update,22-4-2021,Feature has not been updated in 5 years or more
933722794,way,last_update,22-4-2021,Feature has not been updated in 5 years or more
933726695,way,last_update,22-4-2021,Feature has not been updated in 5 years or more
933726696,way,last_update,22-4-2021,Feature has not been updated in 5 years or more
933726697,way,last_update,22-4-2021,Feature has not been updated in 5 years or more
933726698,way,last_update,22-4-2021,Feature has not been updated in 5 years or more
933726699,way,last_update,22-4-2021,Feature has not been updated in 5 years or more
933726701,way,last_update,22-4-2021,Feature has not been updated in 5 years or more
933726703,way,last_update,22-4-2021,Feature has not been updated in 5 years or more
934823145,way,last_update,24-4-2021,Feature has not been updated in 5 years or more
934823146,way,last_update,24-4-2021,Feature has not been updated in 5 years or more
934823147,way,last_update,24-4-2021,Feature has not been updated in 5 years or more
934824129,way,last_update,24-4-2021,Feature has not been updated in 5 years or more
934824130,way,last_update,24-4-2021,Feature has not been updated in 5 years or more
934824132,way,last_update,24-4-2021,Feature has not been updated in 5 years or more
935158989,way,last_update,25-4-2021,Feature has not been updated in 5 years or more
935158990,way,last_update,25-4-2021,Feature has not been updated in 5 years or more
935158991,way,last_update,25-4-2021,Feature has not been updated in 5 years or more
935235067,way,last_update,26-4-2021,Feature has not been updated in 5 years or more
935235068,way,last_update,26-4-2021,Feature has not been updated in 5 years or more
935235069,way,last_update,26-4-2021,Feature has not been updated in 5 years or more
935235070,way,last_update,26-4-2021,Feature has not been updated in 5 years or more
935235071,way,last_update,26-4-2021,Feature has not been updated in 5 years or more
935235072,way,last_update,26-4-2021,Feature has not been updated in 5 years or more
935235074,way,last_update,26-4-2021,Feature has not been updated in 5 years or more
935235075,way,last_update,26-4-2021,Feature has not been updated in 5 years or more
935235076,way,last_update,26-4-2021,Feature has not been updated in 5 years or more
935237302,way,last_update,26-4-2021,Feature has not been updated in 5 years or more
935237303,way,last_update,26-4-2021,Feature has not been updated in 5 years or more
935237304,way,last_update,26-4-2021,Feature has not been updated in 5 years or more
935237305,way,last_update,26-4-2021,Feature has not been updated in 5 years or more
935237307,way,last_update,26-4-2021,Feature has not been updated in 5 years or more
935237308,way,last_update,26-4-2021,Feature has not been updated in 5 years or more
935237309,way,last_update,26-4-2021,Feature has not been updated in 5 years or more
935237310,way,last_update,26-4-2021,Feature has not been updated in 5 years or more
935237311,way,last_update,26-4-2021,Feature has not been updated in 5 years or more
935243089,way,last_update,26-4-2021,Feature has not been updated in 5 years or more
935243090,way,last_update,26-4-2021,Feature has not been updated in 5 years or more
935250726,way,last_update,26-4-2021,Feature has not been updated in 5 years or more
935250727,way,last_update,26-4-2021,Feature has not been updated in 5 years or more
935250728,way,last_update,26-4-2021,Feature has not been updated in 5 years or more
935250729,way,last_update,26-4-2021,Feature has not been updated in 5 years or more
935250731,way,last_update,26-4-2021,Feature has not been updated in 5 years or more
935251897,way,last_update,26-4-2021,Feature has not been updated in 5 years or more
935251898,way,last_update,26-4-2021,Feature has not been updated in 5 years or more
935251899,way,last_update,26-4-2021,Feature has not been updated in 5 years or more
935251900,way,last_update,26-4-2021,Feature has not been updated in 5 years or more
935251901,way,last_update,26-4-2021,Feature has not been updated in 5 years or more
935251902,way,last_update,26-4-2021,Feature has not been updated in 5 years or more
935251903,way,last_update,26-4-2021,Feature has not been updated in 5 years or more
935251904,way,last_update,26-4-2021,Feature has not been updated in 5 years or more
935256074,way,last_update,26-4-2021,Feature has not been updated in 5 years or more
935256075,way,last_update,26-4-2021,Feature has not been updated in 5 years or more
935256076,way,last_update,26-4-2021,Feature has not been updated in 5 years or more
935256077,way,last_update,26-4-2021,Feature has not been updated in 5 years or more
935256078,way,last_update,26-4-2021,Feature has not been updated in 5 years or more
935256079,way,last_update,26-4-2021,Feature has not been updated in 5 years or more
935256080,way,last_update,26-4-2021,Feature has not been updated in 5 years or more
935256081,way,last_update,26-4-2021,Feature has not been updated in 5 years or more
935256082,way,last_update,26-4-2021,Feature has not been updated in 5 years or more
935256083,way,last_update,26-4-2021,Feature has not been updated in 5 years or more
935256084,way,last_update,26-4-2021,Feature has not been updated in 5 years or more
935256085,way,last_update,26-4-2021,Feature has not been updated in 5 years or more
935256086,way,last_update,26-4-2021,Feature has not been updated in 5 years or more
935256087,way,last_update,26-4-2021,Feature has not been updated in 5 years or more
935570604,way,last_update,26-4-2021,Feature has not been updated in 5 years or more
935570605,way,last_update,26-4-2021,Feature has not been updated in 5 years or more
935570606,way,last_update,26-4-2021,Feature has not been updated in 5 years or more
935570607,way,last_update,26-4-2021,Feature has not been updated in 5 years or more
935570608,way,last_update,26-4-2021,Feature has not been updated in 5 years or more
935571999,way,last_update,26-4-2021,Feature has not been updated in 5 years or more
935572000,way,last_update,26-4-2021,Feature has not been updated in 5 years or more
935572001,way,last_update,26-4-2021,Feature has not been updated in 5 years or more
935572002,way,last_update,26-4-2021,Feature has not been updated in 5 years or more
935572003,way,last_update,26-4-2021,Feature has not been updated in 5 years or more
935572004,way,last_update,26-4-2021,Feature has not been updated in 5 years or more
935572005,way,last_update,26-4-2021,Feature has not been updated in 5 years or more
935572006,way,last_update,26-4-2021,Feature has not been updated in 5 years or more
935597511,way,last_update,26-4-2021,Feature has not been updated in 5 years or more
935597512,way,last_update,26-4-2021,Feature has not been updated in 5 years or more
935597513,way,last_update,26-4-2021,Feature has not been updated in 5 years or more
935597514,way,last_update,26-4-2021,Feature has not been updated in 5 years or more
935597515,way,last_update,26-4-2021,Feature has not been updated in 5 years or more
935611565,way,last_update,26-4-2021,Feature has not been updated in 5 years or more
935611566,way,last_update,26-4-2021,Feature has not been updated in 5 years or more
935611567,way,last_update,26-4-2021,Feature has not been updated in 5 years or more
935611568,way,last_update,26-4-2021,Feature has not been updated in 5 years or more
935611569,way,last_update,26-4-2021,Feature has not been updated in 5 years or more
935611570,way,last_update,26-4-2021,Feature has not been updated in 5 years or more
936517075,way,last_update,28-4-2021,Feature has not been updated in 5 years or more
936517076,way,last_update,28-4-2021,Feature has not been updated in 5 years or more
936575400,way,last_update,29-4-2021,Feature has not been updated in 5 years or more
936575401,way,last_update,29-4-2021,Feature has not been updated in 5 years or more
936575403,way,last_update,29-4-2021,Feature has not been updated in 5 years or more
936578531,way,last_update,29-4-2021,Feature has not been updated in 5 years or more
936578538,way,last_update,29-4-2021,Feature has not been updated in 5 years or more
936587936,way,last_update,29-4-2021,Feature has not been updated in 5 years or more
936591495,way,last_update,29-4-2021,Feature has not been updated in 5 years or more
936591497,way,last_update,29-4-2021,Feature has not been updated in 5 years or more
936591499,way,last_update,29-4-2021,Feature has not been updated in 5 years or more
936922450,way,last_update,29-4-2021,Feature has not been updated in 5 years or more
936922454,way,last_update,29-4-2021,Feature has not been updated in 5 years or more
936926186,way,last_update,29-4-2021,Feature has not been updated in 5 years or more
936926188,way,last_update,29-4-2021,Feature has not been updated in 5 years or more
936926189,way,last_update,29-4-2021,Feature has not been updated in 5 years or more
936926190,way,last_update,29-4-2021,Feature has not been updated in 5 years or more
936926191,way,last_update,29-4-2021,Feature has not been updated in 5 years or more
936926192,way,last_update,29-4-2021,Feature has not been updated in 5 years or more
936926193,way,last_update,29-4-2021,Feature has not been updated in 5 years or more
936927700,way,last_update,29-4-2021,Feature has not been updated in 5 years or more
936927701,way,last_update,29-4-2021,Feature has not been updated in 5 years or more
936927702,way,last_update,29-4-2021,Feature has not been updated in 5 years or more
937003953,way,last_update,30-4-2021,Feature has not been updated in 5 years or more
937003954,way,last_update,30-4-2021,Feature has not been updated in 5 years or more
937003956,way,last_update,30-4-2021,Feature has not been updated in 5 years or more
937003957,way,last_update,30-4-2021,Feature has not been updated in 5 years or more
937003961,way,last_update,30-4-2021,Feature has not been updated in 5 years or more
937003962,way,last_update,30-4-2021,Feature has not been updated in 5 years or more
937003963,way,last_update,30-4-2021,Feature has not been updated in 5 years or more
937003964,way,last_update,30-4-2021,Feature has not been updated in 5 years or more
937003965,way,last_update,30-4-2021,Feature has not been updated in 5 years or more
937003966,way,last_update,30-4-2021,Feature has not been updated in 5 years or more
937003967,way,last_update,30-4-2021,Feature has not been updated in 5 years or more
937003968,way,last_update,30-4-2021,Feature has not been updated in 5 years or more
937010978,way,last_update,30-4-2021,Feature has not been updated in 5 years or more
937010979,way,last_update,30-4-2021,Feature has not been updated in 5 years or more
937010980,way,last_update,30-4-2021,Feature has not been updated in 5 years or more
937010981,way,last_update,30-4-2021,Feature has not been updated in 5 years or more
937010982,way,last_update,30-4-2021,Feature has not been updated in 5 years or more
937010983,way,last_update,30-4-2021,Feature has not been updated in 5 years or more
937010984,way,last_update,30-4-2021,Feature has not been updated in 5 years or more
937010985,way,last_update,30-4-2021,Feature has not been updated in 5 years or more
937010986,way,last_update,30-4-2021,Feature has not been updated in 5 years or more
937010987,way,last_update,30-4-2021,Feature has not been updated in 5 years or more
937010988,way,last_update,30-4-2021,Feature has not been updated in 5 years or more
937010989,way,last_update,30-4-2021,Feature has not been updated in 5 years or more
937010990,way,last_update,30-4-2021,Feature has not been updated in 5 years or more
937010991,way,last_update,30-4-2021,Feature has not been updated in 5 years or more
937010992,way,last_update,30-4-2021,Feature has not been updated in 5 years or more
937010993,way,last_update,30-4-2021,Feature has not been updated in 5 years or more
937010994,way,last_update,30-4-2021,Feature has not been updated in 5 years or more
937010995,way,last_update,30-4-2021,Feature has not been updated in 5 years or more
937010996,way,last_update,30-4-2021,Feature has not been updated in 5 years or more
937011331,way,last_update,30-4-2021,Feature has not been updated in 5 years or more
937012544,way,last_update,30-4-2021,Feature has not been updated in 5 years or more
937017227,way,last_update,30-4-2021,Feature has not been updated in 5 years or more
937017228,way,last_update,30-4-2021,Feature has not been updated in 5 years or more
937017229,way,last_update,30-4-2021,Feature has not been updated in 5 years or more
937017230,way,last_update,30-4-2021,Feature has not been updated in 5 years or more
937019433,way,last_update,30-4-2021,Feature has not been updated in 5 years or more
937436525,way,last_update,30-4-2021,Feature has not been updated in 5 years or more
937436527,way,last_update,30-4-2021,Feature has not been updated in 5 years or more
937436528,way,last_update,30-4-2021,Feature has not been updated in 5 years or more
937436529,way,last_update,30-4-2021,Feature has not been updated in 5 years or more
937436530,way,last_update,30-4-2021,Feature has not been updated in 5 years or more
937436531,way,last_update,30-4-2021,Feature has not been updated in 5 years or more
937436533,way,last_update,30-4-2021,Feature has not been updated in 5 years or more
937436534,way,last_update,30-4-2021,Feature has not been updated in 5 years or more
937436535,way,last_update,30-4-2021,Feature has not been updated in 5 years or more
937441732,way,last_update,30-4-2021,Feature has not been updated in 5 years or more
937441733,way,last_update,30-4-2021,Feature has not been updated in 5 years or more
937441740,way,last_update,30-4-2021,Feature has not been updated in 5 years or more
937441743,way,last_update,30-4-2021,Feature has not been updated in 5 years or more
937446821,way,last_update,30-4-2021,Feature has not been updated in 5 years or more
937446822,way,last_update,30-4-2021,Feature has not been updated in 5 years or more
937446823,way,last_update,30-4-2021,Feature has not been updated in 5 years or more
937446836,way,last_update,30-4-2021,Feature has not been updated in 5 years or more
937528702,way,last_update,1-5-2021,Feature has not been updated in 5 years or more
937529217,way,last_update,1-5-2021,Feature has not been updated in 5 years or more
937529218,way,last_update,1-5-2021,Feature has not been updated in 5 years or more
937529219,way,last_update,1-5-2021,Feature has not been updated in 5 years or more
937529220,way,last_update,1-5-2021,Feature has not been updated in 5 years or more
937529221,way,last_update,1-5-2021,Feature has not been updated in 5 years or more
937529222,way,last_update,1-5-2021,Feature has not been updated in 5 years or more
937529223,way,last_update,1-5-2021,Feature has not been updated in 5 years or more
937529224,way,last_update,1-5-2021,Feature has not been updated in 5 years or more
937529225,way,last_update,1-5-2021,Feature has not been updated in 5 years or more
937530349,way,last_update,1-5-2021,Feature has not been updated in 5 years or more
937530350,way,last_update,1-5-2021,Feature has not been updated in 5 years or more
937530351,way,last_update,1-5-2021,Feature has not been updated in 5 years or more
938180489,way,last_update,2-5-2021,Feature has not been updated in 5 years or more
938180490,way,last_update,2-5-2021,Feature has not been updated in 5 years or more
938180491,way,last_update,2-5-2021,Feature has not been updated in 5 years or more
938180492,way,last_update,2-5-2021,Feature has not been updated in 5 years or more
938198054,way,last_update,2-5-2021,Feature has not been updated in 5 years or more
938198055,way,last_update,2-5-2021,Feature has not been updated in 5 years or more
938198056,way,last_update,2-5-2021,Feature has not been updated in 5 years or more
938204245,way,last_update,2-5-2021,Feature has not been updated in 5 years or more
938204247,way,last_update,2-5-2021,Feature has not been updated in 5 years or more
938204251,way,last_update,2-5-2021,Feature has not been updated in 5 years or more
938204252,way,last_update,2-5-2021,Feature has not been updated in 5 years or more
938204255,way,last_update,2-5-2021,Feature has not been updated in 5 years or more
938204256,way,last_update,2-5-2021,Feature has not been updated in 5 years or more
938207038,way,last_update,2-5-2021,Feature has not been updated in 5 years or more
938207039,way,last_update,2-5-2021,Feature has not been updated in 5 years or more
938207041,way,last_update,2-5-2021,Feature has not been updated in 5 years or more
938207042,way,last_update,2-5-2021,Feature has not been updated in 5 years or more
938246369,way,last_update,3-5-2021,Feature has not been updated in 5 years or more
938246370,way,last_update,3-5-2021,Feature has not been updated in 5 years or more
938274319,way,last_update,3-5-2021,Feature has not been updated in 5 years or more
938274320,way,last_update,3-7-2021,Feature has not been updated in 5 years or more
938274322,way,last_update,3-5-2021,Feature has not been updated in 5 years or more
938284946,way,last_update,3-5-2021,Feature has not been updated in 5 years or more
938284951,way,last_update,3-5-2021,Feature has not been updated in 5 years or more
938287657,way,last_update,3-5-2021,Feature has not been updated in 5 years or more
938316902,way,last_update,4-5-2021,Feature has not been updated in 5 years or more
938597605,way,last_update,3-5-2021,Feature has not been updated in 5 years or more
938597606,way,last_update,3-5-2021,Feature has not been updated in 5 years or more
938597607,way,last_update,3-5-2021,Feature has not been updated in 5 years or more
938597611,way,last_update,3-5-2021,Feature has not been updated in 5 years or more
938598956,way,last_update,3-5-2021,Feature has not been updated in 5 years or more
938598958,way,last_update,3-5-2021,Feature has not been updated in 5 years or more
938598959,way,last_update,3-5-2021,Feature has not been updated in 5 years or more
938598960,way,last_update,3-5-2021,Feature has not been updated in 5 years or more
938598961,way,last_update,3-5-2021,Feature has not been updated in 5 years or more
938598962,way,last_update,3-5-2021,Feature has not been updated in 5 years or more
938689326,way,last_update,4-5-2021,Feature has not been updated in 5 years or more
938689330,way,last_update,4-5-2021,Feature has not been updated in 5 years or more
938689331,way,last_update,4-5-2021,Feature has not been updated in 5 years or more
938689332,way,last_update,4-5-2021,Feature has not been updated in 5 years or more
938689335,way,last_update,4-5-2021,Feature has not been updated in 5 years or more
938689336,way,last_update,4-5-2021,Feature has not been updated in 5 years or more
938689338,way,last_update,4-5-2021,Feature has not been updated in 5 years or more
938689339,way,last_update,4-5-2021,Feature has not been updated in 5 years or more
938689340,way,last_update,4-5-2021,Feature has not been updated in 5 years or more
938699458,way,last_update,4-5-2021,Feature has not been updated in 5 years or more
938699459,way,last_update,4-5-2021,Feature has not been updated in 5 years or more
938699460,way,last_update,4-5-2021,Feature has not been updated in 5 years or more
938699461,way,last_update,4-5-2021,Feature has not been updated in 5 years or more
938699464,way,last_update,4-5-2021,Feature has not been updated in 5 years or more
938699465,way,last_update,4-5-2021,Feature has not been updated in 5 years or more
938699467,way,last_update,4-5-2021,Feature has not been updated in 5 years or more
938699469,way,last_update,4-5-2021,Feature has not been updated in 5 years or more
938718718,way,last_update,4-5-2021,Feature has not been updated in 5 years or more
938718721,way,last_update,4-5-2021,Feature has not been updated in 5 years or more
938718722,way,last_update,4-5-2021,Feature has not been updated in 5 years or more
940178430,way,last_update,6-5-2021,Feature has not been updated in 5 years or more
940178431,way,last_update,6-5-2021,Feature has not been updated in 5 years or more
940178432,way,last_update,6-5-2021,Feature has not been updated in 5 years or more
940178433,way,last_update,6-5-2021,Feature has not been updated in 5 years or more
940178434,way,last_update,6-5-2021,Feature has not been updated in 5 years or more
940178435,way,last_update,6-5-2021,Feature has not been updated in 5 years or more
940178436,way,last_update,6-5-2021,Feature has not been updated in 5 years or more
940178437,way,last_update,6-5-2021,Feature has not been updated in 5 years or more
940178438,way,last_update,6-5-2021,Feature has not been updated in 5 years or more
940178439,way,last_update,6-5-2021,Feature has not been updated in 5 years or more
940178440,way,last_update,6-5-2021,Feature has not been updated in 5 years or more
940178442,way,last_update,6-5-2021,Feature has not been updated in 5 years or more
940178443,way,last_update,6-5-2021,Feature has not been updated in 5 years or more
940178444,way,last_update,6-5-2021,Feature has not been updated in 5 years or more
940178446,way,last_update,6-5-2021,Feature has not been updated in 5 years or more
940178450,way,last_update,6-5-2021,Feature has not been updated in 5 years or more
940178451,way,last_update,6-5-2021,Feature has not been updated in 5 years or more
940178454,way,last_update,6-5-2021,Feature has not been updated in 5 years or more
940178456,way,last_update,6-5-2021,Feature has not been updated in 5 years or more
940178457,way,last_update,6-5-2021,Feature has not been updated in 5 years or more
940187778,way,last_update,6-5-2021,Feature has not been updated in 5 years or more
940187780,way,last_update,6-5-2021,Feature has not been updated in 5 years or more
940187781,way,last_update,6-5-2021,Feature has not been updated in 5 years or more
940187782,way,last_update,6-5-2021,Feature has not been updated in 5 years or more
940187783,way,last_update,6-5-2021,Feature has not been updated in 5 years or more
940187785,way,last_update,6-5-2021,Feature has not been updated in 5 years or more
940187787,way,last_update,6-5-2021,Feature has not been updated in 5 years or more
940187791,way,last_update,6-5-2021,Feature has not been updated in 5 years or more
940308965,way,last_update,7-5-2021,Feature has not been updated in 5 years or more
940308966,way,last_update,7-5-2021,Feature has not been updated in 5 years or more
940308968,way,last_update,7-5-2021,Feature has not been updated in 5 years or more
940308969,way,last_update,7-5-2021,Feature has not been updated in 5 years or more
940308970,way,last_update,7-5-2021,Feature has not been updated in 5 years or more
940308971,way,last_update,7-5-2021,Feature has not been updated in 5 years or more
940308972,way,last_update,7-5-2021,Feature has not been updated in 5 years or more
940308974,way,last_update,7-5-2021,Feature has not been updated in 5 years or more
940308975,way,last_update,7-5-2021,Feature has not been updated in 5 years or more
940308976,way,last_update,7-5-2021,Feature has not been updated in 5 years or more
940308978,way,last_update,7-5-2021,Feature has not been updated in 5 years or more
940563860,way,last_update,7-5-2021,Feature has not been updated in 5 years or more
940563861,way,last_update,7-5-2021,Feature has not been updated in 5 years or more
940563863,way,last_update,7-5-2021,Feature has not been updated in 5 years or more
940563865,way,last_update,7-5-2021,Feature has not been updated in 5 years or more
940564268,way,last_update,7-5-2021,Feature has not been updated in 5 years or more
940626622,way,last_update,8-5-2021,Feature has not been updated in 5 years or more
940626623,way,last_update,8-5-2021,Feature has not been updated in 5 years or more
940626624,way,last_update,8-5-2021,Feature has not been updated in 5 years or more
940626625,way,last_update,8-5-2021,Feature has not been updated in 5 years or more
940626626,way,last_update,8-5-2021,Feature has not been updated in 5 years or more
940626627,way,last_update,8-5-2021,Feature has not been updated in 5 years or more
940626628,way,last_update,8-5-2021,Feature has not been updated in 5 years or more
940626629,way,last_update,8-5-2021,Feature has not been updated in 5 years or more
940626630,way,last_update,8-5-2021,Feature has not been updated in 5 years or more
940626631,way,last_update,8-5-2021,Feature has not been updated in 5 years or more
940626632,way,last_update,8-5-2021,Feature has not been updated in 5 years or more
940626633,way,last_update,8-5-2021,Feature has not been updated in 5 years or more
940626634,way,last_update,8-5-2021,Feature has not been updated in 5 years or more
940626635,way,last_update,8-5-2021,Feature has not been updated in 5 years or more
940626636,way,last_update,8-5-2021,Feature has not been updated in 5 years or more
940628194,way,last_update,8-5-2021,Feature has not been updated in 5 years or more
940628195,way,last_update,8-5-2021,Feature has not been updated in 5 years or more
940628196,way,last_update,8-5-2021,Feature has not been updated in 5 years or more
940628197,way,last_update,8-5-2021,Feature has not been updated in 5 years or more
940628198,way,last_update,8-5-2021,Feature has not been updated in 5 years or more
940628199,way,last_update,8-5-2021,Feature has not been updated in 5 years or more
940630223,way,last_update,8-5-2021,Feature has not been updated in 5 years or more
940630224,way,last_update,8-5-2021,Feature has not been updated in 5 years or more
940630225,way,last_update,8-5-2021,Feature has not been updated in 5 years or more
940630226,way,last_update,8-5-2021,Feature has not been updated in 5 years or more
940630227,way,last_update,8-5-2021,Feature has not been updated in 5 years or more
940630228,way,last_update,8-5-2021,Feature has not been updated in 5 years or more
940630229,way,last_update,8-5-2021,Feature has not been updated in 5 years or more
940630230,way,last_update,8-5-2021,Feature has not been updated in 5 years or more
940636955,way,last_update,8-5-2021,Feature has not been updated in 5 years or more
940636959,way,last_update,8-5-2021,Feature has not been updated in 5 years or more
940636960,way,last_update,8-5-2021,Feature has not been updated in 5 years or more
940636963,way,last_update,8-5-2021,Feature has not been updated in 5 years or more
940641945,way,last_update,8-5-2021,Feature has not been updated in 5 years or more
940641947,way,last_update,8-5-2021,Feature has not been updated in 5 years or more
940641948,way,last_update,8-5-2021,Feature has not been updated in 5 years or more
940641949,way,last_update,8-5-2021,Feature has not been updated in 5 years or more
940641950,way,last_update,8-5-2021,Feature has not been updated in 5 years or more
940641951,way,last_update,8-5-2021,Feature has not been updated in 5 years or more
940641952,way,last_update,8-5-2021,Feature has not been updated in 5 years or more
940644039,way,last_update,8-5-2021,Feature has not been updated in 5 years or more
940644043,way,last_update,8-5-2021,Feature has not been updated in 5 years or more
940919129,way,last_update,9-5-2021,Feature has not been updated in 5 years or more
940919133,way,last_update,9-5-2021,Feature has not been updated in 5 years or more
940919138,way,last_update,9-5-2021,Feature has not been updated in 5 years or more
940920855,way,last_update,9-5-2021,Feature has not been updated in 5 years or more
940922478,way,last_update,9-5-2021,Feature has not been updated in 5 years or more
940922479,way,last_update,9-5-2021,Feature has not been updated in 5 years or more
940923300,way,last_update,9-5-2021,Feature has not been updated in 5 years or more
940923301,way,last_update,9-5-2021,Feature has not been updated in 5 years or more
940923302,way,last_update,9-5-2021,Feature has not been updated in 5 years or more
940923303,way,last_update,9-5-2021,Feature has not been updated in 5 years or more
940923304,way,last_update,9-5-2021,Feature has not been updated in 5 years or more
941233577,way,last_update,10-5-2021,Feature has not been updated in 5 years or more
941966386,way,last_update,11-5-2021,Feature has not been updated in 5 years or more
941966388,way,last_update,11-5-2021,Feature has not been updated in 5 years or more
941966391,way,last_update,11-5-2021,Feature has not been updated in 5 years or more
941966392,way,last_update,11-5-2021,Feature has not been updated in 5 years or more
941972776,way,last_update,11-5-2021,Feature has not been updated in 5 years or more
941972777,way,last_update,11-5-2021,Feature has not been updated in 5 years or more
941972778,way,last_update,11-5-2021,Feature has not been updated in 5 years or more
941977090,way,last_update,11-5-2021,Feature has not been updated in 5 years or more
941977091,way,last_update,11-5-2021,Feature has not been updated in 5 years or more
941977092,way,last_update,11-5-2021,Feature has not been updated in 5 years or more
941977093,way,last_update,11-5-2021,Feature has not been updated in 5 years or more
941977956,way,last_update,11-5-2021,Feature has not been updated in 5 years or more
941977957,way,last_update,11-5-2021,Feature has not been updated in 5 years or more
941977958,way,last_update,11-5-2021,Feature has not been updated in 5 years or more
941983791,way,last_update,11-5-2021,Feature has not been updated in 5 years or more
941983792,way,last_update,11-5-2021,Feature has not been updated in 5 years or more
941983793,way,last_update,11-5-2021,Feature has not been updated in 5 years or more
941983794,way,last_update,11-5-2021,Feature has not been updated in 5 years or more
941983795,way,last_update,11-5-2021,Feature has not been updated in 5 years or more
941984754,way,last_update,11-5-2021,Feature has not been updated in 5 years or more
941984755,way,last_update,11-5-2021,Feature has not been updated in 5 years or more
941984756,way,last_update,11-5-2021,Feature has not been updated in 5 years or more
941984757,way,last_update,11-5-2021,Feature has not been updated in 5 years or more
941986634,way,last_update,11-5-2021,Feature has not been updated in 5 years or more
941986635,way,last_update,11-5-2021,Feature has not been updated in 5 years or more
941986636,way,last_update,11-5-2021,Feature has not been updated in 5 years or more
941986637,way,last_update,11-5-2021,Feature has not been updated in 5 years or more
941986638,way,last_update,11-5-2021,Feature has not been updated in 5 years or more
941986639,way,last_update,11-5-2021,Feature has not been updated in 5 years or more
941986640,way,last_update,11-5-2021,Feature has not been updated in 5 years or more
941986641,way,last_update,11-5-2021,Feature has not been updated in 5 years or more
941996319,way,last_update,11-5-2021,Feature has not been updated in 5 years or more
941996320,way,last_update,11-5-2021,Feature has not been updated in 5 years or more
941996321,way,last_update,11-5-2021,Feature has not been updated in 5 years or more
942728992,way,last_update,13-5-2021,Feature has not been updated in 5 years or more
942728994,way,last_update,13-5-2021,Feature has not been updated in 5 years or more
942728996,way,last_update,13-5-2021,Feature has not been updated in 5 years or more
942728998,way,last_update,13-5-2021,Feature has not been updated in 5 years or more
942729000,way,last_update,13-5-2021,Feature has not been updated in 5 years or more
942729001,way,last_update,13-5-2021,Feature has not been updated in 5 years or more
943390812,way,last_update,15-5-2021,Feature has not been updated in 5 years or more
943390813,way,last_update,15-5-2021,Feature has not been updated in 5 years or more
943390814,way,last_update,15-5-2021,Feature has not been updated in 5 years or more
943390815,way,last_update,15-5-2021,Feature has not been updated in 5 years or more
943390816,way,last_update,15-5-2021,Feature has not been updated in 5 years or more
943392483,way,last_update,15-5-2021,Feature has not been updated in 5 years or more
943392484,way,last_update,15-5-2021,Feature has not been updated in 5 years or more
943392485,way,last_update,15-5-2021,Feature has not been updated in 5 years or more
943392486,way,last_update,15-5-2021,Feature has not been updated in 5 years or more
943392487,way,last_update,15-5-2021,Feature has not been updated in 5 years or more
943393092,way,last_update,15-5-2021,Feature has not been updated in 5 years or more
943393093,way,last_update,15-5-2021,Feature has not been updated in 5 years or more
943393094,way,last_update,15-5-2021,Feature has not been updated in 5 years or more
943393095,way,last_update,15-5-2021,Feature has not been updated in 5 years or more
943393096,way,last_update,15-5-2021,Feature has not been updated in 5 years or more
943393097,way,last_update,15-5-2021,Feature has not been updated in 5 years or more
943393098,way,last_update,15-5-2021,Feature has not been updated in 5 years or more
943408088,way,last_update,16-5-2021,Feature has not been updated in 5 years or more
943408089,way,last_update,16-5-2021,Feature has not been updated in 5 years or more
943408090,way,last_update,16-5-2021,Feature has not been updated in 5 years or more
943408091,way,last_update,16-5-2021,Feature has not been updated in 5 years or more
943408092,way,last_update,16-5-2021,Feature has not been updated in 5 years or more
943408094,way,last_update,16-5-2021,Feature has not been updated in 5 years or more
943408095,way,last_update,16-5-2021,Feature has not been updated in 5 years or more
943408096,way,last_update,16-5-2021,Feature has not been updated in 5 years or more
943408097,way,last_update,16-5-2021,Feature has not been updated in 5 years or more
943408098,way,last_update,16-5-2021,Feature has not been updated in 5 years or more
943408099,way,last_update,16-5-2021,Feature has not been updated in 5 years or more
943408100,way,last_update,16-5-2021,Feature has not been updated in 5 years or more
943409286,way,last_update,16-5-2021,Feature has not been updated in 5 years or more
943409287,way,last_update,16-5-2021,Feature has not been updated in 5 years or more
943409288,way,last_update,16-5-2021,Feature has not been updated in 5 years or more
943409289,way,last_update,16-5-2021,Feature has not been updated in 5 years or more
943409290,way,last_update,16-5-2021,Feature has not been updated in 5 years or more
943409291,way,last_update,16-5-2021,Feature has not been updated in 5 years or more
943409293,way,last_update,16-5-2021,Feature has not been updated in 5 years or more
943409294,way,last_update,16-5-2021,Feature has not been updated in 5 years or more
943409295,way,last_update,16-5-2021,Feature has not been updated in 5 years or more
943409296,way,last_update,16-5-2021,Feature has not been updated in 5 years or more
943409297,way,last_update,16-5-2021,Feature has not been updated in 5 years or more
943409298,way,last_update,16-5-2021,Feature has not been updated in 5 years or more
943409299,way,last_update,16-5-2021,Feature has not been updated in 5 years or more
943409300,way,last_update,16-5-2021,Feature has not been updated in 5 years or more
943409302,way,last_update,16-5-2021,Feature has not been updated in 5 years or more
943409624,way,last_update,16-5-2021,Feature has not been updated in 5 years or more
943409625,way,last_update,16-5-2021,Feature has not been updated in 5 years or more
943409626,way,last_update,16-5-2021,Feature has not been updated in 5 years or more
943409627,way,last_update,16-5-2021,Feature has not been updated in 5 years or more
943409628,way,last_update,16-5-2021,Feature has not been updated in 5 years or more
943416589,way,last_update,16-5-2021,Feature has not been updated in 5 years or more
943416599,way,last_update,16-5-2021,Feature has not been updated in 5 years or more
943416600,way,last_update,16-5-2021,Feature has not been updated in 5 years or more
943416601,way,last_update,16-5-2021,Feature has not been updated in 5 years or more
943416602,way,last_update,16-5-2021,Feature has not been updated in 5 years or more
943416603,way,last_update,16-5-2021,Feature has not been updated in 5 years or more
943416604,way,last_update,16-5-2021,Feature has not been updated in 5 years or more
943416605,way,last_update,16-5-2021,Feature has not been updated in 5 years or more
943416607,way,last_update,16-5-2021,Feature has not been updated in 5 years or more
943416608,way,last_update,16-5-2021,Feature has not been updated in 5 years or more
943416609,way,last_update,16-5-2021,Feature has not been updated in 5 years or more
943416610,way,last_update,16-5-2021,Feature has not been updated in 5 years or more
943416611,way,last_update,16-5-2021,Feature has not been updated in 5 years or more
943416612,way,last_update,16-5-2021,Feature has not been updated in 5 years or more
943416613,way,last_update,16-5-2021,Feature has not been updated in 5 years or more
943416614,way,last_update,16-5-2021,Feature has not been updated in 5 years or more
943416615,way,last_update,16-5-2021,Feature has not been updated in 5 years or more
943416616,way,last_update,16-5-2021,Feature has not been updated in 5 years or more
943416617,way,last_update,16-5-2021,Feature has not been updated in 5 years or more
943416618,way,last_update,16-5-2021,Feature has not been updated in 5 years or more
943416619,way,last_update,16-5-2021,Feature has not been updated in 5 years or more
943416620,way,last_update,16-5-2021,Feature has not been updated in 5 years or more
943416621,way,last_update,16-5-2021,Feature has not been updated in 5 years or more
943416622,way,last_update,16-5-2021,Feature has not been updated in 5 years or more
943416623,way,last_update,16-5-2021,Feature has not been updated in 5 years or more
943416625,way,last_update,16-5-2021,Feature has not been updated in 5 years or more
943416626,way,last_update,16-5-2021,Feature has not been updated in 5 years or more
943416627,way,last_update,16-5-2021,Feature has not been updated in 5 years or more
943419249,way,last_update,16-5-2021,Feature has not been updated in 5 years or more
943419250,way,last_update,16-5-2021,Feature has not been updated in 5 years or more
943419251,way,last_update,16-5-2021,Feature has not been updated in 5 years or more
943419252,way,last_update,16-5-2021,Feature has not been updated in 5 years or more
943419253,way,last_update,16-5-2021,Feature has not been updated in 5 years or more
943419254,way,last_update,16-5-2021,Feature has not been updated in 5 years or more
943419255,way,last_update,16-5-2021,Feature has not been updated in 5 years or more
943419256,way,last_update,16-5-2021,Feature has not been updated in 5 years or more
943419257,way,last_update,16-5-2021,Feature has not been updated in 5 years or more
943419258,way,last_update,16-5-2021,Feature has not been updated in 5 years or more
943419259,way,last_update,16-5-2021,Feature has not been updated in 5 years or more
943419260,way,last_update,16-5-2021,Feature has not been updated in 5 years or more
943419261,way,last_update,16-5-2021,Feature has not been updated in 5 years or more
943419262,way,last_update,16-5-2021,Feature has not been updated in 5 years or more
943433774,way,last_update,16-5-2021,Feature has not been updated in 5 years or more
943433775,way,last_update,16-5-2021,Feature has not been updated in 5 years or more
943433776,way,last_update,16-5-2021,Feature has not been updated in 5 years or more
943433777,way,last_update,16-5-2021,Feature has not been updated in 5 years or more
943433778,way,last_update,16-5-2021,Feature has not been updated in 5 years or more
943433779,way,last_update,16-5-2021,Feature has not been updated in 5 years or more
943433780,way,last_update,16-5-2021,Feature has not been updated in 5 years or more
943433781,way,last_update,16-5-2021,Feature has not been updated in 5 years or more
943433782,way,last_update,16-5-2021,Feature has not been updated in 5 years or more
943433783,way,last_update,16-5-2021,Feature has not been updated in 5 years or more
943433784,way,last_update,16-5-2021,Feature has not been updated in 5 years or more
943433785,way,last_update,16-5-2021,Feature has not been updated in 5 years or more
943433786,way,last_update,16-5-2021,Feature has not been updated in 5 years or more
943434444,way,last_update,16-5-2021,Feature has not been updated in 5 years or more
943434445,way,last_update,16-5-2021,Feature has not been updated in 5 years or more
943434446,way,last_update,16-5-2021,Feature has not been updated in 5 years or more
943434449,way,last_update,16-5-2021,Feature has not been updated in 5 years or more
943434890,way,last_update,16-5-2021,Feature has not been updated in 5 years or more
943434892,way,last_update,16-5-2021,Feature has not been updated in 5 years or more
943434893,way,last_update,16-5-2021,Feature has not been updated in 5 years or more
943434894,way,last_update,16-5-2021,Feature has not been updated in 5 years or more
943434895,way,last_update,16-5-2021,Feature has not been updated in 5 years or more
943434897,way,last_update,16-5-2021,Feature has not been updated in 5 years or more
943435370,way,last_update,16-5-2021,Feature has not been updated in 5 years or more
943435371,way,last_update,16-5-2021,Feature has not been updated in 5 years or more
943435372,way,last_update,16-5-2021,Feature has not been updated in 5 years or more
943435373,way,last_update,16-5-2021,Feature has not been updated in 5 years or more
943435374,way,last_update,16-5-2021,Feature has not been updated in 5 years or more
943435375,way,last_update,16-5-2021,Feature has not been updated in 5 years or more
943435376,way,last_update,16-5-2021,Feature has not been updated in 5 years or more
943435377,way,last_update,16-5-2021,Feature has not been updated in 5 years or more
943435378,way,last_update,16-5-2021,Feature has not been updated in 5 years or more
943435379,way,last_update,16-5-2021,Feature has not been updated in 5 years or more
943435380,way,last_update,16-5-2021,Feature has not been updated in 5 years or more
943435381,way,last_update,16-5-2021,Feature has not been updated in 5 years or more
943435382,way,last_update,16-5-2021,Feature has not been updated in 5 years or more
943435384,way,last_update,16-5-2021,Feature has not been updated in 5 years or more
943435385,way,last_update,16-5-2021,Feature has not been updated in 5 years or more
943437251,way,last_update,16-5-2021,Feature has not been updated in 5 years or more
943437252,way,last_update,16-5-2021,Feature has not been updated in 5 years or more
943437253,way,last_update,16-5-2021,Feature has not been updated in 5 years or more
943437254,way,last_update,16-5-2021,Feature has not been updated in 5 years or more
943438848,way,last_update,16-5-2021,Feature has not been updated in 5 years or more
943438849,way,last_update,16-5-2021,Feature has not been updated in 5 years or more
943438850,way,last_update,16-5-2021,Feature has not been updated in 5 years or more
943438851,way,last_update,16-5-2021,Feature has not been updated in 5 years or more
943438852,way,last_update,16-5-2021,Feature has not been updated in 5 years or more
943440179,way,last_update,16-5-2021,Feature has not been updated in 5 years or more
943440180,way,last_update,16-5-2021,Feature has not been updated in 5 years or more
943440181,way,last_update,16-5-2021,Feature has not been updated in 5 years or more
943440182,way,last_update,16-5-2021,Feature has not been updated in 5 years or more
943440183,way,last_update,16-5-2021,Feature has not been updated in 5 years or more
943440185,way,last_update,16-5-2021,Feature has not been updated in 5 years or more
943440186,way,last_update,16-5-2021,Feature has not been updated in 5 years or more
943440187,way,last_update,16-5-2021,Feature has not been updated in 5 years or more
943440188,way,last_update,16-5-2021,Feature has not been updated in 5 years or more
943440189,way,last_update,16-5-2021,Feature has not been updated in 5 years or more
943440190,way,last_update,16-5-2021,Feature has not been updated in 5 years or more
943440191,way,last_update,16-5-2021,Feature has not been updated in 5 years or more
943440192,way,last_update,16-5-2021,Feature has not been updated in 5 years or more
943440193,way,last_update,16-5-2021,Feature has not been updated in 5 years or more
943440194,way,last_update,16-5-2021,Feature has not been updated in 5 years or more
943440195,way,last_update,16-5-2021,Feature has not been updated in 5 years or more
943441504,way,last_update,16-5-2021,Feature has not been updated in 5 years or more
943441505,way,last_update,16-5-2021,Feature has not been updated in 5 years or more
943441506,way,last_update,16-5-2021,Feature has not been updated in 5 years or more
943447269,way,last_update,16-5-2021,Feature has not been updated in 5 years or more
943447270,way,last_update,16-5-2021,Feature has not been updated in 5 years or more
943447271,way,last_update,16-5-2021,Feature has not been updated in 5 years or more
943447272,way,last_update,16-5-2021,Feature has not been updated in 5 years or more
943447273,way,last_update,16-5-2021,Feature has not been updated in 5 years or more
943447274,way,last_update,16-5-2021,Feature has not been updated in 5 years or more
944451005,way,last_update,18-5-2021,Feature has not been updated in 5 years or more
944451006,way,last_update,18-5-2021,Feature has not been updated in 5 years or more
944451008,way,last_update,18-5-2021,Feature has not been updated in 5 years or more
944451009,way,last_update,18-5-2021,Feature has not been updated in 5 years or more
944451010,way,last_update,18-5-2021,Feature has not been updated in 5 years or more
944451011,way,last_update,18-5-2021,Feature has not been updated in 5 years or more
944451013,way,last_update,18-5-2021,Feature has not been updated in 5 years or more
944453153,way,last_update,18-5-2021,Feature has not been updated in 5 years or more
945280277,way,last_update,20-5-2021,Feature has not been updated in 5 years or more
945284573,way,last_update,20-5-2021,Feature has not been updated in 5 years or more
945284574,way,last_update,20-5-2021,Feature has not been updated in 5 years or more
945284575,way,last_update,20-5-2021,Feature has not been updated in 5 years or more
945284576,way,last_update,20-5-2021,Feature has not been updated in 5 years or more
945284577,way,last_update,20-5-2021,Feature has not been updated in 5 years or more
945284580,way,last_update,20-5-2021,Feature has not been updated in 5 years or more
945284581,way,last_update,20-5-2021,Feature has not been updated in 5 years or more
945284582,way,last_update,20-5-2021,Feature has not been updated in 5 years or more
945284583,way,last_update,20-5-2021,Feature has not been updated in 5 years or more
945284584,way,last_update,20-5-2021,Feature has not been updated in 5 years or more
945284585,way,last_update,20-5-2021,Feature has not been updated in 5 years or more
945284586,way,last_update,20-5-2021,Feature has not been updated in 5 years or more
945284587,way,last_update,20-5-2021,Feature has not been updated in 5 years or more
945284589,way,last_update,20-5-2021,Feature has not been updated in 5 years or more
945284590,way,last_update,20-5-2021,Feature has not been updated in 5 years or more
945284591,way,last_update,20-5-2021,Feature has not been updated in 5 years or more
945284592,way,last_update,20-5-2021,Feature has not been updated in 5 years or more
945284593,way,last_update,20-5-2021,Feature has not been updated in 5 years or more
945286591,way,last_update,20-5-2021,Feature has not been updated in 5 years or more
945286592,way,last_update,20-5-2021,Feature has not been updated in 5 years or more
945286593,way,last_update,20-5-2021,Feature has not been updated in 5 years or more
945286594,way,last_update,20-5-2021,Feature has not been updated in 5 years or more
945286595,way,last_update,20-5-2021,Feature has not been updated in 5 years or more
945286596,way,last_update,20-5-2021,Feature has not been updated in 5 years or more
945286597,way,last_update,20-5-2021,Feature has not been updated in 5 years or more
945682873,way,last_update,22-5-2021,Feature has not been updated in 5 years or more
945682874,way,last_update,22-5-2021,Feature has not been updated in 5 years or more
945682875,way,last_update,22-5-2021,Feature has not been updated in 5 years or more
945682876,way,last_update,22-5-2021,Feature has not been updated in 5 years or more
945682877,way,last_update,22-5-2021,Feature has not been updated in 5 years or more
945682878,way,last_update,22-5-2021,Feature has not been updated in 5 years or more
945682879,way,last_update,22-5-2021,Feature has not been updated in 5 years or more
945682880,way,last_update,22-5-2021,Feature has not been updated in 5 years or more
945682881,way,last_update,22-5-2021,Feature has not been updated in 5 years or more
945682882,way,last_update,22-5-2021,Feature has not been updated in 5 years or more
945682883,way,last_update,22-5-2021,Feature has not been updated in 5 years or more
946636790,way,last_update,24-5-2021,Feature has not been updated in 5 years or more
946636791,way,last_update,24-5-2021,Feature has not been updated in 5 years or more
946636792,way,last_update,24-5-2021,Feature has not been updated in 5 years or more
946636793,way,last_update,24-5-2021,Feature has not been updated in 5 years or more
946636794,way,last_update,24-5-2021,Feature has not been updated in 5 years or more
946636795,way,last_update,24-5-2021,Feature has not been updated in 5 years or more
946636796,way,last_update,24-5-2021,Feature has not been updated in 5 years or more
946642688,way,last_update,24-5-2021,Feature has not been updated in 5 years or more
946700506,way,last_update,25-5-2021,Feature has not been updated in 5 years or more
946700507,way,last_update,25-5-2021,Feature has not been updated in 5 years or more
946700508,way,last_update,25-5-2021,Feature has not been updated in 5 years or more
946700509,way,last_update,25-5-2021,Feature has not been updated in 5 years or more
946700510,way,last_update,25-5-2021,Feature has not been updated in 5 years or more
946700511,way,last_update,25-5-2021,Feature has not been updated in 5 years or more
946700512,way,last_update,25-5-2021,Feature has not been updated in 5 years or more
946700513,way,last_update,25-5-2021,Feature has not been updated in 5 years or more
946700514,way,last_update,25-5-2021,Feature has not been updated in 5 years or more
946701575,way,last_update,25-5-2021,Feature has not been updated in 5 years or more
946701576,way,last_update,25-5-2021,Feature has not been updated in 5 years or more
946701579,way,last_update,25-5-2021,Feature has not been updated in 5 years or more
946701580,way,last_update,25-5-2021,Feature has not been updated in 5 years or more
948341030,way,last_update,29-5-2021,Feature has not been updated in 5 years or more
948341031,way,last_update,29-5-2021,Feature has not been updated in 5 years or more
948341032,way,last_update,29-5-2021,Feature has not been updated in 5 years or more
948582903,way,last_update,30-5-2021,Feature has not been updated in 5 years or more
948582904,way,last_update,30-5-2021,Feature has not been updated in 5 years or more
948582905,way,last_update,30-5-2021,Feature has not been updated in 5 years or more
948582906,way,last_update,30-5-2021,Feature has not been updated in 5 years or more
948582907,way,last_update,30-5-2021,Feature has not been updated in 5 years or more
948582908,way,last_update,30-5-2021,Feature has not been updated in 5 years or more
948582909,way,last_update,30-5-2021,Feature has not been updated in 5 years or more
948582910,way,last_update,30-5-2021,Feature has not been updated in 5 years or more
948582911,way,last_update,30-5-2021,Feature has not been updated in 5 years or more
948582912,way,last_update,30-5-2021,Feature has not been updated in 5 years or more
948582913,way,last_update,30-5-2021,Feature has not been updated in 5 years or more
948582914,way,last_update,30-5-2021,Feature has not been updated in 5 years or more
948582915,way,last_update,30-5-2021,Feature has not been updated in 5 years or more
948582916,way,last_update,30-5-2021,Feature has not been updated in 5 years or more
948582919,way,last_update,30-5-2021,Feature has not been updated in 5 years or more
948582920,way,last_update,30-5-2021,Feature has not been updated in 5 years or more
948582921,way,last_update,30-5-2021,Feature has not been updated in 5 years or more
948582922,way,last_update,30-5-2021,Feature has not been updated in 5 years or more
948909431,way,last_update,31-5-2021,Feature has not been updated in 5 years or more
948909432,way,last_update,31-5-2021,Feature has not been updated in 5 years or more
948909433,way,last_update,31-5-2021,Feature has not been updated in 5 years or more
948909434,way,last_update,31-5-2021,Feature has not been updated in 5 years or more
948909438,way,last_update,31-5-2021,Feature has not been updated in 5 years or more
948909439,way,last_update,31-5-2021,Feature has not been updated in 5 years or more
949019126,way,last_update,31-5-2021,Feature has not been updated in 5 years or more
949019127,way,last_update,31-5-2021,Feature has not been updated in 5 years or more
949593533,way,last_update,2-6-2021,Feature has not been updated in 5 years or more
949593534,way,last_update,2-6-2021,Feature has not been updated in 5 years or more
949593535,way,last_update,2-6-2021,Feature has not been updated in 5 years or more
949593536,way,last_update,2-6-2021,Feature has not been updated in 5 years or more
949593537,way,last_update,2-6-2021,Feature has not been updated in 5 years or more
949593538,way,last_update,2-6-2021,Feature has not been updated in 5 years or more
949593539,way,last_update,2-6-2021,Feature has not been updated in 5 years or more
949593540,way,last_update,2-6-2021,Feature has not been updated in 5 years or more
949593541,way,last_update,2-6-2021,Feature has not been updated in 5 years or more
949634815,way,last_update,2-6-2021,Feature has not been updated in 5 years or more
949832411,way,last_update,2-6-2021,Feature has not been updated in 5 years or more
949832412,way,last_update,2-6-2021,Feature has not been updated in 5 years or more
949832413,way,last_update,2-6-2021,Feature has not been updated in 5 years or more
949832414,way,last_update,2-6-2021,Feature has not been updated in 5 years or more
949832415,way,last_update,2-6-2021,Feature has not been updated in 5 years or more
949832416,way,last_update,2-6-2021,Feature has not been updated in 5 years or more
949832417,way,last_update,2-6-2021,Feature has not been updated in 5 years or more
949832418,way,last_update,2-6-2021,Feature has not been updated in 5 years or more
949832419,way,last_update,2-6-2021,Feature has not been updated in 5 years or more
949834034,way,last_update,2-6-2021,Feature has not been updated in 5 years or more
949834036,way,last_update,2-6-2021,Feature has not been updated in 5 years or more
949834037,way,last_update,2-6-2021,Feature has not been updated in 5 years or more
949834038,way,last_update,2-6-2021,Feature has not been updated in 5 years or more
949834039,way,last_update,2-6-2021,Feature has not been updated in 5 years or more
949909141,way,last_update,3-6-2021,Feature has not been updated in 5 years or more
949909142,way,last_update,3-6-2021,Feature has not been updated in 5 years or more
949912880,way,last_update,3-6-2021,Feature has not been updated in 5 years or more
950181094,way,last_update,3-6-2021,Feature has not been updated in 5 years or more
950181095,way,last_update,3-6-2021,Feature has not been updated in 5 years or more
950181096,way,last_update,3-6-2021,Feature has not been updated in 5 years or more
950188291,way,last_update,3-6-2021,Feature has not been updated in 5 years or more
950188292,way,last_update,3-6-2021,Feature has not been updated in 5 years or more
950239368,way,last_update,4-6-2021,Feature has not been updated in 5 years or more
950251319,way,last_update,4-6-2021,Feature has not been updated in 5 years or more
950252511,way,last_update,4-6-2021,Feature has not been updated in 5 years or more
950252512,way,last_update,4-6-2021,Feature has not been updated in 5 years or more
950252513,way,last_update,4-6-2021,Feature has not been updated in 5 years or more
950252515,way,last_update,4-6-2021,Feature has not been updated in 5 years or more
951348651,way,last_update,5-6-2021,Feature has not been updated in 5 years or more
951348652,way,last_update,5-6-2021,Feature has not been updated in 5 years or more
951348653,way,last_update,5-6-2021,Feature has not been updated in 5 years or more
951348654,way,last_update,5-6-2021,Feature has not been updated in 5 years or more
951348655,way,last_update,5-6-2021,Feature has not been updated in 5 years or more
951348656,way,last_update,5-6-2021,Feature has not been updated in 5 years or more
951348657,way,last_update,5-6-2021,Feature has not been updated in 5 years or more
951349676,way,last_update,5-6-2021,Feature has not been updated in 5 years or more
951349677,way,last_update,5-6-2021,Feature has not been updated in 5 years or more
951349678,way,last_update,5-6-2021,Feature has not been updated in 5 years or more
951349679,way,last_update,5-6-2021,Feature has not been updated in 5 years or more
951349680,way,last_update,5-6-2021,Feature has not been updated in 5 years or more
951349681,way,last_update,5-6-2021,Feature has not been updated in 5 years or more
951349682,way,last_update,5-6-2021,Feature has not been updated in 5 years or more
951349683,way,last_update,5-6-2021,Feature has not been updated in 5 years or more
951349684,way,last_update,5-6-2021,Feature has not been updated in 5 years or more
951813204,way,last_update,6-6-2021,Feature has not been updated in 5 years or more
951813205,way,last_update,6-6-2021,Feature has not been updated in 5 years or more
951813206,way,last_update,6-6-2021,Feature has not been updated in 5 years or more
951895657,way,last_update,7-6-2021,Feature has not been updated in 5 years or more
951895658,way,last_update,7-6-2021,Feature has not been updated in 5 years or more
951895659,way,last_update,7-6-2021,Feature has not been updated in 5 years or more
951895660,way,last_update,7-6-2021,Feature has not been updated in 5 years or more
951895661,way,last_update,7-6-2021,Feature has not been updated in 5 years or more
951940555,way,last_update,7-6-2021,Feature has not been updated in 5 years or more
952125742,way,last_update,7-6-2021,Feature has not been updated in 5 years or more
952125743,way,last_update,7-6-2021,Feature has not been updated in 5 years or more
952125744,way,last_update,7-6-2021,Feature has not been updated in 5 years or more
952125745,way,last_update,7-6-2021,Feature has not been updated in 5 years or more
952125746,way,last_update,7-6-2021,Feature has not been updated in 5 years or more
952125747,way,last_update,7-6-2021,Feature has not been updated in 5 years or more
952125748,way,last_update,7-6-2021,Feature has not been updated in 5 years or more
952125749,way,last_update,7-6-2021,Feature has not been updated in 5 years or more
952125750,way,last_update,7-6-2021,Feature has not been updated in 5 years or more
952125751,way,last_update,7-6-2021,Feature has not been updated in 5 years or more
952125752,way,last_update,7-6-2021,Feature has not been updated in 5 years or more
952125753,way,last_update,7-6-2021,Feature has not been updated in 5 years or more
952223510,way,last_update,8-6-2021,Feature has not been updated in 5 years or more
952227798,way,last_update,8-6-2021,Feature has not been updated in 5 years or more
952227799,way,last_update,8-6-2021,Feature has not been updated in 5 years or more
952227800,way,last_update,8-6-2021,Feature has not been updated in 5 years or more
952514924,way,last_update,9-6-2021,Feature has not been updated in 5 years or more
953229439,way,last_update,11-6-2021,Feature has not been updated in 5 years or more
953229440,way,last_update,11-6-2021,Feature has not been updated in 5 years or more
953229441,way,last_update,11-6-2021,Feature has not been updated in 5 years or more
953229442,way,last_update,11-6-2021,Feature has not been updated in 5 years or more
953229443,way,last_update,11-6-2021,Feature has not been updated in 5 years or more
953229445,way,last_update,11-6-2021,Feature has not been updated in 5 years or more
953306410,way,last_update,7-7-2021,Feature has not been updated in 5 years or more
953575529,way,last_update,7-7-2021,Feature has not been updated in 5 years or more
953575530,way,last_update,7-7-2021,Feature has not been updated in 5 years or more
953575531,way,last_update,7-7-2021,Feature has not been updated in 5 years or more
953575532,way,last_update,7-7-2021,Feature has not been updated in 5 years or more
953575533,way,last_update,7-7-2021,Feature has not been updated in 5 years or more
953575534,way,last_update,7-7-2021,Feature has not been updated in 5 years or more
953575536,way,last_update,7-7-2021,Feature has not been updated in 5 years or more
953583023,way,last_update,8-8-2021,Feature has not been updated in 5 years or more
953583024,way,last_update,7-7-2021,Feature has not been updated in 5 years or more
953583025,way,last_update,8-8-2021,Feature has not been updated in 5 years or more
954111191,way,last_update,14-6-2021,Feature has not been updated in 5 years or more
954130426,way,last_update,14-6-2021,Feature has not been updated in 5 years or more
954130427,way,last_update,14-6-2021,Feature has not been updated in 5 years or more
954130428,way,last_update,14-6-2021,Feature has not been updated in 5 years or more
954130429,way,last_update,14-6-2021,Feature has not been updated in 5 years or more
954130430,way,last_update,14-6-2021,Feature has not been updated in 5 years or more
954130431,way,last_update,14-6-2021,Feature has not been updated in 5 years or more
954130432,way,last_update,14-6-2021,Feature has not been updated in 5 years or more
954130433,way,last_update,14-6-2021,Feature has not been updated in 5 years or more
954130434,way,last_update,14-6-2021,Feature has not been updated in 5 years or more
954130437,way,last_update,14-6-2021,Feature has not been updated in 5 years or more
954130438,way,last_update,14-6-2021,Feature has not been updated in 5 years or more
954130439,way,last_update,14-6-2021,Feature has not been updated in 5 years or more
954130440,way,last_update,14-6-2021,Feature has not been updated in 5 years or more
954130441,way,last_update,14-6-2021,Feature has not been updated in 5 years or more
954130442,way,last_update,14-6-2021,Feature has not been updated in 5 years or more
954130443,way,last_update,14-6-2021,Feature has not been updated in 5 years or more
954130444,way,last_update,14-6-2021,Feature has not been updated in 5 years or more
954130445,way,last_update,14-6-2021,Feature has not been updated in 5 years or more
954130446,way,last_update,14-6-2021,Feature has not been updated in 5 years or more
954130448,way,last_update,14-6-2021,Feature has not been updated in 5 years or more
954130449,way,last_update,14-6-2021,Feature has not been updated in 5 years or more
954130452,way,last_update,14-6-2021,Feature has not been updated in 5 years or more
954130454,way,last_update,14-6-2021,Feature has not been updated in 5 years or more
954138908,way,last_update,14-6-2021,Feature has not been updated in 5 years or more
954138909,way,last_update,14-6-2021,Feature has not been updated in 5 years or more
954138910,way,last_update,14-6-2021,Feature has not been updated in 5 years or more
954138911,way,last_update,14-6-2021,Feature has not been updated in 5 years or more
954138912,way,last_update,14-6-2021,Feature has not been updated in 5 years or more
954138913,way,last_update,14-6-2021,Feature has not been updated in 5 years or more
954138914,way,last_update,14-6-2021,Feature has not been updated in 5 years or more
954138915,way,last_update,14-6-2021,Feature has not been updated in 5 years or more
954138916,way,last_update,14-6-2021,Feature has not been updated in 5 years or more
954138917,way,last_update,14-6-2021,Feature has not been updated in 5 years or more
954138918,way,last_update,14-6-2021,Feature has not been updated in 5 years or more
954138919,way,last_update,14-6-2021,Feature has not been updated in 5 years or more
954138920,way,last_update,14-6-2021,Feature has not been updated in 5 years or more
954138921,way,last_update,14-6-2021,Feature has not been updated in 5 years or more
954138922,way,last_update,14-6-2021,Feature has not been updated in 5 years or more
954138923,way,last_update,14-6-2021,Feature has not been updated in 5 years or more
954138924,way,last_update,14-6-2021,Feature has not been updated in 5 years or more
954138925,way,last_update,14-6-2021,Feature has not been updated in 5 years or more
954138926,way,last_update,14-6-2021,Feature has not been updated in 5 years or more
954741661,way,last_update,15-6-2021,Feature has not been updated in 5 years or more
954741662,way,last_update,15-6-2021,Feature has not been updated in 5 years or more
954741664,way,last_update,15-6-2021,Feature has not been updated in 5 years or more
954741665,way,last_update,15-6-2021,Feature has not been updated in 5 years or more
954741666,way,last_update,15-6-2021,Feature has not been updated in 5 years or more
954741667,way,last_update,15-6-2021,Feature has not been updated in 5 years or more
954741669,way,last_update,15-6-2021,Feature has not been updated in 5 years or more
955204713,way,last_update,17-6-2021,Feature has not been updated in 5 years or more
955206674,way,last_update,17-6-2021,Feature has not been updated in 5 years or more
955206676,way,last_update,17-6-2021,Feature has not been updated in 5 years or more
955206677,way,last_update,17-6-2021,Feature has not been updated in 5 years or more
955206679,way,last_update,17-6-2021,Feature has not been updated in 5 years or more
955206681,way,last_update,17-6-2021,Feature has not been updated in 5 years or more
955469723,way,last_update,17-6-2021,Feature has not been updated in 5 years or more
955469724,way,last_update,17-6-2021,Feature has not been updated in 5 years or more
955469725,way,last_update,17-6-2021,Feature has not been updated in 5 years or more
955469726,way,last_update,17-6-2021,Feature has not been updated in 5 years or more
955487950,way,last_update,17-6-2021,Feature has not been updated in 5 years or more
955487951,way,last_update,17-6-2021,Feature has not been updated in 5 years or more
955487952,way,last_update,17-6-2021,Feature has not been updated in 5 years or more
955487953,way,last_update,17-6-2021,Feature has not been updated in 5 years or more
955487954,way,last_update,17-6-2021,Feature has not been updated in 5 years or more
955487955,way,last_update,17-6-2021,Feature has not been updated in 5 years or more
955487956,way,last_update,17-6-2021,Feature has not been updated in 5 years or more
955487957,way,last_update,17-6-2021,Feature has not been updated in 5 years or more
955487958,way,last_update,17-6-2021,Feature has not been updated in 5 years or more
955494165,way,last_update,17-6-2021,Feature has not been updated in 5 years or more
955494166,way,last_update,17-6-2021,Feature has not been updated in 5 years or more
955494167,way,last_update,17-6-2021,Feature has not been updated in 5 years or more
955494168,way,last_update,17-6-2021,Feature has not been updated in 5 years or more
955494169,way,last_update,17-6-2021,Feature has not been updated in 5 years or more
955497324,way,last_update,17-6-2021,Feature has not been updated in 5 years or more
955497325,way,last_update,17-6-2021,Feature has not been updated in 5 years or more
955497326,way,last_update,17-6-2021,Feature has not been updated in 5 years or more
955497327,way,last_update,17-6-2021,Feature has not been updated in 5 years or more
955497328,way,last_update,17-6-2021,Feature has not been updated in 5 years or more
955497329,way,last_update,17-6-2021,Feature has not been updated in 5 years or more
955497330,way,last_update,17-6-2021,Feature has not been updated in 5 years or more
955497331,way,last_update,17-6-2021,Feature has not been updated in 5 years or more
955497332,way,last_update,17-6-2021,Feature has not been updated in 5 years or more
955573288,way,last_update,18-6-2021,Feature has not been updated in 5 years or more
955573289,way,last_update,18-6-2021,Feature has not been updated in 5 years or more
955573290,way,last_update,18-6-2021,Feature has not been updated in 5 years or more
955573291,way,last_update,18-6-2021,Feature has not been updated in 5 years or more
955573292,way,last_update,18-6-2021,Feature has not been updated in 5 years or more
955573294,way,last_update,18-6-2021,Feature has not been updated in 5 years or more
955573295,way,last_update,18-6-2021,Feature has not been updated in 5 years or more
955573296,way,last_update,18-6-2021,Feature has not been updated in 5 years or more
955573297,way,last_update,18-6-2021,Feature has not been updated in 5 years or more
955573298,way,last_update,18-6-2021,Feature has not been updated in 5 years or more
955573299,way,last_update,18-6-2021,Feature has not been updated in 5 years or more
955573300,way,last_update,18-6-2021,Feature has not been updated in 5 years or more
955573301,way,last_update,18-6-2021,Feature has not been updated in 5 years or more
955573302,way,last_update,18-6-2021,Feature has not been updated in 5 years or more
955573303,way,last_update,18-6-2021,Feature has not been updated in 5 years or more
955573304,way,last_update,18-6-2021,Feature has not been updated in 5 years or more
955603551,way,last_update,18-6-2021,Feature has not been updated in 5 years or more
955603552,way,last_update,18-6-2021,Feature has not been updated in 5 years or more
955603553,way,last_update,18-6-2021,Feature has not been updated in 5 years or more
955603554,way,last_update,18-6-2021,Feature has not been updated in 5 years or more
955894587,way,last_update,18-6-2021,Feature has not been updated in 5 years or more
955894588,way,last_update,18-6-2021,Feature has not been updated in 5 years or more
955894589,way,last_update,18-6-2021,Feature has not been updated in 5 years or more
955894590,way,last_update,18-6-2021,Feature has not been updated in 5 years or more
956452536,way,last_update,21-6-2021,Feature has not been updated in 5 years or more
956452537,way,last_update,21-6-2021,Feature has not been updated in 5 years or more
956459195,way,last_update,21-6-2021,Feature has not been updated in 5 years or more
956459196,way,last_update,21-6-2021,Feature has not been updated in 5 years or more
956459197,way,last_update,21-6-2021,Feature has not been updated in 5 years or more
956459198,way,last_update,21-6-2021,Feature has not been updated in 5 years or more
956461418,way,last_update,21-6-2021,Feature has not been updated in 5 years or more
956462010,way,last_update,21-6-2021,Feature has not been updated in 5 years or more
956462012,way,last_update,21-6-2021,Feature has not been updated in 5 years or more
956462017,way,last_update,21-6-2021,Feature has not been updated in 5 years or more
956462018,way,last_update,21-6-2021,Feature has not been updated in 5 years or more
956462019,way,last_update,21-6-2021,Feature has not been updated in 5 years or more
956462023,way,last_update,21-6-2021,Feature has not been updated in 5 years or more
956462025,way,last_update,21-6-2021,Feature has not been updated in 5 years or more
956463520,way,last_update,21-6-2021,Feature has not been updated in 5 years or more
956463521,way,last_update,21-6-2021,Feature has not been updated in 5 years or more
956463522,way,last_update,21-6-2021,Feature has not been updated in 5 years or more
956463523,way,last_update,21-6-2021,Feature has not been updated in 5 years or more
956463527,way,last_update,21-6-2021,Feature has not been updated in 5 years or more
956463528,way,last_update,21-6-2021,Feature has not been updated in 5 years or more
956465389,way,last_update,21-6-2021,Feature has not been updated in 5 years or more
956465391,way,last_update,21-6-2021,Feature has not been updated in 5 years or more
956465393,way,last_update,21-6-2021,Feature has not been updated in 5 years or more
956465394,way,last_update,21-6-2021,Feature has not been updated in 5 years or more
956465395,way,last_update,21-6-2021,Feature has not been updated in 5 years or more
956465396,way,last_update,21-6-2021,Feature has not been updated in 5 years or more
956465397,way,last_update,21-6-2021,Feature has not been updated in 5 years or more
956465398,way,last_update,21-6-2021,Feature has not been updated in 5 years or more
956465399,way,last_update,21-6-2021,Feature has not been updated in 5 years or more
957025743,way,last_update,22-6-2021,Feature has not been updated in 5 years or more
957029024,way,last_update,22-6-2021,Feature has not been updated in 5 years or more
957029025,way,last_update,22-6-2021,Feature has not been updated in 5 years or more
957029026,way,last_update,22-6-2021,Feature has not been updated in 5 years or more
957029645,way,last_update,22-6-2021,Feature has not been updated in 5 years or more
957029646,way,last_update,22-6-2021,Feature has not been updated in 5 years or more
957029647,way,last_update,22-6-2021,Feature has not been updated in 5 years or more
957029648,way,last_update,22-6-2021,Feature has not been updated in 5 years or more
957029649,way,last_update,22-6-2021,Feature has not been updated in 5 years or more
957029650,way,last_update,22-6-2021,Feature has not been updated in 5 years or more
957029651,way,last_update,22-6-2021,Feature has not been updated in 5 years or more
957031448,way,last_update,22-6-2021,Feature has not been updated in 5 years or more
957031449,way,last_update,22-6-2021,Feature has not been updated in 5 years or more
957031450,way,last_update,22-6-2021,Feature has not been updated in 5 years or more
957031452,way,last_update,22-6-2021,Feature has not been updated in 5 years or more
957031453,way,last_update,22-6-2021,Feature has not been updated in 5 years or more
957031454,way,last_update,22-6-2021,Feature has not been updated in 5 years or more
957032831,way,last_update,22-6-2021,Feature has not been updated in 5 years or more
957032832,way,last_update,22-6-2021,Feature has not been updated in 5 years or more
957032833,way,last_update,22-6-2021,Feature has not been updated in 5 years or more
957033532,way,last_update,22-6-2021,Feature has not been updated in 5 years or more
957047892,way,last_update,22-6-2021,Feature has not been updated in 5 years or more
957255540,way,last_update,22-6-2021,Feature has not been updated in 5 years or more
957255541,way,last_update,22-6-2021,Feature has not been updated in 5 years or more
957255542,way,last_update,22-6-2021,Feature has not been updated in 5 years or more
957255543,way,last_update,22-6-2021,Feature has not been updated in 5 years or more
957255544,way,last_update,22-6-2021,Feature has not been updated in 5 years or more
957255545,way,last_update,22-6-2021,Feature has not been updated in 5 years or more
957255546,way,last_update,22-6-2021,Feature has not been updated in 5 years or more
957255547,way,last_update,22-6-2021,Feature has not been updated in 5 years or more
957255550,way,last_update,22-6-2021,Feature has not been updated in 5 years or more
957255551,way,last_update,22-6-2021,Feature has not been updated in 5 years or more
957255554,way,last_update,22-6-2021,Feature has not been updated in 5 years or more
957255555,way,last_update,22-6-2021,Feature has not been updated in 5 years or more
957255556,way,last_update,22-6-2021,Feature has not been updated in 5 years or more
957255558,way,last_update,22-6-2021,Feature has not been updated in 5 years or more
957255559,way,last_update,22-6-2021,Feature has not been updated in 5 years or more
957255560,way,last_update,22-6-2021,Feature has not been updated in 5 years or more
957255561,way,last_update,22-6-2021,Feature has not been updated in 5 years or more
957255562,way,last_update,22-6-2021,Feature has not been updated in 5 years or more
957255563,way,last_update,22-6-2021,Feature has not been updated in 5 years or more
957257027,way,last_update,22-6-2021,Feature has not been updated in 5 years or more
957257028,way,last_update,22-6-2021,Feature has not been updated in 5 years or more
957258594,way,last_update,22-6-2021,Feature has not been updated in 5 years or more
957258597,way,last_update,22-6-2021,Feature has not been updated in 5 years or more
957258598,way,last_update,22-6-2021,Feature has not been updated in 5 years or more
957258599,way,last_update,22-6-2021,Feature has not been updated in 5 years or more
957352231,way,last_update,22-6-2021,Feature has not been updated in 5 years or more
957352236,way,last_update,22-6-2021,Feature has not been updated in 5 years or more
957352238,way,last_update,22-6-2021,Feature has not been updated in 5 years or more
957352240,way,last_update,22-6-2021,Feature has not been updated in 5 years or more
957352241,way,last_update,22-6-2021,Feature has not been updated in 5 years or more
957352242,way,last_update,22-6-2021,Feature has not been updated in 5 years or more
957385866,way,last_update,23-6-2021,Feature has not been updated in 5 years or more
957389655,way,last_update,23-6-2021,Feature has not been updated in 5 years or more
957389656,way,last_update,23-6-2021,Feature has not been updated in 5 years or more
957389657,way,last_update,23-6-2021,Feature has not been updated in 5 years or more
957389659,way,last_update,23-6-2021,Feature has not been updated in 5 years or more
957389660,way,last_update,23-6-2021,Feature has not been updated in 5 years or more
957389662,way,last_update,23-6-2021,Feature has not been updated in 5 years or more
957389663,way,last_update,23-6-2021,Feature has not been updated in 5 years or more
957390979,way,last_update,23-6-2021,Feature has not been updated in 5 years or more
957390980,way,last_update,23-6-2021,Feature has not been updated in 5 years or more
957390982,way,last_update,23-6-2021,Feature has not been updated in 5 years or more
957390983,way,last_update,23-6-2021,Feature has not been updated in 5 years or more
957741195,way,last_update,24-6-2021,Feature has not been updated in 5 years or more
957741196,way,last_update,24-6-2021,Feature has not been updated in 5 years or more
957741198,way,last_update,24-6-2021,Feature has not been updated in 5 years or more
957741199,way,last_update,24-6-2021,Feature has not been updated in 5 years or more
957741201,way,last_update,24-6-2021,Feature has not been updated in 5 years or more
957741202,way,last_update,24-6-2021,Feature has not been updated in 5 years or more
957741203,way,last_update,24-6-2021,Feature has not been updated in 5 years or more
957741204,way,last_update,24-6-2021,Feature has not been updated in 5 years or more
957741205,way,last_update,24-6-2021,Feature has not been updated in 5 years or more
957741206,way,last_update,24-6-2021,Feature has not been updated in 5 years or more
957741207,way,last_update,24-6-2021,Feature has not been updated in 5 years or more
957741208,way,last_update,24-6-2021,Feature has not been updated in 5 years or more
957741209,way,last_update,24-6-2021,Feature has not been updated in 5 years or more
957741210,way,last_update,24-6-2021,Feature has not been updated in 5 years or more
957741213,way,last_update,24-6-2021,Feature has not been updated in 5 years or more
957741214,way,last_update,24-6-2021,Feature has not been updated in 5 years or more
957741215,way,last_update,24-6-2021,Feature has not been updated in 5 years or more
957741216,way,last_update,24-6-2021,Feature has not been updated in 5 years or more
957746904,way,last_update,24-6-2021,Feature has not been updated in 5 years or more
957746905,way,last_update,24-6-2021,Feature has not been updated in 5 years or more
957746907,way,last_update,24-6-2021,Feature has not been updated in 5 years or more
957746908,way,last_update,24-6-2021,Feature has not been updated in 5 years or more
957746912,way,last_update,24-6-2021,Feature has not been updated in 5 years or more
957746914,way,last_update,24-6-2021,Feature has not been updated in 5 years or more
957746915,way,last_update,24-6-2021,Feature has not been updated in 5 years or more
957746916,way,last_update,24-6-2021,Feature has not been updated in 5 years or more
957746918,way,last_update,24-6-2021,Feature has not been updated in 5 years or more
957746919,way,last_update,24-6-2021,Feature has not been updated in 5 years or more
957746920,way,last_update,24-6-2021,Feature has not been updated in 5 years or more
957746921,way,last_update,24-6-2021,Feature has not been updated in 5 years or more
957746922,way,last_update,24-6-2021,Feature has not been updated in 5 years or more
957746923,way,last_update,24-6-2021,Feature has not been updated in 5 years or more
957746924,way,last_update,24-6-2021,Feature has not been updated in 5 years or more
957746925,way,last_update,24-6-2021,Feature has not been updated in 5 years or more
957746926,way,last_update,24-6-2021,Feature has not been updated in 5 years or more
957746927,way,last_update,24-6-2021,Feature has not been updated in 5 years or more
958096136,way,last_update,25-6-2021,Feature has not been updated in 5 years or more
958096137,way,last_update,25-6-2021,Feature has not been updated in 5 years or more
958096138,way,last_update,25-6-2021,Feature has not been updated in 5 years or more
958096139,way,last_update,25-6-2021,Feature has not been updated in 5 years or more
958096140,way,last_update,25-6-2021,Feature has not been updated in 5 years or more
958096142,way,last_update,25-6-2021,Feature has not been updated in 5 years or more
958532997,way,last_update,12-7-2021,Feature has not been updated in 5 years or more
958549574,way,last_update,13-7-2021,Feature has not been updated in 5 years or more
958549576,way,last_update,10-7-2021,Feature has not been updated in 5 years or more
958550541,way,last_update,27-6-2021,Feature has not been updated in 5 years or more
958551621,way,last_update,27-6-2021,Feature has not been updated in 5 years or more
958553226,way,last_update,10-7-2021,Feature has not been updated in 5 years or more
958556099,way,last_update,27-6-2021,Feature has not been updated in 5 years or more
958561049,way,last_update,27-6-2021,Feature has not been updated in 5 years or more
958561050,way,last_update,27-6-2021,Feature has not been updated in 5 years or more
958561051,way,last_update,27-6-2021,Feature has not been updated in 5 years or more
958561052,way,last_update,27-6-2021,Feature has not been updated in 5 years or more
958561053,way,last_update,27-6-2021,Feature has not been updated in 5 years or more
958561054,way,last_update,27-6-2021,Feature has not been updated in 5 years or more
958561059,way,last_update,27-6-2021,Feature has not been updated in 5 years or more
958704911,way,last_update,27-6-2021,Feature has not been updated in 5 years or more
958706702,way,last_update,5-7-2021,Feature has not been updated in 5 years or more
958706703,way,last_update,5-7-2021,Feature has not been updated in 5 years or more
958706705,way,last_update,4-7-2021,Feature has not been updated in 5 years or more
958707117,way,last_update,27-6-2021,Feature has not been updated in 5 years or more
958707119,way,last_update,27-6-2021,Feature has not been updated in 5 years or more
958707120,way,last_update,27-6-2021,Feature has not been updated in 5 years or more
958707597,way,last_update,27-6-2021,Feature has not been updated in 5 years or more
958707598,way,last_update,27-6-2021,Feature has not been updated in 5 years or more
958707599,way,last_update,11-7-2021,Feature has not been updated in 5 years or more
958707600,way,last_update,27-6-2021,Feature has not been updated in 5 years or more
958707601,way,last_update,15-7-2021,Feature has not been updated in 5 years or more
958707602,way,last_update,11-7-2021,Feature has not been updated in 5 years or more
958708494,way,last_update,27-6-2021,Feature has not been updated in 5 years or more
958708495,way,last_update,27-6-2021,Feature has not been updated in 5 years or more
958708496,way,last_update,4-8-2021,Feature has not been updated in 5 years or more
958708497,way,last_update,27-6-2021,Feature has not been updated in 5 years or more
958709128,way,last_update,27-6-2021,Feature has not been updated in 5 years or more
958709129,way,last_update,27-6-2021,Feature has not been updated in 5 years or more
958709130,way,last_update,27-6-2021,Feature has not been updated in 5 years or more
958709134,way,last_update,27-6-2021,Feature has not been updated in 5 years or more
958709135,way,last_update,27-6-2021,Feature has not been updated in 5 years or more
958709136,way,last_update,27-6-2021,Feature has not been updated in 5 years or more
958709137,way,last_update,27-6-2021,Feature has not been updated in 5 years or more
958709139,way,last_update,27-6-2021,Feature has not been updated in 5 years or more
958709140,way,last_update,27-6-2021,Feature has not been updated in 5 years or more
958709141,way,last_update,27-6-2021,Feature has not been updated in 5 years or more
958709142,way,last_update,27-6-2021,Feature has not been updated in 5 years or more
959191373,way,last_update,29-6-2021,Feature has not been updated in 5 years or more
959191374,way,last_update,29-6-2021,Feature has not been updated in 5 years or more
959191375,way,last_update,29-6-2021,Feature has not been updated in 5 years or more
959191378,way,last_update,29-6-2021,Feature has not been updated in 5 years or more
959191379,way,last_update,29-6-2021,Feature has not been updated in 5 years or more
959191380,way,last_update,29-6-2021,Feature has not been updated in 5 years or more
959591842,way,last_update,29-6-2021,Feature has not been updated in 5 years or more
959596379,way,last_update,30-6-2021,Feature has not been updated in 5 years or more
959596380,way,last_update,30-6-2021,Feature has not been updated in 5 years or more
959596381,way,last_update,30-6-2021,Feature has not been updated in 5 years or more
959652888,way,last_update,30-6-2021,Feature has not been updated in 5 years or more
959652889,way,last_update,30-6-2021,Feature has not been updated in 5 years or more
959652890,way,last_update,30-6-2021,Feature has not been updated in 5 years or more
959652891,way,last_update,30-6-2021,Feature has not been updated in 5 years or more
959652892,way,last_update,30-6-2021,Feature has not been updated in 5 years or more
959652893,way,last_update,30-6-2021,Feature has not been updated in 5 years or more
959652894,way,last_update,30-6-2021,Feature has not been updated in 5 years or more
959652895,way,last_update,30-6-2021,Feature has not been updated in 5 years or more
959654352,way,last_update,30-6-2021,Feature has not been updated in 5 years or more
959654353,way,last_update,30-6-2021,Feature has not been updated in 5 years or more
959654354,way,last_update,30-6-2021,Feature has not been updated in 5 years or more
959654355,way,last_update,30-6-2021,Feature has not been updated in 5 years or more
959654356,way,last_update,30-6-2021,Feature has not been updated in 5 years or more
959654357,way,last_update,30-6-2021,Feature has not been updated in 5 years or more
959658127,way,last_update,30-6-2021,Feature has not been updated in 5 years or more
959658128,way,last_update,30-6-2021,Feature has not been updated in 5 years or more
959658129,way,last_update,30-6-2021,Feature has not been updated in 5 years or more
959658130,way,last_update,30-6-2021,Feature has not been updated in 5 years or more
959658131,way,last_update,30-6-2021,Feature has not been updated in 5 years or more
959951480,way,last_update,1-7-2021,Feature has not been updated in 5 years or more
959951481,way,last_update,1-7-2021,Feature has not been updated in 5 years or more
959951482,way,last_update,1-7-2021,Feature has not been updated in 5 years or more
959951483,way,last_update,1-7-2021,Feature has not been updated in 5 years or more
959953876,way,last_update,1-7-2021,Feature has not been updated in 5 years or more
959953877,way,last_update,1-7-2021,Feature has not been updated in 5 years or more
959953878,way,last_update,1-7-2021,Feature has not been updated in 5 years or more
959953879,way,last_update,1-7-2021,Feature has not been updated in 5 years or more
959953880,way,last_update,1-7-2021,Feature has not been updated in 5 years or more
959953881,way,last_update,1-7-2021,Feature has not been updated in 5 years or more
959953882,way,last_update,1-7-2021,Feature has not been updated in 5 years or more
959955433,way,last_update,1-7-2021,Feature has not been updated in 5 years or more
959955434,way,last_update,1-7-2021,Feature has not been updated in 5 years or more
959955435,way,last_update,1-7-2021,Feature has not been updated in 5 years or more
959955436,way,last_update,1-7-2021,Feature has not been updated in 5 years or more
960699102,way,last_update,2-7-2021,Feature has not been updated in 5 years or more
961204653,way,last_update,4-7-2021,Feature has not been updated in 5 years or more
961204654,way,last_update,4-7-2021,Feature has not been updated in 5 years or more
961204655,way,last_update,11-7-2021,Feature has not been updated in 5 years or more
961217166,way,last_update,4-7-2021,Feature has not been updated in 5 years or more
961217167,way,last_update,4-7-2021,Feature has not been updated in 5 years or more
961217170,way,last_update,4-7-2021,Feature has not been updated in 5 years or more
961217172,way,last_update,4-7-2021,Feature has not been updated in 5 years or more
961217173,way,last_update,4-7-2021,Feature has not been updated in 5 years or more
961217175,way,last_update,4-7-2021,Feature has not been updated in 5 years or more
961217176,way,last_update,4-7-2021,Feature has not been updated in 5 years or more
961217462,way,last_update,4-7-2021,Feature has not been updated in 5 years or more
961217463,way,last_update,4-7-2021,Feature has not been updated in 5 years or more
961217464,way,last_update,4-7-2021,Feature has not been updated in 5 years or more
961217465,way,last_update,4-7-2021,Feature has not been updated in 5 years or more
961376603,way,last_update,5-7-2021,Feature has not been updated in 5 years or more
961376604,way,last_update,5-7-2021,Feature has not been updated in 5 years or more
961376605,way,last_update,5-7-2021,Feature has not been updated in 5 years or more
961376606,way,last_update,5-7-2021,Feature has not been updated in 5 years or more
961376607,way,last_update,5-7-2021,Feature has not been updated in 5 years or more
961446249,way,last_update,5-7-2021,Feature has not been updated in 5 years or more
961446250,way,last_update,15-7-2021,Feature has not been updated in 5 years or more
961446251,way,last_update,5-7-2021,Feature has not been updated in 5 years or more
961446252,way,last_update,5-7-2021,Feature has not been updated in 5 years or more
961472757,way,last_update,5-7-2021,Feature has not been updated in 5 years or more
961475460,way,last_update,5-7-2021,Feature has not been updated in 5 years or more
961475462,way,last_update,5-7-2021,Feature has not been updated in 5 years or more
961475464,way,last_update,5-7-2021,Feature has not been updated in 5 years or more
961480604,way,last_update,5-7-2021,Feature has not been updated in 5 years or more
961485184,way,last_update,5-7-2021,Feature has not been updated in 5 years or more
961485185,way,last_update,5-7-2021,Feature has not been updated in 5 years or more
961485186,way,last_update,5-7-2021,Feature has not been updated in 5 years or more
961485187,way,last_update,5-7-2021,Feature has not been updated in 5 years or more
961485188,way,last_update,5-7-2021,Feature has not been updated in 5 years or more
961485190,way,last_update,5-7-2021,Feature has not been updated in 5 years or more
961485863,way,last_update,5-7-2021,Feature has not been updated in 5 years or more
961496791,way,last_update,5-7-2021,Feature has not been updated in 5 years or more
961496792,way,last_update,5-7-2021,Feature has not been updated in 5 years or more
961496793,way,last_update,5-7-2021,Feature has not been updated in 5 years or more
961496794,way,last_update,5-7-2021,Feature has not been updated in 5 years or more
961501182,way,last_update,5-7-2021,Feature has not been updated in 5 years or more
961501183,way,last_update,5-7-2021,Feature has not been updated in 5 years or more
961501184,way,last_update,5-7-2021,Feature has not been updated in 5 years or more
961501185,way,last_update,5-7-2021,Feature has not been updated in 5 years or more
961501186,way,last_update,5-7-2021,Feature has not been updated in 5 years or more
961501187,way,last_update,5-7-2021,Feature has not been updated in 5 years or more
961501188,way,last_update,5-7-2021,Feature has not been updated in 5 years or more
961501190,way,last_update,5-7-2021,Feature has not been updated in 5 years or more
961501191,way,last_update,14-7-2021,Feature has not been updated in 5 years or more
961501192,way,last_update,5-7-2021,Feature has not been updated in 5 years or more
961501195,way,last_update,5-7-2021,Feature has not been updated in 5 years or more
961501196,way,last_update,5-7-2021,Feature has not been updated in 5 years or more
961501197,way,last_update,5-7-2021,Feature has not been updated in 5 years or more
961503020,way,last_update,5-7-2021,Feature has not been updated in 5 years or more
961503021,way,last_update,5-7-2021,Feature has not been updated in 5 years or more
961503023,way,last_update,4-8-2021,Feature has not been updated in 5 years or more
961821001,way,last_update,6-7-2021,Feature has not been updated in 5 years or more
961821002,way,last_update,6-7-2021,Feature has not been updated in 5 years or more
961821003,way,last_update,6-7-2021,Feature has not been updated in 5 years or more
961821004,way,last_update,6-7-2021,Feature has not been updated in 5 years or more
961821005,way,last_update,6-7-2021,Feature has not been updated in 5 years or more
961821006,way,last_update,6-7-2021,Feature has not been updated in 5 years or more
961821007,way,last_update,6-7-2021,Feature has not been updated in 5 years or more
961821008,way,last_update,6-7-2021,Feature has not been updated in 5 years or more
961821009,way,last_update,6-7-2021,Feature has not been updated in 5 years or more
961821010,way,last_update,6-7-2021,Feature has not been updated in 5 years or more
961821011,way,last_update,6-7-2021,Feature has not been updated in 5 years or more
961821012,way,last_update,6-7-2021,Feature has not been updated in 5 years or more
961821013,way,last_update,6-7-2021,Feature has not been updated in 5 years or more
961821014,way,last_update,6-7-2021,Feature has not been updated in 5 years or more
961821015,way,last_update,6-7-2021,Feature has not been updated in 5 years or more
961821017,way,last_update,6-7-2021,Feature has not been updated in 5 years or more
961821018,way,last_update,6-7-2021,Feature has not been updated in 5 years or more
961821019,way,last_update,6-7-2021,Feature has not been updated in 5 years or more
961821020,way,last_update,6-7-2021,Feature has not been updated in 5 years or more
961821025,way,last_update,6-7-2021,Feature has not been updated in 5 years or more
961821028,way,last_update,6-7-2021,Feature has not been updated in 5 years or more
961821033,way,last_update,6-7-2021,Feature has not been updated in 5 years or more
961821037,way,last_update,6-7-2021,Feature has not been updated in 5 years or more
961821038,way,last_update,6-7-2021,Feature has not been updated in 5 years or more
961821042,way,last_update,6-7-2021,Feature has not been updated in 5 years or more
961824467,way,last_update,6-7-2021,Feature has not been updated in 5 years or more
961824469,way,last_update,6-7-2021,Feature has not been updated in 5 years or more
961824471,way,last_update,6-7-2021,Feature has not been updated in 5 years or more
961824472,way,last_update,6-7-2021,Feature has not been updated in 5 years or more
961824473,way,last_update,6-7-2021,Feature has not been updated in 5 years or more
961824475,way,last_update,6-7-2021,Feature has not been updated in 5 years or more
961824477,way,last_update,6-7-2021,Feature has not been updated in 5 years or more
961828721,way,last_update,6-7-2021,Feature has not been updated in 5 years or more
961828722,way,last_update,6-7-2021,Feature has not been updated in 5 years or more
961828723,way,last_update,6-7-2021,Feature has not been updated in 5 years or more
961828724,way,last_update,6-7-2021,Feature has not been updated in 5 years or more
961828725,way,last_update,6-7-2021,Feature has not been updated in 5 years or more
961828726,way,last_update,6-7-2021,Feature has not been updated in 5 years or more
961828727,way,last_update,6-7-2021,Feature has not been updated in 5 years or more
961828728,way,last_update,6-7-2021,Feature has not been updated in 5 years or more
961828729,way,last_update,6-7-2021,Feature has not been updated in 5 years or more
961828734,way,last_update,6-7-2021,Feature has not been updated in 5 years or more
961828736,way,last_update,6-7-2021,Feature has not been updated in 5 years or more
961828738,way,last_update,6-7-2021,Feature has not been updated in 5 years or more
961828739,way,last_update,6-7-2021,Feature has not been updated in 5 years or more
961828740,way,last_update,6-7-2021,Feature has not been updated in 5 years or more
961828742,way,last_update,6-7-2021,Feature has not been updated in 5 years or more
961828743,way,last_update,6-7-2021,Feature has not been updated in 5 years or more
961828745,way,last_update,6-7-2021,Feature has not been updated in 5 years or more
961828746,way,last_update,6-7-2021,Feature has not been updated in 5 years or more
961828747,way,last_update,6-7-2021,Feature has not been updated in 5 years or more
961828748,way,last_update,6-7-2021,Feature has not been updated in 5 years or more
961828749,way,last_update,6-7-2021,Feature has not been updated in 5 years or more
961832037,way,last_update,6-7-2021,Feature has not been updated in 5 years or more
961832040,way,last_update,6-7-2021,Feature has not been updated in 5 years or more
961832042,way,last_update,6-7-2021,Feature has not been updated in 5 years or more
961832043,way,last_update,6-7-2021,Feature has not been updated in 5 years or more
961882663,way,last_update,6-7-2021,Feature has not been updated in 5 years or more
961890808,way,last_update,6-7-2021,Feature has not been updated in 5 years or more
962064419,way,last_update,6-7-2021,Feature has not been updated in 5 years or more
962065752,way,last_update,6-7-2021,Feature has not been updated in 5 years or more
962074118,way,last_update,6-7-2021,Feature has not been updated in 5 years or more
962074120,way,last_update,6-7-2021,Feature has not been updated in 5 years or more
962074121,way,last_update,6-7-2021,Feature has not been updated in 5 years or more
962074123,way,last_update,6-7-2021,Feature has not been updated in 5 years or more
962074124,way,last_update,6-7-2021,Feature has not been updated in 5 years or more
962074126,way,last_update,6-7-2021,Feature has not been updated in 5 years or more
962074127,way,last_update,6-7-2021,Feature has not been updated in 5 years or more
962074128,way,last_update,6-7-2021,Feature has not been updated in 5 years or more
962074129,way,last_update,6-7-2021,Feature has not been updated in 5 years or more
962074130,way,last_update,6-7-2021,Feature has not been updated in 5 years or more
962074131,way,last_update,6-7-2021,Feature has not been updated in 5 years or more
962074132,way,last_update,6-7-2021,Feature has not been updated in 5 years or more
962074133,way,last_update,6-7-2021,Feature has not been updated in 5 years or more
962074134,way,last_update,6-7-2021,Feature has not been updated in 5 years or more
962074135,way,last_update,6-7-2021,Feature has not been updated in 5 years or more
962074136,way,last_update,6-7-2021,Feature has not been updated in 5 years or more
962076166,way,last_update,6-7-2021,Feature has not been updated in 5 years or more
962076169,way,last_update,6-7-2021,Feature has not been updated in 5 years or more
962076170,way,last_update,6-7-2021,Feature has not been updated in 5 years or more
962076171,way,last_update,6-7-2021,Feature has not been updated in 5 years or more
962076172,way,last_update,6-7-2021,Feature has not been updated in 5 years or more
962076175,way,last_update,6-7-2021,Feature has not been updated in 5 years or more
962076177,way,last_update,6-7-2021,Feature has not been updated in 5 years or more
962076178,way,last_update,6-7-2021,Feature has not been updated in 5 years or more
962076183,way,last_update,6-7-2021,Feature has not been updated in 5 years or more
962078107,way,last_update,6-7-2021,Feature has not been updated in 5 years or more
962078108,way,last_update,6-7-2021,Feature has not been updated in 5 years or more
962078109,way,last_update,6-7-2021,Feature has not been updated in 5 years or more
962078110,way,last_update,6-7-2021,Feature has not been updated in 5 years or more
962078111,way,last_update,6-7-2021,Feature has not been updated in 5 years or more
962078112,way,last_update,6-7-2021,Feature has not been updated in 5 years or more
962078114,way,last_update,6-7-2021,Feature has not been updated in 5 years or more
962078115,way,last_update,6-7-2021,Feature has not been updated in 5 years or more
962078116,way,last_update,6-7-2021,Feature has not been updated in 5 years or more
962078117,way,last_update,6-7-2021,Feature has not been updated in 5 years or more
962078118,way,last_update,6-7-2021,Feature has not been updated in 5 years or more
962078120,way,last_update,6-7-2021,Feature has not been updated in 5 years or more
962078121,way,last_update,6-7-2021,Feature has not been updated in 5 years or more
962078122,way,last_update,6-7-2021,Feature has not been updated in 5 years or more
962078123,way,last_update,6-7-2021,Feature has not been updated in 5 years or more
962079949,way,last_update,6-7-2021,Feature has not been updated in 5 years or more
962079950,way,last_update,6-7-2021,Feature has not been updated in 5 years or more
962079952,way,last_update,6-7-2021,Feature has not been updated in 5 years or more
962079955,way,last_update,6-7-2021,Feature has not been updated in 5 years or more
962079956,way,last_update,6-7-2021,Feature has not been updated in 5 years or more
962107435,way,last_update,7-7-2021,Feature has not been updated in 5 years or more
962124790,way,last_update,7-7-2021,Feature has not been updated in 5 years or more
962124791,way,last_update,7-7-2021,Feature has not been updated in 5 years or more
962124792,way,last_update,7-7-2021,Feature has not been updated in 5 years or more
962124793,way,last_update,7-7-2021,Feature has not been updated in 5 years or more
962124794,way,last_update,7-7-2021,Feature has not been updated in 5 years or more
962124795,way,last_update,7-7-2021,Feature has not been updated in 5 years or more
962124796,way,last_update,7-7-2021,Feature has not been updated in 5 years or more
962124797,way,last_update,7-7-2021,Feature has not been updated in 5 years or more
962124798,way,last_update,7-7-2021,Feature has not been updated in 5 years or more
962124799,way,last_update,7-7-2021,Feature has not been updated in 5 years or more
962124800,way,last_update,7-7-2021,Feature has not been updated in 5 years or more
962124801,way,last_update,7-7-2021,Feature has not been updated in 5 years or more
962124802,way,last_update,7-7-2021,Feature has not been updated in 5 years or more
962124803,way,last_update,7-7-2021,Feature has not been updated in 5 years or more
962124804,way,last_update,7-7-2021,Feature has not been updated in 5 years or more
962124805,way,last_update,7-7-2021,Feature has not been updated in 5 years or more
962142685,way,last_update,7-7-2021,Feature has not been updated in 5 years or more
962142686,way,last_update,7-7-2021,Feature has not been updated in 5 years or more
962142687,way,last_update,7-7-2021,Feature has not been updated in 5 years or more
962142688,way,last_update,7-7-2021,Feature has not been updated in 5 years or more
962142689,way,last_update,7-7-2021,Feature has not been updated in 5 years or more
962142690,way,last_update,7-7-2021,Feature has not been updated in 5 years or more
962142691,way,last_update,7-7-2021,Feature has not been updated in 5 years or more
962142692,way,last_update,7-7-2021,Feature has not been updated in 5 years or more
962142693,way,last_update,7-7-2021,Feature has not been updated in 5 years or more
962142694,way,last_update,7-7-2021,Feature has not been updated in 5 years or more
962142695,way,last_update,7-7-2021,Feature has not been updated in 5 years or more
962142696,way,last_update,7-7-2021,Feature has not been updated in 5 years or more
962142697,way,last_update,7-7-2021,Feature has not been updated in 5 years or more
962142698,way,last_update,7-7-2021,Feature has not been updated in 5 years or more
962142699,way,last_update,7-7-2021,Feature has not been updated in 5 years or more
962142700,way,last_update,7-7-2021,Feature has not been updated in 5 years or more
962142701,way,last_update,7-7-2021,Feature has not been updated in 5 years or more
962142702,way,last_update,7-7-2021,Feature has not been updated in 5 years or more
962142703,way,last_update,7-7-2021,Feature has not been updated in 5 years or more
962142704,way,last_update,7-7-2021,Feature has not been updated in 5 years or more
962142709,way,last_update,7-7-2021,Feature has not been updated in 5 years or more
962142710,way,last_update,7-7-2021,Feature has not been updated in 5 years or more
962142888,way,last_update,7-7-2021,Feature has not been updated in 5 years or more
962142890,way,last_update,7-7-2021,Feature has not been updated in 5 years or more
962142891,way,last_update,7-7-2021,Feature has not been updated in 5 years or more
962142893,way,last_update,7-7-2021,Feature has not been updated in 5 years or more
962146495,way,last_update,7-7-2021,Feature has not been updated in 5 years or more
962146496,way,last_update,7-7-2021,Feature has not been updated in 5 years or more
962146497,way,last_update,3-8-2021,Feature has not been updated in 5 years or more
962148805,way,last_update,2-8-2021,Feature has not been updated in 5 years or more
962148806,way,last_update,7-7-2021,Feature has not been updated in 5 years or more
962148807,way,last_update,8-7-2021,Feature has not been updated in 5 years or more
962148808,way,last_update,8-7-2021,Feature has not been updated in 5 years or more
962148809,way,last_update,8-8-2021,Feature has not been updated in 5 years or more
962148810,way,last_update,8-7-2021,Feature has not been updated in 5 years or more
962148811,way,last_update,8-8-2021,Feature has not been updated in 5 years or more
962148812,way,last_update,7-7-2021,Feature has not been updated in 5 years or more
962148813,way,last_update,8-8-2021,Feature has not been updated in 5 years or more
962148814,way,last_update,8-8-2021,Feature has not been updated in 5 years or more
962148815,way,last_update,7-7-2021,Feature has not been updated in 5 years or more
962148816,way,last_update,7-7-2021,Feature has not been updated in 5 years or more
962148817,way,last_update,7-7-2021,Feature has not been updated in 5 years or more
962148818,way,last_update,8-7-2021,Feature has not been updated in 5 years or more
962148819,way,last_update,1-8-2021,Feature has not been updated in 5 years or more
962148820,way,last_update,8-7-2021,Feature has not been updated in 5 years or more
962148821,way,last_update,7-7-2021,Feature has not been updated in 5 years or more
962148822,way,last_update,8-8-2021,Feature has not been updated in 5 years or more
962148823,way,last_update,8-8-2021,Feature has not been updated in 5 years or more
962150863,way,last_update,7-7-2021,Feature has not been updated in 5 years or more
962150864,way,last_update,7-7-2021,Feature has not been updated in 5 years or more
962150865,way,last_update,7-7-2021,Feature has not been updated in 5 years or more
962150866,way,last_update,7-7-2021,Feature has not been updated in 5 years or more
962326440,way,last_update,8-8-2021,Feature has not been updated in 5 years or more
962326441,way,last_update,7-7-2021,Feature has not been updated in 5 years or more
962326442,way,last_update,7-7-2021,Feature has not been updated in 5 years or more
962326443,way,last_update,7-7-2021,Feature has not been updated in 5 years or more
962326444,way,last_update,7-7-2021,Feature has not been updated in 5 years or more
962326445,way,last_update,7-7-2021,Feature has not been updated in 5 years or more
962326446,way,last_update,8-7-2021,Feature has not been updated in 5 years or more
962326447,way,last_update,7-7-2021,Feature has not been updated in 5 years or more
962326448,way,last_update,7-7-2021,Feature has not been updated in 5 years or more
962326449,way,last_update,7-7-2021,Feature has not been updated in 5 years or more
962326450,way,last_update,7-7-2021,Feature has not been updated in 5 years or more
962326451,way,last_update,7-7-2021,Feature has not been updated in 5 years or more
962326452,way,last_update,8-7-2021,Feature has not been updated in 5 years or more
962326453,way,last_update,7-7-2021,Feature has not been updated in 5 years or more
962326454,way,last_update,31-7-2021,Feature has not been updated in 5 years or more
962326455,way,last_update,7-7-2021,Feature has not been updated in 5 years or more
962326456,way,last_update,7-7-2021,Feature has not been updated in 5 years or more
962326457,way,last_update,7-7-2021,Feature has not been updated in 5 years or more
962326458,way,last_update,8-7-2021,Feature has not been updated in 5 years or more
962334532,way,last_update,7-7-2021,Feature has not been updated in 5 years or more
962334533,way,last_update,7-7-2021,Feature has not been updated in 5 years or more
962334534,way,last_update,7-7-2021,Feature has not been updated in 5 years or more
962334535,way,last_update,7-7-2021,Feature has not been updated in 5 years or more
962334536,way,last_update,7-7-2021,Feature has not been updated in 5 years or more
962492056,way,last_update,8-7-2021,Feature has not been updated in 5 years or more
962492057,way,last_update,8-7-2021,Feature has not been updated in 5 years or more
962492058,way,last_update,8-7-2021,Feature has not been updated in 5 years or more
962492059,way,last_update,8-7-2021,Feature has not been updated in 5 years or more
962492061,way,last_update,8-7-2021,Feature has not been updated in 5 years or more
962492063,way,last_update,8-7-2021,Feature has not been updated in 5 years or more
962492064,way,last_update,8-7-2021,Feature has not been updated in 5 years or more
962492065,way,last_update,8-7-2021,Feature has not been updated in 5 years or more
962492066,way,last_update,8-7-2021,Feature has not been updated in 5 years or more
962492067,way,last_update,8-7-2021,Feature has not been updated in 5 years or more
962492069,way,last_update,8-7-2021,Feature has not been updated in 5 years or more
962492070,way,last_update,8-7-2021,Feature has not been updated in 5 years or more
962797909,way,last_update,9-7-2021,Feature has not been updated in 5 years or more
962797910,way,last_update,9-7-2021,Feature has not been updated in 5 years or more
962797911,way,last_update,9-7-2021,Feature has not been updated in 5 years or more
962797912,way,last_update,9-7-2021,Feature has not been updated in 5 years or more
962797913,way,last_update,9-7-2021,Feature has not been updated in 5 years or more
962797914,way,last_update,9-7-2021,Feature has not been updated in 5 years or more
962797915,way,last_update,9-7-2021,Feature has not been updated in 5 years or more
962797916,way,last_update,9-7-2021,Feature has not been updated in 5 years or more
962801007,way,last_update,9-7-2021,Feature has not been updated in 5 years or more
962801009,way,last_update,9-7-2021,Feature has not been updated in 5 years or more
962801659,way,last_update,9-7-2021,Feature has not been updated in 5 years or more
962801660,way,last_update,9-7-2021,Feature has not been updated in 5 years or more
962801661,way,last_update,9-7-2021,Feature has not been updated in 5 years or more
962803271,way,last_update,9-7-2021,Feature has not been updated in 5 years or more
962806972,way,last_update,9-7-2021,Feature has not been updated in 5 years or more
962806973,way,last_update,9-7-2021,Feature has not been updated in 5 years or more
962989986,way,last_update,9-7-2021,Feature has not been updated in 5 years or more
962989987,way,last_update,9-7-2021,Feature has not been updated in 5 years or more
962989988,way,last_update,9-7-2021,Feature has not been updated in 5 years or more
962989989,way,last_update,9-7-2021,Feature has not been updated in 5 years or more
962989990,way,last_update,9-7-2021,Feature has not been updated in 5 years or more
962989993,way,last_update,9-7-2021,Feature has not been updated in 5 years or more
962989994,way,last_update,9-7-2021,Feature has not been updated in 5 years or more
962989995,way,last_update,9-7-2021,Feature has not been updated in 5 years or more
962989996,way,last_update,9-7-2021,Feature has not been updated in 5 years or more
962989997,way,last_update,9-7-2021,Feature has not been updated in 5 years or more
962989998,way,last_update,9-7-2021,Feature has not been updated in 5 years or more
962989999,way,last_update,9-7-2021,Feature has not been updated in 5 years or more
962990000,way,last_update,9-7-2021,Feature has not been updated in 5 years or more
962990001,way,last_update,9-7-2021,Feature has not been updated in 5 years or more
962990002,way,last_update,9-7-2021,Feature has not been updated in 5 years or more
962990003,way,last_update,9-7-2021,Feature has not been updated in 5 years or more
962990004,way,last_update,9-7-2021,Feature has not been updated in 5 years or more
962990005,way,last_update,9-7-2021,Feature has not been updated in 5 years or more
962990006,way,last_update,9-7-2021,Feature has not been updated in 5 years or more
962990007,way,last_update,9-7-2021,Feature has not been updated in 5 years or more
962990008,way,last_update,9-7-2021,Feature has not been updated in 5 years or more
962990009,way,last_update,9-7-2021,Feature has not been updated in 5 years or more
963307499,way,last_update,10-7-2021,Feature has not been updated in 5 years or more
963312084,way,last_update,10-7-2021,Feature has not been updated in 5 years or more
963314069,way,last_update,11-7-2021,Feature has not been updated in 5 years or more
963314071,way,last_update,11-7-2021,Feature has not been updated in 5 years or more
963314072,way,last_update,11-7-2021,Feature has not been updated in 5 years or more
963314073,way,last_update,11-7-2021,Feature has not been updated in 5 years or more
963314074,way,last_update,11-7-2021,Feature has not been updated in 5 years or more
963531954,way,last_update,12-7-2021,Feature has not been updated in 5 years or more
963531958,way,last_update,12-7-2021,Feature has not been updated in 5 years or more
963531959,way,last_update,12-7-2021,Feature has not been updated in 5 years or more
963535614,way,last_update,12-7-2021,Feature has not been updated in 5 years or more
963535615,way,last_update,12-7-2021,Feature has not been updated in 5 years or more
963535616,way,last_update,12-7-2021,Feature has not been updated in 5 years or more
963535815,way,last_update,12-7-2021,Feature has not been updated in 5 years or more
963536408,way,last_update,12-7-2021,Feature has not been updated in 5 years or more
963537764,way,last_update,12-7-2021,Feature has not been updated in 5 years or more
963537765,way,last_update,12-7-2021,Feature has not been updated in 5 years or more
963537766,way,last_update,12-7-2021,Feature has not been updated in 5 years or more
963537767,way,last_update,12-7-2021,Feature has not been updated in 5 years or more
963537768,way,last_update,12-7-2021,Feature has not been updated in 5 years or more
963537769,way,last_update,12-7-2021,Feature has not been updated in 5 years or more
963537770,way,last_update,12-7-2021,Feature has not been updated in 5 years or more
963537771,way,last_update,12-7-2021,Feature has not been updated in 5 years or more
963537772,way,last_update,12-7-2021,Feature has not been updated in 5 years or more
963537773,way,last_update,12-7-2021,Feature has not been updated in 5 years or more
963537774,way,last_update,12-7-2021,Feature has not been updated in 5 years or more
963537775,way,last_update,12-7-2021,Feature has not been updated in 5 years or more
963538989,way,last_update,12-7-2021,Feature has not been updated in 5 years or more
963538990,way,last_update,12-7-2021,Feature has not been updated in 5 years or more
963538991,way,last_update,12-7-2021,Feature has not been updated in 5 years or more
963538992,way,last_update,12-7-2021,Feature has not been updated in 5 years or more
963538993,way,last_update,12-7-2021,Feature has not been updated in 5 years or more
963538994,way,last_update,12-7-2021,Feature has not been updated in 5 years or more
963538995,way,last_update,12-7-2021,Feature has not been updated in 5 years or more
963538996,way,last_update,12-7-2021,Feature has not been updated in 5 years or more
963538997,way,last_update,12-7-2021,Feature has not been updated in 5 years or more
963538998,way,last_update,12-7-2021,Feature has not been updated in 5 years or more
963538999,way,last_update,12-7-2021,Feature has not been updated in 5 years or more
963539000,way,last_update,12-7-2021,Feature has not been updated in 5 years or more
963539001,way,last_update,12-7-2021,Feature has not been updated in 5 years or more
963539002,way,last_update,12-7-2021,Feature has not been updated in 5 years or more
963539003,way,last_update,12-7-2021,Feature has not been updated in 5 years or more
963540518,way,last_update,12-7-2021,Feature has not been updated in 5 years or more
963540519,way,last_update,12-7-2021,Feature has not been updated in 5 years or more
963540520,way,last_update,12-7-2021,Feature has not been updated in 5 years or more
963540521,way,last_update,12-7-2021,Feature has not been updated in 5 years or more
963540522,way,last_update,12-7-2021,Feature has not been updated in 5 years or more
963540523,way,last_update,12-7-2021,Feature has not been updated in 5 years or more
963540524,way,last_update,12-7-2021,Feature has not been updated in 5 years or more
963540525,way,last_update,12-7-2021,Feature has not been updated in 5 years or more
963540526,way,last_update,12-7-2021,Feature has not been updated in 5 years or more
963540527,way,last_update,12-7-2021,Feature has not been updated in 5 years or more
963540528,way,last_update,12-7-2021,Feature has not been updated in 5 years or more
963540529,way,last_update,12-7-2021,Feature has not been updated in 5 years or more
963540530,way,last_update,12-7-2021,Feature has not been updated in 5 years or more
963540531,way,last_update,12-7-2021,Feature has not been updated in 5 years or more
963540532,way,last_update,12-7-2021,Feature has not been updated in 5 years or more
963540533,way,last_update,12-7-2021,Feature has not been updated in 5 years or more
963540534,way,last_update,12-7-2021,Feature has not been updated in 5 years or more
963540535,way,last_update,12-7-2021,Feature has not been updated in 5 years or more
963540536,way,last_update,12-7-2021,Feature has not been updated in 5 years or more
963540537,way,last_update,12-7-2021,Feature has not been updated in 5 years or more
963540538,way,last_update,12-7-2021,Feature has not been updated in 5 years or more
963540539,way,last_update,12-7-2021,Feature has not been updated in 5 years or more
963540540,way,last_update,12-7-2021,Feature has not been updated in 5 years or more
963540541,way,last_update,12-7-2021,Feature has not been updated in 5 years or more
963541439,way,last_update,12-7-2021,Feature has not been updated in 5 years or more
963541440,way,last_update,12-7-2021,Feature has not been updated in 5 years or more
963830407,way,last_update,13-7-2021,Feature has not been updated in 5 years or more
964042840,way,last_update,13-7-2021,Feature has not been updated in 5 years or more
964155463,way,last_update,14-7-2021,Feature has not been updated in 5 years or more
964165003,way,last_update,14-7-2021,Feature has not been updated in 5 years or more
964165004,way,last_update,16-7-2021,Feature has not been updated in 5 years or more
964165009,way,last_update,14-7-2021,Feature has not been updated in 5 years or more
964165010,way,last_update,14-7-2021,Feature has not been updated in 5 years or more
964165011,way,last_update,14-7-2021,Feature has not been updated in 5 years or more
964165014,way,last_update,14-7-2021,Feature has not been updated in 5 years or more
964165015,way,last_update,14-7-2021,Feature has not been updated in 5 years or more
964180688,way,last_update,14-7-2021,Feature has not been updated in 5 years or more
964180692,way,last_update,18-7-2021,Feature has not been updated in 5 years or more
964180693,way,last_update,14-7-2021,Feature has not been updated in 5 years or more
964180694,way,last_update,14-7-2021,Feature has not been updated in 5 years or more
964180695,way,last_update,14-7-2021,Feature has not been updated in 5 years or more
964180696,way,last_update,15-7-2021,Feature has not been updated in 5 years or more
964180697,way,last_update,14-7-2021,Feature has not been updated in 5 years or more
964180702,way,last_update,15-7-2021,Feature has not been updated in 5 years or more
964180705,way,last_update,14-7-2021,Feature has not been updated in 5 years or more
964180706,way,last_update,14-7-2021,Feature has not been updated in 5 years or more
964180708,way,last_update,14-7-2021,Feature has not been updated in 5 years or more
964180709,way,last_update,14-7-2021,Feature has not been updated in 5 years or more
964180712,way,last_update,14-7-2021,Feature has not been updated in 5 years or more
964180713,way,last_update,14-7-2021,Feature has not been updated in 5 years or more
964180714,way,last_update,18-7-2021,Feature has not been updated in 5 years or more
964180715,way,last_update,14-7-2021,Feature has not been updated in 5 years or more
964180716,way,last_update,14-7-2021,Feature has not been updated in 5 years or more
964183771,way,last_update,15-7-2021,Feature has not been updated in 5 years or more
964183772,way,last_update,14-7-2021,Feature has not been updated in 5 years or more
964183773,way,last_update,14-7-2021,Feature has not been updated in 5 years or more
964183774,way,last_update,14-7-2021,Feature has not been updated in 5 years or more
964183776,way,last_update,14-7-2021,Feature has not been updated in 5 years or more
964183777,way,last_update,14-7-2021,Feature has not been updated in 5 years or more
964183779,way,last_update,14-7-2021,Feature has not been updated in 5 years or more
964183780,way,last_update,14-7-2021,Feature has not been updated in 5 years or more
964183782,way,last_update,14-7-2021,Feature has not been updated in 5 years or more
964183783,way,last_update,14-7-2021,Feature has not been updated in 5 years or more
964183784,way,last_update,14-7-2021,Feature has not been updated in 5 years or more
964183785,way,last_update,14-7-2021,Feature has not been updated in 5 years or more
964183787,way,last_update,14-7-2021,Feature has not been updated in 5 years or more
964185767,way,last_update,14-7-2021,Feature has not been updated in 5 years or more
964185768,way,last_update,14-7-2021,Feature has not been updated in 5 years or more
964185769,way,last_update,14-7-2021,Feature has not been updated in 5 years or more
964185770,way,last_update,14-7-2021,Feature has not been updated in 5 years or more
964185771,way,last_update,14-7-2021,Feature has not been updated in 5 years or more
964185774,way,last_update,14-7-2021,Feature has not been updated in 5 years or more
964185775,way,last_update,14-7-2021,Feature has not been updated in 5 years or more
964185776,way,last_update,14-7-2021,Feature has not been updated in 5 years or more
964185779,way,last_update,14-7-2021,Feature has not been updated in 5 years or more
964185781,way,last_update,14-7-2021,Feature has not been updated in 5 years or more
964185782,way,last_update,14-7-2021,Feature has not been updated in 5 years or more
964185784,way,last_update,14-7-2021,Feature has not been updated in 5 years or more
964185786,way,last_update,14-7-2021,Feature has not been updated in 5 years or more
964188426,way,last_update,14-7-2021,Feature has not been updated in 5 years or more
964188427,way,last_update,14-7-2021,Feature has not been updated in 5 years or more
964188428,way,last_update,14-7-2021,Feature has not been updated in 5 years or more
964188440,way,last_update,14-7-2021,Feature has not been updated in 5 years or more
964191128,way,last_update,14-7-2021,Feature has not been updated in 5 years or more
964191131,way,last_update,14-7-2021,Feature has not been updated in 5 years or more
964191135,way,last_update,14-7-2021,Feature has not been updated in 5 years or more
964191137,way,last_update,14-7-2021,Feature has not been updated in 5 years or more
964191138,way,last_update,14-7-2021,Feature has not been updated in 5 years or more
964191139,way,last_update,14-7-2021,Feature has not been updated in 5 years or more
964191141,way,last_update,14-7-2021,Feature has not been updated in 5 years or more
964195896,way,last_update,15-7-2021,Feature has not been updated in 5 years or more
964195897,way,last_update,15-7-2021,Feature has not been updated in 5 years or more
964195898,way,last_update,15-7-2021,Feature has not been updated in 5 years or more
964195899,way,last_update,15-7-2021,Feature has not been updated in 5 years or more
964195900,way,last_update,15-7-2021,Feature has not been updated in 5 years or more
964195901,way,last_update,15-7-2021,Feature has not been updated in 5 years or more
964195902,way,last_update,15-7-2021,Feature has not been updated in 5 years or more
964195903,way,last_update,15-7-2021,Feature has not been updated in 5 years or more
964195904,way,last_update,14-7-2021,Feature has not been updated in 5 years or more
964195905,way,last_update,14-7-2021,Feature has not been updated in 5 years or more
964195907,way,last_update,14-7-2021,Feature has not been updated in 5 years or more
964195908,way,last_update,15-7-2021,Feature has not been updated in 5 years or more
964195909,way,last_update,14-7-2021,Feature has not been updated in 5 years or more
964195910,way,last_update,14-7-2021,Feature has not been updated in 5 years or more
964195911,way,last_update,15-7-2021,Feature has not been updated in 5 years or more
964195912,way,last_update,15-7-2021,Feature has not been updated in 5 years or more
964195913,way,last_update,14-7-2021,Feature has not been updated in 5 years or more
964195915,way,last_update,14-7-2021,Feature has not been updated in 5 years or more
964195917,way,last_update,14-7-2021,Feature has not been updated in 5 years or more
964195921,way,last_update,14-7-2021,Feature has not been updated in 5 years or more
964195922,way,last_update,14-7-2021,Feature has not been updated in 5 years or more
964195923,way,last_update,14-7-2021,Feature has not been updated in 5 years or more
964195924,way,last_update,14-7-2021,Feature has not been updated in 5 years or more
964195925,way,last_update,14-7-2021,Feature has not been updated in 5 years or more
964452808,way,last_update,15-7-2021,Feature has not been updated in 5 years or more
964469140,way,last_update,15-7-2021,Feature has not been updated in 5 years or more
964469141,way,last_update,15-7-2021,Feature has not been updated in 5 years or more
964469769,way,last_update,15-7-2021,Feature has not been updated in 5 years or more
964481686,way,last_update,15-7-2021,Feature has not been updated in 5 years or more
964481688,way,last_update,15-7-2021,Feature has not been updated in 5 years or more
964481689,way,last_update,15-7-2021,Feature has not been updated in 5 years or more
964481691,way,last_update,15-7-2021,Feature has not been updated in 5 years or more
964481692,way,last_update,15-7-2021,Feature has not been updated in 5 years or more
964481693,way,last_update,15-7-2021,Feature has not been updated in 5 years or more
964481694,way,last_update,15-7-2021,Feature has not been updated in 5 years or more
964481695,way,last_update,15-7-2021,Feature has not been updated in 5 years or more
964481696,way,last_update,15-7-2021,Feature has not been updated in 5 years or more
964481697,way,last_update,15-7-2021,Feature has not been updated in 5 years or more
964481700,way,last_update,15-7-2021,Feature has not been updated in 5 years or more
964481701,way,last_update,15-7-2021,Feature has not been updated in 5 years or more
964481702,way,last_update,15-7-2021,Feature has not been updated in 5 years or more
964481704,way,last_update,15-7-2021,Feature has not been updated in 5 years or more
964481706,way,last_update,15-7-2021,Feature has not been updated in 5 years or more
964481707,way,last_update,15-7-2021,Feature has not been updated in 5 years or more
964481708,way,last_update,15-7-2021,Feature has not been updated in 5 years or more
964481709,way,last_update,15-7-2021,Feature has not been updated in 5 years or more
964481710,way,last_update,15-7-2021,Feature has not been updated in 5 years or more
964481712,way,last_update,15-7-2021,Feature has not been updated in 5 years or more
964481714,way,last_update,15-7-2021,Feature has not been updated in 5 years or more
964481715,way,last_update,15-7-2021,Feature has not been updated in 5 years or more
964481716,way,last_update,15-7-2021,Feature has not been updated in 5 years or more
964481717,way,last_update,15-7-2021,Feature has not been updated in 5 years or more
964481719,way,last_update,15-7-2021,Feature has not been updated in 5 years or more
964481720,way,last_update,15-7-2021,Feature has not been updated in 5 years or more
964481721,way,last_update,15-7-2021,Feature has not been updated in 5 years or more
964481722,way,last_update,15-7-2021,Feature has not been updated in 5 years or more
964481725,way,last_update,15-7-2021,Feature has not been updated in 5 years or more
964481726,way,last_update,15-7-2021,Feature has not been updated in 5 years or more
964481729,way,last_update,15-7-2021,Feature has not been updated in 5 years or more
964481730,way,last_update,15-7-2021,Feature has not been updated in 5 years or more
964481732,way,last_update,15-7-2021,Feature has not been updated in 5 years or more
964481734,way,last_update,15-7-2021,Feature has not been updated in 5 years or more
964481736,way,last_update,15-7-2021,Feature has not been updated in 5 years or more
964485377,way,last_update,15-7-2021,Feature has not been updated in 5 years or more
964485378,way,last_update,15-7-2021,Feature has not been updated in 5 years or more
964485379,way,last_update,15-7-2021,Feature has not been updated in 5 years or more
964849229,way,last_update,16-7-2021,Feature has not been updated in 5 years or more
965440923,way,last_update,18-7-2021,Feature has not been updated in 5 years or more
965440924,way,last_update,18-7-2021,Feature has not been updated in 5 years or more
965440927,way,last_update,18-7-2021,Feature has not been updated in 5 years or more
965440928,way,last_update,18-7-2021,Feature has not been updated in 5 years or more
965812630,way,last_update,20-7-2021,Feature has not been updated in 5 years or more
965812631,way,last_update,20-7-2021,Feature has not been updated in 5 years or more
965812632,way,last_update,20-7-2021,Feature has not been updated in 5 years or more
965812633,way,last_update,20-7-2021,Feature has not been updated in 5 years or more
965812638,way,last_update,20-7-2021,Feature has not been updated in 5 years or more
965812639,way,last_update,20-7-2021,Feature has not been updated in 5 years or more
965812640,way,last_update,20-7-2021,Feature has not been updated in 5 years or more
965812642,way,last_update,20-7-2021,Feature has not been updated in 5 years or more
965817143,way,last_update,20-7-2021,Feature has not been updated in 5 years or more
965817144,way,last_update,20-7-2021,Feature has not been updated in 5 years or more
965817145,way,last_update,20-7-2021,Feature has not been updated in 5 years or more
965817146,way,last_update,20-7-2021,Feature has not been updated in 5 years or more
965817147,way,last_update,20-7-2021,Feature has not been updated in 5 years or more
965817148,way,last_update,20-7-2021,Feature has not been updated in 5 years or more
965817149,way,last_update,20-7-2021,Feature has not been updated in 5 years or more
965823338,way,last_update,20-7-2021,Feature has not been updated in 5 years or more
965823339,way,last_update,20-7-2021,Feature has not been updated in 5 years or more
965823340,way,last_update,20-7-2021,Feature has not been updated in 5 years or more
965823341,way,last_update,20-7-2021,Feature has not been updated in 5 years or more
965823342,way,last_update,20-7-2021,Feature has not been updated in 5 years or more
965823343,way,last_update,20-7-2021,Feature has not been updated in 5 years or more
965823344,way,last_update,20-7-2021,Feature has not been updated in 5 years or more
965823345,way,last_update,20-7-2021,Feature has not been updated in 5 years or more
965823346,way,last_update,20-7-2021,Feature has not been updated in 5 years or more
965823347,way,last_update,20-7-2021,Feature has not been updated in 5 years or more
965823348,way,last_update,20-7-2021,Feature has not been updated in 5 years or more
965823349,way,last_update,20-7-2021,Feature has not been updated in 5 years or more
965823350,way,last_update,20-7-2021,Feature has not been updated in 5 years or more
965823351,way,last_update,20-7-2021,Feature has not been updated in 5 years or more
965823352,way,last_update,20-7-2021,Feature has not been updated in 5 years or more
965823353,way,last_update,20-7-2021,Feature has not been updated in 5 years or more
965839342,way,last_update,20-7-2021,Feature has not been updated in 5 years or more
965839343,way,last_update,20-7-2021,Feature has not been updated in 5 years or more
965839344,way,last_update,20-7-2021,Feature has not been updated in 5 years or more
965839345,way,last_update,20-7-2021,Feature has not been updated in 5 years or more
965839346,way,last_update,20-7-2021,Feature has not been updated in 5 years or more
965839347,way,last_update,20-7-2021,Feature has not been updated in 5 years or more
965839348,way,last_update,20-7-2021,Feature has not been updated in 5 years or more
965839349,way,last_update,20-7-2021,Feature has not been updated in 5 years or more
965839350,way,last_update,20-7-2021,Feature has not been updated in 5 years or more
965839351,way,last_update,20-7-2021,Feature has not been updated in 5 years or more
965839352,way,last_update,20-7-2021,Feature has not been updated in 5 years or more
966076241,way,last_update,13-8-2021,Feature has not been updated in 5 years or more
966076242,way,last_update,13-8-2021,Feature has not been updated in 5 years or more
966076243,way,last_update,13-8-2021,Feature has not been updated in 5 years or more
966076244,way,last_update,13-8-2021,Feature has not been updated in 5 years or more
966083096,way,last_update,21-7-2021,Feature has not been updated in 5 years or more
966223130,way,last_update,21-7-2021,Feature has not been updated in 5 years or more
966223131,way,last_update,21-7-2021,Feature has not been updated in 5 years or more
966223134,way,last_update,21-7-2021,Feature has not been updated in 5 years or more
966303602,way,last_update,21-7-2021,Feature has not been updated in 5 years or more
966303604,way,last_update,21-7-2021,Feature has not been updated in 5 years or more
966305583,way,last_update,21-7-2021,Feature has not been updated in 5 years or more
968957883,way,last_update,31-7-2021,Feature has not been updated in 5 years or more
968957884,way,last_update,31-7-2021,Feature has not been updated in 5 years or more
968957886,way,last_update,31-7-2021,Feature has not been updated in 5 years or more
969278305,way,last_update,31-7-2021,Feature has not been updated in 5 years or more
969278307,way,last_update,31-7-2021,Feature has not been updated in 5 years or more
969278309,way,last_update,31-7-2021,Feature has not been updated in 5 years or more
969280571,way,last_update,31-7-2021,Feature has not been updated in 5 years or more
969451332,way,last_update,1-8-2021,Feature has not been updated in 5 years or more
969705145,way,last_update,2-8-2021,Feature has not been updated in 5 years or more
969705146,way,last_update,2-8-2021,Feature has not been updated in 5 years or more
969705147,way,last_update,2-8-2021,Feature has not been updated in 5 years or more
969705148,way,last_update,2-8-2021,Feature has not been updated in 5 years or more
969705149,way,last_update,2-8-2021,Feature has not been updated in 5 years or more
969705150,way,last_update,2-8-2021,Feature has not been updated in 5 years or more
969705151,way,last_update,2-8-2021,Feature has not been updated in 5 years or more
969705153,way,last_update,2-8-2021,Feature has not been updated in 5 years or more
970251160,way,last_update,4-8-2021,Feature has not been updated in 5 years or more
970251163,way,last_update,4-8-2021,Feature has not been updated in 5 years or more
970251165,way,last_update,4-8-2021,Feature has not been updated in 5 years or more
970251166,way,last_update,4-8-2021,Feature has not been updated in 5 years or more
970251167,way,last_update,4-8-2021,Feature has not been updated in 5 years or more
970251168,way,last_update,4-8-2021,Feature has not been updated in 5 years or more
970251169,way,last_update,4-8-2021,Feature has not been updated in 5 years or more
970251172,way,last_update,4-8-2021,Feature has not been updated in 5 years or more
970273965,way,last_update,4-8-2021,Feature has not been updated in 5 years or more
970273966,way,last_update,4-8-2021,Feature has not been updated in 5 years or more
970273967,way,last_update,4-8-2021,Feature has not been updated in 5 years or more
970516784,way,last_update,5-8-2021,Feature has not been updated in 5 years or more
970516926,way,last_update,5-8-2021,Feature has not been updated in 5 years or more
970516927,way,last_update,5-8-2021,Feature has not been updated in 5 years or more
970516928,way,last_update,5-8-2021,Feature has not been updated in 5 years or more
970516929,way,last_update,5-8-2021,Feature has not been updated in 5 years or more
970517603,way,last_update,5-8-2021,Feature has not been updated in 5 years or more
970517604,way,last_update,5-8-2021,Feature has not been updated in 5 years or more
970517605,way,last_update,5-8-2021,Feature has not been updated in 5 years or more
970517606,way,last_update,5-8-2021,Feature has not been updated in 5 years or more
970517608,way,last_update,5-8-2021,Feature has not been updated in 5 years or more
970797511,way,last_update,6-8-2021,Feature has not been updated in 5 years or more
970797512,way,last_update,6-8-2021,Feature has not been updated in 5 years or more
970797513,way,last_update,6-8-2021,Feature has not been updated in 5 years or more
970797514,way,last_update,6-8-2021,Feature has not been updated in 5 years or more
970797515,way,last_update,6-8-2021,Feature has not been updated in 5 years or more
970797516,way,last_update,6-8-2021,Feature has not been updated in 5 years or more
970797517,way,last_update,6-8-2021,Feature has not been updated in 5 years or more
970797518,way,last_update,6-8-2021,Feature has not been updated in 5 years or more
970797519,way,last_update,6-8-2021,Feature has not been updated in 5 years or more
970813381,way,last_update,6-8-2021,Feature has not been updated in 5 years or more
971428005,way,last_update,8-8-2021,Feature has not been updated in 5 years or more
971428006,way,last_update,8-8-2021,Feature has not been updated in 5 years or more
971428007,way,last_update,8-8-2021,Feature has not been updated in 5 years or more
971428008,way,last_update,8-8-2021,Feature has not been updated in 5 years or more
971428010,way,last_update,8-8-2021,Feature has not been updated in 5 years or more
971428011,way,last_update,8-8-2021,Feature has not been updated in 5 years or more
971428012,way,last_update,8-8-2021,Feature has not been updated in 5 years or more
971428013,way,last_update,8-8-2021,Feature has not been updated in 5 years or more
971428014,way,last_update,8-8-2021,Feature has not been updated in 5 years or more
971428015,way,last_update,8-8-2021,Feature has not been updated in 5 years or more
971428016,way,last_update,8-8-2021,Feature has not been updated in 5 years or more
971428018,way,last_update,8-8-2021,Feature has not been updated in 5 years or more
971428019,way,last_update,8-8-2021,Feature has not been updated in 5 years or more
971428020,way,last_update,8-8-2021,Feature has not been updated in 5 years or more
971428022,way,last_update,8-8-2021,Feature has not been updated in 5 years or more
971428023,way,last_update,8-8-2021,Feature has not been updated in 5 years or more
971428823,way,last_update,8-8-2021,Feature has not been updated in 5 years or more
971428824,way,last_update,8-8-2021,Feature has not been updated in 5 years or more
971428826,way,last_update,8-8-2021,Feature has not been updated in 5 years or more
971428827,way,last_update,8-8-2021,Feature has not been updated in 5 years or more
971428828,way,last_update,8-8-2021,Feature has not been updated in 5 years or more
971428829,way,last_update,8-8-2021,Feature has not been updated in 5 years or more
971430349,way,last_update,8-8-2021,Feature has not been updated in 5 years or more
971430350,way,last_update,8-8-2021,Feature has not been updated in 5 years or more
971430351,way,last_update,8-8-2021,Feature has not been updated in 5 years or more
971430352,way,last_update,8-8-2021,Feature has not been updated in 5 years or more
971430353,way,last_update,8-8-2021,Feature has not been updated in 5 years or more
971430354,way,last_update,8-8-2021,Feature has not been updated in 5 years or more
971430355,way,last_update,8-8-2021,Feature has not been updated in 5 years or more
972103143,way,last_update,10-8-2021,Feature has not been updated in 5 years or more
972103145,way,last_update,10-8-2021,Feature has not been updated in 5 years or more
972103152,way,last_update,10-8-2021,Feature has not been updated in 5 years or more
972103156,way,last_update,10-8-2021,Feature has not been updated in 5 years or more
972103158,way,last_update,10-8-2021,Feature has not been updated in 5 years or more
972103164,way,last_update,10-8-2021,Feature has not been updated in 5 years or more
972103165,way,last_update,10-8-2021,Feature has not been updated in 5 years or more
972103168,way,last_update,10-8-2021,Feature has not been updated in 5 years or more
972103169,way,last_update,10-8-2021,Feature has not been updated in 5 years or more
972103172,way,last_update,10-8-2021,Feature has not been updated in 5 years or more
972103174,way,last_update,10-8-2021,Feature has not been updated in 5 years or more
972103175,way,last_update,10-8-2021,Feature has not been updated in 5 years or more
972103176,way,last_update,10-8-2021,Feature has not been updated in 5 years or more
972103177,way,last_update,10-8-2021,Feature has not been updated in 5 years or more
972103178,way,last_update,10-8-2021,Feature has not been updated in 5 years or more
972103179,way,last_update,10-8-2021,Feature has not been updated in 5 years or more
972103183,way,last_update,10-8-2021,Feature has not been updated in 5 years or more
972103190,way,last_update,10-8-2021,Feature has not been updated in 5 years or more
972103191,way,last_update,10-8-2021,Feature has not been updated in 5 years or more
972103192,way,last_update,10-8-2021,Feature has not been updated in 5 years or more
972103193,way,last_update,10-8-2021,Feature has not been updated in 5 years or more
972103194,way,last_update,10-8-2021,Feature has not been updated in 5 years or more
972103197,way,last_update,10-8-2021,Feature has not been updated in 5 years or more
972103199,way,last_update,10-8-2021,Feature has not been updated in 5 years or more
972103200,way,last_update,10-8-2021,Feature has not been updated in 5 years or more
972103201,way,last_update,10-8-2021,Feature has not been updated in 5 years or more
972103204,way,last_update,10-8-2021,Feature has not been updated in 5 years or more
972103205,way,last_update,10-8-2021,Feature has not been updated in 5 years or more
972103208,way,last_update,10-8-2021,Feature has not been updated in 5 years or more
972103215,way,last_update,10-8-2021,Feature has not been updated in 5 years or more
972103219,way,last_update,10-8-2021,Feature has not been updated in 5 years or more
972103222,way,last_update,10-8-2021,Feature has not been updated in 5 years or more
972103223,way,last_update,10-8-2021,Feature has not been updated in 5 years or more
972103224,way,last_update,10-8-2021,Feature has not been updated in 5 years or more
972103225,way,last_update,10-8-2021,Feature has not been updated in 5 years or more
972103226,way,last_update,10-8-2021,Feature has not been updated in 5 years or more
972153330,way,last_update,11-8-2021,Feature has not been updated in 5 years or more
972153332,way,last_update,11-8-2021,Feature has not been updated in 5 years or more
972170200,way,last_update,11-8-2021,Feature has not been updated in 5 years or more
972170202,way,last_update,11-8-2021,Feature has not been updated in 5 years or more
972170203,way,last_update,11-8-2021,Feature has not been updated in 5 years or more
972170205,way,last_update,11-8-2021,Feature has not been updated in 5 years or more
972170209,way,last_update,11-8-2021,Feature has not been updated in 5 years or more
972170212,way,last_update,11-8-2021,Feature has not been updated in 5 years or more
972170214,way,last_update,11-8-2021,Feature has not been updated in 5 years or more
972170215,way,last_update,11-8-2021,Feature has not been updated in 5 years or more
972680127,way,last_update,12-8-2021,Feature has not been updated in 5 years or more
972680128,way,last_update,12-8-2021,Feature has not been updated in 5 years or more
972680129,way,last_update,12-8-2021,Feature has not been updated in 5 years or more
972680130,way,last_update,12-8-2021,Feature has not been updated in 5 years or more
972680132,way,last_update,12-8-2021,Feature has not been updated in 5 years or more
972680133,way,last_update,12-8-2021,Feature has not been updated in 5 years or more
972680134,way,last_update,12-8-2021,Feature has not been updated in 5 years or more
972680136,way,last_update,12-8-2021,Feature has not been updated in 5 years or more
972680137,way,last_update,12-8-2021,Feature has not been updated in 5 years or more
972680138,way,last_update,12-8-2021,Feature has not been updated in 5 years or more
972680139,way,last_update,12-8-2021,Feature has not been updated in 5 years or more
972680140,way,last_update,12-8-2021,Feature has not been updated in 5 years or more
972683215,way,last_update,12-8-2021,Feature has not been updated in 5 years or more
972683216,way,last_update,12-8-2021,Feature has not been updated in 5 years or more
972683217,way,last_update,12-8-2021,Feature has not been updated in 5 years or more
972683218,way,last_update,12-8-2021,Feature has not been updated in 5 years or more
972683219,way,last_update,12-8-2021,Feature has not been updated in 5 years or more
972683220,way,last_update,12-8-2021,Feature has not been updated in 5 years or more
972683221,way,last_update,12-8-2021,Feature has not been updated in 5 years or more
972683222,way,last_update,12-8-2021,Feature has not been updated in 5 years or more
972683223,way,last_update,12-8-2021,Feature has not been updated in 5 years or more
972683224,way,last_update,12-8-2021,Feature has not been updated in 5 years or more
972683225,way,last_update,12-8-2021,Feature has not been updated in 5 years or more
972683226,way,last_update,12-8-2021,Feature has not been updated in 5 years or more
972683227,way,last_update,12-8-2021,Feature has not been updated in 5 years or more
972684040,way,last_update,12-8-2021,Feature has not been updated in 5 years or more
972684041,way,last_update,12-8-2021,Feature has not been updated in 5 years or more
972684042,way,last_update,12-8-2021,Feature has not been updated in 5 years or more
972684043,way,last_update,12-8-2021,Feature has not been updated in 5 years or more
972684044,way,last_update,12-8-2021,Feature has not been updated in 5 years or more
972684045,way,last_update,12-8-2021,Feature has not been updated in 5 years or more
972685149,way,last_update,12-8-2021,Feature has not been updated in 5 years or more
972685151,way,last_update,12-8-2021,Feature has not been updated in 5 years or more
972741115,way,last_update,21-8-2021,Feature has not been updated in 5 years or more
972741116,way,last_update,15-8-2021,Feature has not been updated in 5 years or more
972741117,way,last_update,15-8-2021,Feature has not been updated in 5 years or more
972741118,way,last_update,18-8-2021,Feature has not been updated in 5 years or more
972741119,way,last_update,15-8-2021,Feature has not been updated in 5 years or more
972741120,way,last_update,15-8-2021,Feature has not been updated in 5 years or more
972741122,way,last_update,15-8-2021,Feature has not been updated in 5 years or more
972741124,way,last_update,15-8-2021,Feature has not been updated in 5 years or more
972741126,way,last_update,15-8-2021,Feature has not been updated in 5 years or more
972748920,way,last_update,17-8-2021,Feature has not been updated in 5 years or more
972748921,way,last_update,15-8-2021,Feature has not been updated in 5 years or more
972749521,way,last_update,15-8-2021,Feature has not been updated in 5 years or more
972749522,way,last_update,19-8-2021,Feature has not been updated in 5 years or more
972749523,way,last_update,15-8-2021,Feature has not been updated in 5 years or more
972749524,way,last_update,16-8-2021,Feature has not been updated in 5 years or more
972749798,way,last_update,15-8-2021,Feature has not been updated in 5 years or more
972750954,way,last_update,13-8-2021,Feature has not been updated in 5 years or more
972750960,way,last_update,13-8-2021,Feature has not been updated in 5 years or more
972750961,way,last_update,13-8-2021,Feature has not been updated in 5 years or more
972752053,way,last_update,15-8-2021,Feature has not been updated in 5 years or more
972752055,way,last_update,13-8-2021,Feature has not been updated in 5 years or more
972752056,way,last_update,21-8-2021,Feature has not been updated in 5 years or more
972752604,way,last_update,21-8-2021,Feature has not been updated in 5 years or more
972752606,way,last_update,16-8-2021,Feature has not been updated in 5 years or more
972758943,way,last_update,16-8-2021,Feature has not been updated in 5 years or more
972760139,way,last_update,13-8-2021,Feature has not been updated in 5 years or more
973018183,way,last_update,14-8-2021,Feature has not been updated in 5 years or more
973018184,way,last_update,14-8-2021,Feature has not been updated in 5 years or more
973018185,way,last_update,14-8-2021,Feature has not been updated in 5 years or more
973018186,way,last_update,14-8-2021,Feature has not been updated in 5 years or more
973018187,way,last_update,14-8-2021,Feature has not been updated in 5 years or more
973018188,way,last_update,14-8-2021,Feature has not been updated in 5 years or more
973018189,way,last_update,14-8-2021,Feature has not been updated in 5 years or more
973018190,way,last_update,14-8-2021,Feature has not been updated in 5 years or more
973018191,way,last_update,14-8-2021,Feature has not been updated in 5 years or more
973018955,way,last_update,14-8-2021,Feature has not been updated in 5 years or more
973018956,way,last_update,14-8-2021,Feature has not been updated in 5 years or more
973018957,way,last_update,14-8-2021,Feature has not been updated in 5 years or more
973018958,way,last_update,14-8-2021,Feature has not been updated in 5 years or more
973018959,way,last_update,14-8-2021,Feature has not been updated in 5 years or more
973018960,way,last_update,14-8-2021,Feature has not been updated in 5 years or more
973018961,way,last_update,14-8-2021,Feature has not been updated in 5 years or more
973018962,way,last_update,14-8-2021,Feature has not been updated in 5 years or more
973019351,way,last_update,14-8-2021,Feature has not been updated in 5 years or more
973019352,way,last_update,14-8-2021,Feature has not been updated in 5 years or more
973019353,way,last_update,14-8-2021,Feature has not been updated in 5 years or more
973019354,way,last_update,14-8-2021,Feature has not been updated in 5 years or more
973019355,way,last_update,14-8-2021,Feature has not been updated in 5 years or more
973158143,way,last_update,14-8-2021,Feature has not been updated in 5 years or more
973158144,way,last_update,14-8-2021,Feature has not been updated in 5 years or more
973158145,way,last_update,14-8-2021,Feature has not been updated in 5 years or more
973158146,way,last_update,14-8-2021,Feature has not been updated in 5 years or more
973158147,way,last_update,14-8-2021,Feature has not been updated in 5 years or more
973158148,way,last_update,14-8-2021,Feature has not been updated in 5 years or more
973158149,way,last_update,14-8-2021,Feature has not been updated in 5 years or more
973158150,way,last_update,14-8-2021,Feature has not been updated in 5 years or more
973160543,way,last_update,14-8-2021,Feature has not been updated in 5 years or more
973160544,way,last_update,14-8-2021,Feature has not been updated in 5 years or more
973160545,way,last_update,14-8-2021,Feature has not been updated in 5 years or more
973160547,way,last_update,14-8-2021,Feature has not been updated in 5 years or more
973160548,way,last_update,14-8-2021,Feature has not been updated in 5 years or more
973160549,way,last_update,14-8-2021,Feature has not been updated in 5 years or more
973160550,way,last_update,14-8-2021,Feature has not been updated in 5 years or more
973160551,way,last_update,14-8-2021,Feature has not been updated in 5 years or more
973160552,way,last_update,14-8-2021,Feature has not been updated in 5 years or more
973160554,way,last_update,14-8-2021,Feature has not been updated in 5 years or more
973160555,way,last_update,14-8-2021,Feature has not been updated in 5 years or more
973160556,way,last_update,14-8-2021,Feature has not been updated in 5 years or more
973160557,way,last_update,14-8-2021,Feature has not been updated in 5 years or more
973160558,way,last_update,14-8-2021,Feature has not been updated in 5 years or more
973160559,way,last_update,14-8-2021,Feature has not been updated in 5 years or more
973160561,way,last_update,14-8-2021,Feature has not been updated in 5 years or more
973900388,way,last_update,17-8-2021,Feature has not been updated in 5 years or more
973900390,way,last_update,17-8-2021,Feature has not been updated in 5 years or more
973900392,way,last_update,17-8-2021,Feature has not been updated in 5 years or more
973902267,way,last_update,21-8-2021,Feature has not been updated in 5 years or more
973902268,way,last_update,21-8-2021,Feature has not been updated in 5 years or more
973902269,way,last_update,21-8-2021,Feature has not been updated in 5 years or more
973902271,way,last_update,21-8-2021,Feature has not been updated in 5 years or more
973902272,way,last_update,17-8-2021,Feature has not been updated in 5 years or more
973902273,way,last_update,17-8-2021,Feature has not been updated in 5 years or more
973902274,way,last_update,17-8-2021,Feature has not been updated in 5 years or more
973902275,way,last_update,17-8-2021,Feature has not been updated in 5 years or more
973902276,way,last_update,17-8-2021,Feature has not been updated in 5 years or more
975151113,way,last_update,21-8-2021,Feature has not been updated in 5 years or more
977773477,way,last_update,30-8-2021,Feature has not been updated in 5 years or more
977773478,way,last_update,30-8-2021,Feature has not been updated in 5 years or more
977773479,way,last_update,30-8-2021,Feature has not been updated in 5 years or more
977773480,way,last_update,30-8-2021,Feature has not been updated in 5 years or more
977773481,way,last_update,30-8-2021,Feature has not been updated in 5 years or more
977773482,way,last_update,30-8-2021,Feature has not been updated in 5 years or more
