{"type": "FeatureCollection", "features": [{"type": "Feature", "geometry": {"type": "Point", "coordinates": [-77.1036238, -12.0749701]}, "properties": {"id": 111915143, "feat_type": "way", "quality_categories": "crossings_lacking_kerbs, missing_tags, older_than_five_years", "issue_ids": "[0, 1, 2]", "osm_url": "https://www.openstreetmap.org/way/111915143", "josm_url": "http://127.0.0.1:8111/load_object?new_layer=false&objects=w111915143", "id_url": "https://www.openstreetmap.org/edit?editor=id&way=111915143#map=20/-12.0749701/-77.1036238"}}, {"type": "Feature", "geometry": {"type": "Point", "coordinates": [-77.0416878, -12.0583084]}, "properties": {"id": 241256083, "feat_type": "way", "quality_categories": "crossings_lacking_kerbs, missing_tags, older_than_five_years, replaceable_values", "issue_ids": "[3, 4, 1, 2]", "osm_url": "https://www.openstreetmap.org/way/241256083", "josm_url": "http://127.0.0.1:8111/load_object?new_layer=false&objects=w241256083", "id_url": "https://www.openstreetmap.org/edit?editor=id&way=241256083#map=20/-12.0583084/-77.0416878"}}, {"type": "Feature", "geometry": {"type": "Point", "coordinates": [-77.0718759, -11.9635511]}, "properties": {"id": 392652338, "feat_type": "way", "quality_categories": "crossings_lacking_kerbs, missing_tags, older_than_five_years, replaceable_values", "issue_ids": "[3, 5, 1, 2]", "osm_url": "https://www.openstreetmap.org/way/392652338", "josm_url": "http://127.0.0.1:8111/load_object?new_layer=false&objects=w392652338", "id_url": "https://www.openstreetmap.org/edit?editor=id&way=392652338#map=20/-11.9635511/-77.0718759"}}, {"type": "Feature", "geometry": {"type": "Point", "coordinates": [-77.0248681, -12.1236713]}, "properties": {"id": 393509437, "feat_type": "way", "quality_categories": "crossings_lacking_kerbs, missing_tags, older_than_five_years, replaceable_values", "issue_ids": "[3, 6, 1, 2]", "osm_url": "https://www.openstreetmap.org/way/393509437", "josm_url": "http://127.0.0.1:8111/load_object?new_layer=false&objects=w393509437", "id_url": "https://www.openstreetmap.org/edit?editor=id&way=393509437#map=20/-12.1236713/-77.0248681"}}, {"type": "Feature", "geometry": {"type": "Point", "coordinates": [-77.0575058, -12.0290798]}, "properties": {"id": 394995220, "feat_type": "way", "quality_categories": "crossings_lacking_kerbs, missing_tags, older_than_five_years, replaceable_values", "issue_ids": "[3, 7, 1, 2]", "osm_url": "https://www.openstreetmap.org/way/394995220", "josm_url": "http://127.0.0.1:8111/load_object?new_layer=false&objects=w394995220", "id_url": "https://www.openstreetmap.org/edit?editor=id&way=394995220#map=20/-12.0290798/-77.0575058"}}, {"type": "Feature", "geometry": {"type": "Point", "coordinates": [-77.0584338, -12.0290352]}, "properties": {"id": 394998312, "feat_type": "way", "quality_categories": "crossings_lacking_kerbs, missing_tags, older_than_five_years, replaceable_values", "issue_ids": "[3, 7, 1, 2]", "osm_url": "https://www.openstreetmap.org/way/394998312", "josm_url": "http://127.0.0.1:8111/load_object?new_layer=false&objects=w394998312", "id_url": "https://www.openstreetmap.org/edit?editor=id&way=394998312#map=20/-12.0290352/-77.0584338"}}, {"type": "Feature", "geometry": {"type": "Point", "coordinates": [-77.0559109, -12.0185072]}, "properties": {"id": 395001661, "feat_type": "way", "quality_categories": "crossings_lacking_kerbs, missing_tags, older_than_five_years, replaceable_values", "issue_ids": "[3, 7, 1, 2]", "osm_url": "https://www.openstreetmap.org/way/395001661", "josm_url": "http://127.0.0.1:8111/load_object?new_layer=false&objects=w395001661", "id_url": "https://www.openstreetmap.org/edit?editor=id&way=395001661#map=20/-12.0185072/-77.0559109"}}, {"type": "Feature", "geometry": {"type": "Point", "coordinates": [-77.0292664, -12.0772272]}, "properties": {"id": 397540709, "feat_type": "way", "quality_categories": "crossings_lacking_kerbs, missing_tags, older_than_five_years, replaceable_values", "issue_ids": "[3, 8, 1, 2]", "osm_url": "https://www.openstreetmap.org/way/397540709", "josm_url": "http://127.0.0.1:8111/load_object?new_layer=false&objects=w397540709", "id_url": "https://www.openstreetmap.org/edit?editor=id&way=397540709#map=20/-12.0772272/-77.0292664"}}, {"type": "Feature", "geometry": {"type": "Point", "coordinates": [-76.9252852, -12.0806056]}, "properties": {"id": 400602184, "feat_type": "way", "quality_categories": "crossings_lacking_kerbs, missing_tags, older_than_five_years, replaceable_values", "issue_ids": "[3, 9, 1, 2]", "osm_url": "https://www.openstreetmap.org/way/400602184", "josm_url": "http://127.0.0.1:8111/load_object?new_layer=false&objects=w400602184", "id_url": "https://www.openstreetmap.org/edit?editor=id&way=400602184#map=20/-12.0806056/-76.9252852"}}, {"type": "Feature", "geometry": {"type": "Point", "coordinates": [-77.0396006, -12.0643974]}, "properties": {"id": 401029777, "feat_type": "way", "quality_categories": "crossings_lacking_kerbs, missing_tags, older_than_five_years, replaceable_values", "issue_ids": "[3, 10, 1, 2]", "osm_url": "https://www.openstreetmap.org/way/401029777", "josm_url": "http://127.0.0.1:8111/load_object?new_layer=false&objects=w401029777", "id_url": "https://www.openstreetmap.org/edit?editor=id&way=401029777#map=20/-12.0643974/-77.0396006"}}, {"type": "Feature", "geometry": {"type": "Point", "coordinates": [-76.996748, -12.0864425]}, "properties": {"id": 401299238, "feat_type": "way", "quality_categories": "crossings_lacking_kerbs, missing_tags, older_than_five_years, replaceable_values", "issue_ids": "[3, 11, 1, 2]", "osm_url": "https://www.openstreetmap.org/way/401299238", "josm_url": "http://127.0.0.1:8111/load_object?new_layer=false&objects=w401299238", "id_url": "https://www.openstreetmap.org/edit?editor=id&way=401299238#map=20/-12.0864425/-76.996748"}}, {"type": "Feature", "geometry": {"type": "Point", "coordinates": [-76.9931095, -12.084607]}, "properties": {"id": 401299243, "feat_type": "way", "quality_categories": "crossings_lacking_kerbs, missing_tags, older_than_five_years, replaceable_values", "issue_ids": "[3, 12, 1, 2]", "osm_url": "https://www.openstreetmap.org/way/401299243", "josm_url": "http://127.0.0.1:8111/load_object?new_layer=false&objects=w401299243", "id_url": "https://www.openstreetmap.org/edit?editor=id&way=401299243#map=20/-12.084607/-76.9931095"}}, {"type": "Feature", "geometry": {"type": "Point", "coordinates": [-77.0279366, -12.0836895]}, "properties": {"id": 401497108, "feat_type": "way", "quality_categories": "crossings_lacking_kerbs, missing_tags, older_than_five_years, replaceable_values", "issue_ids": "[3, 13, 1, 2]", "osm_url": "https://www.openstreetmap.org/way/401497108", "josm_url": "http://127.0.0.1:8111/load_object?new_layer=false&objects=w401497108", "id_url": "https://www.openstreetmap.org/edit?editor=id&way=401497108#map=20/-12.0836895/-77.0279366"}}, {"type": "Feature", "geometry": {"type": "Point", "coordinates": [-77.0280201, -12.0837941]}, "properties": {"id": 401497109, "feat_type": "way", "quality_categories": "crossings_lacking_kerbs, missing_tags, older_than_five_years, replaceable_values", "issue_ids": "[3, 13, 1, 2]", "osm_url": "https://www.openstreetmap.org/way/401497109", "josm_url": "http://127.0.0.1:8111/load_object?new_layer=false&objects=w401497109", "id_url": "https://www.openstreetmap.org/edit?editor=id&way=401497109#map=20/-12.0837941/-77.0280201"}}, {"type": "Feature", "geometry": {"type": "Point", "coordinates": [-77.0884557, -12.0778679]}, "properties": {"id": 401780823, "feat_type": "way", "quality_categories": "crossings_lacking_kerbs, missing_tags, older_than_five_years, replaceable_values", "issue_ids": "[3, 14, 1, 2]", "osm_url": "https://www.openstreetmap.org/way/401780823", "josm_url": "http://127.0.0.1:8111/load_object?new_layer=false&objects=w401780823", "id_url": "https://www.openstreetmap.org/edit?editor=id&way=401780823#map=20/-12.0778679/-77.0884557"}}, {"type": "Feature", "geometry": {"type": "Point", "coordinates": [-77.0738777, -12.091321]}, "properties": {"id": 401833468, "feat_type": "way", "quality_categories": "crossings_lacking_kerbs, missing_tags, older_than_five_years, replaceable_values", "issue_ids": "[3, 15, 1, 2]", "osm_url": "https://www.openstreetmap.org/way/401833468", "josm_url": "http://127.0.0.1:8111/load_object?new_layer=false&objects=w401833468", "id_url": "https://www.openstreetmap.org/edit?editor=id&way=401833468#map=20/-12.091321/-77.0738777"}}, {"type": "Feature", "geometry": {"type": "Point", "coordinates": [-77.0727196, -12.0916553]}, "properties": {"id": 401833469, "feat_type": "way", "quality_categories": "crossings_lacking_kerbs, missing_tags, older_than_five_years, replaceable_values", "issue_ids": "[3, 15, 1, 2]", "osm_url": "https://www.openstreetmap.org/way/401833469", "josm_url": "http://127.0.0.1:8111/load_object?new_layer=false&objects=w401833469", "id_url": "https://www.openstreetmap.org/edit?editor=id&way=401833469#map=20/-12.0916553/-77.0727196"}}, {"type": "Feature", "geometry": {"type": "Point", "coordinates": [-77.0742511, -12.0923314]}, "properties": {"id": 401833470, "feat_type": "way", "quality_categories": "crossings_lacking_kerbs, missing_tags, older_than_five_years, replaceable_values", "issue_ids": "[3, 16, 1, 2]", "osm_url": "https://www.openstreetmap.org/way/401833470", "josm_url": "http://127.0.0.1:8111/load_object?new_layer=false&objects=w401833470", "id_url": "https://www.openstreetmap.org/edit?editor=id&way=401833470#map=20/-12.0923314/-77.0742511"}}, {"type": "Feature", "geometry": {"type": "Point", "coordinates": [-77.0092521, -12.0999562]}, "properties": {"id": 404628315, "feat_type": "way", "quality_categories": "crossings_lacking_kerbs, missing_tags, older_than_five_years, replaceable_values", "issue_ids": "[3, 17, 1, 2]", "osm_url": "https://www.openstreetmap.org/way/404628315", "josm_url": "http://127.0.0.1:8111/load_object?new_layer=false&objects=w404628315", "id_url": "https://www.openstreetmap.org/edit?editor=id&way=404628315#map=20/-12.0999562/-77.0092521"}}, {"type": "Feature", "geometry": {"type": "Point", "coordinates": [-77.0098101, -12.0996321]}, "properties": {"id": 404628318, "feat_type": "way", "quality_categories": "crossings_lacking_kerbs, missing_tags, older_than_five_years, replaceable_values", "issue_ids": "[3, 17, 1, 2]", "osm_url": "https://www.openstreetmap.org/way/404628318", "josm_url": "http://127.0.0.1:8111/load_object?new_layer=false&objects=w404628318", "id_url": "https://www.openstreetmap.org/edit?editor=id&way=404628318#map=20/-12.0996321/-77.0098101"}}, {"type": "Feature", "geometry": {"type": "Point", "coordinates": [-76.9893206, -12.0959502]}, "properties": {"id": 404631117, "feat_type": "way", "quality_categories": "crossings_lacking_kerbs, missing_tags, older_than_five_years, replaceable_values", "issue_ids": "[3, 11, 1, 2]", "osm_url": "https://www.openstreetmap.org/way/404631117", "josm_url": "http://127.0.0.1:8111/load_object?new_layer=false&objects=w404631117", "id_url": "https://www.openstreetmap.org/edit?editor=id&way=404631117#map=20/-12.0959502/-76.9893206"}}, {"type": "Feature", "geometry": {"type": "Point", "coordinates": [-77.0185253, -12.113042]}, "properties": {"id": 404633916, "feat_type": "way", "quality_categories": "crossings_lacking_kerbs, missing_tags, older_than_five_years, replaceable_values", "issue_ids": "[3, 18, 1, 2]", "osm_url": "https://www.openstreetmap.org/way/404633916", "josm_url": "http://127.0.0.1:8111/load_object?new_layer=false&objects=w404633916", "id_url": "https://www.openstreetmap.org/edit?editor=id&way=404633916#map=20/-12.113042/-77.0185253"}}, {"type": "Feature", "geometry": {"type": "Point", "coordinates": [-76.9892106, -12.0958109]}, "properties": {"id": 404635175, "feat_type": "way", "quality_categories": "crossings_lacking_kerbs, missing_tags, older_than_five_years, replaceable_values", "issue_ids": "[3, 18, 1, 2]", "osm_url": "https://www.openstreetmap.org/way/404635175", "josm_url": "http://127.0.0.1:8111/load_object?new_layer=false&objects=w404635175", "id_url": "https://www.openstreetmap.org/edit?editor=id&way=404635175#map=20/-12.0958109/-76.9892106"}}, {"type": "Feature", "geometry": {"type": "Point", "coordinates": [-77.0476217, -12.1064739]}, "properties": {"id": 405562554, "feat_type": "way", "quality_categories": "crossings_lacking_kerbs, missing_tags, older_than_five_years, replaceable_values", "issue_ids": "[3, 19, 1, 2]", "osm_url": "https://www.openstreetmap.org/way/405562554", "josm_url": "http://127.0.0.1:8111/load_object?new_layer=false&objects=w405562554", "id_url": "https://www.openstreetmap.org/edit?editor=id&way=405562554#map=20/-12.1064739/-77.0476217"}}, {"type": "Feature", "geometry": {"type": "Point", "coordinates": [-77.0477131, -12.1065958]}, "properties": {"id": 405562556, "feat_type": "way", "quality_categories": "crossings_lacking_kerbs, missing_tags, older_than_five_years, replaceable_values", "issue_ids": "[3, 19, 1, 2]", "osm_url": "https://www.openstreetmap.org/way/405562556", "josm_url": "http://127.0.0.1:8111/load_object?new_layer=false&objects=w405562556", "id_url": "https://www.openstreetmap.org/edit?editor=id&way=405562556#map=20/-12.1065958/-77.0477131"}}, {"type": "Feature", "geometry": {"type": "Point", "coordinates": [-77.0480468, -12.108485]}, "properties": {"id": 405562584, "feat_type": "way", "quality_categories": "crossings_lacking_kerbs, missing_tags, older_than_five_years, replaceable_values", "issue_ids": "[3, 19, 1, 2]", "osm_url": "https://www.openstreetmap.org/way/405562584", "josm_url": "http://127.0.0.1:8111/load_object?new_layer=false&objects=w405562584", "id_url": "https://www.openstreetmap.org/edit?editor=id&way=405562584#map=20/-12.108485/-77.0480468"}}, {"type": "Feature", "geometry": {"type": "Point", "coordinates": [-77.0480772, -12.108627]}, "properties": {"id": 405562586, "feat_type": "way", "quality_categories": "crossings_lacking_kerbs, missing_tags, older_than_five_years, replaceable_values", "issue_ids": "[3, 19, 1, 2]", "osm_url": "https://www.openstreetmap.org/way/405562586", "josm_url": "http://127.0.0.1:8111/load_object?new_layer=false&objects=w405562586", "id_url": "https://www.openstreetmap.org/edit?editor=id&way=405562586#map=20/-12.108627/-77.0480772"}}, {"type": "Feature", "geometry": {"type": "Point", "coordinates": [-77.0474512, -12.1056059]}, "properties": {"id": 405562617, "feat_type": "way", "quality_categories": "crossings_lacking_kerbs, missing_tags, older_than_five_years, replaceable_values", "issue_ids": "[3, 19, 1, 2]", "osm_url": "https://www.openstreetmap.org/way/405562617", "josm_url": "http://127.0.0.1:8111/load_object?new_layer=false&objects=w405562617", "id_url": "https://www.openstreetmap.org/edit?editor=id&way=405562617#map=20/-12.1056059/-77.0474512"}}, {"type": "Feature", "geometry": {"type": "Point", "coordinates": [-77.0475399, -12.1057419]}, "properties": {"id": 405562619, "feat_type": "way", "quality_categories": "crossings_lacking_kerbs, missing_tags, older_than_five_years, replaceable_values", "issue_ids": "[3, 19, 1, 2]", "osm_url": "https://www.openstreetmap.org/way/405562619", "josm_url": "http://127.0.0.1:8111/load_object?new_layer=false&objects=w405562619", "id_url": "https://www.openstreetmap.org/edit?editor=id&way=405562619#map=20/-12.1057419/-77.0475399"}}, {"type": "Feature", "geometry": {"type": "Point", "coordinates": [-77.0935135, -11.9920897]}, "properties": {"id": 405903444, "feat_type": "way", "quality_categories": "crossings_lacking_kerbs, missing_tags, older_than_five_years, replaceable_values", "issue_ids": "[3, 20, 1, 2]", "osm_url": "https://www.openstreetmap.org/way/405903444", "josm_url": "http://127.0.0.1:8111/load_object?new_layer=false&objects=w405903444", "id_url": "https://www.openstreetmap.org/edit?editor=id&way=405903444#map=20/-11.9920897/-77.0935135"}}, {"type": "Feature", "geometry": {"type": "Point", "coordinates": [-77.0925244, -11.990652]}, "properties": {"id": 405913227, "feat_type": "way", "quality_categories": "crossings_lacking_kerbs, missing_tags, older_than_five_years, replaceable_values", "issue_ids": "[3, 21, 1, 2]", "osm_url": "https://www.openstreetmap.org/way/405913227", "josm_url": "http://127.0.0.1:8111/load_object?new_layer=false&objects=w405913227", "id_url": "https://www.openstreetmap.org/edit?editor=id&way=405913227#map=20/-11.990652/-77.0925244"}}, {"type": "Feature", "geometry": {"type": "Point", "coordinates": [-77.093111, -11.9907123]}, "properties": {"id": 405913228, "feat_type": "way", "quality_categories": "crossings_lacking_kerbs, missing_tags, older_than_five_years, replaceable_values", "issue_ids": "[3, 20, 1, 2]", "osm_url": "https://www.openstreetmap.org/way/405913228", "josm_url": "http://127.0.0.1:8111/load_object?new_layer=false&objects=w405913228", "id_url": "https://www.openstreetmap.org/edit?editor=id&way=405913228#map=20/-11.9907123/-77.093111"}}, {"type": "Feature", "geometry": {"type": "Point", "coordinates": [-76.9975444, -12.0427357]}, "properties": {"id": 406622148, "feat_type": "way", "quality_categories": "crossings_lacking_kerbs, older_than_five_years, replaceable_values", "issue_ids": "[3, 22, 2]", "osm_url": "https://www.openstreetmap.org/way/406622148", "josm_url": "http://127.0.0.1:8111/load_object?new_layer=false&objects=w406622148", "id_url": "https://www.openstreetmap.org/edit?editor=id&way=406622148#map=20/-12.0427357/-76.9975444"}}, {"type": "Feature", "geometry": {"type": "Point", "coordinates": [-77.0006452, -12.0481347]}, "properties": {"id": 406622900, "feat_type": "way", "quality_categories": "crossings_lacking_kerbs, older_than_five_years, replaceable_values", "issue_ids": "[3, 22, 2]", "osm_url": "https://www.openstreetmap.org/way/406622900", "josm_url": "http://127.0.0.1:8111/load_object?new_layer=false&objects=w406622900", "id_url": "https://www.openstreetmap.org/edit?editor=id&way=406622900#map=20/-12.0481347/-77.0006452"}}, {"type": "Feature", "geometry": {"type": "Point", "coordinates": [-76.9994369, -12.0464694]}, "properties": {"id": 406622901, "feat_type": "way", "quality_categories": "crossings_lacking_kerbs, older_than_five_years, replaceable_values", "issue_ids": "[3, 22, 2]", "osm_url": "https://www.openstreetmap.org/way/406622901", "josm_url": "http://127.0.0.1:8111/load_object?new_layer=false&objects=w406622901", "id_url": "https://www.openstreetmap.org/edit?editor=id&way=406622901#map=20/-12.0464694/-76.9994369"}}, {"type": "Feature", "geometry": {"type": "Point", "coordinates": [-77.0780121, -12.0704402]}, "properties": {"id": 408906839, "feat_type": "way", "quality_categories": "crossings_lacking_kerbs, missing_tags, older_than_five_years, replaceable_values", "issue_ids": "[3, 23, 1, 2]", "osm_url": "https://www.openstreetmap.org/way/408906839", "josm_url": "http://127.0.0.1:8111/load_object?new_layer=false&objects=w408906839", "id_url": "https://www.openstreetmap.org/edit?editor=id&way=408906839#map=20/-12.0704402/-77.0780121"}}, {"type": "Feature", "geometry": {"type": "Point", "coordinates": [-77.0538347, -12.0072295]}, "properties": {"id": 412147793, "feat_type": "way", "quality_categories": "crossings_lacking_kerbs, missing_tags, older_than_five_years, replaceable_values", "issue_ids": "[3, 24, 1, 2]", "osm_url": "https://www.openstreetmap.org/way/412147793", "josm_url": "http://127.0.0.1:8111/load_object?new_layer=false&objects=w412147793", "id_url": "https://www.openstreetmap.org/edit?editor=id&way=412147793#map=20/-12.0072295/-77.0538347"}}, {"type": "Feature", "geometry": {"type": "Point", "coordinates": [-77.1126098, -11.9965598]}, "properties": {"id": 413194855, "feat_type": "way", "quality_categories": "crossings_lacking_kerbs, missing_tags, older_than_five_years, replaceable_values", "issue_ids": "[3, 25, 1, 2]", "osm_url": "https://www.openstreetmap.org/way/413194855", "josm_url": "http://127.0.0.1:8111/load_object?new_layer=false&objects=w413194855", "id_url": "https://www.openstreetmap.org/edit?editor=id&way=413194855#map=20/-11.9965598/-77.1126098"}}, {"type": "Feature", "geometry": {"type": "Point", "coordinates": [-77.0947264, -11.98644]}, "properties": {"id": 413203503, "feat_type": "way", "quality_categories": "crossings_lacking_kerbs, missing_tags, older_than_five_years, replaceable_values", "issue_ids": "[3, 26, 1, 2]", "osm_url": "https://www.openstreetmap.org/way/413203503", "josm_url": "http://127.0.0.1:8111/load_object?new_layer=false&objects=w413203503", "id_url": "https://www.openstreetmap.org/edit?editor=id&way=413203503#map=20/-11.98644/-77.0947264"}}, {"type": "Feature", "geometry": {"type": "Point", "coordinates": [-77.0238768, -12.1000396]}, "properties": {"id": 421694330, "feat_type": "way", "quality_categories": "crossings_lacking_kerbs, missing_tags, older_than_five_years, replaceable_values", "issue_ids": "[3, 27, 1, 2]", "osm_url": "https://www.openstreetmap.org/way/421694330", "josm_url": "http://127.0.0.1:8111/load_object?new_layer=false&objects=w421694330", "id_url": "https://www.openstreetmap.org/edit?editor=id&way=421694330#map=20/-12.1000396/-77.0238768"}}, {"type": "Feature", "geometry": {"type": "Point", "coordinates": [-77.0602938, -11.9460558]}, "properties": {"id": 434797316, "feat_type": "way", "quality_categories": "crossings_lacking_kerbs, missing_tags, older_than_five_years, replaceable_values", "issue_ids": "[3, 28, 1, 2]", "osm_url": "https://www.openstreetmap.org/way/434797316", "josm_url": "http://127.0.0.1:8111/load_object?new_layer=false&objects=w434797316", "id_url": "https://www.openstreetmap.org/edit?editor=id&way=434797316#map=20/-11.9460558/-77.0602938"}}, {"type": "Feature", "geometry": {"type": "Point", "coordinates": [-77.0866001, -12.0514767]}, "properties": {"id": 436590687, "feat_type": "way", "quality_categories": "crossings_lacking_kerbs, missing_tags, older_than_five_years, replaceable_values", "issue_ids": "[3, 29, 1, 2]", "osm_url": "https://www.openstreetmap.org/way/436590687", "josm_url": "http://127.0.0.1:8111/load_object?new_layer=false&objects=w436590687", "id_url": "https://www.openstreetmap.org/edit?editor=id&way=436590687#map=20/-12.0514767/-77.0866001"}}, {"type": "Feature", "geometry": {"type": "Point", "coordinates": [-77.0124364, -12.1124772]}, "properties": {"id": 437069841, "feat_type": "way", "quality_categories": "crossings_lacking_kerbs, missing_tags, older_than_five_years, replaceable_values", "issue_ids": "[3, 30, 1, 2]", "osm_url": "https://www.openstreetmap.org/way/437069841", "josm_url": "http://127.0.0.1:8111/load_object?new_layer=false&objects=w437069841", "id_url": "https://www.openstreetmap.org/edit?editor=id&way=437069841#map=20/-12.1124772/-77.0124364"}}, {"type": "Feature", "geometry": {"type": "Point", "coordinates": [-77.0242658, -12.1237068]}, "properties": {"id": 437191059, "feat_type": "way", "quality_categories": "crossings_lacking_kerbs, missing_tags, older_than_five_years, replaceable_values", "issue_ids": "[3, 31, 1, 2]", "osm_url": "https://www.openstreetmap.org/way/437191059", "josm_url": "http://127.0.0.1:8111/load_object?new_layer=false&objects=w437191059", "id_url": "https://www.openstreetmap.org/edit?editor=id&way=437191059#map=20/-12.1237068/-77.0242658"}}, {"type": "Feature", "geometry": {"type": "Point", "coordinates": [-77.0624043, -11.9962642]}, "properties": {"id": 440244423, "feat_type": "way", "quality_categories": "crossings_lacking_kerbs, missing_tags, older_than_five_years, replaceable_values", "issue_ids": "[3, 32, 1, 2]", "osm_url": "https://www.openstreetmap.org/way/440244423", "josm_url": "http://127.0.0.1:8111/load_object?new_layer=false&objects=w440244423", "id_url": "https://www.openstreetmap.org/edit?editor=id&way=440244423#map=20/-11.9962642/-77.0624043"}}, {"type": "Feature", "geometry": {"type": "Point", "coordinates": [-77.0424411, -12.0429845]}, "properties": {"id": 440974615, "feat_type": "way", "quality_categories": "crossings_lacking_kerbs, missing_tags, older_than_five_years, replaceable_values", "issue_ids": "[3, 4, 1, 2]", "osm_url": "https://www.openstreetmap.org/way/440974615", "josm_url": "http://127.0.0.1:8111/load_object?new_layer=false&objects=w440974615", "id_url": "https://www.openstreetmap.org/edit?editor=id&way=440974615#map=20/-12.0429845/-77.0424411"}}, {"type": "Feature", "geometry": {"type": "Point", "coordinates": [-77.0429869, -12.0439006]}, "properties": {"id": 440974617, "feat_type": "way", "quality_categories": "crossings_lacking_kerbs, missing_tags, older_than_five_years, replaceable_values", "issue_ids": "[3, 4, 1, 2]", "osm_url": "https://www.openstreetmap.org/way/440974617", "josm_url": "http://127.0.0.1:8111/load_object?new_layer=false&objects=w440974617", "id_url": "https://www.openstreetmap.org/edit?editor=id&way=440974617#map=20/-12.0439006/-77.0429869"}}, {"type": "Feature", "geometry": {"type": "Point", "coordinates": [-77.0436545, -12.0436832]}, "properties": {"id": 440974633, "feat_type": "way", "quality_categories": "crossings_lacking_kerbs, missing_tags, older_than_five_years, replaceable_values", "issue_ids": "[3, 4, 1, 2]", "osm_url": "https://www.openstreetmap.org/way/440974633", "josm_url": "http://127.0.0.1:8111/load_object?new_layer=false&objects=w440974633", "id_url": "https://www.openstreetmap.org/edit?editor=id&way=440974633#map=20/-12.0436832/-77.0436545"}}, {"type": "Feature", "geometry": {"type": "Point", "coordinates": [-77.0852404, -12.0780246]}, "properties": {"id": 442872378, "feat_type": "way", "quality_categories": "crossings_lacking_kerbs, missing_tags, older_than_five_years, replaceable_values", "issue_ids": "[3, 33, 1, 2]", "osm_url": "https://www.openstreetmap.org/way/442872378", "josm_url": "http://127.0.0.1:8111/load_object?new_layer=false&objects=w442872378", "id_url": "https://www.openstreetmap.org/edit?editor=id&way=442872378#map=20/-12.0780246/-77.0852404"}}, {"type": "Feature", "geometry": {"type": "Point", "coordinates": [-77.0120275, -12.044159]}, "properties": {"id": 443448515, "feat_type": "way", "quality_categories": "crossings_lacking_kerbs, missing_tags, older_than_five_years, replaceable_values", "issue_ids": "[3, 34, 1, 2]", "osm_url": "https://www.openstreetmap.org/way/443448515", "josm_url": "http://127.0.0.1:8111/load_object?new_layer=false&objects=w443448515", "id_url": "https://www.openstreetmap.org/edit?editor=id&way=443448515#map=20/-12.044159/-77.0120275"}}, {"type": "Feature", "geometry": {"type": "Point", "coordinates": [-77.0175055, -12.0575401]}, "properties": {"id": 443492407, "feat_type": "way", "quality_categories": "crossings_lacking_kerbs, missing_tags, older_than_five_years, replaceable_values", "issue_ids": "[35, 36, 1, 2]", "osm_url": "https://www.openstreetmap.org/way/443492407", "josm_url": "http://127.0.0.1:8111/load_object?new_layer=false&objects=w443492407", "id_url": "https://www.openstreetmap.org/edit?editor=id&way=443492407#map=20/-12.0575401/-77.0175055"}}, {"type": "Feature", "geometry": {"type": "Point", "coordinates": [-77.0173323, -12.0573477]}, "properties": {"id": 443492408, "feat_type": "way", "quality_categories": "crossings_lacking_kerbs, older_than_five_years, replaceable_values", "issue_ids": "[35, 36, 2]", "osm_url": "https://www.openstreetmap.org/way/443492408", "josm_url": "http://127.0.0.1:8111/load_object?new_layer=false&objects=w443492408", "id_url": "https://www.openstreetmap.org/edit?editor=id&way=443492408#map=20/-12.0573477/-77.0173323"}}, {"type": "Feature", "geometry": {"type": "Point", "coordinates": [-77.009525, -12.0501279]}, "properties": {"id": 443652074, "feat_type": "way", "quality_categories": "crossings_lacking_kerbs, missing_tags, older_than_five_years, replaceable_values", "issue_ids": "[3, 37, 1, 2]", "osm_url": "https://www.openstreetmap.org/way/443652074", "josm_url": "http://127.0.0.1:8111/load_object?new_layer=false&objects=w443652074", "id_url": "https://www.openstreetmap.org/edit?editor=id&way=443652074#map=20/-12.0501279/-77.009525"}}, {"type": "Feature", "geometry": {"type": "Point", "coordinates": [-77.09031, -12.0793714]}, "properties": {"id": 445542982, "feat_type": "way", "quality_categories": "crossings_lacking_kerbs, older_than_five_years", "issue_ids": "[38, 2]", "osm_url": "https://www.openstreetmap.org/way/445542982", "josm_url": "http://127.0.0.1:8111/load_object?new_layer=false&objects=w445542982", "id_url": "https://www.openstreetmap.org/edit?editor=id&way=445542982#map=20/-12.0793714/-77.09031"}}, {"type": "Feature", "geometry": {"type": "Point", "coordinates": [-77.0837303, -11.9684372]}, "properties": {"id": 445719139, "feat_type": "way", "quality_categories": "crossings_lacking_kerbs, missing_tags, older_than_five_years, replaceable_values", "issue_ids": "[3, 39, 1, 2]", "osm_url": "https://www.openstreetmap.org/way/445719139", "josm_url": "http://127.0.0.1:8111/load_object?new_layer=false&objects=w445719139", "id_url": "https://www.openstreetmap.org/edit?editor=id&way=445719139#map=20/-11.9684372/-77.0837303"}}, {"type": "Feature", "geometry": {"type": "Point", "coordinates": [-77.0477438, -12.1044291]}, "properties": {"id": 446742635, "feat_type": "way", "quality_categories": "crossings_lacking_kerbs, missing_tags, older_than_five_years, replaceable_values", "issue_ids": "[3, 40, 1, 2]", "osm_url": "https://www.openstreetmap.org/way/446742635", "josm_url": "http://127.0.0.1:8111/load_object?new_layer=false&objects=w446742635", "id_url": "https://www.openstreetmap.org/edit?editor=id&way=446742635#map=20/-12.1044291/-77.0477438"}}, {"type": "Feature", "geometry": {"type": "Point", "coordinates": [-77.0230825, -12.0815194]}, "properties": {"id": 447104349, "feat_type": "way", "quality_categories": "crossings_lacking_kerbs, missing_tags, older_than_five_years, replaceable_values", "issue_ids": "[3, 17, 1, 2]", "osm_url": "https://www.openstreetmap.org/way/447104349", "josm_url": "http://127.0.0.1:8111/load_object?new_layer=false&objects=w447104349", "id_url": "https://www.openstreetmap.org/edit?editor=id&way=447104349#map=20/-12.0815194/-77.0230825"}}, {"type": "Feature", "geometry": {"type": "Point", "coordinates": [-77.0233937, -12.0818047]}, "properties": {"id": 447104350, "feat_type": "way", "quality_categories": "crossings_lacking_kerbs, missing_tags, older_than_five_years, replaceable_values", "issue_ids": "[3, 17, 1, 2]", "osm_url": "https://www.openstreetmap.org/way/447104350", "josm_url": "http://127.0.0.1:8111/load_object?new_layer=false&objects=w447104350", "id_url": "https://www.openstreetmap.org/edit?editor=id&way=447104350#map=20/-12.0818047/-77.0233937"}}, {"type": "Feature", "geometry": {"type": "Point", "coordinates": [-77.0098409, -12.0833384]}, "properties": {"id": 447105199, "feat_type": "way", "quality_categories": "crossings_lacking_kerbs, missing_tags, older_than_five_years", "issue_ids": "[41, 1, 2]", "osm_url": "https://www.openstreetmap.org/way/447105199", "josm_url": "http://127.0.0.1:8111/load_object?new_layer=false&objects=w447105199", "id_url": "https://www.openstreetmap.org/edit?editor=id&way=447105199#map=20/-12.0833384/-77.0098409"}}, {"type": "Feature", "geometry": {"type": "Point", "coordinates": [-77.083211, -11.9913824]}, "properties": {"id": 447320241, "feat_type": "way", "quality_categories": "crossings_lacking_kerbs, missing_tags, older_than_five_years, replaceable_values", "issue_ids": "[3, 42, 1, 2]", "osm_url": "https://www.openstreetmap.org/way/447320241", "josm_url": "http://127.0.0.1:8111/load_object?new_layer=false&objects=w447320241", "id_url": "https://www.openstreetmap.org/edit?editor=id&way=447320241#map=20/-11.9913824/-77.083211"}}, {"type": "Feature", "geometry": {"type": "Point", "coordinates": [-76.9405565, -12.0648395]}, "properties": {"id": 450512767, "feat_type": "way", "quality_categories": "crossings_lacking_kerbs, missing_tags, older_than_five_years, replaceable_values", "issue_ids": "[3, 43, 1, 2]", "osm_url": "https://www.openstreetmap.org/way/450512767", "josm_url": "http://127.0.0.1:8111/load_object?new_layer=false&objects=w450512767", "id_url": "https://www.openstreetmap.org/edit?editor=id&way=450512767#map=20/-12.0648395/-76.9405565"}}, {"type": "Feature", "geometry": {"type": "Point", "coordinates": [-76.940248, -12.064154]}, "properties": {"id": 450512769, "feat_type": "way", "quality_categories": "crossings_lacking_kerbs, missing_tags, older_than_five_years, replaceable_values", "issue_ids": "[3, 44, 1, 2]", "osm_url": "https://www.openstreetmap.org/way/450512769", "josm_url": "http://127.0.0.1:8111/load_object?new_layer=false&objects=w450512769", "id_url": "https://www.openstreetmap.org/edit?editor=id&way=450512769#map=20/-12.064154/-76.940248"}}, {"type": "Feature", "geometry": {"type": "Point", "coordinates": [-76.9395196, -12.0644577]}, "properties": {"id": 450512770, "feat_type": "way", "quality_categories": "crossings_lacking_kerbs, missing_tags, older_than_five_years, replaceable_values", "issue_ids": "[3, 45, 1, 2]", "osm_url": "https://www.openstreetmap.org/way/450512770", "josm_url": "http://127.0.0.1:8111/load_object?new_layer=false&objects=w450512770", "id_url": "https://www.openstreetmap.org/edit?editor=id&way=450512770#map=20/-12.0644577/-76.9395196"}}, {"type": "Feature", "geometry": {"type": "Point", "coordinates": [-77.0718109, -11.9841382]}, "properties": {"id": 451476314, "feat_type": "way", "quality_categories": "crossings_lacking_kerbs, missing_tags, older_than_five_years, replaceable_values", "issue_ids": "[3, 46, 1, 2]", "osm_url": "https://www.openstreetmap.org/way/451476314", "josm_url": "http://127.0.0.1:8111/load_object?new_layer=false&objects=w451476314", "id_url": "https://www.openstreetmap.org/edit?editor=id&way=451476314#map=20/-11.9841382/-77.0718109"}}, {"type": "Feature", "geometry": {"type": "Point", "coordinates": [-77.0482221, -12.1092688]}, "properties": {"id": 451738806, "feat_type": "way", "quality_categories": "crossings_lacking_kerbs, missing_tags, older_than_five_years, replaceable_values", "issue_ids": "[3, 47, 1, 2]", "osm_url": "https://www.openstreetmap.org/way/451738806", "josm_url": "http://127.0.0.1:8111/load_object?new_layer=false&objects=w451738806", "id_url": "https://www.openstreetmap.org/edit?editor=id&way=451738806#map=20/-12.1092688/-77.0482221"}}, {"type": "Feature", "geometry": {"type": "Point", "coordinates": [-76.980287, -12.102999]}, "properties": {"id": 451796575, "feat_type": "way", "quality_categories": "crossings_lacking_kerbs, missing_tags, older_than_five_years, replaceable_values", "issue_ids": "[3, 48, 1, 2]", "osm_url": "https://www.openstreetmap.org/way/451796575", "josm_url": "http://127.0.0.1:8111/load_object?new_layer=false&objects=w451796575", "id_url": "https://www.openstreetmap.org/edit?editor=id&way=451796575#map=20/-12.102999/-76.980287"}}, {"type": "Feature", "geometry": {"type": "Point", "coordinates": [-76.9802738, -12.1031056]}, "properties": {"id": 451796576, "feat_type": "way", "quality_categories": "crossings_lacking_kerbs, missing_tags, older_than_five_years, replaceable_values", "issue_ids": "[3, 48, 1, 2]", "osm_url": "https://www.openstreetmap.org/way/451796576", "josm_url": "http://127.0.0.1:8111/load_object?new_layer=false&objects=w451796576", "id_url": "https://www.openstreetmap.org/edit?editor=id&way=451796576#map=20/-12.1031056/-76.9802738"}}, {"type": "Feature", "geometry": {"type": "Point", "coordinates": [-77.0253438, -12.1351731]}, "properties": {"id": 452788656, "feat_type": "way", "quality_categories": "crossings_lacking_kerbs, older_than_five_years, replaceable_values", "issue_ids": "[3, 49, 2]", "osm_url": "https://www.openstreetmap.org/way/452788656", "josm_url": "http://127.0.0.1:8111/load_object?new_layer=false&objects=w452788656", "id_url": "https://www.openstreetmap.org/edit?editor=id&way=452788656#map=20/-12.1351731/-77.0253438"}}, {"type": "Feature", "geometry": {"type": "Point", "coordinates": [-77.0545584, -12.004824]}, "properties": {"id": 453074708, "feat_type": "way", "quality_categories": "crossings_lacking_kerbs, missing_tags, older_than_five_years, replaceable_values", "issue_ids": "[3, 50, 1, 2]", "osm_url": "https://www.openstreetmap.org/way/453074708", "josm_url": "http://127.0.0.1:8111/load_object?new_layer=false&objects=w453074708", "id_url": "https://www.openstreetmap.org/edit?editor=id&way=453074708#map=20/-12.004824/-77.0545584"}}, {"type": "Feature", "geometry": {"type": "Point", "coordinates": [-76.9880832, -12.1206431]}, "properties": {"id": 453114493, "feat_type": "way", "quality_categories": "crossings_lacking_kerbs, missing_tags, older_than_five_years, replaceable_values", "issue_ids": "[3, 50, 1, 2]", "osm_url": "https://www.openstreetmap.org/way/453114493", "josm_url": "http://127.0.0.1:8111/load_object?new_layer=false&objects=w453114493", "id_url": "https://www.openstreetmap.org/edit?editor=id&way=453114493#map=20/-12.1206431/-76.9880832"}}, {"type": "Feature", "geometry": {"type": "Point", "coordinates": [-76.9680077, -12.1069682]}, "properties": {"id": 453133667, "feat_type": "way", "quality_categories": "crossings_lacking_kerbs, missing_tags, older_than_five_years, replaceable_values", "issue_ids": "[3, 50, 1, 2]", "osm_url": "https://www.openstreetmap.org/way/453133667", "josm_url": "http://127.0.0.1:8111/load_object?new_layer=false&objects=w453133667", "id_url": "https://www.openstreetmap.org/edit?editor=id&way=453133667#map=20/-12.1069682/-76.9680077"}}, {"type": "Feature", "geometry": {"type": "Point", "coordinates": [-76.9856039, -12.0962569]}, "properties": {"id": 454522736, "feat_type": "way", "quality_categories": "crossings_lacking_kerbs, missing_tags, older_than_five_years, replaceable_values", "issue_ids": "[3, 48, 1, 2]", "osm_url": "https://www.openstreetmap.org/way/454522736", "josm_url": "http://127.0.0.1:8111/load_object?new_layer=false&objects=w454522736", "id_url": "https://www.openstreetmap.org/edit?editor=id&way=454522736#map=20/-12.0962569/-76.9856039"}}, {"type": "Feature", "geometry": {"type": "Point", "coordinates": [-77.0105935, -12.098688]}, "properties": {"id": 454531894, "feat_type": "way", "quality_categories": "crossings_lacking_kerbs, missing_tags, older_than_five_years, replaceable_values", "issue_ids": "[3, 11, 1, 2]", "osm_url": "https://www.openstreetmap.org/way/454531894", "josm_url": "http://127.0.0.1:8111/load_object?new_layer=false&objects=w454531894", "id_url": "https://www.openstreetmap.org/edit?editor=id&way=454531894#map=20/-12.098688/-77.0105935"}}, {"type": "Feature", "geometry": {"type": "Point", "coordinates": [-77.0106754, -12.0987725]}, "properties": {"id": 454531895, "feat_type": "way", "quality_categories": "crossings_lacking_kerbs, missing_tags, older_than_five_years, replaceable_values", "issue_ids": "[3, 11, 1, 2]", "osm_url": "https://www.openstreetmap.org/way/454531895", "josm_url": "http://127.0.0.1:8111/load_object?new_layer=false&objects=w454531895", "id_url": "https://www.openstreetmap.org/edit?editor=id&way=454531895#map=20/-12.0987725/-77.0106754"}}, {"type": "Feature", "geometry": {"type": "Point", "coordinates": [-76.9966186, -12.0873981]}, "properties": {"id": 454565027, "feat_type": "way", "quality_categories": "crossings_lacking_kerbs, missing_tags, older_than_five_years, replaceable_values", "issue_ids": "[3, 11, 1, 2]", "osm_url": "https://www.openstreetmap.org/way/454565027", "josm_url": "http://127.0.0.1:8111/load_object?new_layer=false&objects=w454565027", "id_url": "https://www.openstreetmap.org/edit?editor=id&way=454565027#map=20/-12.0873981/-76.9966186"}}, {"type": "Feature", "geometry": {"type": "Point", "coordinates": [-77.0191068, -12.0924413]}, "properties": {"id": 454590957, "feat_type": "way", "quality_categories": "crossings_lacking_kerbs, missing_tags, older_than_five_years, replaceable_values", "issue_ids": "[3, 51, 1, 2]", "osm_url": "https://www.openstreetmap.org/way/454590957", "josm_url": "http://127.0.0.1:8111/load_object?new_layer=false&objects=w454590957", "id_url": "https://www.openstreetmap.org/edit?editor=id&way=454590957#map=20/-12.0924413/-77.0191068"}}, {"type": "Feature", "geometry": {"type": "Point", "coordinates": [-77.0269838, -12.1278238]}, "properties": {"id": 458789616, "feat_type": "way", "quality_categories": "crossings_lacking_kerbs, missing_tags, older_than_five_years, replaceable_values", "issue_ids": "[3, 52, 1, 2]", "osm_url": "https://www.openstreetmap.org/way/458789616", "josm_url": "http://127.0.0.1:8111/load_object?new_layer=false&objects=w458789616", "id_url": "https://www.openstreetmap.org/edit?editor=id&way=458789616#map=20/-12.1278238/-77.0269838"}}, {"type": "Feature", "geometry": {"type": "Point", "coordinates": [-77.0078852, -12.0874233]}, "properties": {"id": 459638653, "feat_type": "way", "quality_categories": "crossings_lacking_kerbs, missing_tags, older_than_five_years, replaceable_values", "issue_ids": "[3, 53, 1, 2]", "osm_url": "https://www.openstreetmap.org/way/459638653", "josm_url": "http://127.0.0.1:8111/load_object?new_layer=false&objects=w459638653", "id_url": "https://www.openstreetmap.org/edit?editor=id&way=459638653#map=20/-12.0874233/-77.0078852"}}, {"type": "Feature", "geometry": {"type": "Point", "coordinates": [-77.0442731, -12.0286622]}, "properties": {"id": 459645589, "feat_type": "way", "quality_categories": "crossings_lacking_kerbs, missing_tags, older_than_five_years, replaceable_values", "issue_ids": "[3, 54, 1, 2]", "osm_url": "https://www.openstreetmap.org/way/459645589", "josm_url": "http://127.0.0.1:8111/load_object?new_layer=false&objects=w459645589", "id_url": "https://www.openstreetmap.org/edit?editor=id&way=459645589#map=20/-12.0286622/-77.0442731"}}, {"type": "Feature", "geometry": {"type": "Point", "coordinates": [-77.0441024, -12.0287697]}, "properties": {"id": 459645592, "feat_type": "way", "quality_categories": "crossings_lacking_kerbs, missing_tags, older_than_five_years, replaceable_values", "issue_ids": "[3, 53, 1, 2]", "osm_url": "https://www.openstreetmap.org/way/459645592", "josm_url": "http://127.0.0.1:8111/load_object?new_layer=false&objects=w459645592", "id_url": "https://www.openstreetmap.org/edit?editor=id&way=459645592#map=20/-12.0287697/-77.0441024"}}, {"type": "Feature", "geometry": {"type": "Point", "coordinates": [-77.0782268, -12.0642967]}, "properties": {"id": 460360136, "feat_type": "way", "quality_categories": "crossings_lacking_kerbs, missing_tags, older_than_five_years, replaceable_values", "issue_ids": "[3, 55, 1, 2]", "osm_url": "https://www.openstreetmap.org/way/460360136", "josm_url": "http://127.0.0.1:8111/load_object?new_layer=false&objects=w460360136", "id_url": "https://www.openstreetmap.org/edit?editor=id&way=460360136#map=20/-12.0642967/-77.0782268"}}, {"type": "Feature", "geometry": {"type": "Point", "coordinates": [-76.9696181, -12.1484112]}, "properties": {"id": 460413601, "feat_type": "way", "quality_categories": "crossings_lacking_kerbs, missing_tags, older_than_five_years, replaceable_values", "issue_ids": "[35, 56, 1, 2]", "osm_url": "https://www.openstreetmap.org/way/460413601", "josm_url": "http://127.0.0.1:8111/load_object?new_layer=false&objects=w460413601", "id_url": "https://www.openstreetmap.org/edit?editor=id&way=460413601#map=20/-12.1484112/-76.9696181"}}, {"type": "Feature", "geometry": {"type": "Point", "coordinates": [-77.0264078, -12.1134594]}, "properties": {"id": 460417689, "feat_type": "way", "quality_categories": "crossings_lacking_kerbs, missing_tags, older_than_five_years, replaceable_values", "issue_ids": "[3, 57, 1, 2]", "osm_url": "https://www.openstreetmap.org/way/460417689", "josm_url": "http://127.0.0.1:8111/load_object?new_layer=false&objects=w460417689", "id_url": "https://www.openstreetmap.org/edit?editor=id&way=460417689#map=20/-12.1134594/-77.0264078"}}, {"type": "Feature", "geometry": {"type": "Point", "coordinates": [-77.02223, -12.1397929]}, "properties": {"id": 460419651, "feat_type": "way", "quality_categories": "crossings_lacking_kerbs, missing_tags, older_than_five_years, replaceable_values", "issue_ids": "[3, 57, 1, 2]", "osm_url": "https://www.openstreetmap.org/way/460419651", "josm_url": "http://127.0.0.1:8111/load_object?new_layer=false&objects=w460419651", "id_url": "https://www.openstreetmap.org/edit?editor=id&way=460419651#map=20/-12.1397929/-77.02223"}}, {"type": "Feature", "geometry": {"type": "Point", "coordinates": [-77.0225273, -12.1379966]}, "properties": {"id": 460421524, "feat_type": "way", "quality_categories": "crossings_lacking_kerbs, missing_tags, older_than_five_years, replaceable_values", "issue_ids": "[3, 57, 1, 2]", "osm_url": "https://www.openstreetmap.org/way/460421524", "josm_url": "http://127.0.0.1:8111/load_object?new_layer=false&objects=w460421524", "id_url": "https://www.openstreetmap.org/edit?editor=id&way=460421524#map=20/-12.1379966/-77.0225273"}}, {"type": "Feature", "geometry": {"type": "Point", "coordinates": [-77.0225717, -12.1376954]}, "properties": {"id": 460421525, "feat_type": "way", "quality_categories": "crossings_lacking_kerbs, missing_tags, older_than_five_years, replaceable_values", "issue_ids": "[3, 57, 1, 2]", "osm_url": "https://www.openstreetmap.org/way/460421525", "josm_url": "http://127.0.0.1:8111/load_object?new_layer=false&objects=w460421525", "id_url": "https://www.openstreetmap.org/edit?editor=id&way=460421525#map=20/-12.1376954/-77.0225717"}}, {"type": "Feature", "geometry": {"type": "Point", "coordinates": [-77.0226467, -12.1371815]}, "properties": {"id": 460421527, "feat_type": "way", "quality_categories": "crossings_lacking_kerbs, missing_tags, older_than_five_years, replaceable_values", "issue_ids": "[3, 57, 1, 2]", "osm_url": "https://www.openstreetmap.org/way/460421527", "josm_url": "http://127.0.0.1:8111/load_object?new_layer=false&objects=w460421527", "id_url": "https://www.openstreetmap.org/edit?editor=id&way=460421527#map=20/-12.1371815/-77.0226467"}}, {"type": "Feature", "geometry": {"type": "Point", "coordinates": [-77.0167547, -12.0757698]}, "properties": {"id": 461269836, "feat_type": "way", "quality_categories": "crossings_lacking_kerbs, missing_tags, older_than_five_years, replaceable_values", "issue_ids": "[3, 58, 1, 2]", "osm_url": "https://www.openstreetmap.org/way/461269836", "josm_url": "http://127.0.0.1:8111/load_object?new_layer=false&objects=w461269836", "id_url": "https://www.openstreetmap.org/edit?editor=id&way=461269836#map=20/-12.0757698/-77.0167547"}}, {"type": "Feature", "geometry": {"type": "Point", "coordinates": [-77.0598114, -12.063668]}, "properties": {"id": 461442013, "feat_type": "way", "quality_categories": "crossings_lacking_kerbs, missing_tags, older_than_five_years, replaceable_values", "issue_ids": "[3, 58, 1, 2]", "osm_url": "https://www.openstreetmap.org/way/461442013", "josm_url": "http://127.0.0.1:8111/load_object?new_layer=false&objects=w461442013", "id_url": "https://www.openstreetmap.org/edit?editor=id&way=461442013#map=20/-12.063668/-77.0598114"}}, {"type": "Feature", "geometry": {"type": "Point", "coordinates": [-77.0602036, -12.0648004]}, "properties": {"id": 461442016, "feat_type": "way", "quality_categories": "crossings_lacking_kerbs, missing_tags, older_than_five_years, replaceable_values", "issue_ids": "[3, 58, 1, 2]", "osm_url": "https://www.openstreetmap.org/way/461442016", "josm_url": "http://127.0.0.1:8111/load_object?new_layer=false&objects=w461442016", "id_url": "https://www.openstreetmap.org/edit?editor=id&way=461442016#map=20/-12.0648004/-77.0602036"}}, {"type": "Feature", "geometry": {"type": "Point", "coordinates": [-77.017307, -12.0819458]}, "properties": {"id": 461590944, "feat_type": "way", "quality_categories": "crossings_lacking_kerbs, missing_tags, older_than_five_years, replaceable_values", "issue_ids": "[3, 17, 1, 2]", "osm_url": "https://www.openstreetmap.org/way/461590944", "josm_url": "http://127.0.0.1:8111/load_object?new_layer=false&objects=w461590944", "id_url": "https://www.openstreetmap.org/edit?editor=id&way=461590944#map=20/-12.0819458/-77.017307"}}, {"type": "Feature", "geometry": {"type": "Point", "coordinates": [-77.0582983, -12.0808215]}, "properties": {"id": 461998719, "feat_type": "way", "quality_categories": "crossings_lacking_kerbs, missing_tags, older_than_five_years, replaceable_values", "issue_ids": "[3, 59, 1, 2]", "osm_url": "https://www.openstreetmap.org/way/461998719", "josm_url": "http://127.0.0.1:8111/load_object?new_layer=false&objects=w461998719", "id_url": "https://www.openstreetmap.org/edit?editor=id&way=461998719#map=20/-12.0808215/-77.0582983"}}, {"type": "Feature", "geometry": {"type": "Point", "coordinates": [-77.0556582, -12.0735218]}, "properties": {"id": 461998729, "feat_type": "way", "quality_categories": "crossings_lacking_kerbs, older_than_five_years, replaceable_values", "issue_ids": "[3, 60, 2]", "osm_url": "https://www.openstreetmap.org/way/461998729", "josm_url": "http://127.0.0.1:8111/load_object?new_layer=false&objects=w461998729", "id_url": "https://www.openstreetmap.org/edit?editor=id&way=461998729#map=20/-12.0735218/-77.0556582"}}, {"type": "Feature", "geometry": {"type": "Point", "coordinates": [-77.0852432, -12.0513444]}, "properties": {"id": 462447105, "feat_type": "way", "quality_categories": "crossings_lacking_kerbs, missing_tags, older_than_five_years, replaceable_values", "issue_ids": "[3, 61, 1, 2]", "osm_url": "https://www.openstreetmap.org/way/462447105", "josm_url": "http://127.0.0.1:8111/load_object?new_layer=false&objects=w462447105", "id_url": "https://www.openstreetmap.org/edit?editor=id&way=462447105#map=20/-12.0513444/-77.0852432"}}, {"type": "Feature", "geometry": {"type": "Point", "coordinates": [-77.0194936, -12.1303789]}, "properties": {"id": 464661763, "feat_type": "way", "quality_categories": "crossings_lacking_kerbs, missing_tags, older_than_five_years, replaceable_values", "issue_ids": "[3, 62, 1, 2]", "osm_url": "https://www.openstreetmap.org/way/464661763", "josm_url": "http://127.0.0.1:8111/load_object?new_layer=false&objects=w464661763", "id_url": "https://www.openstreetmap.org/edit?editor=id&way=464661763#map=20/-12.1303789/-77.0194936"}}, {"type": "Feature", "geometry": {"type": "Point", "coordinates": [-77.0257409, -12.042204]}, "properties": {"id": 464847433, "feat_type": "way", "quality_categories": "crossings_lacking_kerbs, missing_tags, older_than_five_years, replaceable_values", "issue_ids": "[3, 63, 1, 2]", "osm_url": "https://www.openstreetmap.org/way/464847433", "josm_url": "http://127.0.0.1:8111/load_object?new_layer=false&objects=w464847433", "id_url": "https://www.openstreetmap.org/edit?editor=id&way=464847433#map=20/-12.042204/-77.0257409"}}, {"type": "Feature", "geometry": {"type": "Point", "coordinates": [-77.0372314, -12.1107573]}, "properties": {"id": 466001736, "feat_type": "way", "quality_categories": "crossings_lacking_kerbs, older_than_five_years, replaceable_values", "issue_ids": "[3, 64, 2]", "osm_url": "https://www.openstreetmap.org/way/466001736", "josm_url": "http://127.0.0.1:8111/load_object?new_layer=false&objects=w466001736", "id_url": "https://www.openstreetmap.org/edit?editor=id&way=466001736#map=20/-12.1107573/-77.0372314"}}, {"type": "Feature", "geometry": {"type": "Point", "coordinates": [-76.9511655, -12.0909133]}, "properties": {"id": 474927259, "feat_type": "way", "quality_categories": "crossings_lacking_kerbs, missing_tags, older_than_five_years, replaceable_values", "issue_ids": "[3, 65, 1, 2]", "osm_url": "https://www.openstreetmap.org/way/474927259", "josm_url": "http://127.0.0.1:8111/load_object?new_layer=false&objects=w474927259", "id_url": "https://www.openstreetmap.org/edit?editor=id&way=474927259#map=20/-12.0909133/-76.9511655"}}, {"type": "Feature", "geometry": {"type": "Point", "coordinates": [-76.9725296, -12.1272369]}, "properties": {"id": 478955893, "feat_type": "way", "quality_categories": "crossings_lacking_kerbs, missing_tags, older_than_five_years, replaceable_values", "issue_ids": "[3, 66, 1, 2]", "osm_url": "https://www.openstreetmap.org/way/478955893", "josm_url": "http://127.0.0.1:8111/load_object?new_layer=false&objects=w478955893", "id_url": "https://www.openstreetmap.org/edit?editor=id&way=478955893#map=20/-12.1272369/-76.9725296"}}, {"type": "Feature", "geometry": {"type": "Point", "coordinates": [-77.0552316, -11.9978406]}, "properties": {"id": 481126081, "feat_type": "way", "quality_categories": "crossings_lacking_kerbs, missing_tags, older_than_five_years, replaceable_values", "issue_ids": "[3, 24, 1, 2]", "osm_url": "https://www.openstreetmap.org/way/481126081", "josm_url": "http://127.0.0.1:8111/load_object?new_layer=false&objects=w481126081", "id_url": "https://www.openstreetmap.org/edit?editor=id&way=481126081#map=20/-11.9978406/-77.0552316"}}, {"type": "Feature", "geometry": {"type": "Point", "coordinates": [-77.0552289, -11.997635]}, "properties": {"id": 501092551, "feat_type": "way", "quality_categories": "crossings_lacking_kerbs, missing_tags, older_than_five_years, replaceable_values", "issue_ids": "[3, 67, 1, 2]", "osm_url": "https://www.openstreetmap.org/way/501092551", "josm_url": "http://127.0.0.1:8111/load_object?new_layer=false&objects=w501092551", "id_url": "https://www.openstreetmap.org/edit?editor=id&way=501092551#map=20/-11.997635/-77.0552289"}}, {"type": "Feature", "geometry": {"type": "Point", "coordinates": [-77.0555107, -11.997979]}, "properties": {"id": 501092553, "feat_type": "way", "quality_categories": "crossings_lacking_kerbs, missing_tags, older_than_five_years, replaceable_values", "issue_ids": "[3, 67, 1, 2]", "osm_url": "https://www.openstreetmap.org/way/501092553", "josm_url": "http://127.0.0.1:8111/load_object?new_layer=false&objects=w501092553", "id_url": "https://www.openstreetmap.org/edit?editor=id&way=501092553#map=20/-11.997979/-77.0555107"}}, {"type": "Feature", "geometry": {"type": "Point", "coordinates": [-77.0555446, -11.9976371]}, "properties": {"id": 501092556, "feat_type": "way", "quality_categories": "crossings_lacking_kerbs, missing_tags, older_than_five_years, replaceable_values", "issue_ids": "[3, 67, 1, 2]", "osm_url": "https://www.openstreetmap.org/way/501092556", "josm_url": "http://127.0.0.1:8111/load_object?new_layer=false&objects=w501092556", "id_url": "https://www.openstreetmap.org/edit?editor=id&way=501092556#map=20/-11.9976371/-77.0555446"}}, {"type": "Feature", "geometry": {"type": "Point", "coordinates": [-77.055455, -11.9976371]}, "properties": {"id": 501092557, "feat_type": "way", "quality_categories": "crossings_lacking_kerbs, missing_tags, older_than_five_years, replaceable_values", "issue_ids": "[3, 67, 1, 2]", "osm_url": "https://www.openstreetmap.org/way/501092557", "josm_url": "http://127.0.0.1:8111/load_object?new_layer=false&objects=w501092557", "id_url": "https://www.openstreetmap.org/edit?editor=id&way=501092557#map=20/-11.9976371/-77.055455"}}, {"type": "Feature", "geometry": {"type": "Point", "coordinates": [-77.0554617, -11.9978427]}, "properties": {"id": 501092558, "feat_type": "way", "quality_categories": "crossings_lacking_kerbs, missing_tags, older_than_five_years, replaceable_values", "issue_ids": "[3, 67, 1, 2]", "osm_url": "https://www.openstreetmap.org/way/501092558", "josm_url": "http://127.0.0.1:8111/load_object?new_layer=false&objects=w501092558", "id_url": "https://www.openstreetmap.org/edit?editor=id&way=501092558#map=20/-11.9978427/-77.0554617"}}, {"type": "Feature", "geometry": {"type": "Point", "coordinates": [-77.0884876, -12.0779239]}, "properties": {"id": 517486006, "feat_type": "way", "quality_categories": "crossings_lacking_kerbs, missing_tags, older_than_five_years, replaceable_values", "issue_ids": "[3, 68, 1, 2]", "osm_url": "https://www.openstreetmap.org/way/517486006", "josm_url": "http://127.0.0.1:8111/load_object?new_layer=false&objects=w517486006", "id_url": "https://www.openstreetmap.org/edit?editor=id&way=517486006#map=20/-12.0779239/-77.0884876"}}, {"type": "Feature", "geometry": {"type": "Point", "coordinates": [-77.1520134, -11.7911836]}, "properties": {"id": 519450262, "feat_type": "way", "quality_categories": "crossings_lacking_kerbs, older_than_five_years, replaceable_values", "issue_ids": "[3, 69, 2]", "osm_url": "https://www.openstreetmap.org/way/519450262", "josm_url": "http://127.0.0.1:8111/load_object?new_layer=false&objects=w519450262", "id_url": "https://www.openstreetmap.org/edit?editor=id&way=519450262#map=20/-11.7911836/-77.1520134"}}, {"type": "Feature", "geometry": {"type": "Point", "coordinates": [-77.1519391, -11.7911158]}, "properties": {"id": 519450263, "feat_type": "way", "quality_categories": "crossings_lacking_kerbs, older_than_five_years, replaceable_values", "issue_ids": "[3, 69, 2]", "osm_url": "https://www.openstreetmap.org/way/519450263", "josm_url": "http://127.0.0.1:8111/load_object?new_layer=false&objects=w519450263", "id_url": "https://www.openstreetmap.org/edit?editor=id&way=519450263#map=20/-11.7911158/-77.1519391"}}, {"type": "Feature", "geometry": {"type": "Point", "coordinates": [-77.1516363, -11.7909119]}, "properties": {"id": 519450264, "feat_type": "way", "quality_categories": "crossings_lacking_kerbs, older_than_five_years, replaceable_values", "issue_ids": "[3, 69, 2]", "osm_url": "https://www.openstreetmap.org/way/519450264", "josm_url": "http://127.0.0.1:8111/load_object?new_layer=false&objects=w519450264", "id_url": "https://www.openstreetmap.org/edit?editor=id&way=519450264#map=20/-11.7909119/-77.1516363"}}, {"type": "Feature", "geometry": {"type": "Point", "coordinates": [-77.1517302, -11.7913461]}, "properties": {"id": 519450266, "feat_type": "way", "quality_categories": "crossings_lacking_kerbs, older_than_five_years, replaceable_values", "issue_ids": "[3, 69, 2]", "osm_url": "https://www.openstreetmap.org/way/519450266", "josm_url": "http://127.0.0.1:8111/load_object?new_layer=false&objects=w519450266", "id_url": "https://www.openstreetmap.org/edit?editor=id&way=519450266#map=20/-11.7913461/-77.1517302"}}, {"type": "Feature", "geometry": {"type": "Point", "coordinates": [-77.1517272, -11.7914452]}, "properties": {"id": 519450268, "feat_type": "way", "quality_categories": "crossings_lacking_kerbs, older_than_five_years, replaceable_values", "issue_ids": "[3, 69, 2]", "osm_url": "https://www.openstreetmap.org/way/519450268", "josm_url": "http://127.0.0.1:8111/load_object?new_layer=false&objects=w519450268", "id_url": "https://www.openstreetmap.org/edit?editor=id&way=519450268#map=20/-11.7914452/-77.1517272"}}, {"type": "Feature", "geometry": {"type": "Point", "coordinates": [-77.1514191, -11.7916954]}, "properties": {"id": 519450269, "feat_type": "way", "quality_categories": "crossings_lacking_kerbs, older_than_five_years, replaceable_values", "issue_ids": "[3, 69, 2]", "osm_url": "https://www.openstreetmap.org/way/519450269", "josm_url": "http://127.0.0.1:8111/load_object?new_layer=false&objects=w519450269", "id_url": "https://www.openstreetmap.org/edit?editor=id&way=519450269#map=20/-11.7916954/-77.1514191"}}, {"type": "Feature", "geometry": {"type": "Point", "coordinates": [-77.1513849, -11.7917238]}, "properties": {"id": 519450271, "feat_type": "way", "quality_categories": "crossings_lacking_kerbs, older_than_five_years, replaceable_values", "issue_ids": "[3, 69, 2]", "osm_url": "https://www.openstreetmap.org/way/519450271", "josm_url": "http://127.0.0.1:8111/load_object?new_layer=false&objects=w519450271", "id_url": "https://www.openstreetmap.org/edit?editor=id&way=519450271#map=20/-11.7917238/-77.1513849"}}, {"type": "Feature", "geometry": {"type": "Point", "coordinates": [-77.1511118, -11.7918379]}, "properties": {"id": 519450273, "feat_type": "way", "quality_categories": "crossings_lacking_kerbs, older_than_five_years, replaceable_values", "issue_ids": "[3, 69, 2]", "osm_url": "https://www.openstreetmap.org/way/519450273", "josm_url": "http://127.0.0.1:8111/load_object?new_layer=false&objects=w519450273", "id_url": "https://www.openstreetmap.org/edit?editor=id&way=519450273#map=20/-11.7918379/-77.1511118"}}, {"type": "Feature", "geometry": {"type": "Point", "coordinates": [-77.1511228, -11.7919402]}, "properties": {"id": 519450275, "feat_type": "way", "quality_categories": "crossings_lacking_kerbs, older_than_five_years, replaceable_values", "issue_ids": "[3, 69, 2]", "osm_url": "https://www.openstreetmap.org/way/519450275", "josm_url": "http://127.0.0.1:8111/load_object?new_layer=false&objects=w519450275", "id_url": "https://www.openstreetmap.org/edit?editor=id&way=519450275#map=20/-11.7919402/-77.1511228"}}, {"type": "Feature", "geometry": {"type": "Point", "coordinates": [-77.1510295, -11.7918394]}, "properties": {"id": 519450277, "feat_type": "way", "quality_categories": "crossings_lacking_kerbs, older_than_five_years, replaceable_values", "issue_ids": "[3, 69, 2]", "osm_url": "https://www.openstreetmap.org/way/519450277", "josm_url": "http://127.0.0.1:8111/load_object?new_layer=false&objects=w519450277", "id_url": "https://www.openstreetmap.org/edit?editor=id&way=519450277#map=20/-11.7918394/-77.1510295"}}, {"type": "Feature", "geometry": {"type": "Point", "coordinates": [-77.150978, -11.7916953]}, "properties": {"id": 519450278, "feat_type": "way", "quality_categories": "crossings_lacking_kerbs, older_than_five_years, replaceable_values", "issue_ids": "[3, 69, 2]", "osm_url": "https://www.openstreetmap.org/way/519450278", "josm_url": "http://127.0.0.1:8111/load_object?new_layer=false&objects=w519450278", "id_url": "https://www.openstreetmap.org/edit?editor=id&way=519450278#map=20/-11.7916953/-77.150978"}}, {"type": "Feature", "geometry": {"type": "Point", "coordinates": [-77.1507016, -11.7915096]}, "properties": {"id": 519450280, "feat_type": "way", "quality_categories": "crossings_lacking_kerbs, older_than_five_years, replaceable_values", "issue_ids": "[3, 69, 2]", "osm_url": "https://www.openstreetmap.org/way/519450280", "josm_url": "http://127.0.0.1:8111/load_object?new_layer=false&objects=w519450280", "id_url": "https://www.openstreetmap.org/edit?editor=id&way=519450280#map=20/-11.7915096/-77.1507016"}}, {"type": "Feature", "geometry": {"type": "Point", "coordinates": [-77.1506879, -11.7914228]}, "properties": {"id": 519450282, "feat_type": "way", "quality_categories": "crossings_lacking_kerbs, older_than_five_years, replaceable_values", "issue_ids": "[3, 69, 2]", "osm_url": "https://www.openstreetmap.org/way/519450282", "josm_url": "http://127.0.0.1:8111/load_object?new_layer=false&objects=w519450282", "id_url": "https://www.openstreetmap.org/edit?editor=id&way=519450282#map=20/-11.7914228/-77.1506879"}}, {"type": "Feature", "geometry": {"type": "Point", "coordinates": [-77.150988, -11.7909401]}, "properties": {"id": 519450284, "feat_type": "way", "quality_categories": "crossings_lacking_kerbs, older_than_five_years, replaceable_values", "issue_ids": "[3, 69, 2]", "osm_url": "https://www.openstreetmap.org/way/519450284", "josm_url": "http://127.0.0.1:8111/load_object?new_layer=false&objects=w519450284", "id_url": "https://www.openstreetmap.org/edit?editor=id&way=519450284#map=20/-11.7909401/-77.150988"}}, {"type": "Feature", "geometry": {"type": "Point", "coordinates": [-77.151341, -11.7906476]}, "properties": {"id": 519450287, "feat_type": "way", "quality_categories": "crossings_lacking_kerbs, older_than_five_years, replaceable_values", "issue_ids": "[3, 69, 2]", "osm_url": "https://www.openstreetmap.org/way/519450287", "josm_url": "http://127.0.0.1:8111/load_object?new_layer=false&objects=w519450287", "id_url": "https://www.openstreetmap.org/edit?editor=id&way=519450287#map=20/-11.7906476/-77.151341"}}, {"type": "Feature", "geometry": {"type": "Point", "coordinates": [-77.1524746, -11.7921615]}, "properties": {"id": 519450289, "feat_type": "way", "quality_categories": "crossings_lacking_kerbs, older_than_five_years, replaceable_values", "issue_ids": "[3, 69, 2]", "osm_url": "https://www.openstreetmap.org/way/519450289", "josm_url": "http://127.0.0.1:8111/load_object?new_layer=false&objects=w519450289", "id_url": "https://www.openstreetmap.org/edit?editor=id&way=519450289#map=20/-11.7921615/-77.1524746"}}, {"type": "Feature", "geometry": {"type": "Point", "coordinates": [-77.1527597, -11.7918748]}, "properties": {"id": 519450291, "feat_type": "way", "quality_categories": "crossings_lacking_kerbs, older_than_five_years, replaceable_values", "issue_ids": "[3, 69, 2]", "osm_url": "https://www.openstreetmap.org/way/519450291", "josm_url": "http://127.0.0.1:8111/load_object?new_layer=false&objects=w519450291", "id_url": "https://www.openstreetmap.org/edit?editor=id&way=519450291#map=20/-11.7918748/-77.1527597"}}, {"type": "Feature", "geometry": {"type": "Point", "coordinates": [-77.1521602, -11.7924454]}, "properties": {"id": 519450293, "feat_type": "way", "quality_categories": "crossings_lacking_kerbs, older_than_five_years, replaceable_values", "issue_ids": "[3, 69, 2]", "osm_url": "https://www.openstreetmap.org/way/519450293", "josm_url": "http://127.0.0.1:8111/load_object?new_layer=false&objects=w519450293", "id_url": "https://www.openstreetmap.org/edit?editor=id&way=519450293#map=20/-11.7924454/-77.1521602"}}, {"type": "Feature", "geometry": {"type": "Point", "coordinates": [-77.151971, -11.7927159]}, "properties": {"id": 519450295, "feat_type": "way", "quality_categories": "crossings_lacking_kerbs, older_than_five_years, replaceable_values", "issue_ids": "[3, 69, 2]", "osm_url": "https://www.openstreetmap.org/way/519450295", "josm_url": "http://127.0.0.1:8111/load_object?new_layer=false&objects=w519450295", "id_url": "https://www.openstreetmap.org/edit?editor=id&way=519450295#map=20/-11.7927159/-77.151971"}}, {"type": "Feature", "geometry": {"type": "Point", "coordinates": [-77.1519817, -11.7928104]}, "properties": {"id": 519450297, "feat_type": "way", "quality_categories": "crossings_lacking_kerbs, older_than_five_years, replaceable_values", "issue_ids": "[3, 69, 2]", "osm_url": "https://www.openstreetmap.org/way/519450297", "josm_url": "http://127.0.0.1:8111/load_object?new_layer=false&objects=w519450297", "id_url": "https://www.openstreetmap.org/edit?editor=id&way=519450297#map=20/-11.7928104/-77.1519817"}}, {"type": "Feature", "geometry": {"type": "Point", "coordinates": [-77.1515617, -11.7925026]}, "properties": {"id": 519450300, "feat_type": "way", "quality_categories": "crossings_lacking_kerbs, older_than_five_years, replaceable_values", "issue_ids": "[3, 69, 2]", "osm_url": "https://www.openstreetmap.org/way/519450300", "josm_url": "http://127.0.0.1:8111/load_object?new_layer=false&objects=w519450300", "id_url": "https://www.openstreetmap.org/edit?editor=id&way=519450300#map=20/-11.7925026/-77.1515617"}}, {"type": "Feature", "geometry": {"type": "Point", "coordinates": [-77.151841, -11.7932773]}, "properties": {"id": 519450302, "feat_type": "way", "quality_categories": "crossings_lacking_kerbs, older_than_five_years, replaceable_values", "issue_ids": "[3, 69, 2]", "osm_url": "https://www.openstreetmap.org/way/519450302", "josm_url": "http://127.0.0.1:8111/load_object?new_layer=false&objects=w519450302", "id_url": "https://www.openstreetmap.org/edit?editor=id&way=519450302#map=20/-11.7932773/-77.151841"}}, {"type": "Feature", "geometry": {"type": "Point", "coordinates": [-77.1513174, -11.7933399]}, "properties": {"id": 519450303, "feat_type": "way", "quality_categories": "crossings_lacking_kerbs, older_than_five_years, replaceable_values", "issue_ids": "[3, 69, 2]", "osm_url": "https://www.openstreetmap.org/way/519450303", "josm_url": "http://127.0.0.1:8111/load_object?new_layer=false&objects=w519450303", "id_url": "https://www.openstreetmap.org/edit?editor=id&way=519450303#map=20/-11.7933399/-77.1513174"}}, {"type": "Feature", "geometry": {"type": "Point", "coordinates": [-77.1519686, -11.7936923]}, "properties": {"id": 519450305, "feat_type": "way", "quality_categories": "crossings_lacking_kerbs, older_than_five_years, replaceable_values", "issue_ids": "[3, 69, 2]", "osm_url": "https://www.openstreetmap.org/way/519450305", "josm_url": "http://127.0.0.1:8111/load_object?new_layer=false&objects=w519450305", "id_url": "https://www.openstreetmap.org/edit?editor=id&way=519450305#map=20/-11.7936923/-77.1519686"}}, {"type": "Feature", "geometry": {"type": "Point", "coordinates": [-77.1516022, -11.7937598]}, "properties": {"id": 519450307, "feat_type": "way", "quality_categories": "crossings_lacking_kerbs, older_than_five_years, replaceable_values", "issue_ids": "[3, 69, 2]", "osm_url": "https://www.openstreetmap.org/way/519450307", "josm_url": "http://127.0.0.1:8111/load_object?new_layer=false&objects=w519450307", "id_url": "https://www.openstreetmap.org/edit?editor=id&way=519450307#map=20/-11.7937598/-77.1516022"}}, {"type": "Feature", "geometry": {"type": "Point", "coordinates": [-77.1521754, -11.793996]}, "properties": {"id": 519450308, "feat_type": "way", "quality_categories": "crossings_lacking_kerbs, older_than_five_years, replaceable_values", "issue_ids": "[3, 69, 2]", "osm_url": "https://www.openstreetmap.org/way/519450308", "josm_url": "http://127.0.0.1:8111/load_object?new_layer=false&objects=w519450308", "id_url": "https://www.openstreetmap.org/edit?editor=id&way=519450308#map=20/-11.793996/-77.1521754"}}, {"type": "Feature", "geometry": {"type": "Point", "coordinates": [-77.1525425, -11.7939293]}, "properties": {"id": 519450310, "feat_type": "way", "quality_categories": "crossings_lacking_kerbs, older_than_five_years, replaceable_values", "issue_ids": "[3, 69, 2]", "osm_url": "https://www.openstreetmap.org/way/519450310", "josm_url": "http://127.0.0.1:8111/load_object?new_layer=false&objects=w519450310", "id_url": "https://www.openstreetmap.org/edit?editor=id&way=519450310#map=20/-11.7939293/-77.1525425"}}, {"type": "Feature", "geometry": {"type": "Point", "coordinates": [-77.1526339, -11.7939836]}, "properties": {"id": 519450311, "feat_type": "way", "quality_categories": "crossings_lacking_kerbs, older_than_five_years, replaceable_values", "issue_ids": "[3, 69, 2]", "osm_url": "https://www.openstreetmap.org/way/519450311", "josm_url": "http://127.0.0.1:8111/load_object?new_layer=false&objects=w519450311", "id_url": "https://www.openstreetmap.org/edit?editor=id&way=519450311#map=20/-11.7939836/-77.1526339"}}, {"type": "Feature", "geometry": {"type": "Point", "coordinates": [-77.1515412, -11.7943624]}, "properties": {"id": 519450312, "feat_type": "way", "quality_categories": "crossings_lacking_kerbs, older_than_five_years, replaceable_values", "issue_ids": "[3, 69, 2]", "osm_url": "https://www.openstreetmap.org/way/519450312", "josm_url": "http://127.0.0.1:8111/load_object?new_layer=false&objects=w519450312", "id_url": "https://www.openstreetmap.org/edit?editor=id&way=519450312#map=20/-11.7943624/-77.1515412"}}, {"type": "Feature", "geometry": {"type": "Point", "coordinates": [-77.1508535, -11.7937042]}, "properties": {"id": 519450314, "feat_type": "way", "quality_categories": "crossings_lacking_kerbs, older_than_five_years, replaceable_values", "issue_ids": "[3, 69, 2]", "osm_url": "https://www.openstreetmap.org/way/519450314", "josm_url": "http://127.0.0.1:8111/load_object?new_layer=false&objects=w519450314", "id_url": "https://www.openstreetmap.org/edit?editor=id&way=519450314#map=20/-11.7937042/-77.1508535"}}, {"type": "Feature", "geometry": {"type": "Point", "coordinates": [-77.1505363, -11.793955]}, "properties": {"id": 519450317, "feat_type": "way", "quality_categories": "crossings_lacking_kerbs, older_than_five_years, replaceable_values", "issue_ids": "[3, 69, 2]", "osm_url": "https://www.openstreetmap.org/way/519450317", "josm_url": "http://127.0.0.1:8111/load_object?new_layer=false&objects=w519450317", "id_url": "https://www.openstreetmap.org/edit?editor=id&way=519450317#map=20/-11.793955/-77.1505363"}}, {"type": "Feature", "geometry": {"type": "Point", "coordinates": [-77.1507626, -11.7936887]}, "properties": {"id": 519450319, "feat_type": "way", "quality_categories": "crossings_lacking_kerbs, older_than_five_years, replaceable_values", "issue_ids": "[3, 69, 2]", "osm_url": "https://www.openstreetmap.org/way/519450319", "josm_url": "http://127.0.0.1:8111/load_object?new_layer=false&objects=w519450319", "id_url": "https://www.openstreetmap.org/edit?editor=id&way=519450319#map=20/-11.7936887/-77.1507626"}}, {"type": "Feature", "geometry": {"type": "Point", "coordinates": [-77.150045, -11.7933187]}, "properties": {"id": 519450321, "feat_type": "way", "quality_categories": "crossings_lacking_kerbs, older_than_five_years, replaceable_values", "issue_ids": "[3, 69, 2]", "osm_url": "https://www.openstreetmap.org/way/519450321", "josm_url": "http://127.0.0.1:8111/load_object?new_layer=false&objects=w519450321", "id_url": "https://www.openstreetmap.org/edit?editor=id&way=519450321#map=20/-11.7933187/-77.150045"}}, {"type": "Feature", "geometry": {"type": "Point", "coordinates": [-77.1497507, -11.7934763]}, "properties": {"id": 519450322, "feat_type": "way", "quality_categories": "crossings_lacking_kerbs, older_than_five_years, replaceable_values", "issue_ids": "[3, 69, 2]", "osm_url": "https://www.openstreetmap.org/way/519450322", "josm_url": "http://127.0.0.1:8111/load_object?new_layer=false&objects=w519450322", "id_url": "https://www.openstreetmap.org/edit?editor=id&way=519450322#map=20/-11.7934763/-77.1497507"}}, {"type": "Feature", "geometry": {"type": "Point", "coordinates": [-77.1494903, -11.793263]}, "properties": {"id": 519450324, "feat_type": "way", "quality_categories": "crossings_lacking_kerbs, older_than_five_years, replaceable_values", "issue_ids": "[3, 69, 2]", "osm_url": "https://www.openstreetmap.org/way/519450324", "josm_url": "http://127.0.0.1:8111/load_object?new_layer=false&objects=w519450324", "id_url": "https://www.openstreetmap.org/edit?editor=id&way=519450324#map=20/-11.793263/-77.1494903"}}, {"type": "Feature", "geometry": {"type": "Point", "coordinates": [-77.1494874, -11.7931296]}, "properties": {"id": 519450326, "feat_type": "way", "quality_categories": "crossings_lacking_kerbs, older_than_five_years, replaceable_values", "issue_ids": "[3, 69, 2]", "osm_url": "https://www.openstreetmap.org/way/519450326", "josm_url": "http://127.0.0.1:8111/load_object?new_layer=false&objects=w519450326", "id_url": "https://www.openstreetmap.org/edit?editor=id&way=519450326#map=20/-11.7931296/-77.1494874"}}, {"type": "Feature", "geometry": {"type": "Point", "coordinates": [-77.1494176, -11.7930634]}, "properties": {"id": 519450328, "feat_type": "way", "quality_categories": "crossings_lacking_kerbs, older_than_five_years, replaceable_values", "issue_ids": "[3, 69, 2]", "osm_url": "https://www.openstreetmap.org/way/519450328", "josm_url": "http://127.0.0.1:8111/load_object?new_layer=false&objects=w519450328", "id_url": "https://www.openstreetmap.org/edit?editor=id&way=519450328#map=20/-11.7930634/-77.1494176"}}, {"type": "Feature", "geometry": {"type": "Point", "coordinates": [-77.1491952, -11.7935059]}, "properties": {"id": 519451242, "feat_type": "way", "quality_categories": "crossings_lacking_kerbs, older_than_five_years, replaceable_values", "issue_ids": "[3, 69, 2]", "osm_url": "https://www.openstreetmap.org/way/519451242", "josm_url": "http://127.0.0.1:8111/load_object?new_layer=false&objects=w519451242", "id_url": "https://www.openstreetmap.org/edit?editor=id&way=519451242#map=20/-11.7935059/-77.1491952"}}, {"type": "Feature", "geometry": {"type": "Point", "coordinates": [-77.1490891, -11.7933939]}, "properties": {"id": 519451243, "feat_type": "way", "quality_categories": "crossings_lacking_kerbs, older_than_five_years, replaceable_values", "issue_ids": "[3, 69, 2]", "osm_url": "https://www.openstreetmap.org/way/519451243", "josm_url": "http://127.0.0.1:8111/load_object?new_layer=false&objects=w519451243", "id_url": "https://www.openstreetmap.org/edit?editor=id&way=519451243#map=20/-11.7933939/-77.1490891"}}, {"type": "Feature", "geometry": {"type": "Point", "coordinates": [-77.1488786, -11.7931938]}, "properties": {"id": 519451244, "feat_type": "way", "quality_categories": "crossings_lacking_kerbs, older_than_five_years, replaceable_values", "issue_ids": "[3, 69, 2]", "osm_url": "https://www.openstreetmap.org/way/519451244", "josm_url": "http://127.0.0.1:8111/load_object?new_layer=false&objects=w519451244", "id_url": "https://www.openstreetmap.org/edit?editor=id&way=519451244#map=20/-11.7931938/-77.1488786"}}, {"type": "Feature", "geometry": {"type": "Point", "coordinates": [-77.148893, -11.7937507]}, "properties": {"id": 519451245, "feat_type": "way", "quality_categories": "crossings_lacking_kerbs, older_than_five_years, replaceable_values", "issue_ids": "[3, 69, 2]", "osm_url": "https://www.openstreetmap.org/way/519451245", "josm_url": "http://127.0.0.1:8111/load_object?new_layer=false&objects=w519451245", "id_url": "https://www.openstreetmap.org/edit?editor=id&way=519451245#map=20/-11.7937507/-77.148893"}}, {"type": "Feature", "geometry": {"type": "Point", "coordinates": [-77.148592, -11.7939674]}, "properties": {"id": 519451246, "feat_type": "way", "quality_categories": "crossings_lacking_kerbs, older_than_five_years, replaceable_values", "issue_ids": "[3, 69, 2]", "osm_url": "https://www.openstreetmap.org/way/519451246", "josm_url": "http://127.0.0.1:8111/load_object?new_layer=false&objects=w519451246", "id_url": "https://www.openstreetmap.org/edit?editor=id&way=519451246#map=20/-11.7939674/-77.148592"}}, {"type": "Feature", "geometry": {"type": "Point", "coordinates": [-77.1482927, -11.7941891]}, "properties": {"id": 519451247, "feat_type": "way", "quality_categories": "crossings_lacking_kerbs, older_than_five_years, replaceable_values", "issue_ids": "[3, 69, 2]", "osm_url": "https://www.openstreetmap.org/way/519451247", "josm_url": "http://127.0.0.1:8111/load_object?new_layer=false&objects=w519451247", "id_url": "https://www.openstreetmap.org/edit?editor=id&way=519451247#map=20/-11.7941891/-77.1482927"}}, {"type": "Feature", "geometry": {"type": "Point", "coordinates": [-77.1479829, -11.7944131]}, "properties": {"id": 519451248, "feat_type": "way", "quality_categories": "crossings_lacking_kerbs, older_than_five_years, replaceable_values", "issue_ids": "[3, 69, 2]", "osm_url": "https://www.openstreetmap.org/way/519451248", "josm_url": "http://127.0.0.1:8111/load_object?new_layer=false&objects=w519451248", "id_url": "https://www.openstreetmap.org/edit?editor=id&way=519451248#map=20/-11.7944131/-77.1479829"}}, {"type": "Feature", "geometry": {"type": "Point", "coordinates": [-77.1479946, -11.7943167]}, "properties": {"id": 519451249, "feat_type": "way", "quality_categories": "crossings_lacking_kerbs, older_than_five_years, replaceable_values", "issue_ids": "[3, 69, 2]", "osm_url": "https://www.openstreetmap.org/way/519451249", "josm_url": "http://127.0.0.1:8111/load_object?new_layer=false&objects=w519451249", "id_url": "https://www.openstreetmap.org/edit?editor=id&way=519451249#map=20/-11.7943167/-77.1479946"}}, {"type": "Feature", "geometry": {"type": "Point", "coordinates": [-77.1478977, -11.7942984]}, "properties": {"id": 519451250, "feat_type": "way", "quality_categories": "crossings_lacking_kerbs, older_than_five_years, replaceable_values", "issue_ids": "[3, 69, 2]", "osm_url": "https://www.openstreetmap.org/way/519451250", "josm_url": "http://127.0.0.1:8111/load_object?new_layer=false&objects=w519451250", "id_url": "https://www.openstreetmap.org/edit?editor=id&way=519451250#map=20/-11.7942984/-77.1478977"}}, {"type": "Feature", "geometry": {"type": "Point", "coordinates": [-77.1478903, -11.7943963]}, "properties": {"id": 519451251, "feat_type": "way", "quality_categories": "crossings_lacking_kerbs, older_than_five_years, replaceable_values", "issue_ids": "[3, 69, 2]", "osm_url": "https://www.openstreetmap.org/way/519451251", "josm_url": "http://127.0.0.1:8111/load_object?new_layer=false&objects=w519451251", "id_url": "https://www.openstreetmap.org/edit?editor=id&way=519451251#map=20/-11.7943963/-77.1478903"}}, {"type": "Feature", "geometry": {"type": "Point", "coordinates": [-77.1472985, -11.7942118]}, "properties": {"id": 519451252, "feat_type": "way", "quality_categories": "crossings_lacking_kerbs, older_than_five_years, replaceable_values", "issue_ids": "[3, 69, 2]", "osm_url": "https://www.openstreetmap.org/way/519451252", "josm_url": "http://127.0.0.1:8111/load_object?new_layer=false&objects=w519451252", "id_url": "https://www.openstreetmap.org/edit?editor=id&way=519451252#map=20/-11.7942118/-77.1472985"}}, {"type": "Feature", "geometry": {"type": "Point", "coordinates": [-77.1477302, -11.794067]}, "properties": {"id": 519451253, "feat_type": "way", "quality_categories": "crossings_lacking_kerbs, older_than_five_years, replaceable_values", "issue_ids": "[3, 69, 2]", "osm_url": "https://www.openstreetmap.org/way/519451253", "josm_url": "http://127.0.0.1:8111/load_object?new_layer=false&objects=w519451253", "id_url": "https://www.openstreetmap.org/edit?editor=id&way=519451253#map=20/-11.794067/-77.1477302"}}, {"type": "Feature", "geometry": {"type": "Point", "coordinates": [-77.1482881, -11.7935897]}, "properties": {"id": 519451254, "feat_type": "way", "quality_categories": "crossings_lacking_kerbs, older_than_five_years, replaceable_values", "issue_ids": "[3, 69, 2]", "osm_url": "https://www.openstreetmap.org/way/519451254", "josm_url": "http://127.0.0.1:8111/load_object?new_layer=false&objects=w519451254", "id_url": "https://www.openstreetmap.org/edit?editor=id&way=519451254#map=20/-11.7935897/-77.1482881"}}, {"type": "Feature", "geometry": {"type": "Point", "coordinates": [-77.1490349, -11.7927022]}, "properties": {"id": 519451255, "feat_type": "way", "quality_categories": "crossings_lacking_kerbs, older_than_five_years, replaceable_values", "issue_ids": "[3, 69, 2]", "osm_url": "https://www.openstreetmap.org/way/519451255", "josm_url": "http://127.0.0.1:8111/load_object?new_layer=false&objects=w519451255", "id_url": "https://www.openstreetmap.org/edit?editor=id&way=519451255#map=20/-11.7927022/-77.1490349"}}, {"type": "Feature", "geometry": {"type": "Point", "coordinates": [-77.148835, -11.7926283]}, "properties": {"id": 519451256, "feat_type": "way", "quality_categories": "crossings_lacking_kerbs, older_than_five_years, replaceable_values", "issue_ids": "[3, 69, 2]", "osm_url": "https://www.openstreetmap.org/way/519451256", "josm_url": "http://127.0.0.1:8111/load_object?new_layer=false&objects=w519451256", "id_url": "https://www.openstreetmap.org/edit?editor=id&way=519451256#map=20/-11.7926283/-77.148835"}}, {"type": "Feature", "geometry": {"type": "Point", "coordinates": [-77.1486017, -11.7923789]}, "properties": {"id": 519451257, "feat_type": "way", "quality_categories": "crossings_lacking_kerbs, older_than_five_years, replaceable_values", "issue_ids": "[3, 69, 2]", "osm_url": "https://www.openstreetmap.org/way/519451257", "josm_url": "http://127.0.0.1:8111/load_object?new_layer=false&objects=w519451257", "id_url": "https://www.openstreetmap.org/edit?editor=id&way=519451257#map=20/-11.7923789/-77.1486017"}}, {"type": "Feature", "geometry": {"type": "Point", "coordinates": [-77.1488727, -11.7919996]}, "properties": {"id": 519451258, "feat_type": "way", "quality_categories": "crossings_lacking_kerbs, older_than_five_years, replaceable_values", "issue_ids": "[3, 69, 2]", "osm_url": "https://www.openstreetmap.org/way/519451258", "josm_url": "http://127.0.0.1:8111/load_object?new_layer=false&objects=w519451258", "id_url": "https://www.openstreetmap.org/edit?editor=id&way=519451258#map=20/-11.7919996/-77.1488727"}}, {"type": "Feature", "geometry": {"type": "Point", "coordinates": [-77.1493103, -11.7924123]}, "properties": {"id": 519451259, "feat_type": "way", "quality_categories": "crossings_lacking_kerbs, older_than_five_years, replaceable_values", "issue_ids": "[3, 69, 2]", "osm_url": "https://www.openstreetmap.org/way/519451259", "josm_url": "http://127.0.0.1:8111/load_object?new_layer=false&objects=w519451259", "id_url": "https://www.openstreetmap.org/edit?editor=id&way=519451259#map=20/-11.7924123/-77.1493103"}}, {"type": "Feature", "geometry": {"type": "Point", "coordinates": [-77.1493093, -11.7923405]}, "properties": {"id": 519451260, "feat_type": "way", "quality_categories": "crossings_lacking_kerbs, older_than_five_years, replaceable_values", "issue_ids": "[3, 69, 2]", "osm_url": "https://www.openstreetmap.org/way/519451260", "josm_url": "http://127.0.0.1:8111/load_object?new_layer=false&objects=w519451260", "id_url": "https://www.openstreetmap.org/edit?editor=id&way=519451260#map=20/-11.7923405/-77.1493093"}}, {"type": "Feature", "geometry": {"type": "Point", "coordinates": [-77.1493744, -11.7923316]}, "properties": {"id": 519451261, "feat_type": "way", "quality_categories": "crossings_lacking_kerbs, older_than_five_years, replaceable_values", "issue_ids": "[3, 69, 2]", "osm_url": "https://www.openstreetmap.org/way/519451261", "josm_url": "http://127.0.0.1:8111/load_object?new_layer=false&objects=w519451261", "id_url": "https://www.openstreetmap.org/edit?editor=id&way=519451261#map=20/-11.7923316/-77.1493744"}}, {"type": "Feature", "geometry": {"type": "Point", "coordinates": [-77.1494317, -11.7924376]}, "properties": {"id": 519451262, "feat_type": "way", "quality_categories": "crossings_lacking_kerbs, older_than_five_years, replaceable_values", "issue_ids": "[3, 69, 2]", "osm_url": "https://www.openstreetmap.org/way/519451262", "josm_url": "http://127.0.0.1:8111/load_object?new_layer=false&objects=w519451262", "id_url": "https://www.openstreetmap.org/edit?editor=id&way=519451262#map=20/-11.7924376/-77.1494317"}}, {"type": "Feature", "geometry": {"type": "Point", "coordinates": [-77.1495803, -11.7919714]}, "properties": {"id": 519451263, "feat_type": "way", "quality_categories": "crossings_lacking_kerbs, older_than_five_years, replaceable_values", "issue_ids": "[3, 69, 2]", "osm_url": "https://www.openstreetmap.org/way/519451263", "josm_url": "http://127.0.0.1:8111/load_object?new_layer=false&objects=w519451263", "id_url": "https://www.openstreetmap.org/edit?editor=id&way=519451263#map=20/-11.7919714/-77.1495803"}}, {"type": "Feature", "geometry": {"type": "Point", "coordinates": [-77.1496722, -11.7919565]}, "properties": {"id": 519451264, "feat_type": "way", "quality_categories": "crossings_lacking_kerbs, older_than_five_years, replaceable_values", "issue_ids": "[3, 69, 2]", "osm_url": "https://www.openstreetmap.org/way/519451264", "josm_url": "http://127.0.0.1:8111/load_object?new_layer=false&objects=w519451264", "id_url": "https://www.openstreetmap.org/edit?editor=id&way=519451264#map=20/-11.7919565/-77.1496722"}}, {"type": "Feature", "geometry": {"type": "Point", "coordinates": [-77.1494693, -11.7918055]}, "properties": {"id": 519451265, "feat_type": "way", "quality_categories": "crossings_lacking_kerbs, older_than_five_years, replaceable_values", "issue_ids": "[3, 69, 2]", "osm_url": "https://www.openstreetmap.org/way/519451265", "josm_url": "http://127.0.0.1:8111/load_object?new_layer=false&objects=w519451265", "id_url": "https://www.openstreetmap.org/edit?editor=id&way=519451265#map=20/-11.7918055/-77.1494693"}}, {"type": "Feature", "geometry": {"type": "Point", "coordinates": [-77.1491399, -11.7916331]}, "properties": {"id": 519451266, "feat_type": "way", "quality_categories": "crossings_lacking_kerbs, older_than_five_years, replaceable_values", "issue_ids": "[3, 69, 2]", "osm_url": "https://www.openstreetmap.org/way/519451266", "josm_url": "http://127.0.0.1:8111/load_object?new_layer=false&objects=w519451266", "id_url": "https://www.openstreetmap.org/edit?editor=id&way=519451266#map=20/-11.7916331/-77.1491399"}}, {"type": "Feature", "geometry": {"type": "Point", "coordinates": [-77.1504, -11.7905854]}, "properties": {"id": 519451267, "feat_type": "way", "quality_categories": "crossings_lacking_kerbs, older_than_five_years, replaceable_values", "issue_ids": "[3, 69, 2]", "osm_url": "https://www.openstreetmap.org/way/519451267", "josm_url": "http://127.0.0.1:8111/load_object?new_layer=false&objects=w519451267", "id_url": "https://www.openstreetmap.org/edit?editor=id&way=519451267#map=20/-11.7905854/-77.1504"}}, {"type": "Feature", "geometry": {"type": "Point", "coordinates": [-77.150247, -11.7912158]}, "properties": {"id": 519451268, "feat_type": "way", "quality_categories": "crossings_lacking_kerbs, older_than_five_years, replaceable_values", "issue_ids": "[3, 69, 2]", "osm_url": "https://www.openstreetmap.org/way/519451268", "josm_url": "http://127.0.0.1:8111/load_object?new_layer=false&objects=w519451268", "id_url": "https://www.openstreetmap.org/edit?editor=id&way=519451268#map=20/-11.7912158/-77.150247"}}, {"type": "Feature", "geometry": {"type": "Point", "coordinates": [-77.1506313, -11.7907959]}, "properties": {"id": 519451269, "feat_type": "way", "quality_categories": "crossings_lacking_kerbs, older_than_five_years, replaceable_values", "issue_ids": "[3, 69, 2]", "osm_url": "https://www.openstreetmap.org/way/519451269", "josm_url": "http://127.0.0.1:8111/load_object?new_layer=false&objects=w519451269", "id_url": "https://www.openstreetmap.org/edit?editor=id&way=519451269#map=20/-11.7907959/-77.1506313"}}, {"type": "Feature", "geometry": {"type": "Point", "coordinates": [-77.1508165, -11.7907513]}, "properties": {"id": 519451270, "feat_type": "way", "quality_categories": "crossings_lacking_kerbs, older_than_five_years, replaceable_values", "issue_ids": "[3, 69, 2]", "osm_url": "https://www.openstreetmap.org/way/519451270", "josm_url": "http://127.0.0.1:8111/load_object?new_layer=false&objects=w519451270", "id_url": "https://www.openstreetmap.org/edit?editor=id&way=519451270#map=20/-11.7907513/-77.1508165"}}, {"type": "Feature", "geometry": {"type": "Point", "coordinates": [-77.1507424, -11.7905567]}, "properties": {"id": 519451271, "feat_type": "way", "quality_categories": "crossings_lacking_kerbs, older_than_five_years, replaceable_values", "issue_ids": "[3, 69, 2]", "osm_url": "https://www.openstreetmap.org/way/519451271", "josm_url": "http://127.0.0.1:8111/load_object?new_layer=false&objects=w519451271", "id_url": "https://www.openstreetmap.org/edit?editor=id&way=519451271#map=20/-11.7905567/-77.1507424"}}, {"type": "Feature", "geometry": {"type": "Point", "coordinates": [-77.1505678, -11.7906279]}, "properties": {"id": 519451272, "feat_type": "way", "quality_categories": "crossings_lacking_kerbs, older_than_five_years, replaceable_values", "issue_ids": "[3, 69, 2]", "osm_url": "https://www.openstreetmap.org/way/519451272", "josm_url": "http://127.0.0.1:8111/load_object?new_layer=false&objects=w519451272", "id_url": "https://www.openstreetmap.org/edit?editor=id&way=519451272#map=20/-11.7906279/-77.1505678"}}, {"type": "Feature", "geometry": {"type": "Point", "coordinates": [-77.1504944, -11.790576]}, "properties": {"id": 519451273, "feat_type": "way", "quality_categories": "crossings_lacking_kerbs, older_than_five_years, replaceable_values", "issue_ids": "[3, 69, 2]", "osm_url": "https://www.openstreetmap.org/way/519451273", "josm_url": "http://127.0.0.1:8111/load_object?new_layer=false&objects=w519451273", "id_url": "https://www.openstreetmap.org/edit?editor=id&way=519451273#map=20/-11.790576/-77.1504944"}}, {"type": "Feature", "geometry": {"type": "Point", "coordinates": [-77.1505137, -11.7904451]}, "properties": {"id": 519451274, "feat_type": "way", "quality_categories": "crossings_lacking_kerbs, older_than_five_years, replaceable_values", "issue_ids": "[3, 69, 2]", "osm_url": "https://www.openstreetmap.org/way/519451274", "josm_url": "http://127.0.0.1:8111/load_object?new_layer=false&objects=w519451274", "id_url": "https://www.openstreetmap.org/edit?editor=id&way=519451274#map=20/-11.7904451/-77.1505137"}}, {"type": "Feature", "geometry": {"type": "Point", "coordinates": [-77.1503937, -11.7905046]}, "properties": {"id": 519451275, "feat_type": "way", "quality_categories": "crossings_lacking_kerbs, older_than_five_years, replaceable_values", "issue_ids": "[3, 69, 2]", "osm_url": "https://www.openstreetmap.org/way/519451275", "josm_url": "http://127.0.0.1:8111/load_object?new_layer=false&objects=w519451275", "id_url": "https://www.openstreetmap.org/edit?editor=id&way=519451275#map=20/-11.7905046/-77.1503937"}}, {"type": "Feature", "geometry": {"type": "Point", "coordinates": [-77.1502027, -11.7902126]}, "properties": {"id": 519451277, "feat_type": "way", "quality_categories": "crossings_lacking_kerbs, older_than_five_years, replaceable_values", "issue_ids": "[3, 69, 2]", "osm_url": "https://www.openstreetmap.org/way/519451277", "josm_url": "http://127.0.0.1:8111/load_object?new_layer=false&objects=w519451277", "id_url": "https://www.openstreetmap.org/edit?editor=id&way=519451277#map=20/-11.7902126/-77.1502027"}}, {"type": "Feature", "geometry": {"type": "Point", "coordinates": [-77.1500125, -11.7903541]}, "properties": {"id": 519451278, "feat_type": "way", "quality_categories": "crossings_lacking_kerbs, older_than_five_years, replaceable_values", "issue_ids": "[3, 69, 2]", "osm_url": "https://www.openstreetmap.org/way/519451278", "josm_url": "http://127.0.0.1:8111/load_object?new_layer=false&objects=w519451278", "id_url": "https://www.openstreetmap.org/edit?editor=id&way=519451278#map=20/-11.7903541/-77.1500125"}}, {"type": "Feature", "geometry": {"type": "Point", "coordinates": [-77.1509972, -11.7903033]}, "properties": {"id": 519451280, "feat_type": "way", "quality_categories": "crossings_lacking_kerbs, older_than_five_years, replaceable_values", "issue_ids": "[3, 69, 2]", "osm_url": "https://www.openstreetmap.org/way/519451280", "josm_url": "http://127.0.0.1:8111/load_object?new_layer=false&objects=w519451280", "id_url": "https://www.openstreetmap.org/edit?editor=id&way=519451280#map=20/-11.7903033/-77.1509972"}}, {"type": "Feature", "geometry": {"type": "Point", "coordinates": [-77.1511014, -11.7902081]}, "properties": {"id": 519451283, "feat_type": "way", "quality_categories": "crossings_lacking_kerbs, older_than_five_years, replaceable_values", "issue_ids": "[3, 69, 2]", "osm_url": "https://www.openstreetmap.org/way/519451283", "josm_url": "http://127.0.0.1:8111/load_object?new_layer=false&objects=w519451283", "id_url": "https://www.openstreetmap.org/edit?editor=id&way=519451283#map=20/-11.7902081/-77.1511014"}}, {"type": "Feature", "geometry": {"type": "Point", "coordinates": [-77.1512633, -11.7901662]}, "properties": {"id": 519451286, "feat_type": "way", "quality_categories": "crossings_lacking_kerbs, older_than_five_years, replaceable_values", "issue_ids": "[3, 69, 2]", "osm_url": "https://www.openstreetmap.org/way/519451286", "josm_url": "http://127.0.0.1:8111/load_object?new_layer=false&objects=w519451286", "id_url": "https://www.openstreetmap.org/edit?editor=id&way=519451286#map=20/-11.7901662/-77.1512633"}}, {"type": "Feature", "geometry": {"type": "Point", "coordinates": [-77.07672, -12.046694]}, "properties": {"id": 521127845, "feat_type": "way", "quality_categories": "crossings_lacking_kerbs, missing_tags, older_than_five_years, replaceable_values", "issue_ids": "[3, 70, 1, 2]", "osm_url": "https://www.openstreetmap.org/way/521127845", "josm_url": "http://127.0.0.1:8111/load_object?new_layer=false&objects=w521127845", "id_url": "https://www.openstreetmap.org/edit?editor=id&way=521127845#map=20/-12.046694/-77.07672"}}, {"type": "Feature", "geometry": {"type": "Point", "coordinates": [-77.0769267, -12.0465814]}, "properties": {"id": 521127846, "feat_type": "way", "quality_categories": "crossings_lacking_kerbs, missing_tags, older_than_five_years, replaceable_values", "issue_ids": "[3, 70, 1, 2]", "osm_url": "https://www.openstreetmap.org/way/521127846", "josm_url": "http://127.0.0.1:8111/load_object?new_layer=false&objects=w521127846", "id_url": "https://www.openstreetmap.org/edit?editor=id&way=521127846#map=20/-12.0465814/-77.0769267"}}, {"type": "Feature", "geometry": {"type": "Point", "coordinates": [-77.0765205, -12.0465427]}, "properties": {"id": 521127849, "feat_type": "way", "quality_categories": "crossings_lacking_kerbs, missing_tags, older_than_five_years, replaceable_values", "issue_ids": "[3, 70, 1, 2]", "osm_url": "https://www.openstreetmap.org/way/521127849", "josm_url": "http://127.0.0.1:8111/load_object?new_layer=false&objects=w521127849", "id_url": "https://www.openstreetmap.org/edit?editor=id&way=521127849#map=20/-12.0465427/-77.0765205"}}, {"type": "Feature", "geometry": {"type": "Point", "coordinates": [-77.0767648, -12.0463541]}, "properties": {"id": 521127850, "feat_type": "way", "quality_categories": "crossings_lacking_kerbs, missing_tags, older_than_five_years, replaceable_values", "issue_ids": "[3, 70, 1, 2]", "osm_url": "https://www.openstreetmap.org/way/521127850", "josm_url": "http://127.0.0.1:8111/load_object?new_layer=false&objects=w521127850", "id_url": "https://www.openstreetmap.org/edit?editor=id&way=521127850#map=20/-12.0463541/-77.0767648"}}, {"type": "Feature", "geometry": {"type": "Point", "coordinates": [-77.0286715, -12.0860975]}, "properties": {"id": 521947602, "feat_type": "way", "quality_categories": "crossings_lacking_kerbs, missing_tags, older_than_five_years, replaceable_values", "issue_ids": "[3, 71, 1, 2]", "osm_url": "https://www.openstreetmap.org/way/521947602", "josm_url": "http://127.0.0.1:8111/load_object?new_layer=false&objects=w521947602", "id_url": "https://www.openstreetmap.org/edit?editor=id&way=521947602#map=20/-12.0860975/-77.0286715"}}, {"type": "Feature", "geometry": {"type": "Point", "coordinates": [-77.0287542, -12.0864096]}, "properties": {"id": 521947604, "feat_type": "way", "quality_categories": "crossings_lacking_kerbs, missing_tags, older_than_five_years, replaceable_values", "issue_ids": "[3, 71, 1, 2]", "osm_url": "https://www.openstreetmap.org/way/521947604", "josm_url": "http://127.0.0.1:8111/load_object?new_layer=false&objects=w521947604", "id_url": "https://www.openstreetmap.org/edit?editor=id&way=521947604#map=20/-12.0864096/-77.0287542"}}, {"type": "Feature", "geometry": {"type": "Point", "coordinates": [-77.0359608, -12.0733593]}, "properties": {"id": 522240239, "feat_type": "way", "quality_categories": "crossings_lacking_kerbs, missing_tags, older_than_five_years, replaceable_values", "issue_ids": "[3, 71, 1, 2]", "osm_url": "https://www.openstreetmap.org/way/522240239", "josm_url": "http://127.0.0.1:8111/load_object?new_layer=false&objects=w522240239", "id_url": "https://www.openstreetmap.org/edit?editor=id&way=522240239#map=20/-12.0733593/-77.0359608"}}, {"type": "Feature", "geometry": {"type": "Point", "coordinates": [-77.0454251, -12.0653251]}, "properties": {"id": 522292081, "feat_type": "way", "quality_categories": "crossings_lacking_kerbs, missing_tags, older_than_five_years, replaceable_values", "issue_ids": "[3, 56, 1, 2]", "osm_url": "https://www.openstreetmap.org/way/522292081", "josm_url": "http://127.0.0.1:8111/load_object?new_layer=false&objects=w522292081", "id_url": "https://www.openstreetmap.org/edit?editor=id&way=522292081#map=20/-12.0653251/-77.0454251"}}, {"type": "Feature", "geometry": {"type": "Point", "coordinates": [-77.1068934, -11.9906224]}, "properties": {"id": 523506550, "feat_type": "way", "quality_categories": "crossings_lacking_kerbs, missing_tags, older_than_five_years, replaceable_values", "issue_ids": "[3, 72, 1, 2]", "osm_url": "https://www.openstreetmap.org/way/523506550", "josm_url": "http://127.0.0.1:8111/load_object?new_layer=false&objects=w523506550", "id_url": "https://www.openstreetmap.org/edit?editor=id&way=523506550#map=20/-11.9906224/-77.1068934"}}, {"type": "Feature", "geometry": {"type": "Point", "coordinates": [-77.0680991, -12.0054766]}, "properties": {"id": 523519853, "feat_type": "way", "quality_categories": "crossings_lacking_kerbs, missing_tags, older_than_five_years, replaceable_values", "issue_ids": "[3, 72, 1, 2]", "osm_url": "https://www.openstreetmap.org/way/523519853", "josm_url": "http://127.0.0.1:8111/load_object?new_layer=false&objects=w523519853", "id_url": "https://www.openstreetmap.org/edit?editor=id&way=523519853#map=20/-12.0054766/-77.0680991"}}, {"type": "Feature", "geometry": {"type": "Point", "coordinates": [-76.9997341, -12.0844493]}, "properties": {"id": 524449304, "feat_type": "way", "quality_categories": "crossings_lacking_kerbs, missing_tags, older_than_five_years, replaceable_values", "issue_ids": "[3, 73, 1, 2]", "osm_url": "https://www.openstreetmap.org/way/524449304", "josm_url": "http://127.0.0.1:8111/load_object?new_layer=false&objects=w524449304", "id_url": "https://www.openstreetmap.org/edit?editor=id&way=524449304#map=20/-12.0844493/-76.9997341"}}, {"type": "Feature", "geometry": {"type": "Point", "coordinates": [-76.9994393, -12.0844112]}, "properties": {"id": 524449305, "feat_type": "way", "quality_categories": "crossings_lacking_kerbs, missing_tags, older_than_five_years, replaceable_values", "issue_ids": "[3, 74, 1, 2]", "osm_url": "https://www.openstreetmap.org/way/524449305", "josm_url": "http://127.0.0.1:8111/load_object?new_layer=false&objects=w524449305", "id_url": "https://www.openstreetmap.org/edit?editor=id&way=524449305#map=20/-12.0844112/-76.9994393"}}, {"type": "Feature", "geometry": {"type": "Point", "coordinates": [-76.999615, -12.0842583]}, "properties": {"id": 524449410, "feat_type": "way", "quality_categories": "crossings_lacking_kerbs, missing_tags, older_than_five_years, replaceable_values", "issue_ids": "[3, 73, 1, 2]", "osm_url": "https://www.openstreetmap.org/way/524449410", "josm_url": "http://127.0.0.1:8111/load_object?new_layer=false&objects=w524449410", "id_url": "https://www.openstreetmap.org/edit?editor=id&way=524449410#map=20/-12.0842583/-76.999615"}}, {"type": "Feature", "geometry": {"type": "Point", "coordinates": [-77.0091362, -12.0466622]}, "properties": {"id": 548908247, "feat_type": "way", "quality_categories": "crossings_lacking_kerbs, missing_tags, older_than_five_years, replaceable_values", "issue_ids": "[3, 75, 1, 2]", "osm_url": "https://www.openstreetmap.org/way/548908247", "josm_url": "http://127.0.0.1:8111/load_object?new_layer=false&objects=w548908247", "id_url": "https://www.openstreetmap.org/edit?editor=id&way=548908247#map=20/-12.0466622/-77.0091362"}}, {"type": "Feature", "geometry": {"type": "Point", "coordinates": [-77.0026499, -12.0109744]}, "properties": {"id": 549570802, "feat_type": "way", "quality_categories": "crossings_lacking_kerbs, missing_tags, older_than_five_years, replaceable_values", "issue_ids": "[3, 76, 1, 2]", "osm_url": "https://www.openstreetmap.org/way/549570802", "josm_url": "http://127.0.0.1:8111/load_object?new_layer=false&objects=w549570802", "id_url": "https://www.openstreetmap.org/edit?editor=id&way=549570802#map=20/-12.0109744/-77.0026499"}}, {"type": "Feature", "geometry": {"type": "Point", "coordinates": [-77.0045551, -12.0084054]}, "properties": {"id": 549576908, "feat_type": "way", "quality_categories": "crossings_lacking_kerbs, missing_tags, older_than_five_years, replaceable_values", "issue_ids": "[3, 77, 1, 2]", "osm_url": "https://www.openstreetmap.org/way/549576908", "josm_url": "http://127.0.0.1:8111/load_object?new_layer=false&objects=w549576908", "id_url": "https://www.openstreetmap.org/edit?editor=id&way=549576908#map=20/-12.0084054/-77.0045551"}}, {"type": "Feature", "geometry": {"type": "Point", "coordinates": [-76.9967568, -12.1346359]}, "properties": {"id": 549615894, "feat_type": "way", "quality_categories": "crossings_lacking_kerbs, older_than_five_years, replaceable_values", "issue_ids": "[35, 78, 2]", "osm_url": "https://www.openstreetmap.org/way/549615894", "josm_url": "http://127.0.0.1:8111/load_object?new_layer=false&objects=w549615894", "id_url": "https://www.openstreetmap.org/edit?editor=id&way=549615894#map=20/-12.1346359/-76.9967568"}}, {"type": "Feature", "geometry": {"type": "Point", "coordinates": [-76.9972003, -12.1347662]}, "properties": {"id": 549615895, "feat_type": "way", "quality_categories": "crossings_lacking_kerbs, older_than_five_years, replaceable_values", "issue_ids": "[35, 78, 2]", "osm_url": "https://www.openstreetmap.org/way/549615895", "josm_url": "http://127.0.0.1:8111/load_object?new_layer=false&objects=w549615895", "id_url": "https://www.openstreetmap.org/edit?editor=id&way=549615895#map=20/-12.1347662/-76.9972003"}}, {"type": "Feature", "geometry": {"type": "Point", "coordinates": [-77.0051409, -12.1455492]}, "properties": {"id": 551128167, "feat_type": "way", "quality_categories": "crossings_lacking_kerbs, older_than_five_years, replaceable_values", "issue_ids": "[3, 79, 2]", "osm_url": "https://www.openstreetmap.org/way/551128167", "josm_url": "http://127.0.0.1:8111/load_object?new_layer=false&objects=w551128167", "id_url": "https://www.openstreetmap.org/edit?editor=id&way=551128167#map=20/-12.1455492/-77.0051409"}}, {"type": "Feature", "geometry": {"type": "Point", "coordinates": [-77.0050328, -12.1455825]}, "properties": {"id": 551128168, "feat_type": "way", "quality_categories": "crossings_lacking_kerbs, older_than_five_years, replaceable_values", "issue_ids": "[3, 79, 2]", "osm_url": "https://www.openstreetmap.org/way/551128168", "josm_url": "http://127.0.0.1:8111/load_object?new_layer=false&objects=w551128168", "id_url": "https://www.openstreetmap.org/edit?editor=id&way=551128168#map=20/-12.1455825/-77.0050328"}}, {"type": "Feature", "geometry": {"type": "Point", "coordinates": [-77.0046387, -12.1459001]}, "properties": {"id": 551128169, "feat_type": "way", "quality_categories": "crossings_lacking_kerbs, older_than_five_years, replaceable_values", "issue_ids": "[3, 79, 2]", "osm_url": "https://www.openstreetmap.org/way/551128169", "josm_url": "http://127.0.0.1:8111/load_object?new_layer=false&objects=w551128169", "id_url": "https://www.openstreetmap.org/edit?editor=id&way=551128169#map=20/-12.1459001/-77.0046387"}}, {"type": "Feature", "geometry": {"type": "Point", "coordinates": [-77.004734, -12.1449796]}, "properties": {"id": 551128170, "feat_type": "way", "quality_categories": "crossings_lacking_kerbs, older_than_five_years, replaceable_values", "issue_ids": "[3, 79, 2]", "osm_url": "https://www.openstreetmap.org/way/551128170", "josm_url": "http://127.0.0.1:8111/load_object?new_layer=false&objects=w551128170", "id_url": "https://www.openstreetmap.org/edit?editor=id&way=551128170#map=20/-12.1449796/-77.004734"}}, {"type": "Feature", "geometry": {"type": "Point", "coordinates": [-77.0254388, -12.1626693]}, "properties": {"id": 553607881, "feat_type": "way", "quality_categories": "crossings_lacking_kerbs, missing_tags, older_than_five_years, replaceable_values", "issue_ids": "[3, 80, 1, 2]", "osm_url": "https://www.openstreetmap.org/way/553607881", "josm_url": "http://127.0.0.1:8111/load_object?new_layer=false&objects=w553607881", "id_url": "https://www.openstreetmap.org/edit?editor=id&way=553607881#map=20/-12.1626693/-77.0254388"}}, {"type": "Feature", "geometry": {"type": "Point", "coordinates": [-77.0256509, -12.1634496]}, "properties": {"id": 553607882, "feat_type": "way", "quality_categories": "crossings_lacking_kerbs, missing_tags, older_than_five_years, replaceable_values", "issue_ids": "[3, 80, 1, 2]", "osm_url": "https://www.openstreetmap.org/way/553607882", "josm_url": "http://127.0.0.1:8111/load_object?new_layer=false&objects=w553607882", "id_url": "https://www.openstreetmap.org/edit?editor=id&way=553607882#map=20/-12.1634496/-77.0256509"}}, {"type": "Feature", "geometry": {"type": "Point", "coordinates": [-77.0187307, -12.149254]}, "properties": {"id": 553625340, "feat_type": "way", "quality_categories": "crossings_lacking_kerbs, missing_tags, older_than_five_years, replaceable_values", "issue_ids": "[3, 37, 1, 2]", "osm_url": "https://www.openstreetmap.org/way/553625340", "josm_url": "http://127.0.0.1:8111/load_object?new_layer=false&objects=w553625340", "id_url": "https://www.openstreetmap.org/edit?editor=id&way=553625340#map=20/-12.149254/-77.0187307"}}, {"type": "Feature", "geometry": {"type": "Point", "coordinates": [-77.018843, -12.1682101]}, "properties": {"id": 553626587, "feat_type": "way", "quality_categories": "crossings_lacking_kerbs, missing_tags, older_than_five_years, replaceable_values", "issue_ids": "[3, 81, 1, 2]", "osm_url": "https://www.openstreetmap.org/way/553626587", "josm_url": "http://127.0.0.1:8111/load_object?new_layer=false&objects=w553626587", "id_url": "https://www.openstreetmap.org/edit?editor=id&way=553626587#map=20/-12.1682101/-77.018843"}}, {"type": "Feature", "geometry": {"type": "Point", "coordinates": [-76.9940221, -11.9689811]}, "properties": {"id": 553847060, "feat_type": "way", "quality_categories": "crossings_lacking_kerbs, missing_tags, older_than_five_years, replaceable_values", "issue_ids": "[3, 82, 1, 2]", "osm_url": "https://www.openstreetmap.org/way/553847060", "josm_url": "http://127.0.0.1:8111/load_object?new_layer=false&objects=w553847060", "id_url": "https://www.openstreetmap.org/edit?editor=id&way=553847060#map=20/-11.9689811/-76.9940221"}}, {"type": "Feature", "geometry": {"type": "Point", "coordinates": [-77.0120107, -12.112742]}, "properties": {"id": 554672399, "feat_type": "way", "quality_categories": "crossings_lacking_kerbs, missing_tags, older_than_five_years, replaceable_values", "issue_ids": "[3, 83, 1, 2]", "osm_url": "https://www.openstreetmap.org/way/554672399", "josm_url": "http://127.0.0.1:8111/load_object?new_layer=false&objects=w554672399", "id_url": "https://www.openstreetmap.org/edit?editor=id&way=554672399#map=20/-12.112742/-77.0120107"}}, {"type": "Feature", "geometry": {"type": "Point", "coordinates": [-77.005554, -12.088102]}, "properties": {"id": 554868313, "feat_type": "way", "quality_categories": "crossings_lacking_kerbs, missing_tags, older_than_five_years, replaceable_values", "issue_ids": "[3, 84, 1, 2]", "osm_url": "https://www.openstreetmap.org/way/554868313", "josm_url": "http://127.0.0.1:8111/load_object?new_layer=false&objects=w554868313", "id_url": "https://www.openstreetmap.org/edit?editor=id&way=554868313#map=20/-12.088102/-77.005554"}}, {"type": "Feature", "geometry": {"type": "Point", "coordinates": [-77.0649245, -12.0700872]}, "properties": {"id": 556521406, "feat_type": "way", "quality_categories": "crossings_lacking_kerbs, missing_tags, older_than_five_years, replaceable_values", "issue_ids": "[3, 85, 1, 2]", "osm_url": "https://www.openstreetmap.org/way/556521406", "josm_url": "http://127.0.0.1:8111/load_object?new_layer=false&objects=w556521406", "id_url": "https://www.openstreetmap.org/edit?editor=id&way=556521406#map=20/-12.0700872/-77.0649245"}}, {"type": "Feature", "geometry": {"type": "Point", "coordinates": [-77.065609, -12.0698305]}, "properties": {"id": 556521407, "feat_type": "way", "quality_categories": "crossings_lacking_kerbs, missing_tags, older_than_five_years, replaceable_values", "issue_ids": "[3, 86, 1, 2]", "osm_url": "https://www.openstreetmap.org/way/556521407", "josm_url": "http://127.0.0.1:8111/load_object?new_layer=false&objects=w556521407", "id_url": "https://www.openstreetmap.org/edit?editor=id&way=556521407#map=20/-12.0698305/-77.065609"}}, {"type": "Feature", "geometry": {"type": "Point", "coordinates": [-77.0936641, -12.08677]}, "properties": {"id": 559148005, "feat_type": "way", "quality_categories": "crossings_lacking_kerbs, missing_tags, older_than_five_years, replaceable_values", "issue_ids": "[3, 87, 1, 2]", "osm_url": "https://www.openstreetmap.org/way/559148005", "josm_url": "http://127.0.0.1:8111/load_object?new_layer=false&objects=w559148005", "id_url": "https://www.openstreetmap.org/edit?editor=id&way=559148005#map=20/-12.08677/-77.0936641"}}, {"type": "Feature", "geometry": {"type": "Point", "coordinates": [-76.9750973, -12.0854159]}, "properties": {"id": 561833542, "feat_type": "way", "quality_categories": "crossings_lacking_kerbs, missing_tags, older_than_five_years, replaceable_values, uncanny_keys", "issue_ids": "[88, 3, 10, 1, 2]", "osm_url": "https://www.openstreetmap.org/way/561833542", "josm_url": "http://127.0.0.1:8111/load_object?new_layer=false&objects=w561833542", "id_url": "https://www.openstreetmap.org/edit?editor=id&way=561833542#map=20/-12.0854159/-76.9750973"}}, {"type": "Feature", "geometry": {"type": "Point", "coordinates": [-77.0419373, -12.0655474]}, "properties": {"id": 563926394, "feat_type": "way", "quality_categories": "crossings_lacking_kerbs, missing_tags, older_than_five_years, replaceable_values", "issue_ids": "[3, 89, 1, 2]", "osm_url": "https://www.openstreetmap.org/way/563926394", "josm_url": "http://127.0.0.1:8111/load_object?new_layer=false&objects=w563926394", "id_url": "https://www.openstreetmap.org/edit?editor=id&way=563926394#map=20/-12.0655474/-77.0419373"}}, {"type": "Feature", "geometry": {"type": "Point", "coordinates": [-77.0434397, -12.0650542]}, "properties": {"id": 563926398, "feat_type": "way", "quality_categories": "crossings_lacking_kerbs, missing_tags, older_than_five_years, replaceable_values", "issue_ids": "[3, 89, 1, 2]", "osm_url": "https://www.openstreetmap.org/way/563926398", "josm_url": "http://127.0.0.1:8111/load_object?new_layer=false&objects=w563926398", "id_url": "https://www.openstreetmap.org/edit?editor=id&way=563926398#map=20/-12.0650542/-77.0434397"}}, {"type": "Feature", "geometry": {"type": "Point", "coordinates": [-77.0146053, -12.1090044]}, "properties": {"id": 564371473, "feat_type": "way", "quality_categories": "crossings_lacking_kerbs, missing_tags, older_than_five_years, replaceable_values", "issue_ids": "[3, 90, 1, 2]", "osm_url": "https://www.openstreetmap.org/way/564371473", "josm_url": "http://127.0.0.1:8111/load_object?new_layer=false&objects=w564371473", "id_url": "https://www.openstreetmap.org/edit?editor=id&way=564371473#map=20/-12.1090044/-77.0146053"}}, {"type": "Feature", "geometry": {"type": "Point", "coordinates": [-77.0639096, -12.0571482]}, "properties": {"id": 568378760, "feat_type": "way", "quality_categories": "crossings_lacking_kerbs, missing_tags, older_than_five_years, replaceable_values", "issue_ids": "[3, 91, 1, 2]", "osm_url": "https://www.openstreetmap.org/way/568378760", "josm_url": "http://127.0.0.1:8111/load_object?new_layer=false&objects=w568378760", "id_url": "https://www.openstreetmap.org/edit?editor=id&way=568378760#map=20/-12.0571482/-77.0639096"}}, {"type": "Feature", "geometry": {"type": "Point", "coordinates": [-77.02325, -12.1433382]}, "properties": {"id": 569460028, "feat_type": "way", "quality_categories": "crossings_lacking_kerbs, missing_tags, older_than_five_years, replaceable_values", "issue_ids": "[3, 92, 1, 2]", "osm_url": "https://www.openstreetmap.org/way/569460028", "josm_url": "http://127.0.0.1:8111/load_object?new_layer=false&objects=w569460028", "id_url": "https://www.openstreetmap.org/edit?editor=id&way=569460028#map=20/-12.1433382/-77.02325"}}, {"type": "Feature", "geometry": {"type": "Point", "coordinates": [-77.0230167, -12.1433179]}, "properties": {"id": 569460029, "feat_type": "way", "quality_categories": "crossings_lacking_kerbs, missing_tags, older_than_five_years, replaceable_values", "issue_ids": "[3, 92, 1, 2]", "osm_url": "https://www.openstreetmap.org/way/569460029", "josm_url": "http://127.0.0.1:8111/load_object?new_layer=false&objects=w569460029", "id_url": "https://www.openstreetmap.org/edit?editor=id&way=569460029#map=20/-12.1433179/-77.0230167"}}, {"type": "Feature", "geometry": {"type": "Point", "coordinates": [-77.0320497, -12.0532703]}, "properties": {"id": 581503736, "feat_type": "way", "quality_categories": "crossings_lacking_kerbs, missing_tags, older_than_five_years, replaceable_values", "issue_ids": "[35, 79, 1, 2]", "osm_url": "https://www.openstreetmap.org/way/581503736", "josm_url": "http://127.0.0.1:8111/load_object?new_layer=false&objects=w581503736", "id_url": "https://www.openstreetmap.org/edit?editor=id&way=581503736#map=20/-12.0532703/-77.0320497"}}, {"type": "Feature", "geometry": {"type": "Point", "coordinates": [-77.0555516, -11.9985322]}, "properties": {"id": 587342175, "feat_type": "way", "quality_categories": "crossings_lacking_kerbs, missing_tags, older_than_five_years, replaceable_values", "issue_ids": "[3, 93, 1, 2]", "osm_url": "https://www.openstreetmap.org/way/587342175", "josm_url": "http://127.0.0.1:8111/load_object?new_layer=false&objects=w587342175", "id_url": "https://www.openstreetmap.org/edit?editor=id&way=587342175#map=20/-11.9985322/-77.0555516"}}, {"type": "Feature", "geometry": {"type": "Point", "coordinates": [-77.0664665, -11.9903023]}, "properties": {"id": 589375184, "feat_type": "way", "quality_categories": "crossings_lacking_kerbs, missing_tags, older_than_five_years, replaceable_values", "issue_ids": "[3, 94, 1, 2]", "osm_url": "https://www.openstreetmap.org/way/589375184", "josm_url": "http://127.0.0.1:8111/load_object?new_layer=false&objects=w589375184", "id_url": "https://www.openstreetmap.org/edit?editor=id&way=589375184#map=20/-11.9903023/-77.0664665"}}, {"type": "Feature", "geometry": {"type": "Point", "coordinates": [-77.0662284, -11.9905539]}, "properties": {"id": 589375185, "feat_type": "way", "quality_categories": "crossings_lacking_kerbs, missing_tags, older_than_five_years, replaceable_values", "issue_ids": "[3, 94, 1, 2]", "osm_url": "https://www.openstreetmap.org/way/589375185", "josm_url": "http://127.0.0.1:8111/load_object?new_layer=false&objects=w589375185", "id_url": "https://www.openstreetmap.org/edit?editor=id&way=589375185#map=20/-11.9905539/-77.0662284"}}, {"type": "Feature", "geometry": {"type": "Point", "coordinates": [-76.9894613, -12.0821405]}, "properties": {"id": 591035995, "feat_type": "way", "quality_categories": "crossings_lacking_kerbs, missing_tags, older_than_five_years, replaceable_values", "issue_ids": "[3, 95, 1, 2]", "osm_url": "https://www.openstreetmap.org/way/591035995", "josm_url": "http://127.0.0.1:8111/load_object?new_layer=false&objects=w591035995", "id_url": "https://www.openstreetmap.org/edit?editor=id&way=591035995#map=20/-12.0821405/-76.9894613"}}, {"type": "Feature", "geometry": {"type": "Point", "coordinates": [-77.0366205, -12.1099289]}, "properties": {"id": 601790890, "feat_type": "way", "quality_categories": "crossings_lacking_kerbs, missing_tags, older_than_five_years, replaceable_values", "issue_ids": "[3, 96, 1, 2]", "osm_url": "https://www.openstreetmap.org/way/601790890", "josm_url": "http://127.0.0.1:8111/load_object?new_layer=false&objects=w601790890", "id_url": "https://www.openstreetmap.org/edit?editor=id&way=601790890#map=20/-12.1099289/-77.0366205"}}, {"type": "Feature", "geometry": {"type": "Point", "coordinates": [-77.0144744, -12.1125206]}, "properties": {"id": 615414039, "feat_type": "way", "quality_categories": "crossings_lacking_kerbs, missing_tags, older_than_five_years, replaceable_values", "issue_ids": "[3, 97, 1, 2]", "osm_url": "https://www.openstreetmap.org/way/615414039", "josm_url": "http://127.0.0.1:8111/load_object?new_layer=false&objects=w615414039", "id_url": "https://www.openstreetmap.org/edit?editor=id&way=615414039#map=20/-12.1125206/-77.0144744"}}, {"type": "Feature", "geometry": {"type": "Point", "coordinates": [-77.0981972, -12.069741]}, "properties": {"id": 616176381, "feat_type": "way", "quality_categories": "crossings_lacking_kerbs, missing_tags, older_than_five_years, replaceable_values", "issue_ids": "[3, 98, 1, 2]", "osm_url": "https://www.openstreetmap.org/way/616176381", "josm_url": "http://127.0.0.1:8111/load_object?new_layer=false&objects=w616176381", "id_url": "https://www.openstreetmap.org/edit?editor=id&way=616176381#map=20/-12.069741/-77.0981972"}}, {"type": "Feature", "geometry": {"type": "Point", "coordinates": [-77.0514514, -12.0572131]}, "properties": {"id": 617638820, "feat_type": "way", "quality_categories": "crossings_lacking_kerbs, missing_tags, older_than_five_years, replaceable_values", "issue_ids": "[3, 99, 1, 2]", "osm_url": "https://www.openstreetmap.org/way/617638820", "josm_url": "http://127.0.0.1:8111/load_object?new_layer=false&objects=w617638820", "id_url": "https://www.openstreetmap.org/edit?editor=id&way=617638820#map=20/-12.0572131/-77.0514514"}}, {"type": "Feature", "geometry": {"type": "Point", "coordinates": [-77.0377183, -12.0647369]}, "properties": {"id": 623947242, "feat_type": "way", "quality_categories": "crossings_lacking_kerbs, missing_tags, older_than_five_years, replaceable_values", "issue_ids": "[3, 10, 1, 2]", "osm_url": "https://www.openstreetmap.org/way/623947242", "josm_url": "http://127.0.0.1:8111/load_object?new_layer=false&objects=w623947242", "id_url": "https://www.openstreetmap.org/edit?editor=id&way=623947242#map=20/-12.0647369/-77.0377183"}}, {"type": "Feature", "geometry": {"type": "Point", "coordinates": [-76.9681977, -12.0565169]}, "properties": {"id": 625393459, "feat_type": "way", "quality_categories": "crossings_lacking_kerbs, missing_tags, older_than_five_years, replaceable_values", "issue_ids": "[3, 100, 1, 2]", "osm_url": "https://www.openstreetmap.org/way/625393459", "josm_url": "http://127.0.0.1:8111/load_object?new_layer=false&objects=w625393459", "id_url": "https://www.openstreetmap.org/edit?editor=id&way=625393459#map=20/-12.0565169/-76.9681977"}}, {"type": "Feature", "geometry": {"type": "Point", "coordinates": [-77.0406967, -12.0886616]}, "properties": {"id": 626507782, "feat_type": "way", "quality_categories": "crossings_lacking_kerbs, missing_tags, older_than_five_years, replaceable_values", "issue_ids": "[3, 101, 1, 2]", "osm_url": "https://www.openstreetmap.org/way/626507782", "josm_url": "http://127.0.0.1:8111/load_object?new_layer=false&objects=w626507782", "id_url": "https://www.openstreetmap.org/edit?editor=id&way=626507782#map=20/-12.0886616/-77.0406967"}}, {"type": "Feature", "geometry": {"type": "Point", "coordinates": [-77.0449056, -12.0435894]}, "properties": {"id": 627394497, "feat_type": "way", "quality_categories": "crossings_lacking_kerbs, missing_tags, older_than_five_years, replaceable_values", "issue_ids": "[3, 102, 1, 2]", "osm_url": "https://www.openstreetmap.org/way/627394497", "josm_url": "http://127.0.0.1:8111/load_object?new_layer=false&objects=w627394497", "id_url": "https://www.openstreetmap.org/edit?editor=id&way=627394497#map=20/-12.0435894/-77.0449056"}}, {"type": "Feature", "geometry": {"type": "Point", "coordinates": [-77.0510382, -12.0437914]}, "properties": {"id": 627394503, "feat_type": "way", "quality_categories": "crossings_lacking_kerbs, missing_tags, older_than_five_years, replaceable_values", "issue_ids": "[3, 103, 1, 2]", "osm_url": "https://www.openstreetmap.org/way/627394503", "josm_url": "http://127.0.0.1:8111/load_object?new_layer=false&objects=w627394503", "id_url": "https://www.openstreetmap.org/edit?editor=id&way=627394503#map=20/-12.0437914/-77.0510382"}}, {"type": "Feature", "geometry": {"type": "Point", "coordinates": [-76.9505925, -12.0733895]}, "properties": {"id": 627799859, "feat_type": "way", "quality_categories": "crossings_lacking_kerbs, missing_tags, older_than_five_years, replaceable_values", "issue_ids": "[3, 104, 1, 2]", "osm_url": "https://www.openstreetmap.org/way/627799859", "josm_url": "http://127.0.0.1:8111/load_object?new_layer=false&objects=w627799859", "id_url": "https://www.openstreetmap.org/edit?editor=id&way=627799859#map=20/-12.0733895/-76.9505925"}}, {"type": "Feature", "geometry": {"type": "Point", "coordinates": [-77.0000124, -12.0485719]}, "properties": {"id": 628832010, "feat_type": "way", "quality_categories": "crossings_lacking_kerbs, older_than_five_years", "issue_ids": "[105, 2]", "osm_url": "https://www.openstreetmap.org/way/628832010", "josm_url": "http://127.0.0.1:8111/load_object?new_layer=false&objects=w628832010", "id_url": "https://www.openstreetmap.org/edit?editor=id&way=628832010#map=20/-12.0485719/-77.0000124"}}, {"type": "Feature", "geometry": {"type": "Point", "coordinates": [-77.0913522, -12.0837636]}, "properties": {"id": 651384746, "feat_type": "way", "quality_categories": "crossings_lacking_kerbs, missing_tags, older_than_five_years, replaceable_values", "issue_ids": "[3, 106, 1, 2]", "osm_url": "https://www.openstreetmap.org/way/651384746", "josm_url": "http://127.0.0.1:8111/load_object?new_layer=false&objects=w651384746", "id_url": "https://www.openstreetmap.org/edit?editor=id&way=651384746#map=20/-12.0837636/-77.0913522"}}, {"type": "Feature", "geometry": {"type": "Point", "coordinates": [-77.0203789, -12.1220326]}, "properties": {"id": 670787100, "feat_type": "way", "quality_categories": "crossings_lacking_kerbs, missing_tags, older_than_five_years, replaceable_values", "issue_ids": "[3, 107, 1, 2]", "osm_url": "https://www.openstreetmap.org/way/670787100", "josm_url": "http://127.0.0.1:8111/load_object?new_layer=false&objects=w670787100", "id_url": "https://www.openstreetmap.org/edit?editor=id&way=670787100#map=20/-12.1220326/-77.0203789"}}, {"type": "Feature", "geometry": {"type": "Point", "coordinates": [-77.0375663, -12.064723]}, "properties": {"id": 675314766, "feat_type": "way", "quality_categories": "crossings_lacking_kerbs, missing_tags, older_than_five_years, replaceable_values", "issue_ids": "[35, 108, 1, 2]", "osm_url": "https://www.openstreetmap.org/way/675314766", "josm_url": "http://127.0.0.1:8111/load_object?new_layer=false&objects=w675314766", "id_url": "https://www.openstreetmap.org/edit?editor=id&way=675314766#map=20/-12.064723/-77.0375663"}}, {"type": "Feature", "geometry": {"type": "Point", "coordinates": [-77.0373622, -12.0647033]}, "properties": {"id": 675314768, "feat_type": "way", "quality_categories": "crossings_lacking_kerbs, missing_tags, older_than_five_years, replaceable_values", "issue_ids": "[35, 109, 1, 2]", "osm_url": "https://www.openstreetmap.org/way/675314768", "josm_url": "http://127.0.0.1:8111/load_object?new_layer=false&objects=w675314768", "id_url": "https://www.openstreetmap.org/edit?editor=id&way=675314768#map=20/-12.0647033/-77.0373622"}}, {"type": "Feature", "geometry": {"type": "Point", "coordinates": [-77.0386291, -12.0648408]}, "properties": {"id": 675314774, "feat_type": "way", "quality_categories": "crossings_lacking_kerbs, missing_tags, older_than_five_years, replaceable_values", "issue_ids": "[35, 10, 1, 2]", "osm_url": "https://www.openstreetmap.org/way/675314774", "josm_url": "http://127.0.0.1:8111/load_object?new_layer=false&objects=w675314774", "id_url": "https://www.openstreetmap.org/edit?editor=id&way=675314774#map=20/-12.0648408/-77.0386291"}}, {"type": "Feature", "geometry": {"type": "Point", "coordinates": [-77.036297, -12.0645582]}, "properties": {"id": 675314788, "feat_type": "way", "quality_categories": "crossings_lacking_kerbs, missing_tags, older_than_five_years, replaceable_values", "issue_ids": "[3, 10, 1, 2]", "osm_url": "https://www.openstreetmap.org/way/675314788", "josm_url": "http://127.0.0.1:8111/load_object?new_layer=false&objects=w675314788", "id_url": "https://www.openstreetmap.org/edit?editor=id&way=675314788#map=20/-12.0645582/-77.036297"}}, {"type": "Feature", "geometry": {"type": "Point", "coordinates": [-77.0364469, -12.064483]}, "properties": {"id": 675314790, "feat_type": "way", "quality_categories": "crossings_lacking_kerbs, missing_tags, older_than_five_years, replaceable_values", "issue_ids": "[3, 10, 1, 2]", "osm_url": "https://www.openstreetmap.org/way/675314790", "josm_url": "http://127.0.0.1:8111/load_object?new_layer=false&objects=w675314790", "id_url": "https://www.openstreetmap.org/edit?editor=id&way=675314790#map=20/-12.064483/-77.0364469"}}, {"type": "Feature", "geometry": {"type": "Point", "coordinates": [-77.0388634, -12.0642602]}, "properties": {"id": 675314791, "feat_type": "way", "quality_categories": "crossings_lacking_kerbs, missing_tags, older_than_five_years, replaceable_values", "issue_ids": "[35, 10, 1, 2]", "osm_url": "https://www.openstreetmap.org/way/675314791", "josm_url": "http://127.0.0.1:8111/load_object?new_layer=false&objects=w675314791", "id_url": "https://www.openstreetmap.org/edit?editor=id&way=675314791#map=20/-12.0642602/-77.0388634"}}, {"type": "Feature", "geometry": {"type": "Point", "coordinates": [-77.0394684, -12.0650433]}, "properties": {"id": 675314799, "feat_type": "way", "quality_categories": "crossings_lacking_kerbs, missing_tags, older_than_five_years, replaceable_values", "issue_ids": "[3, 10, 1, 2]", "osm_url": "https://www.openstreetmap.org/way/675314799", "josm_url": "http://127.0.0.1:8111/load_object?new_layer=false&objects=w675314799", "id_url": "https://www.openstreetmap.org/edit?editor=id&way=675314799#map=20/-12.0650433/-77.0394684"}}, {"type": "Feature", "geometry": {"type": "Point", "coordinates": [-77.0391077, -12.0650523]}, "properties": {"id": 675314803, "feat_type": "way", "quality_categories": "crossings_lacking_kerbs, missing_tags, older_than_five_years, replaceable_values", "issue_ids": "[35, 110, 1, 2]", "osm_url": "https://www.openstreetmap.org/way/675314803", "josm_url": "http://127.0.0.1:8111/load_object?new_layer=false&objects=w675314803", "id_url": "https://www.openstreetmap.org/edit?editor=id&way=675314803#map=20/-12.0650523/-77.0391077"}}, {"type": "Feature", "geometry": {"type": "Point", "coordinates": [-77.0388787, -12.0650485]}, "properties": {"id": 675314805, "feat_type": "way", "quality_categories": "crossings_lacking_kerbs, missing_tags, older_than_five_years, replaceable_values", "issue_ids": "[35, 108, 1, 2]", "osm_url": "https://www.openstreetmap.org/way/675314805", "josm_url": "http://127.0.0.1:8111/load_object?new_layer=false&objects=w675314805", "id_url": "https://www.openstreetmap.org/edit?editor=id&way=675314805#map=20/-12.0650485/-77.0388787"}}, {"type": "Feature", "geometry": {"type": "Point", "coordinates": [-76.9819911, -12.1564973]}, "properties": {"id": 690606353, "feat_type": "way", "quality_categories": "crossings_lacking_kerbs, missing_tags, older_than_five_years, replaceable_values", "issue_ids": "[35, 111, 1, 2]", "osm_url": "https://www.openstreetmap.org/way/690606353", "josm_url": "http://127.0.0.1:8111/load_object?new_layer=false&objects=w690606353", "id_url": "https://www.openstreetmap.org/edit?editor=id&way=690606353#map=20/-12.1564973/-76.9819911"}}, {"type": "Feature", "geometry": {"type": "Point", "coordinates": [-76.9420099, -12.1991679]}, "properties": {"id": 692355358, "feat_type": "way", "quality_categories": "crossings_lacking_kerbs, missing_tags, older_than_five_years, replaceable_values", "issue_ids": "[35, 112, 1, 2]", "osm_url": "https://www.openstreetmap.org/way/692355358", "josm_url": "http://127.0.0.1:8111/load_object?new_layer=false&objects=w692355358", "id_url": "https://www.openstreetmap.org/edit?editor=id&way=692355358#map=20/-12.1991679/-76.9420099"}}, {"type": "Feature", "geometry": {"type": "Point", "coordinates": [-76.9418839, -12.199373]}, "properties": {"id": 692355359, "feat_type": "way", "quality_categories": "crossings_lacking_kerbs, missing_tags, older_than_five_years, replaceable_values", "issue_ids": "[35, 112, 1, 2]", "osm_url": "https://www.openstreetmap.org/way/692355359", "josm_url": "http://127.0.0.1:8111/load_object?new_layer=false&objects=w692355359", "id_url": "https://www.openstreetmap.org/edit?editor=id&way=692355359#map=20/-12.199373/-76.9418839"}}, {"type": "Feature", "geometry": {"type": "Point", "coordinates": [-77.0509785, -12.0803545]}, "properties": {"id": 718431620, "feat_type": "way", "quality_categories": "crossings_lacking_kerbs, missing_tags, older_than_five_years, replaceable_values", "issue_ids": "[35, 113, 1, 2]", "osm_url": "https://www.openstreetmap.org/way/718431620", "josm_url": "http://127.0.0.1:8111/load_object?new_layer=false&objects=w718431620", "id_url": "https://www.openstreetmap.org/edit?editor=id&way=718431620#map=20/-12.0803545/-77.0509785"}}, {"type": "Feature", "geometry": {"type": "Point", "coordinates": [-77.0505278, -12.0795753]}, "properties": {"id": 718431621, "feat_type": "way", "quality_categories": "crossings_lacking_kerbs, missing_tags, older_than_five_years, replaceable_values", "issue_ids": "[35, 113, 1, 2]", "osm_url": "https://www.openstreetmap.org/way/718431621", "josm_url": "http://127.0.0.1:8111/load_object?new_layer=false&objects=w718431621", "id_url": "https://www.openstreetmap.org/edit?editor=id&way=718431621#map=20/-12.0795753/-77.0505278"}}, {"type": "Feature", "geometry": {"type": "Point", "coordinates": [-77.0634308, -12.0472052]}, "properties": {"id": 724089675, "feat_type": "way", "quality_categories": "crossings_lacking_kerbs, missing_tags, older_than_five_years, replaceable_values", "issue_ids": "[35, 114, 1, 2]", "osm_url": "https://www.openstreetmap.org/way/724089675", "josm_url": "http://127.0.0.1:8111/load_object?new_layer=false&objects=w724089675", "id_url": "https://www.openstreetmap.org/edit?editor=id&way=724089675#map=20/-12.0472052/-77.0634308"}}, {"type": "Feature", "geometry": {"type": "Point", "coordinates": [-76.9886001, -12.1455395]}, "properties": {"id": 753030492, "feat_type": "way", "quality_categories": "crossings_lacking_kerbs, missing_tags, older_than_five_years, replaceable_values", "issue_ids": "[35, 115, 1, 2]", "osm_url": "https://www.openstreetmap.org/way/753030492", "josm_url": "http://127.0.0.1:8111/load_object?new_layer=false&objects=w753030492", "id_url": "https://www.openstreetmap.org/edit?editor=id&way=753030492#map=20/-12.1455395/-76.9886001"}}, {"type": "Feature", "geometry": {"type": "Point", "coordinates": [-76.696373, -11.9353453]}, "properties": {"id": 754343041, "feat_type": "way", "quality_categories": "crossings_lacking_kerbs, missing_tags, older_than_five_years, replaceable_values", "issue_ids": "[35, 116, 1, 2]", "osm_url": "https://www.openstreetmap.org/way/754343041", "josm_url": "http://127.0.0.1:8111/load_object?new_layer=false&objects=w754343041", "id_url": "https://www.openstreetmap.org/edit?editor=id&way=754343041#map=20/-11.9353453/-76.696373"}}, {"type": "Feature", "geometry": {"type": "Point", "coordinates": [-76.697755, -11.9369154]}, "properties": {"id": 754343042, "feat_type": "way", "quality_categories": "crossings_lacking_kerbs, missing_tags, older_than_five_years, replaceable_values", "issue_ids": "[35, 116, 1, 2]", "osm_url": "https://www.openstreetmap.org/way/754343042", "josm_url": "http://127.0.0.1:8111/load_object?new_layer=false&objects=w754343042", "id_url": "https://www.openstreetmap.org/edit?editor=id&way=754343042#map=20/-11.9369154/-76.697755"}}, {"type": "Feature", "geometry": {"type": "Point", "coordinates": [-76.6976969, -11.9369616]}, "properties": {"id": 754343043, "feat_type": "way", "quality_categories": "crossings_lacking_kerbs, missing_tags, older_than_five_years, replaceable_values", "issue_ids": "[35, 116, 1, 2]", "osm_url": "https://www.openstreetmap.org/way/754343043", "josm_url": "http://127.0.0.1:8111/load_object?new_layer=false&objects=w754343043", "id_url": "https://www.openstreetmap.org/edit?editor=id&way=754343043#map=20/-11.9369616/-76.6976969"}}, {"type": "Feature", "geometry": {"type": "Point", "coordinates": [-76.6964555, -11.935284]}, "properties": {"id": 754343045, "feat_type": "way", "quality_categories": "crossings_lacking_kerbs, missing_tags, older_than_five_years, replaceable_values", "issue_ids": "[35, 116, 1, 2]", "osm_url": "https://www.openstreetmap.org/way/754343045", "josm_url": "http://127.0.0.1:8111/load_object?new_layer=false&objects=w754343045", "id_url": "https://www.openstreetmap.org/edit?editor=id&way=754343045#map=20/-11.935284/-76.6964555"}}, {"type": "Feature", "geometry": {"type": "Point", "coordinates": [-76.6969221, -11.9375391]}, "properties": {"id": 754343048, "feat_type": "way", "quality_categories": "crossings_lacking_kerbs, missing_tags, older_than_five_years, replaceable_values", "issue_ids": "[35, 116, 1, 2]", "osm_url": "https://www.openstreetmap.org/way/754343048", "josm_url": "http://127.0.0.1:8111/load_object?new_layer=false&objects=w754343048", "id_url": "https://www.openstreetmap.org/edit?editor=id&way=754343048#map=20/-11.9375391/-76.6969221"}}, {"type": "Feature", "geometry": {"type": "Point", "coordinates": [-76.6969221, -11.9375391]}, "properties": {"id": 754343049, "feat_type": "way", "quality_categories": "crossings_lacking_kerbs, missing_tags, older_than_five_years, replaceable_values", "issue_ids": "[35, 116, 1, 2]", "osm_url": "https://www.openstreetmap.org/way/754343049", "josm_url": "http://127.0.0.1:8111/load_object?new_layer=false&objects=w754343049", "id_url": "https://www.openstreetmap.org/edit?editor=id&way=754343049#map=20/-11.9375391/-76.6969221"}}, {"type": "Feature", "geometry": {"type": "Point", "coordinates": [-76.6971187, -11.9361116]}, "properties": {"id": 754343050, "feat_type": "way", "quality_categories": "crossings_lacking_kerbs, missing_tags, older_than_five_years, replaceable_values", "issue_ids": "[35, 116, 1, 2]", "osm_url": "https://www.openstreetmap.org/way/754343050", "josm_url": "http://127.0.0.1:8111/load_object?new_layer=false&objects=w754343050", "id_url": "https://www.openstreetmap.org/edit?editor=id&way=754343050#map=20/-11.9361116/-76.6971187"}}, {"type": "Feature", "geometry": {"type": "Point", "coordinates": [-76.6962752, -11.9367326]}, "properties": {"id": 754343051, "feat_type": "way", "quality_categories": "crossings_lacking_kerbs, missing_tags, older_than_five_years, replaceable_values", "issue_ids": "[35, 116, 1, 2]", "osm_url": "https://www.openstreetmap.org/way/754343051", "josm_url": "http://127.0.0.1:8111/load_object?new_layer=false&objects=w754343051", "id_url": "https://www.openstreetmap.org/edit?editor=id&way=754343051#map=20/-11.9367326/-76.6962752"}}, {"type": "Feature", "geometry": {"type": "Point", "coordinates": [-76.9978608, -12.0402963]}, "properties": {"id": 755033492, "feat_type": "way", "quality_categories": "crossings_lacking_kerbs, older_than_five_years, replaceable_values", "issue_ids": "[3, 117, 2]", "osm_url": "https://www.openstreetmap.org/way/755033492", "josm_url": "http://127.0.0.1:8111/load_object?new_layer=false&objects=w755033492", "id_url": "https://www.openstreetmap.org/edit?editor=id&way=755033492#map=20/-12.0402963/-76.9978608"}}, {"type": "Feature", "geometry": {"type": "Point", "coordinates": [-76.9994333, -12.0466755]}, "properties": {"id": 755034612, "feat_type": "way", "quality_categories": "crossings_lacking_kerbs, older_than_five_years, replaceable_values", "issue_ids": "[3, 22, 2]", "osm_url": "https://www.openstreetmap.org/way/755034612", "josm_url": "http://127.0.0.1:8111/load_object?new_layer=false&objects=w755034612", "id_url": "https://www.openstreetmap.org/edit?editor=id&way=755034612#map=20/-12.0466755/-76.9994333"}}, {"type": "Feature", "geometry": {"type": "Point", "coordinates": [-76.9997649, -12.0469117]}, "properties": {"id": 755034613, "feat_type": "way", "quality_categories": "crossings_lacking_kerbs, older_than_five_years, replaceable_values", "issue_ids": "[3, 22, 2]", "osm_url": "https://www.openstreetmap.org/way/755034613", "josm_url": "http://127.0.0.1:8111/load_object?new_layer=false&objects=w755034613", "id_url": "https://www.openstreetmap.org/edit?editor=id&way=755034613#map=20/-12.0469117/-76.9997649"}}, {"type": "Feature", "geometry": {"type": "Point", "coordinates": [-76.9996456, -12.0467446]}, "properties": {"id": 755034614, "feat_type": "way", "quality_categories": "crossings_lacking_kerbs, older_than_five_years, replaceable_values", "issue_ids": "[3, 22, 2]", "osm_url": "https://www.openstreetmap.org/way/755034614", "josm_url": "http://127.0.0.1:8111/load_object?new_layer=false&objects=w755034614", "id_url": "https://www.openstreetmap.org/edit?editor=id&way=755034614#map=20/-12.0467446/-76.9996456"}}, {"type": "Feature", "geometry": {"type": "Point", "coordinates": [-77.0685149, -12.0576638]}, "properties": {"id": 756756156, "feat_type": "way", "quality_categories": "crossings_lacking_kerbs, missing_tags, older_than_five_years, replaceable_values", "issue_ids": "[3, 118, 1, 2]", "osm_url": "https://www.openstreetmap.org/way/756756156", "josm_url": "http://127.0.0.1:8111/load_object?new_layer=false&objects=w756756156", "id_url": "https://www.openstreetmap.org/edit?editor=id&way=756756156#map=20/-12.0576638/-77.0685149"}}, {"type": "Feature", "geometry": {"type": "Point", "coordinates": [-77.048042, -12.0582239]}, "properties": {"id": 756761540, "feat_type": "way", "quality_categories": "crossings_lacking_kerbs, missing_tags, older_than_five_years, replaceable_values", "issue_ids": "[3, 118, 1, 2]", "osm_url": "https://www.openstreetmap.org/way/756761540", "josm_url": "http://127.0.0.1:8111/load_object?new_layer=false&objects=w756761540", "id_url": "https://www.openstreetmap.org/edit?editor=id&way=756761540#map=20/-12.0582239/-77.048042"}}, {"type": "Feature", "geometry": {"type": "Point", "coordinates": [-77.0470675, -12.0585159]}, "properties": {"id": 756761750, "feat_type": "way", "quality_categories": "crossings_lacking_kerbs, missing_tags, older_than_five_years, replaceable_values", "issue_ids": "[3, 118, 1, 2]", "osm_url": "https://www.openstreetmap.org/way/756761750", "josm_url": "http://127.0.0.1:8111/load_object?new_layer=false&objects=w756761750", "id_url": "https://www.openstreetmap.org/edit?editor=id&way=756761750#map=20/-12.0585159/-77.0470675"}}, {"type": "Feature", "geometry": {"type": "Point", "coordinates": [-77.0507307, -12.0470091]}, "properties": {"id": 756772256, "feat_type": "way", "quality_categories": "crossings_lacking_kerbs, missing_tags, older_than_five_years", "issue_ids": "[118, 1, 2]", "osm_url": "https://www.openstreetmap.org/way/756772256", "josm_url": "http://127.0.0.1:8111/load_object?new_layer=false&objects=w756772256", "id_url": "https://www.openstreetmap.org/edit?editor=id&way=756772256#map=20/-12.0470091/-77.0507307"}}, {"type": "Feature", "geometry": {"type": "Point", "coordinates": [-77.0539482, -12.0749724]}, "properties": {"id": 757058813, "feat_type": "way", "quality_categories": "crossings_lacking_kerbs, missing_tags, older_than_five_years, replaceable_values", "issue_ids": "[3, 56, 1, 2]", "osm_url": "https://www.openstreetmap.org/way/757058813", "josm_url": "http://127.0.0.1:8111/load_object?new_layer=false&objects=w757058813", "id_url": "https://www.openstreetmap.org/edit?editor=id&way=757058813#map=20/-12.0749724/-77.0539482"}}, {"type": "Feature", "geometry": {"type": "Point", "coordinates": [-77.0826935, -12.0835021]}, "properties": {"id": 757063426, "feat_type": "way", "quality_categories": "crossings_lacking_kerbs, missing_tags, older_than_five_years", "issue_ids": "[56, 1, 2]", "osm_url": "https://www.openstreetmap.org/way/757063426", "josm_url": "http://127.0.0.1:8111/load_object?new_layer=false&objects=w757063426", "id_url": "https://www.openstreetmap.org/edit?editor=id&way=757063426#map=20/-12.0835021/-77.0826935"}}, {"type": "Feature", "geometry": {"type": "Point", "coordinates": [-77.0982255, -12.0694465]}, "properties": {"id": 757070824, "feat_type": "way", "quality_categories": "crossings_lacking_kerbs, missing_tags, older_than_five_years, replaceable_values", "issue_ids": "[3, 119, 1, 2]", "osm_url": "https://www.openstreetmap.org/way/757070824", "josm_url": "http://127.0.0.1:8111/load_object?new_layer=false&objects=w757070824", "id_url": "https://www.openstreetmap.org/edit?editor=id&way=757070824#map=20/-12.0694465/-77.0982255"}}, {"type": "Feature", "geometry": {"type": "Point", "coordinates": [-76.9706184, -12.1088033]}, "properties": {"id": 757430734, "feat_type": "way", "quality_categories": "crossings_lacking_kerbs, missing_tags, older_than_five_years, replaceable_values", "issue_ids": "[3, 120, 1, 2]", "osm_url": "https://www.openstreetmap.org/way/757430734", "josm_url": "http://127.0.0.1:8111/load_object?new_layer=false&objects=w757430734", "id_url": "https://www.openstreetmap.org/edit?editor=id&way=757430734#map=20/-12.1088033/-76.9706184"}}, {"type": "Feature", "geometry": {"type": "Point", "coordinates": [-76.9706881, -12.1089975]}, "properties": {"id": 757430735, "feat_type": "way", "quality_categories": "crossings_lacking_kerbs, missing_tags, older_than_five_years, replaceable_values", "issue_ids": "[3, 120, 1, 2]", "osm_url": "https://www.openstreetmap.org/way/757430735", "josm_url": "http://127.0.0.1:8111/load_object?new_layer=false&objects=w757430735", "id_url": "https://www.openstreetmap.org/edit?editor=id&way=757430735#map=20/-12.1089975/-76.9706881"}}, {"type": "Feature", "geometry": {"type": "Point", "coordinates": [-76.9750625, -12.11005]}, "properties": {"id": 757431235, "feat_type": "way", "quality_categories": "crossings_lacking_kerbs, missing_tags, older_than_five_years, replaceable_values", "issue_ids": "[3, 120, 1, 2]", "osm_url": "https://www.openstreetmap.org/way/757431235", "josm_url": "http://127.0.0.1:8111/load_object?new_layer=false&objects=w757431235", "id_url": "https://www.openstreetmap.org/edit?editor=id&way=757431235#map=20/-12.11005/-76.9750625"}}, {"type": "Feature", "geometry": {"type": "Point", "coordinates": [-76.9807653, -12.1100281]}, "properties": {"id": 757433497, "feat_type": "way", "quality_categories": "crossings_lacking_kerbs, missing_tags, older_than_five_years, replaceable_values", "issue_ids": "[3, 120, 1, 2]", "osm_url": "https://www.openstreetmap.org/way/757433497", "josm_url": "http://127.0.0.1:8111/load_object?new_layer=false&objects=w757433497", "id_url": "https://www.openstreetmap.org/edit?editor=id&way=757433497#map=20/-12.1100281/-76.9807653"}}, {"type": "Feature", "geometry": {"type": "Point", "coordinates": [-76.9095005, -12.1966417]}, "properties": {"id": 759024498, "feat_type": "way", "quality_categories": "crossings_lacking_kerbs, missing_tags, older_than_five_years, replaceable_values", "issue_ids": "[35, 121, 1, 2]", "osm_url": "https://www.openstreetmap.org/way/759024498", "josm_url": "http://127.0.0.1:8111/load_object?new_layer=false&objects=w759024498", "id_url": "https://www.openstreetmap.org/edit?editor=id&way=759024498#map=20/-12.1966417/-76.9095005"}}, {"type": "Feature", "geometry": {"type": "Point", "coordinates": [-77.0158949, -12.1775717]}, "properties": {"id": 759035077, "feat_type": "way", "quality_categories": "crossings_lacking_kerbs, older_than_five_years", "issue_ids": "[122, 2]", "osm_url": "https://www.openstreetmap.org/way/759035077", "josm_url": "http://127.0.0.1:8111/load_object?new_layer=false&objects=w759035077", "id_url": "https://www.openstreetmap.org/edit?editor=id&way=759035077#map=20/-12.1775717/-77.0158949"}}, {"type": "Feature", "geometry": {"type": "Point", "coordinates": [-77.0090511, -12.0796598]}, "properties": {"id": 762117865, "feat_type": "way", "quality_categories": "crossings_lacking_kerbs, missing_tags, older_than_five_years", "issue_ids": "[123, 1, 2]", "osm_url": "https://www.openstreetmap.org/way/762117865", "josm_url": "http://127.0.0.1:8111/load_object?new_layer=false&objects=w762117865", "id_url": "https://www.openstreetmap.org/edit?editor=id&way=762117865#map=20/-12.0796598/-77.0090511"}}, {"type": "Feature", "geometry": {"type": "Point", "coordinates": [-77.01785, -12.0559391]}, "properties": {"id": 769538817, "feat_type": "way", "quality_categories": "crossings_lacking_kerbs, missing_tags, older_than_five_years, replaceable_values", "issue_ids": "[35, 79, 1, 2]", "osm_url": "https://www.openstreetmap.org/way/769538817", "josm_url": "http://127.0.0.1:8111/load_object?new_layer=false&objects=w769538817", "id_url": "https://www.openstreetmap.org/edit?editor=id&way=769538817#map=20/-12.0559391/-77.01785"}}, {"type": "Feature", "geometry": {"type": "Point", "coordinates": [-77.017825, -12.0560004]}, "properties": {"id": 769538818, "feat_type": "way", "quality_categories": "crossings_lacking_kerbs, missing_tags, older_than_five_years, replaceable_values", "issue_ids": "[35, 79, 1, 2]", "osm_url": "https://www.openstreetmap.org/way/769538818", "josm_url": "http://127.0.0.1:8111/load_object?new_layer=false&objects=w769538818", "id_url": "https://www.openstreetmap.org/edit?editor=id&way=769538818#map=20/-12.0560004/-77.017825"}}, {"type": "Feature", "geometry": {"type": "Point", "coordinates": [-77.0172624, -12.0556873]}, "properties": {"id": 769538820, "feat_type": "way", "quality_categories": "crossings_lacking_kerbs, older_than_five_years, replaceable_values", "issue_ids": "[35, 124, 2]", "osm_url": "https://www.openstreetmap.org/way/769538820", "josm_url": "http://127.0.0.1:8111/load_object?new_layer=false&objects=w769538820", "id_url": "https://www.openstreetmap.org/edit?editor=id&way=769538820#map=20/-12.0556873/-77.0172624"}}, {"type": "Feature", "geometry": {"type": "Point", "coordinates": [-77.0175634, -12.0573761]}, "properties": {"id": 769538825, "feat_type": "way", "quality_categories": "crossings_lacking_kerbs, older_than_five_years, replaceable_values", "issue_ids": "[35, 36, 2]", "osm_url": "https://www.openstreetmap.org/way/769538825", "josm_url": "http://127.0.0.1:8111/load_object?new_layer=false&objects=w769538825", "id_url": "https://www.openstreetmap.org/edit?editor=id&way=769538825#map=20/-12.0573761/-77.0175634"}}, {"type": "Feature", "geometry": {"type": "Point", "coordinates": [-77.017329, -12.0576727]}, "properties": {"id": 769538826, "feat_type": "way", "quality_categories": "crossings_lacking_kerbs, missing_tags, older_than_five_years, replaceable_values", "issue_ids": "[35, 79, 1, 2]", "osm_url": "https://www.openstreetmap.org/way/769538826", "josm_url": "http://127.0.0.1:8111/load_object?new_layer=false&objects=w769538826", "id_url": "https://www.openstreetmap.org/edit?editor=id&way=769538826#map=20/-12.0576727/-77.017329"}}, {"type": "Feature", "geometry": {"type": "Point", "coordinates": [-77.0321557, -12.0532055]}, "properties": {"id": 769654481, "feat_type": "way", "quality_categories": "crossings_lacking_kerbs, missing_tags, older_than_five_years, replaceable_values", "issue_ids": "[35, 79, 1, 2]", "osm_url": "https://www.openstreetmap.org/way/769654481", "josm_url": "http://127.0.0.1:8111/load_object?new_layer=false&objects=w769654481", "id_url": "https://www.openstreetmap.org/edit?editor=id&way=769654481#map=20/-12.0532055/-77.0321557"}}, {"type": "Feature", "geometry": {"type": "Point", "coordinates": [-77.0320566, -12.0531634]}, "properties": {"id": 769654483, "feat_type": "way", "quality_categories": "crossings_lacking_kerbs, missing_tags, older_than_five_years, replaceable_values", "issue_ids": "[35, 79, 1, 2]", "osm_url": "https://www.openstreetmap.org/way/769654483", "josm_url": "http://127.0.0.1:8111/load_object?new_layer=false&objects=w769654483", "id_url": "https://www.openstreetmap.org/edit?editor=id&way=769654483#map=20/-12.0531634/-77.0320566"}}, {"type": "Feature", "geometry": {"type": "Point", "coordinates": [-77.0309648, -12.0538867]}, "properties": {"id": 769654485, "feat_type": "way", "quality_categories": "crossings_lacking_kerbs, missing_tags, older_than_five_years, replaceable_values", "issue_ids": "[35, 79, 1, 2]", "osm_url": "https://www.openstreetmap.org/way/769654485", "josm_url": "http://127.0.0.1:8111/load_object?new_layer=false&objects=w769654485", "id_url": "https://www.openstreetmap.org/edit?editor=id&way=769654485#map=20/-12.0538867/-77.0309648"}}, {"type": "Feature", "geometry": {"type": "Point", "coordinates": [-77.03404, -12.0520538]}, "properties": {"id": 769695453, "feat_type": "way", "quality_categories": "crossings_lacking_kerbs, missing_tags, older_than_five_years, replaceable_values", "issue_ids": "[35, 79, 1, 2]", "osm_url": "https://www.openstreetmap.org/way/769695453", "josm_url": "http://127.0.0.1:8111/load_object?new_layer=false&objects=w769695453", "id_url": "https://www.openstreetmap.org/edit?editor=id&way=769695453#map=20/-12.0520538/-77.03404"}}, {"type": "Feature", "geometry": {"type": "Point", "coordinates": [-76.9919562, -12.1419903]}, "properties": {"id": 770553952, "feat_type": "way", "quality_categories": "crossings_lacking_kerbs, missing_tags, older_than_five_years, replaceable_values", "issue_ids": "[35, 125, 1, 2]", "osm_url": "https://www.openstreetmap.org/way/770553952", "josm_url": "http://127.0.0.1:8111/load_object?new_layer=false&objects=w770553952", "id_url": "https://www.openstreetmap.org/edit?editor=id&way=770553952#map=20/-12.1419903/-76.9919562"}}, {"type": "Feature", "geometry": {"type": "Point", "coordinates": [-76.8979302, -12.0838282]}, "properties": {"id": 770951711, "feat_type": "way", "quality_categories": "crossings_lacking_kerbs, missing_tags, older_than_five_years, replaceable_values", "issue_ids": "[35, 126, 1, 2]", "osm_url": "https://www.openstreetmap.org/way/770951711", "josm_url": "http://127.0.0.1:8111/load_object?new_layer=false&objects=w770951711", "id_url": "https://www.openstreetmap.org/edit?editor=id&way=770951711#map=20/-12.0838282/-76.8979302"}}, {"type": "Feature", "geometry": {"type": "Point", "coordinates": [-76.8978709, -12.0823324]}, "properties": {"id": 772705893, "feat_type": "way", "quality_categories": "crossings_lacking_kerbs, missing_tags, older_than_five_years", "issue_ids": "[127, 1, 2]", "osm_url": "https://www.openstreetmap.org/way/772705893", "josm_url": "http://127.0.0.1:8111/load_object?new_layer=false&objects=w772705893", "id_url": "https://www.openstreetmap.org/edit?editor=id&way=772705893#map=20/-12.0823324/-76.8978709"}}, {"type": "Feature", "geometry": {"type": "Point", "coordinates": [-76.9002648, -12.0860546]}, "properties": {"id": 772705894, "feat_type": "way", "quality_categories": "crossings_lacking_kerbs, missing_tags, older_than_five_years", "issue_ids": "[127, 1, 2]", "osm_url": "https://www.openstreetmap.org/way/772705894", "josm_url": "http://127.0.0.1:8111/load_object?new_layer=false&objects=w772705894", "id_url": "https://www.openstreetmap.org/edit?editor=id&way=772705894#map=20/-12.0860546/-76.9002648"}}, {"type": "Feature", "geometry": {"type": "Point", "coordinates": [-76.8980593, -12.0860299]}, "properties": {"id": 772705899, "feat_type": "way", "quality_categories": "crossings_lacking_kerbs, missing_tags, older_than_five_years", "issue_ids": "[128, 1, 2]", "osm_url": "https://www.openstreetmap.org/way/772705899", "josm_url": "http://127.0.0.1:8111/load_object?new_layer=false&objects=w772705899", "id_url": "https://www.openstreetmap.org/edit?editor=id&way=772705899#map=20/-12.0860299/-76.8980593"}}, {"type": "Feature", "geometry": {"type": "Point", "coordinates": [-76.9001526, -12.0860509]}, "properties": {"id": 772705901, "feat_type": "way", "quality_categories": "crossings_lacking_kerbs, missing_tags, older_than_five_years", "issue_ids": "[127, 1, 2]", "osm_url": "https://www.openstreetmap.org/way/772705901", "josm_url": "http://127.0.0.1:8111/load_object?new_layer=false&objects=w772705901", "id_url": "https://www.openstreetmap.org/edit?editor=id&way=772705901#map=20/-12.0860509/-76.9001526"}}, {"type": "Feature", "geometry": {"type": "Point", "coordinates": [-76.9000043, -12.0898208]}, "properties": {"id": 772705910, "feat_type": "way", "quality_categories": "crossings_lacking_kerbs, older_than_five_years", "issue_ids": "[127, 2]", "osm_url": "https://www.openstreetmap.org/way/772705910", "josm_url": "http://127.0.0.1:8111/load_object?new_layer=false&objects=w772705910", "id_url": "https://www.openstreetmap.org/edit?editor=id&way=772705910#map=20/-12.0898208/-76.9000043"}}, {"type": "Feature", "geometry": {"type": "Point", "coordinates": [-76.9000717, -12.0870175]}, "properties": {"id": 772705911, "feat_type": "way", "quality_categories": "older_than_five_years", "issue_ids": "[127]", "osm_url": "https://www.openstreetmap.org/way/772705911", "josm_url": "http://127.0.0.1:8111/load_object?new_layer=false&objects=w772705911", "id_url": "https://www.openstreetmap.org/edit?editor=id&way=772705911#map=20/-12.0870175/-76.9000717"}}, {"type": "Feature", "geometry": {"type": "Point", "coordinates": [-77.0362456, -12.0591699]}, "properties": {"id": 778408551, "feat_type": "way", "quality_categories": "crossings_lacking_kerbs, missing_tags, older_than_five_years, replaceable_values", "issue_ids": "[35, 129, 1, 2]", "osm_url": "https://www.openstreetmap.org/way/778408551", "josm_url": "http://127.0.0.1:8111/load_object?new_layer=false&objects=w778408551", "id_url": "https://www.openstreetmap.org/edit?editor=id&way=778408551#map=20/-12.0591699/-77.0362456"}}, {"type": "Feature", "geometry": {"type": "Point", "coordinates": [-77.0508863, -12.0443132]}, "properties": {"id": 789694758, "feat_type": "way", "quality_categories": "crossings_lacking_kerbs, missing_tags, older_than_five_years, replaceable_values", "issue_ids": "[3, 103, 1, 2]", "osm_url": "https://www.openstreetmap.org/way/789694758", "josm_url": "http://127.0.0.1:8111/load_object?new_layer=false&objects=w789694758", "id_url": "https://www.openstreetmap.org/edit?editor=id&way=789694758#map=20/-12.0443132/-77.0508863"}}, {"type": "Feature", "geometry": {"type": "Point", "coordinates": [-76.9972027, -12.1443726]}, "properties": {"id": 827878312, "feat_type": "way", "quality_categories": "crossings_lacking_kerbs, older_than_five_years, replaceable_values", "issue_ids": "[35, 130, 2]", "osm_url": "https://www.openstreetmap.org/way/827878312", "josm_url": "http://127.0.0.1:8111/load_object?new_layer=false&objects=w827878312", "id_url": "https://www.openstreetmap.org/edit?editor=id&way=827878312#map=20/-12.1443726/-76.9972027"}}, {"type": "Feature", "geometry": {"type": "Point", "coordinates": [-77.0201108, -12.1504107]}, "properties": {"id": 827887826, "feat_type": "way", "quality_categories": "crossings_lacking_kerbs, older_than_five_years, replaceable_values", "issue_ids": "[35, 130, 2]", "osm_url": "https://www.openstreetmap.org/way/827887826", "josm_url": "http://127.0.0.1:8111/load_object?new_layer=false&objects=w827887826", "id_url": "https://www.openstreetmap.org/edit?editor=id&way=827887826#map=20/-12.1504107/-77.0201108"}}, {"type": "Feature", "geometry": {"type": "Point", "coordinates": [-77.0195868, -12.1678219]}, "properties": {"id": 833936656, "feat_type": "way", "quality_categories": "crossings_lacking_kerbs, missing_tags, older_than_five_years, replaceable_values", "issue_ids": "[35, 131, 1, 2]", "osm_url": "https://www.openstreetmap.org/way/833936656", "josm_url": "http://127.0.0.1:8111/load_object?new_layer=false&objects=w833936656", "id_url": "https://www.openstreetmap.org/edit?editor=id&way=833936656#map=20/-12.1678219/-77.0195868"}}, {"type": "Feature", "geometry": {"type": "Point", "coordinates": [-76.9720452, -12.1911379]}, "properties": {"id": 843237362, "feat_type": "way", "quality_categories": "crossings_lacking_kerbs, older_than_five_years, replaceable_values", "issue_ids": "[35, 132, 2]", "osm_url": "https://www.openstreetmap.org/way/843237362", "josm_url": "http://127.0.0.1:8111/load_object?new_layer=false&objects=w843237362", "id_url": "https://www.openstreetmap.org/edit?editor=id&way=843237362#map=20/-12.1911379/-76.9720452"}}, {"type": "Feature", "geometry": {"type": "Point", "coordinates": [-76.9721381, -12.1912306]}, "properties": {"id": 843237363, "feat_type": "way", "quality_categories": "crossings_lacking_kerbs, older_than_five_years, replaceable_values", "issue_ids": "[35, 132, 2]", "osm_url": "https://www.openstreetmap.org/way/843237363", "josm_url": "http://127.0.0.1:8111/load_object?new_layer=false&objects=w843237363", "id_url": "https://www.openstreetmap.org/edit?editor=id&way=843237363#map=20/-12.1912306/-76.9721381"}}, {"type": "Feature", "geometry": {"type": "Point", "coordinates": [-76.9949422, -12.1644767]}, "properties": {"id": 846786004, "feat_type": "way", "quality_categories": "crossings_lacking_kerbs, missing_tags, older_than_five_years", "issue_ids": "[133, 1, 2]", "osm_url": "https://www.openstreetmap.org/way/846786004", "josm_url": "http://127.0.0.1:8111/load_object?new_layer=false&objects=w846786004", "id_url": "https://www.openstreetmap.org/edit?editor=id&way=846786004#map=20/-12.1644767/-76.9949422"}}, {"type": "Feature", "geometry": {"type": "Point", "coordinates": [-76.971397, -12.1094626]}, "properties": {"id": 870570033, "feat_type": "way", "quality_categories": "crossings_lacking_kerbs, missing_tags, older_than_five_years", "issue_ids": "[134, 1, 2]", "osm_url": "https://www.openstreetmap.org/way/870570033", "josm_url": "http://127.0.0.1:8111/load_object?new_layer=false&objects=w870570033", "id_url": "https://www.openstreetmap.org/edit?editor=id&way=870570033#map=20/-12.1094626/-76.971397"}}, {"type": "Feature", "geometry": {"type": "Point", "coordinates": [-77.0364794, -12.0569525]}, "properties": {"id": 870881399, "feat_type": "way", "quality_categories": "crossings_lacking_kerbs, missing_tags, older_than_five_years", "issue_ids": "[135, 1, 2]", "osm_url": "https://www.openstreetmap.org/way/870881399", "josm_url": "http://127.0.0.1:8111/load_object?new_layer=false&objects=w870881399", "id_url": "https://www.openstreetmap.org/edit?editor=id&way=870881399#map=20/-12.0569525/-77.0364794"}}, {"type": "Feature", "geometry": {"type": "Point", "coordinates": [-77.0364598, -12.0575047]}, "properties": {"id": 870881401, "feat_type": "way", "quality_categories": "crossings_lacking_kerbs, missing_tags, older_than_five_years", "issue_ids": "[135, 1, 2]", "osm_url": "https://www.openstreetmap.org/way/870881401", "josm_url": "http://127.0.0.1:8111/load_object?new_layer=false&objects=w870881401", "id_url": "https://www.openstreetmap.org/edit?editor=id&way=870881401#map=20/-12.0575047/-77.0364598"}}, {"type": "Feature", "geometry": {"type": "Point", "coordinates": [-77.0000908, -12.0863894]}, "properties": {"id": 873275506, "feat_type": "way", "quality_categories": "crossings_lacking_kerbs, missing_tags, older_than_five_years", "issue_ids": "[136, 1, 2]", "osm_url": "https://www.openstreetmap.org/way/873275506", "josm_url": "http://127.0.0.1:8111/load_object?new_layer=false&objects=w873275506", "id_url": "https://www.openstreetmap.org/edit?editor=id&way=873275506#map=20/-12.0863894/-77.0000908"}}, {"type": "Feature", "geometry": {"type": "Point", "coordinates": [-77.0003036, -12.0850538]}, "properties": {"id": 873275507, "feat_type": "way", "quality_categories": "crossings_lacking_kerbs, missing_tags, older_than_five_years", "issue_ids": "[136, 1, 2]", "osm_url": "https://www.openstreetmap.org/way/873275507", "josm_url": "http://127.0.0.1:8111/load_object?new_layer=false&objects=w873275507", "id_url": "https://www.openstreetmap.org/edit?editor=id&way=873275507#map=20/-12.0850538/-77.0003036"}}, {"type": "Feature", "geometry": {"type": "Point", "coordinates": [-77.0001996, -12.0856669]}, "properties": {"id": 873275508, "feat_type": "way", "quality_categories": "crossings_lacking_kerbs, missing_tags, older_than_five_years", "issue_ids": "[136, 1, 2]", "osm_url": "https://www.openstreetmap.org/way/873275508", "josm_url": "http://127.0.0.1:8111/load_object?new_layer=false&objects=w873275508", "id_url": "https://www.openstreetmap.org/edit?editor=id&way=873275508#map=20/-12.0856669/-77.0001996"}}, {"type": "Feature", "geometry": {"type": "Point", "coordinates": [-76.9420383, -12.0604425]}, "properties": {"id": 893234646, "feat_type": "way", "quality_categories": "crossings_lacking_kerbs, older_than_five_years, replaceable_values", "issue_ids": "[35, 43, 2]", "osm_url": "https://www.openstreetmap.org/way/893234646", "josm_url": "http://127.0.0.1:8111/load_object?new_layer=false&objects=w893234646", "id_url": "https://www.openstreetmap.org/edit?editor=id&way=893234646#map=20/-12.0604425/-76.9420383"}}, {"type": "Feature", "geometry": {"type": "Point", "coordinates": [-76.9420688, -12.0603963]}, "properties": {"id": 893234658, "feat_type": "way", "quality_categories": "crossings_lacking_kerbs, older_than_five_years, replaceable_values", "issue_ids": "[35, 43, 2]", "osm_url": "https://www.openstreetmap.org/way/893234658", "josm_url": "http://127.0.0.1:8111/load_object?new_layer=false&objects=w893234658", "id_url": "https://www.openstreetmap.org/edit?editor=id&way=893234658#map=20/-12.0603963/-76.9420688"}}, {"type": "Feature", "geometry": {"type": "Point", "coordinates": [-76.9425024, -12.0606242]}, "properties": {"id": 893234659, "feat_type": "way", "quality_categories": "crossings_lacking_kerbs, older_than_five_years, replaceable_values", "issue_ids": "[35, 43, 2]", "osm_url": "https://www.openstreetmap.org/way/893234659", "josm_url": "http://127.0.0.1:8111/load_object?new_layer=false&objects=w893234659", "id_url": "https://www.openstreetmap.org/edit?editor=id&way=893234659#map=20/-12.0606242/-76.9425024"}}, {"type": "Feature", "geometry": {"type": "Point", "coordinates": [-76.9424719, -12.0606852]}, "properties": {"id": 893234660, "feat_type": "way", "quality_categories": "crossings_lacking_kerbs, older_than_five_years, replaceable_values", "issue_ids": "[35, 43, 2]", "osm_url": "https://www.openstreetmap.org/way/893234660", "josm_url": "http://127.0.0.1:8111/load_object?new_layer=false&objects=w893234660", "id_url": "https://www.openstreetmap.org/edit?editor=id&way=893234660#map=20/-12.0606852/-76.9424719"}}, {"type": "Feature", "geometry": {"type": "Point", "coordinates": [-76.9423907, -12.0608356]}, "properties": {"id": 893234661, "feat_type": "way", "quality_categories": "crossings_lacking_kerbs, older_than_five_years, replaceable_values", "issue_ids": "[35, 43, 2]", "osm_url": "https://www.openstreetmap.org/way/893234661", "josm_url": "http://127.0.0.1:8111/load_object?new_layer=false&objects=w893234661", "id_url": "https://www.openstreetmap.org/edit?editor=id&way=893234661#map=20/-12.0608356/-76.9423907"}}, {"type": "Feature", "geometry": {"type": "Point", "coordinates": [-76.9419391, -12.0605936]}, "properties": {"id": 893234663, "feat_type": "way", "quality_categories": "crossings_lacking_kerbs, missing_tags, older_than_five_years, replaceable_values", "issue_ids": "[35, 43, 1, 2]", "osm_url": "https://www.openstreetmap.org/way/893234663", "josm_url": "http://127.0.0.1:8111/load_object?new_layer=false&objects=w893234663", "id_url": "https://www.openstreetmap.org/edit?editor=id&way=893234663#map=20/-12.0605936/-76.9419391"}}, {"type": "Feature", "geometry": {"type": "Point", "coordinates": [-77.0441191, -12.0314674]}, "properties": {"id": 914789343, "feat_type": "way", "quality_categories": "crossings_lacking_kerbs, missing_tags, older_than_five_years", "issue_ids": "[137, 1, 2]", "osm_url": "https://www.openstreetmap.org/way/914789343", "josm_url": "http://127.0.0.1:8111/load_object?new_layer=false&objects=w914789343", "id_url": "https://www.openstreetmap.org/edit?editor=id&way=914789343#map=20/-12.0314674/-77.0441191"}}, {"type": "Feature", "geometry": {"type": "Point", "coordinates": [-77.0280413, -12.0836167]}, "properties": {"id": 936575402, "feat_type": "way", "quality_categories": "crossings_lacking_kerbs, missing_tags, older_than_five_years, replaceable_values", "issue_ids": "[3, 13, 1, 2]", "osm_url": "https://www.openstreetmap.org/way/936575402", "josm_url": "http://127.0.0.1:8111/load_object?new_layer=false&objects=w936575402", "id_url": "https://www.openstreetmap.org/edit?editor=id&way=936575402#map=20/-12.0836167/-77.0280413"}}, {"type": "Feature", "geometry": {"type": "Point", "coordinates": [-77.0282245, -12.0837299]}, "properties": {"id": 936575404, "feat_type": "way", "quality_categories": "crossings_lacking_kerbs, missing_tags, older_than_five_years, replaceable_values", "issue_ids": "[3, 13, 1, 2]", "osm_url": "https://www.openstreetmap.org/way/936575404", "josm_url": "http://127.0.0.1:8111/load_object?new_layer=false&objects=w936575404", "id_url": "https://www.openstreetmap.org/edit?editor=id&way=936575404#map=20/-12.0837299/-77.0282245"}}, {"type": "Feature", "geometry": {"type": "Point", "coordinates": [-77.001098, -12.0277148]}, "properties": {"id": 936581338, "feat_type": "way", "quality_categories": "crossings_lacking_kerbs, missing_tags, older_than_five_years", "issue_ids": "[13, 1, 2]", "osm_url": "https://www.openstreetmap.org/way/936581338", "josm_url": "http://127.0.0.1:8111/load_object?new_layer=false&objects=w936581338", "id_url": "https://www.openstreetmap.org/edit?editor=id&way=936581338#map=20/-12.0277148/-77.001098"}}, {"type": "Feature", "geometry": {"type": "Point", "coordinates": [-77.0107192, -12.0304913]}, "properties": {"id": 936591494, "feat_type": "way", "quality_categories": "crossings_lacking_kerbs, missing_tags, older_than_five_years", "issue_ids": "[13, 1, 2]", "osm_url": "https://www.openstreetmap.org/way/936591494", "josm_url": "http://127.0.0.1:8111/load_object?new_layer=false&objects=w936591494", "id_url": "https://www.openstreetmap.org/edit?editor=id&way=936591494#map=20/-12.0304913/-77.0107192"}}, {"type": "Feature", "geometry": {"type": "Point", "coordinates": [-77.0105678, -12.0305398]}, "properties": {"id": 936591496, "feat_type": "way", "quality_categories": "crossings_lacking_kerbs, missing_tags, older_than_five_years", "issue_ids": "[13, 1, 2]", "osm_url": "https://www.openstreetmap.org/way/936591496", "josm_url": "http://127.0.0.1:8111/load_object?new_layer=false&objects=w936591496", "id_url": "https://www.openstreetmap.org/edit?editor=id&way=936591496#map=20/-12.0305398/-77.0105678"}}, {"type": "Feature", "geometry": {"type": "Point", "coordinates": [-77.0103571, -12.030397]}, "properties": {"id": 936591498, "feat_type": "way", "quality_categories": "crossings_lacking_kerbs, missing_tags, older_than_five_years", "issue_ids": "[13, 1, 2]", "osm_url": "https://www.openstreetmap.org/way/936591498", "josm_url": "http://127.0.0.1:8111/load_object?new_layer=false&objects=w936591498", "id_url": "https://www.openstreetmap.org/edit?editor=id&way=936591498#map=20/-12.030397/-77.0103571"}}, {"type": "Feature", "geometry": {"type": "Point", "coordinates": [-77.0108155, -12.0289444]}, "properties": {"id": 936922447, "feat_type": "way", "quality_categories": "crossings_lacking_kerbs, missing_tags, older_than_five_years", "issue_ids": "[13, 1, 2]", "osm_url": "https://www.openstreetmap.org/way/936922447", "josm_url": "http://127.0.0.1:8111/load_object?new_layer=false&objects=w936922447", "id_url": "https://www.openstreetmap.org/edit?editor=id&way=936922447#map=20/-12.0289444/-77.0108155"}}, {"type": "Feature", "geometry": {"type": "Point", "coordinates": [-77.0109221, -12.0289879]}, "properties": {"id": 936922448, "feat_type": "way", "quality_categories": "crossings_lacking_kerbs, missing_tags, older_than_five_years", "issue_ids": "[13, 1, 2]", "osm_url": "https://www.openstreetmap.org/way/936922448", "josm_url": "http://127.0.0.1:8111/load_object?new_layer=false&objects=w936922448", "id_url": "https://www.openstreetmap.org/edit?editor=id&way=936922448#map=20/-12.0289879/-77.0109221"}}, {"type": "Feature", "geometry": {"type": "Point", "coordinates": [-76.9996168, -12.0284395]}, "properties": {"id": 937441737, "feat_type": "way", "quality_categories": "crossings_lacking_kerbs, missing_tags, older_than_five_years", "issue_ids": "[138, 1, 2]", "osm_url": "https://www.openstreetmap.org/way/937441737", "josm_url": "http://127.0.0.1:8111/load_object?new_layer=false&objects=w937441737", "id_url": "https://www.openstreetmap.org/edit?editor=id&way=937441737#map=20/-12.0284395/-76.9996168"}}, {"type": "Feature", "geometry": {"type": "Point", "coordinates": [-76.9996475, -12.0284723]}, "properties": {"id": 937446835, "feat_type": "way", "quality_categories": "crossings_lacking_kerbs, missing_tags, older_than_five_years", "issue_ids": "[138, 1, 2]", "osm_url": "https://www.openstreetmap.org/way/937446835", "josm_url": "http://127.0.0.1:8111/load_object?new_layer=false&objects=w937446835", "id_url": "https://www.openstreetmap.org/edit?editor=id&way=937446835#map=20/-12.0284723/-76.9996475"}}, {"type": "Feature", "geometry": {"type": "Point", "coordinates": [-77.0103932, -12.0278667]}, "properties": {"id": 938204250, "feat_type": "way", "quality_categories": "crossings_lacking_kerbs, missing_tags, older_than_five_years", "issue_ids": "[139, 1, 2]", "osm_url": "https://www.openstreetmap.org/way/938204250", "josm_url": "http://127.0.0.1:8111/load_object?new_layer=false&objects=w938204250", "id_url": "https://www.openstreetmap.org/edit?editor=id&way=938204250#map=20/-12.0278667/-77.0103932"}}, {"type": "Feature", "geometry": {"type": "Point", "coordinates": [-77.0103375, -12.027999]}, "properties": {"id": 938204254, "feat_type": "way", "quality_categories": "crossings_lacking_kerbs, missing_tags, older_than_five_years", "issue_ids": "[139, 1, 2]", "osm_url": "https://www.openstreetmap.org/way/938204254", "josm_url": "http://127.0.0.1:8111/load_object?new_layer=false&objects=w938204254", "id_url": "https://www.openstreetmap.org/edit?editor=id&way=938204254#map=20/-12.027999/-77.0103375"}}, {"type": "Feature", "geometry": {"type": "Point", "coordinates": [-77.0077629, -12.0251635]}, "properties": {"id": 938207034, "feat_type": "way", "quality_categories": "crossings_lacking_kerbs, missing_tags, older_than_five_years", "issue_ids": "[139, 1, 2]", "osm_url": "https://www.openstreetmap.org/way/938207034", "josm_url": "http://127.0.0.1:8111/load_object?new_layer=false&objects=w938207034", "id_url": "https://www.openstreetmap.org/edit?editor=id&way=938207034#map=20/-12.0251635/-77.0077629"}}, {"type": "Feature", "geometry": {"type": "Point", "coordinates": [-77.0076948, -12.0251399]}, "properties": {"id": 938207035, "feat_type": "way", "quality_categories": "crossings_lacking_kerbs, missing_tags, older_than_five_years", "issue_ids": "[139, 1, 2]", "osm_url": "https://www.openstreetmap.org/way/938207035", "josm_url": "http://127.0.0.1:8111/load_object?new_layer=false&objects=w938207035", "id_url": "https://www.openstreetmap.org/edit?editor=id&way=938207035#map=20/-12.0251399/-77.0076948"}}, {"type": "Feature", "geometry": {"type": "Point", "coordinates": [-77.0076733, -12.025072]}, "properties": {"id": 938207036, "feat_type": "way", "quality_categories": "crossings_lacking_kerbs, missing_tags, older_than_five_years", "issue_ids": "[139, 1, 2]", "osm_url": "https://www.openstreetmap.org/way/938207036", "josm_url": "http://127.0.0.1:8111/load_object?new_layer=false&objects=w938207036", "id_url": "https://www.openstreetmap.org/edit?editor=id&way=938207036#map=20/-12.025072/-77.0076733"}}, {"type": "Feature", "geometry": {"type": "Point", "coordinates": [-77.0077968, -12.0250587]}, "properties": {"id": 938207037, "feat_type": "way", "quality_categories": "crossings_lacking_kerbs, missing_tags, older_than_five_years", "issue_ids": "[139, 1, 2]", "osm_url": "https://www.openstreetmap.org/way/938207037", "josm_url": "http://127.0.0.1:8111/load_object?new_layer=false&objects=w938207037", "id_url": "https://www.openstreetmap.org/edit?editor=id&way=938207037#map=20/-12.0250587/-77.0077968"}}, {"type": "Feature", "geometry": {"type": "Point", "coordinates": [-77.037161, -12.0670812]}, "properties": {"id": 938254396, "feat_type": "way", "quality_categories": "crossings_lacking_kerbs, missing_tags, older_than_five_years", "issue_ids": "[108, 1, 2]", "osm_url": "https://www.openstreetmap.org/way/938254396", "josm_url": "http://127.0.0.1:8111/load_object?new_layer=false&objects=w938254396", "id_url": "https://www.openstreetmap.org/edit?editor=id&way=938254396#map=20/-12.0670812/-77.037161"}}, {"type": "Feature", "geometry": {"type": "Point", "coordinates": [-77.0371117, -12.0670068]}, "properties": {"id": 938274316, "feat_type": "way", "quality_categories": "crossings_lacking_kerbs, missing_tags, older_than_five_years", "issue_ids": "[108, 1, 2]", "osm_url": "https://www.openstreetmap.org/way/938274316", "josm_url": "http://127.0.0.1:8111/load_object?new_layer=false&objects=w938274316", "id_url": "https://www.openstreetmap.org/edit?editor=id&way=938274316#map=20/-12.0670068/-77.0371117"}}, {"type": "Feature", "geometry": {"type": "Point", "coordinates": [-77.0370215, -12.0669159]}, "properties": {"id": 938274317, "feat_type": "way", "quality_categories": "crossings_lacking_kerbs, missing_tags, older_than_five_years", "issue_ids": "[108, 1, 2]", "osm_url": "https://www.openstreetmap.org/way/938274317", "josm_url": "http://127.0.0.1:8111/load_object?new_layer=false&objects=w938274317", "id_url": "https://www.openstreetmap.org/edit?editor=id&way=938274317#map=20/-12.0669159/-77.0370215"}}, {"type": "Feature", "geometry": {"type": "Point", "coordinates": [-77.0371789, -12.0669406]}, "properties": {"id": 938274318, "feat_type": "way", "quality_categories": "crossings_lacking_kerbs, missing_tags, older_than_five_years", "issue_ids": "[108, 1, 2]", "osm_url": "https://www.openstreetmap.org/way/938274318", "josm_url": "http://127.0.0.1:8111/load_object?new_layer=false&objects=w938274318", "id_url": "https://www.openstreetmap.org/edit?editor=id&way=938274318#map=20/-12.0669406/-77.0371789"}}, {"type": "Feature", "geometry": {"type": "Point", "coordinates": [-77.0369975, -12.0670544]}, "properties": {"id": 938274321, "feat_type": "way", "quality_categories": "crossings_lacking_kerbs, missing_tags, older_than_five_years", "issue_ids": "[108, 1, 2]", "osm_url": "https://www.openstreetmap.org/way/938274321", "josm_url": "http://127.0.0.1:8111/load_object?new_layer=false&objects=w938274321", "id_url": "https://www.openstreetmap.org/edit?editor=id&way=938274321#map=20/-12.0670544/-77.0369975"}}, {"type": "Feature", "geometry": {"type": "Point", "coordinates": [-77.0369649, -12.0669863]}, "properties": {"id": 938274323, "feat_type": "way", "quality_categories": "crossings_lacking_kerbs, missing_tags, older_than_five_years", "issue_ids": "[108, 1, 2]", "osm_url": "https://www.openstreetmap.org/way/938274323", "josm_url": "http://127.0.0.1:8111/load_object?new_layer=false&objects=w938274323", "id_url": "https://www.openstreetmap.org/edit?editor=id&way=938274323#map=20/-12.0669863/-77.0369649"}}, {"type": "Feature", "geometry": {"type": "Point", "coordinates": [-77.0372253, -12.0670226]}, "properties": {"id": 938274324, "feat_type": "way", "quality_categories": "crossings_lacking_kerbs, missing_tags, older_than_five_years", "issue_ids": "[108, 1, 2]", "osm_url": "https://www.openstreetmap.org/way/938274324", "josm_url": "http://127.0.0.1:8111/load_object?new_layer=false&objects=w938274324", "id_url": "https://www.openstreetmap.org/edit?editor=id&way=938274324#map=20/-12.0670226/-77.0372253"}}, {"type": "Feature", "geometry": {"type": "Point", "coordinates": [-77.0018983, -12.025724]}, "properties": {"id": 938316894, "feat_type": "way", "quality_categories": "crossings_lacking_kerbs, missing_tags, older_than_five_years", "issue_ids": "[108, 1, 2]", "osm_url": "https://www.openstreetmap.org/way/938316894", "josm_url": "http://127.0.0.1:8111/load_object?new_layer=false&objects=w938316894", "id_url": "https://www.openstreetmap.org/edit?editor=id&way=938316894#map=20/-12.025724/-77.0018983"}}, {"type": "Feature", "geometry": {"type": "Point", "coordinates": [-77.0008386, -12.0226623]}, "properties": {"id": 938689327, "feat_type": "way", "quality_categories": "crossings_lacking_kerbs, missing_tags, older_than_five_years", "issue_ids": "[140, 1, 2]", "osm_url": "https://www.openstreetmap.org/way/938689327", "josm_url": "http://127.0.0.1:8111/load_object?new_layer=false&objects=w938689327", "id_url": "https://www.openstreetmap.org/edit?editor=id&way=938689327#map=20/-12.0226623/-77.0008386"}}, {"type": "Feature", "geometry": {"type": "Point", "coordinates": [-77.0011929, -12.0226205]}, "properties": {"id": 938689328, "feat_type": "way", "quality_categories": "crossings_lacking_kerbs, missing_tags, older_than_five_years", "issue_ids": "[140, 1, 2]", "osm_url": "https://www.openstreetmap.org/way/938689328", "josm_url": "http://127.0.0.1:8111/load_object?new_layer=false&objects=w938689328", "id_url": "https://www.openstreetmap.org/edit?editor=id&way=938689328#map=20/-12.0226205/-77.0011929"}}, {"type": "Feature", "geometry": {"type": "Point", "coordinates": [-77.0012998, -12.0226078]}, "properties": {"id": 938689329, "feat_type": "way", "quality_categories": "crossings_lacking_kerbs, missing_tags, older_than_five_years", "issue_ids": "[140, 1, 2]", "osm_url": "https://www.openstreetmap.org/way/938689329", "josm_url": "http://127.0.0.1:8111/load_object?new_layer=false&objects=w938689329", "id_url": "https://www.openstreetmap.org/edit?editor=id&way=938689329#map=20/-12.0226078/-77.0012998"}}, {"type": "Feature", "geometry": {"type": "Point", "coordinates": [-77.0064466, -12.0245122]}, "properties": {"id": 938699462, "feat_type": "way", "quality_categories": "crossings_lacking_kerbs, missing_tags, older_than_five_years", "issue_ids": "[140, 1, 2]", "osm_url": "https://www.openstreetmap.org/way/938699462", "josm_url": "http://127.0.0.1:8111/load_object?new_layer=false&objects=w938699462", "id_url": "https://www.openstreetmap.org/edit?editor=id&way=938699462#map=20/-12.0245122/-77.0064466"}}, {"type": "Feature", "geometry": {"type": "Point", "coordinates": [-76.9905622, -12.0265525]}, "properties": {"id": 940178441, "feat_type": "way", "quality_categories": "crossings_lacking_kerbs, missing_tags, older_than_five_years", "issue_ids": "[141, 1, 2]", "osm_url": "https://www.openstreetmap.org/way/940178441", "josm_url": "http://127.0.0.1:8111/load_object?new_layer=false&objects=w940178441", "id_url": "https://www.openstreetmap.org/edit?editor=id&way=940178441#map=20/-12.0265525/-76.9905622"}}, {"type": "Feature", "geometry": {"type": "Point", "coordinates": [-76.9919672, -12.0265997]}, "properties": {"id": 940178455, "feat_type": "way", "quality_categories": "crossings_lacking_kerbs, missing_tags, older_than_five_years", "issue_ids": "[141, 1, 2]", "osm_url": "https://www.openstreetmap.org/way/940178455", "josm_url": "http://127.0.0.1:8111/load_object?new_layer=false&objects=w940178455", "id_url": "https://www.openstreetmap.org/edit?editor=id&way=940178455#map=20/-12.0265997/-76.9919672"}}, {"type": "Feature", "geometry": {"type": "Point", "coordinates": [-76.9977142, -12.025988]}, "properties": {"id": 940187776, "feat_type": "way", "quality_categories": "crossings_lacking_kerbs, missing_tags, older_than_five_years", "issue_ids": "[141, 1, 2]", "osm_url": "https://www.openstreetmap.org/way/940187776", "josm_url": "http://127.0.0.1:8111/load_object?new_layer=false&objects=w940187776", "id_url": "https://www.openstreetmap.org/edit?editor=id&way=940187776#map=20/-12.025988/-76.9977142"}}, {"type": "Feature", "geometry": {"type": "Point", "coordinates": [-76.9914917, -12.0248719]}, "properties": {"id": 940626621, "feat_type": "way", "quality_categories": "crossings_lacking_kerbs, missing_tags, older_than_five_years", "issue_ids": "[77, 1, 2]", "osm_url": "https://www.openstreetmap.org/way/940626621", "josm_url": "http://127.0.0.1:8111/load_object?new_layer=false&objects=w940626621", "id_url": "https://www.openstreetmap.org/edit?editor=id&way=940626621#map=20/-12.0248719/-76.9914917"}}, {"type": "Feature", "geometry": {"type": "Point", "coordinates": [-76.9965866, -12.0245378]}, "properties": {"id": 940630221, "feat_type": "way", "quality_categories": "crossings_lacking_kerbs, missing_tags, older_than_five_years", "issue_ids": "[77, 1, 2]", "osm_url": "https://www.openstreetmap.org/way/940630221", "josm_url": "http://127.0.0.1:8111/load_object?new_layer=false&objects=w940630221", "id_url": "https://www.openstreetmap.org/edit?editor=id&way=940630221#map=20/-12.0245378/-76.9965866"}}, {"type": "Feature", "geometry": {"type": "Point", "coordinates": [-76.9966969, -12.0245535]}, "properties": {"id": 940630222, "feat_type": "way", "quality_categories": "crossings_lacking_kerbs, missing_tags, older_than_five_years", "issue_ids": "[77, 1, 2]", "osm_url": "https://www.openstreetmap.org/way/940630222", "josm_url": "http://127.0.0.1:8111/load_object?new_layer=false&objects=w940630222", "id_url": "https://www.openstreetmap.org/edit?editor=id&way=940630222#map=20/-12.0245535/-76.9966969"}}, {"type": "Feature", "geometry": {"type": "Point", "coordinates": [-77.0026404, -12.0106844]}, "properties": {"id": 940636956, "feat_type": "way", "quality_categories": "crossings_lacking_kerbs, missing_tags, older_than_five_years", "issue_ids": "[77, 1, 2]", "osm_url": "https://www.openstreetmap.org/way/940636956", "josm_url": "http://127.0.0.1:8111/load_object?new_layer=false&objects=w940636956", "id_url": "https://www.openstreetmap.org/edit?editor=id&way=940636956#map=20/-12.0106844/-77.0026404"}}, {"type": "Feature", "geometry": {"type": "Point", "coordinates": [-77.0028828, -12.0102961]}, "properties": {"id": 940636957, "feat_type": "way", "quality_categories": "crossings_lacking_kerbs, missing_tags, older_than_five_years", "issue_ids": "[77, 1, 2]", "osm_url": "https://www.openstreetmap.org/way/940636957", "josm_url": "http://127.0.0.1:8111/load_object?new_layer=false&objects=w940636957", "id_url": "https://www.openstreetmap.org/edit?editor=id&way=940636957#map=20/-12.0102961/-77.0028828"}}, {"type": "Feature", "geometry": {"type": "Point", "coordinates": [-77.0030723, -12.0100323]}, "properties": {"id": 940636958, "feat_type": "way", "quality_categories": "crossings_lacking_kerbs, missing_tags, older_than_five_years", "issue_ids": "[77, 1, 2]", "osm_url": "https://www.openstreetmap.org/way/940636958", "josm_url": "http://127.0.0.1:8111/load_object?new_layer=false&objects=w940636958", "id_url": "https://www.openstreetmap.org/edit?editor=id&way=940636958#map=20/-12.0100323/-77.0030723"}}, {"type": "Feature", "geometry": {"type": "Point", "coordinates": [-77.0043615, -12.0082902]}, "properties": {"id": 940636962, "feat_type": "way", "quality_categories": "crossings_lacking_kerbs, missing_tags, older_than_five_years, replaceable_values", "issue_ids": "[3, 77, 1, 2]", "osm_url": "https://www.openstreetmap.org/way/940636962", "josm_url": "http://127.0.0.1:8111/load_object?new_layer=false&objects=w940636962", "id_url": "https://www.openstreetmap.org/edit?editor=id&way=940636962#map=20/-12.0082902/-77.0043615"}}, {"type": "Feature", "geometry": {"type": "Point", "coordinates": [-77.0042983, -12.008201]}, "properties": {"id": 940636964, "feat_type": "way", "quality_categories": "crossings_lacking_kerbs, missing_tags, older_than_five_years, replaceable_values", "issue_ids": "[3, 77, 1, 2]", "osm_url": "https://www.openstreetmap.org/way/940636964", "josm_url": "http://127.0.0.1:8111/load_object?new_layer=false&objects=w940636964", "id_url": "https://www.openstreetmap.org/edit?editor=id&way=940636964#map=20/-12.008201/-77.0042983"}}, {"type": "Feature", "geometry": {"type": "Point", "coordinates": [-77.0000778, -12.0204583]}, "properties": {"id": 940919130, "feat_type": "way", "quality_categories": "crossings_lacking_kerbs, missing_tags, older_than_five_years", "issue_ids": "[142, 1, 2]", "osm_url": "https://www.openstreetmap.org/way/940919130", "josm_url": "http://127.0.0.1:8111/load_object?new_layer=false&objects=w940919130", "id_url": "https://www.openstreetmap.org/edit?editor=id&way=940919130#map=20/-12.0204583/-77.0000778"}}, {"type": "Feature", "geometry": {"type": "Point", "coordinates": [-77.0002873, -12.0206529]}, "properties": {"id": 940919136, "feat_type": "way", "quality_categories": "crossings_lacking_kerbs, missing_tags, older_than_five_years", "issue_ids": "[142, 1, 2]", "osm_url": "https://www.openstreetmap.org/way/940919136", "josm_url": "http://127.0.0.1:8111/load_object?new_layer=false&objects=w940919136", "id_url": "https://www.openstreetmap.org/edit?editor=id&way=940919136#map=20/-12.0206529/-77.0002873"}}, {"type": "Feature", "geometry": {"type": "Point", "coordinates": [-76.9936069, -11.9832187]}, "properties": {"id": 941233578, "feat_type": "way", "quality_categories": "crossings_lacking_kerbs, missing_tags, older_than_five_years", "issue_ids": "[143, 1, 2]", "osm_url": "https://www.openstreetmap.org/way/941233578", "josm_url": "http://127.0.0.1:8111/load_object?new_layer=false&objects=w941233578", "id_url": "https://www.openstreetmap.org/edit?editor=id&way=941233578#map=20/-11.9832187/-76.9936069"}}, {"type": "Feature", "geometry": {"type": "Point", "coordinates": [-77.0294515, -12.1169541]}, "properties": {"id": 942728991, "feat_type": "way", "quality_categories": "crossings_lacking_kerbs, missing_tags, older_than_five_years", "issue_ids": "[144, 1, 2]", "osm_url": "https://www.openstreetmap.org/way/942728991", "josm_url": "http://127.0.0.1:8111/load_object?new_layer=false&objects=w942728991", "id_url": "https://www.openstreetmap.org/edit?editor=id&way=942728991#map=20/-12.1169541/-77.0294515"}}, {"type": "Feature", "geometry": {"type": "Point", "coordinates": [-77.0293696, -12.1170613]}, "properties": {"id": 942728993, "feat_type": "way", "quality_categories": "crossings_lacking_kerbs, missing_tags, older_than_five_years", "issue_ids": "[144, 1, 2]", "osm_url": "https://www.openstreetmap.org/way/942728993", "josm_url": "http://127.0.0.1:8111/load_object?new_layer=false&objects=w942728993", "id_url": "https://www.openstreetmap.org/edit?editor=id&way=942728993#map=20/-12.1170613/-77.0293696"}}, {"type": "Feature", "geometry": {"type": "Point", "coordinates": [-77.029206, -12.1170516]}, "properties": {"id": 942728995, "feat_type": "way", "quality_categories": "crossings_lacking_kerbs, missing_tags, older_than_five_years", "issue_ids": "[144, 1, 2]", "osm_url": "https://www.openstreetmap.org/way/942728995", "josm_url": "http://127.0.0.1:8111/load_object?new_layer=false&objects=w942728995", "id_url": "https://www.openstreetmap.org/edit?editor=id&way=942728995#map=20/-12.1170516/-77.029206"}}, {"type": "Feature", "geometry": {"type": "Point", "coordinates": [-77.0291504, -12.1169469]}, "properties": {"id": 942728997, "feat_type": "way", "quality_categories": "missing_tags, older_than_five_years", "issue_ids": "[144, 1]", "osm_url": "https://www.openstreetmap.org/way/942728997", "josm_url": "http://127.0.0.1:8111/load_object?new_layer=false&objects=w942728997", "id_url": "https://www.openstreetmap.org/edit?editor=id&way=942728997#map=20/-12.1169469/-77.0291504"}}, {"type": "Feature", "geometry": {"type": "Point", "coordinates": [-77.0292422, -12.1168522]}, "properties": {"id": 942728999, "feat_type": "way", "quality_categories": "missing_tags, older_than_five_years", "issue_ids": "[144, 1]", "osm_url": "https://www.openstreetmap.org/way/942728999", "josm_url": "http://127.0.0.1:8111/load_object?new_layer=false&objects=w942728999", "id_url": "https://www.openstreetmap.org/edit?editor=id&way=942728999#map=20/-12.1168522/-77.0292422"}}, {"type": "Feature", "geometry": {"type": "Point", "coordinates": [-77.029404, -12.1168669]}, "properties": {"id": 942729002, "feat_type": "way", "quality_categories": "crossings_lacking_kerbs, missing_tags, older_than_five_years", "issue_ids": "[144, 1, 2]", "osm_url": "https://www.openstreetmap.org/way/942729002", "josm_url": "http://127.0.0.1:8111/load_object?new_layer=false&objects=w942729002", "id_url": "https://www.openstreetmap.org/edit?editor=id&way=942729002#map=20/-12.1168669/-77.029404"}}, {"type": "Feature", "geometry": {"type": "Point", "coordinates": [-77.1049318, -12.0743373]}, "properties": {"id": 955204705, "feat_type": "way", "quality_categories": "crossings_lacking_kerbs, missing_tags, older_than_five_years", "issue_ids": "[0, 1, 2]", "osm_url": "https://www.openstreetmap.org/way/955204705", "josm_url": "http://127.0.0.1:8111/load_object?new_layer=false&objects=w955204705", "id_url": "https://www.openstreetmap.org/edit?editor=id&way=955204705#map=20/-12.0743373/-77.1049318"}}, {"type": "Feature", "geometry": {"type": "Point", "coordinates": [-77.1050982, -12.0747618]}, "properties": {"id": 955204706, "feat_type": "way", "quality_categories": "crossings_lacking_kerbs, missing_tags, older_than_five_years", "issue_ids": "[0, 1, 2]", "osm_url": "https://www.openstreetmap.org/way/955204706", "josm_url": "http://127.0.0.1:8111/load_object?new_layer=false&objects=w955204706", "id_url": "https://www.openstreetmap.org/edit?editor=id&way=955204706#map=20/-12.0747618/-77.1050982"}}, {"type": "Feature", "geometry": {"type": "Point", "coordinates": [-77.1038306, -12.0753836]}, "properties": {"id": 955204711, "feat_type": "way", "quality_categories": "crossings_lacking_kerbs, missing_tags, older_than_five_years", "issue_ids": "[0, 1, 2]", "osm_url": "https://www.openstreetmap.org/way/955204711", "josm_url": "http://127.0.0.1:8111/load_object?new_layer=false&objects=w955204711", "id_url": "https://www.openstreetmap.org/edit?editor=id&way=955204711#map=20/-12.0753836/-77.1038306"}}, {"type": "Feature", "geometry": {"type": "Point", "coordinates": [-77.1027394, -12.0759065]}, "properties": {"id": 955206669, "feat_type": "way", "quality_categories": "crossings_lacking_kerbs, missing_tags, older_than_five_years", "issue_ids": "[0, 1, 2]", "osm_url": "https://www.openstreetmap.org/way/955206669", "josm_url": "http://127.0.0.1:8111/load_object?new_layer=false&objects=w955206669", "id_url": "https://www.openstreetmap.org/edit?editor=id&way=955206669#map=20/-12.0759065/-77.1027394"}}, {"type": "Feature", "geometry": {"type": "Point", "coordinates": [-77.1025449, -12.0755013]}, "properties": {"id": 955206670, "feat_type": "way", "quality_categories": "crossings_lacking_kerbs, missing_tags, older_than_five_years", "issue_ids": "[0, 1, 2]", "osm_url": "https://www.openstreetmap.org/way/955206670", "josm_url": "http://127.0.0.1:8111/load_object?new_layer=false&objects=w955206670", "id_url": "https://www.openstreetmap.org/edit?editor=id&way=955206670#map=20/-12.0755013/-77.1025449"}}, {"type": "Feature", "geometry": {"type": "Point", "coordinates": [-77.1035657, -12.0761613]}, "properties": {"id": 955206673, "feat_type": "way", "quality_categories": "crossings_lacking_kerbs, missing_tags, older_than_five_years", "issue_ids": "[0, 1, 2]", "osm_url": "https://www.openstreetmap.org/way/955206673", "josm_url": "http://127.0.0.1:8111/load_object?new_layer=false&objects=w955206673", "id_url": "https://www.openstreetmap.org/edit?editor=id&way=955206673#map=20/-12.0761613/-77.1035657"}}, {"type": "Feature", "geometry": {"type": "Point", "coordinates": [-77.1029849, -12.0763788]}, "properties": {"id": 955206675, "feat_type": "way", "quality_categories": "crossings_lacking_kerbs, missing_tags, older_than_five_years", "issue_ids": "[0, 1, 2]", "osm_url": "https://www.openstreetmap.org/way/955206675", "josm_url": "http://127.0.0.1:8111/load_object?new_layer=false&objects=w955206675", "id_url": "https://www.openstreetmap.org/edit?editor=id&way=955206675#map=20/-12.0763788/-77.1029849"}}, {"type": "Feature", "geometry": {"type": "Point", "coordinates": [-77.1042152, -12.0738956]}, "properties": {"id": 955603549, "feat_type": "way", "quality_categories": "crossings_lacking_kerbs, missing_tags, older_than_five_years", "issue_ids": "[145, 1, 2]", "osm_url": "https://www.openstreetmap.org/way/955603549", "josm_url": "http://127.0.0.1:8111/load_object?new_layer=false&objects=w955603549", "id_url": "https://www.openstreetmap.org/edit?editor=id&way=955603549#map=20/-12.0738956/-77.1042152"}}, {"type": "Feature", "geometry": {"type": "Point", "coordinates": [-77.1051257, -12.0734499]}, "properties": {"id": 955603550, "feat_type": "way", "quality_categories": "crossings_lacking_kerbs, missing_tags, older_than_five_years", "issue_ids": "[145, 1, 2]", "osm_url": "https://www.openstreetmap.org/way/955603550", "josm_url": "http://127.0.0.1:8111/load_object?new_layer=false&objects=w955603550", "id_url": "https://www.openstreetmap.org/edit?editor=id&way=955603550#map=20/-12.0734499/-77.1051257"}}, {"type": "Feature", "geometry": {"type": "Point", "coordinates": [-77.0671889, -12.0770737]}, "properties": {"id": 956462011, "feat_type": "way", "quality_categories": "crossings_lacking_kerbs, missing_tags, older_than_five_years", "issue_ids": "[146, 1, 2]", "osm_url": "https://www.openstreetmap.org/way/956462011", "josm_url": "http://127.0.0.1:8111/load_object?new_layer=false&objects=w956462011", "id_url": "https://www.openstreetmap.org/edit?editor=id&way=956462011#map=20/-12.0770737/-77.0671889"}}, {"type": "Feature", "geometry": {"type": "Point", "coordinates": [-77.0673977, -12.0771985]}, "properties": {"id": 956462013, "feat_type": "way", "quality_categories": "crossings_lacking_kerbs, missing_tags, older_than_five_years", "issue_ids": "[146, 1, 2]", "osm_url": "https://www.openstreetmap.org/way/956462013", "josm_url": "http://127.0.0.1:8111/load_object?new_layer=false&objects=w956462013", "id_url": "https://www.openstreetmap.org/edit?editor=id&way=956462013#map=20/-12.0771985/-77.0673977"}}, {"type": "Feature", "geometry": {"type": "Point", "coordinates": [-77.0652116, -12.0769354]}, "properties": {"id": 956462015, "feat_type": "way", "quality_categories": "crossings_lacking_kerbs, missing_tags, older_than_five_years", "issue_ids": "[146, 1, 2]", "osm_url": "https://www.openstreetmap.org/way/956462015", "josm_url": "http://127.0.0.1:8111/load_object?new_layer=false&objects=w956462015", "id_url": "https://www.openstreetmap.org/edit?editor=id&way=956462015#map=20/-12.0769354/-77.0652116"}}, {"type": "Feature", "geometry": {"type": "Point", "coordinates": [-77.0676526, -12.0780897]}, "properties": {"id": 956463519, "feat_type": "way", "quality_categories": "crossings_lacking_kerbs, missing_tags, older_than_five_years", "issue_ids": "[146, 1, 2]", "osm_url": "https://www.openstreetmap.org/way/956463519", "josm_url": "http://127.0.0.1:8111/load_object?new_layer=false&objects=w956463519", "id_url": "https://www.openstreetmap.org/edit?editor=id&way=956463519#map=20/-12.0780897/-77.0676526"}}, {"type": "Feature", "geometry": {"type": "Point", "coordinates": [-77.0663146, -12.0778988]}, "properties": {"id": 956463524, "feat_type": "way", "quality_categories": "crossings_lacking_kerbs, missing_tags, older_than_five_years", "issue_ids": "[146, 1, 2]", "osm_url": "https://www.openstreetmap.org/way/956463524", "josm_url": "http://127.0.0.1:8111/load_object?new_layer=false&objects=w956463524", "id_url": "https://www.openstreetmap.org/edit?editor=id&way=956463524#map=20/-12.0778988/-77.0663146"}}, {"type": "Feature", "geometry": {"type": "Point", "coordinates": [-76.9835213, -12.0227669]}, "properties": {"id": 957352232, "feat_type": "way", "quality_categories": "crossings_lacking_kerbs, missing_tags, older_than_five_years", "issue_ids": "[147, 1, 2]", "osm_url": "https://www.openstreetmap.org/way/957352232", "josm_url": "http://127.0.0.1:8111/load_object?new_layer=false&objects=w957352232", "id_url": "https://www.openstreetmap.org/edit?editor=id&way=957352232#map=20/-12.0227669/-76.9835213"}}, {"type": "Feature", "geometry": {"type": "Point", "coordinates": [-76.9836599, -12.0232005]}, "properties": {"id": 957352234, "feat_type": "way", "quality_categories": "crossings_lacking_kerbs, missing_tags, older_than_five_years", "issue_ids": "[147, 1, 2]", "osm_url": "https://www.openstreetmap.org/way/957352234", "josm_url": "http://127.0.0.1:8111/load_object?new_layer=false&objects=w957352234", "id_url": "https://www.openstreetmap.org/edit?editor=id&way=957352234#map=20/-12.0232005/-76.9836599"}}, {"type": "Feature", "geometry": {"type": "Point", "coordinates": [-76.9835736, -12.0227287]}, "properties": {"id": 957352237, "feat_type": "way", "quality_categories": "crossings_lacking_kerbs, missing_tags, older_than_five_years", "issue_ids": "[147, 1, 2]", "osm_url": "https://www.openstreetmap.org/way/957352237", "josm_url": "http://127.0.0.1:8111/load_object?new_layer=false&objects=w957352237", "id_url": "https://www.openstreetmap.org/edit?editor=id&way=957352237#map=20/-12.0227287/-76.9835736"}}, {"type": "Feature", "geometry": {"type": "Point", "coordinates": [-77.0787867, -12.0626339]}, "properties": {"id": 957742604, "feat_type": "way", "quality_categories": "crossings_lacking_kerbs, missing_tags, older_than_five_years", "issue_ids": "[55, 1, 2]", "osm_url": "https://www.openstreetmap.org/way/957742604", "josm_url": "http://127.0.0.1:8111/load_object?new_layer=false&objects=w957742604", "id_url": "https://www.openstreetmap.org/edit?editor=id&way=957742604#map=20/-12.0626339/-77.0787867"}}, {"type": "Feature", "geometry": {"type": "Point", "coordinates": [-77.0810635, -12.0648668]}, "properties": {"id": 957742605, "feat_type": "way", "quality_categories": "crossings_lacking_kerbs, missing_tags, older_than_five_years", "issue_ids": "[55, 1, 2]", "osm_url": "https://www.openstreetmap.org/way/957742605", "josm_url": "http://127.0.0.1:8111/load_object?new_layer=false&objects=w957742605", "id_url": "https://www.openstreetmap.org/edit?editor=id&way=957742605#map=20/-12.0648668/-77.0810635"}}, {"type": "Feature", "geometry": {"type": "Point", "coordinates": [-77.0799867, -12.0645954]}, "properties": {"id": 957742607, "feat_type": "way", "quality_categories": "crossings_lacking_kerbs, missing_tags, older_than_five_years", "issue_ids": "[55, 1, 2]", "osm_url": "https://www.openstreetmap.org/way/957742607", "josm_url": "http://127.0.0.1:8111/load_object?new_layer=false&objects=w957742607", "id_url": "https://www.openstreetmap.org/edit?editor=id&way=957742607#map=20/-12.0645954/-77.0799867"}}, {"type": "Feature", "geometry": {"type": "Point", "coordinates": [-77.0794738, -12.0644746]}, "properties": {"id": 957742608, "feat_type": "way", "quality_categories": "crossings_lacking_kerbs, missing_tags, older_than_five_years", "issue_ids": "[55, 1, 2]", "osm_url": "https://www.openstreetmap.org/way/957742608", "josm_url": "http://127.0.0.1:8111/load_object?new_layer=false&objects=w957742608", "id_url": "https://www.openstreetmap.org/edit?editor=id&way=957742608#map=20/-12.0644746/-77.0794738"}}, {"type": "Feature", "geometry": {"type": "Point", "coordinates": [-77.07898, -12.0643561]}, "properties": {"id": 957742609, "feat_type": "way", "quality_categories": "crossings_lacking_kerbs, missing_tags, older_than_five_years", "issue_ids": "[55, 1, 2]", "osm_url": "https://www.openstreetmap.org/way/957742609", "josm_url": "http://127.0.0.1:8111/load_object?new_layer=false&objects=w957742609", "id_url": "https://www.openstreetmap.org/edit?editor=id&way=957742609#map=20/-12.0643561/-77.07898"}}, {"type": "Feature", "geometry": {"type": "Point", "coordinates": [-77.0810338, -12.0632801]}, "properties": {"id": 957746892, "feat_type": "way", "quality_categories": "crossings_lacking_kerbs, missing_tags, older_than_five_years", "issue_ids": "[55, 1, 2]", "osm_url": "https://www.openstreetmap.org/way/957746892", "josm_url": "http://127.0.0.1:8111/load_object?new_layer=false&objects=w957746892", "id_url": "https://www.openstreetmap.org/edit?editor=id&way=957746892#map=20/-12.0632801/-77.0810338"}}, {"type": "Feature", "geometry": {"type": "Point", "coordinates": [-77.0795123, -12.062254]}, "properties": {"id": 957746893, "feat_type": "way", "quality_categories": "crossings_lacking_kerbs, missing_tags, older_than_five_years", "issue_ids": "[55, 1, 2]", "osm_url": "https://www.openstreetmap.org/way/957746893", "josm_url": "http://127.0.0.1:8111/load_object?new_layer=false&objects=w957746893", "id_url": "https://www.openstreetmap.org/edit?editor=id&way=957746893#map=20/-12.062254/-77.0795123"}}, {"type": "Feature", "geometry": {"type": "Point", "coordinates": [-77.0825001, -12.0619034]}, "properties": {"id": 957746899, "feat_type": "way", "quality_categories": "crossings_lacking_kerbs, missing_tags, older_than_five_years", "issue_ids": "[55, 1, 2]", "osm_url": "https://www.openstreetmap.org/way/957746899", "josm_url": "http://127.0.0.1:8111/load_object?new_layer=false&objects=w957746899", "id_url": "https://www.openstreetmap.org/edit?editor=id&way=957746899#map=20/-12.0619034/-77.0825001"}}, {"type": "Feature", "geometry": {"type": "Point", "coordinates": [-77.0810045, -12.0621767]}, "properties": {"id": 957746900, "feat_type": "way", "quality_categories": "crossings_lacking_kerbs, missing_tags, older_than_five_years", "issue_ids": "[55, 1, 2]", "osm_url": "https://www.openstreetmap.org/way/957746900", "josm_url": "http://127.0.0.1:8111/load_object?new_layer=false&objects=w957746900", "id_url": "https://www.openstreetmap.org/edit?editor=id&way=957746900#map=20/-12.0621767/-77.0810045"}}, {"type": "Feature", "geometry": {"type": "Point", "coordinates": [-77.0810827, -12.0626484]}, "properties": {"id": 957746901, "feat_type": "way", "quality_categories": "crossings_lacking_kerbs, missing_tags, older_than_five_years", "issue_ids": "[55, 1, 2]", "osm_url": "https://www.openstreetmap.org/way/957746901", "josm_url": "http://127.0.0.1:8111/load_object?new_layer=false&objects=w957746901", "id_url": "https://www.openstreetmap.org/edit?editor=id&way=957746901#map=20/-12.0626484/-77.0810827"}}, {"type": "Feature", "geometry": {"type": "Point", "coordinates": [-77.0816821, -12.0628078]}, "properties": {"id": 957746903, "feat_type": "way", "quality_categories": "crossings_lacking_kerbs, missing_tags, older_than_five_years", "issue_ids": "[55, 1, 2]", "osm_url": "https://www.openstreetmap.org/way/957746903", "josm_url": "http://127.0.0.1:8111/load_object?new_layer=false&objects=w957746903", "id_url": "https://www.openstreetmap.org/edit?editor=id&way=957746903#map=20/-12.0628078/-77.0816821"}}, {"type": "Feature", "geometry": {"type": "Point", "coordinates": [-77.0789436, -12.0621585]}, "properties": {"id": 957746906, "feat_type": "way", "quality_categories": "crossings_lacking_kerbs, missing_tags, older_than_five_years", "issue_ids": "[55, 1, 2]", "osm_url": "https://www.openstreetmap.org/way/957746906", "josm_url": "http://127.0.0.1:8111/load_object?new_layer=false&objects=w957746906", "id_url": "https://www.openstreetmap.org/edit?editor=id&way=957746906#map=20/-12.0621585/-77.0789436"}}, {"type": "Feature", "geometry": {"type": "Point", "coordinates": [-77.0792151, -12.0612706]}, "properties": {"id": 957746909, "feat_type": "way", "quality_categories": "crossings_lacking_kerbs, missing_tags, older_than_five_years", "issue_ids": "[55, 1, 2]", "osm_url": "https://www.openstreetmap.org/way/957746909", "josm_url": "http://127.0.0.1:8111/load_object?new_layer=false&objects=w957746909", "id_url": "https://www.openstreetmap.org/edit?editor=id&way=957746909#map=20/-12.0612706/-77.0792151"}}, {"type": "Feature", "geometry": {"type": "Point", "coordinates": [-76.985943, -12.0917456]}, "properties": {"id": 958531563, "feat_type": "way", "quality_categories": "crossings_lacking_kerbs, missing_tags, older_than_five_years, replaceable_values", "issue_ids": "[35, 148, 1, 2]", "osm_url": "https://www.openstreetmap.org/way/958531563", "josm_url": "http://127.0.0.1:8111/load_object?new_layer=false&objects=w958531563", "id_url": "https://www.openstreetmap.org/edit?editor=id&way=958531563#map=20/-12.0917456/-76.985943"}}, {"type": "Feature", "geometry": {"type": "Point", "coordinates": [-76.9861654, -12.0916107]}, "properties": {"id": 958549577, "feat_type": "way", "quality_categories": "crossings_lacking_kerbs, missing_tags, older_than_five_years", "issue_ids": "[149, 1, 2]", "osm_url": "https://www.openstreetmap.org/way/958549577", "josm_url": "http://127.0.0.1:8111/load_object?new_layer=false&objects=w958549577", "id_url": "https://www.openstreetmap.org/edit?editor=id&way=958549577#map=20/-12.0916107/-76.9861654"}}, {"type": "Feature", "geometry": {"type": "Point", "coordinates": [-76.9866888, -12.0911986]}, "properties": {"id": 958549578, "feat_type": "way", "quality_categories": "crossings_lacking_kerbs, missing_tags, older_than_five_years", "issue_ids": "[149, 1, 2]", "osm_url": "https://www.openstreetmap.org/way/958549578", "josm_url": "http://127.0.0.1:8111/load_object?new_layer=false&objects=w958549578", "id_url": "https://www.openstreetmap.org/edit?editor=id&way=958549578#map=20/-12.0911986/-76.9866888"}}, {"type": "Feature", "geometry": {"type": "Point", "coordinates": [-76.9865933, -12.0910663]}, "properties": {"id": 958549579, "feat_type": "way", "quality_categories": "crossings_lacking_kerbs, missing_tags, older_than_five_years", "issue_ids": "[150, 1, 2]", "osm_url": "https://www.openstreetmap.org/way/958549579", "josm_url": "http://127.0.0.1:8111/load_object?new_layer=false&objects=w958549579", "id_url": "https://www.openstreetmap.org/edit?editor=id&way=958549579#map=20/-12.0910663/-76.9865933"}}, {"type": "Feature", "geometry": {"type": "Point", "coordinates": [-76.9857884, -12.0917402]}, "properties": {"id": 958549583, "feat_type": "way", "quality_categories": "crossings_lacking_kerbs, missing_tags, older_than_five_years, replaceable_values", "issue_ids": "[35, 48, 1, 2]", "osm_url": "https://www.openstreetmap.org/way/958549583", "josm_url": "http://127.0.0.1:8111/load_object?new_layer=false&objects=w958549583", "id_url": "https://www.openstreetmap.org/edit?editor=id&way=958549583#map=20/-12.0917402/-76.9857884"}}, {"type": "Feature", "geometry": {"type": "Point", "coordinates": [-76.9850612, -12.0888717]}, "properties": {"id": 958551128, "feat_type": "way", "quality_categories": "crossings_lacking_kerbs, missing_tags, older_than_five_years", "issue_ids": "[149, 1, 2]", "osm_url": "https://www.openstreetmap.org/way/958551128", "josm_url": "http://127.0.0.1:8111/load_object?new_layer=false&objects=w958551128", "id_url": "https://www.openstreetmap.org/edit?editor=id&way=958551128#map=20/-12.0888717/-76.9850612"}}, {"type": "Feature", "geometry": {"type": "Point", "coordinates": [-76.9845789, -12.089078]}, "properties": {"id": 958551129, "feat_type": "way", "quality_categories": "crossings_lacking_kerbs, missing_tags, older_than_five_years", "issue_ids": "[151, 1, 2]", "osm_url": "https://www.openstreetmap.org/way/958551129", "josm_url": "http://127.0.0.1:8111/load_object?new_layer=false&objects=w958551129", "id_url": "https://www.openstreetmap.org/edit?editor=id&way=958551129#map=20/-12.089078/-76.9845789"}}, {"type": "Feature", "geometry": {"type": "Point", "coordinates": [-76.9857308, -12.0916133]}, "properties": {"id": 958561058, "feat_type": "way", "quality_categories": "crossings_lacking_kerbs, missing_tags, older_than_five_years", "issue_ids": "[149, 1, 2]", "osm_url": "https://www.openstreetmap.org/way/958561058", "josm_url": "http://127.0.0.1:8111/load_object?new_layer=false&objects=w958561058", "id_url": "https://www.openstreetmap.org/edit?editor=id&way=958561058#map=20/-12.0916133/-76.9857308"}}, {"type": "Feature", "geometry": {"type": "Point", "coordinates": [-76.9866984, -12.0910935]}, "properties": {"id": 958704912, "feat_type": "way", "quality_categories": "crossings_lacking_kerbs, missing_tags, older_than_five_years", "issue_ids": "[149, 1, 2]", "osm_url": "https://www.openstreetmap.org/way/958704912", "josm_url": "http://127.0.0.1:8111/load_object?new_layer=false&objects=w958704912", "id_url": "https://www.openstreetmap.org/edit?editor=id&way=958704912#map=20/-12.0910935/-76.9866984"}}, {"type": "Feature", "geometry": {"type": "Point", "coordinates": [-76.9856586, -12.0896083]}, "properties": {"id": 958704913, "feat_type": "way", "quality_categories": "crossings_lacking_kerbs, missing_tags, older_than_five_years", "issue_ids": "[149, 1, 2]", "osm_url": "https://www.openstreetmap.org/way/958704913", "josm_url": "http://127.0.0.1:8111/load_object?new_layer=false&objects=w958704913", "id_url": "https://www.openstreetmap.org/edit?editor=id&way=958704913#map=20/-12.0896083/-76.9856586"}}, {"type": "Feature", "geometry": {"type": "Point", "coordinates": [-76.985639, -12.0896918]}, "properties": {"id": 958708224, "feat_type": "way", "quality_categories": "crossings_lacking_kerbs, missing_tags, older_than_five_years", "issue_ids": "[149, 1, 2]", "osm_url": "https://www.openstreetmap.org/way/958708224", "josm_url": "http://127.0.0.1:8111/load_object?new_layer=false&objects=w958708224", "id_url": "https://www.openstreetmap.org/edit?editor=id&way=958708224#map=20/-12.0896918/-76.985639"}}, {"type": "Feature", "geometry": {"type": "Point", "coordinates": [-76.9865766, -12.0890042]}, "properties": {"id": 958709131, "feat_type": "way", "quality_categories": "crossings_lacking_kerbs, missing_tags, older_than_five_years, replaceable_values", "issue_ids": "[35, 152, 1, 2]", "osm_url": "https://www.openstreetmap.org/way/958709131", "josm_url": "http://127.0.0.1:8111/load_object?new_layer=false&objects=w958709131", "id_url": "https://www.openstreetmap.org/edit?editor=id&way=958709131#map=20/-12.0890042/-76.9865766"}}, {"type": "Feature", "geometry": {"type": "Point", "coordinates": [-76.9866554, -12.0890109]}, "properties": {"id": 958709132, "feat_type": "way", "quality_categories": "crossings_lacking_kerbs, missing_tags, older_than_five_years, replaceable_values", "issue_ids": "[35, 152, 1, 2]", "osm_url": "https://www.openstreetmap.org/way/958709132", "josm_url": "http://127.0.0.1:8111/load_object?new_layer=false&objects=w958709132", "id_url": "https://www.openstreetmap.org/edit?editor=id&way=958709132#map=20/-12.0890109/-76.9866554"}}, {"type": "Feature", "geometry": {"type": "Point", "coordinates": [-76.9866797, -12.0889421]}, "properties": {"id": 958709133, "feat_type": "way", "quality_categories": "crossings_lacking_kerbs, missing_tags, older_than_five_years, replaceable_values", "issue_ids": "[35, 152, 1, 2]", "osm_url": "https://www.openstreetmap.org/way/958709133", "josm_url": "http://127.0.0.1:8111/load_object?new_layer=false&objects=w958709133", "id_url": "https://www.openstreetmap.org/edit?editor=id&way=958709133#map=20/-12.0889421/-76.9866797"}}, {"type": "Feature", "geometry": {"type": "Point", "coordinates": [-76.9848568, -12.0883816]}, "properties": {"id": 958709138, "feat_type": "way", "quality_categories": "crossings_lacking_kerbs, missing_tags, older_than_five_years", "issue_ids": "[149, 1, 2]", "osm_url": "https://www.openstreetmap.org/way/958709138", "josm_url": "http://127.0.0.1:8111/load_object?new_layer=false&objects=w958709138", "id_url": "https://www.openstreetmap.org/edit?editor=id&way=958709138#map=20/-12.0883816/-76.9848568"}}, {"type": "Feature", "geometry": {"type": "Point", "coordinates": [-76.9846474, -12.0869958]}, "properties": {"id": 961212107, "feat_type": "way", "quality_categories": "crossings_lacking_kerbs, missing_tags, older_than_five_years, replaceable_values", "issue_ids": "[3, 151, 1, 2]", "osm_url": "https://www.openstreetmap.org/way/961212107", "josm_url": "http://127.0.0.1:8111/load_object?new_layer=false&objects=w961212107", "id_url": "https://www.openstreetmap.org/edit?editor=id&way=961212107#map=20/-12.0869958/-76.9846474"}}, {"type": "Feature", "geometry": {"type": "Point", "coordinates": [-76.9857989, -12.0858784]}, "properties": {"id": 961212109, "feat_type": "way", "quality_categories": "crossings_lacking_kerbs, missing_tags, older_than_five_years, replaceable_values", "issue_ids": "[35, 151, 1, 2]", "osm_url": "https://www.openstreetmap.org/way/961212109", "josm_url": "http://127.0.0.1:8111/load_object?new_layer=false&objects=w961212109", "id_url": "https://www.openstreetmap.org/edit?editor=id&way=961212109#map=20/-12.0858784/-76.9857989"}}, {"type": "Feature", "geometry": {"type": "Point", "coordinates": [-77.0123833, -12.0205241]}, "properties": {"id": 961829334, "feat_type": "way", "quality_categories": "crossings_lacking_kerbs, missing_tags, older_than_five_years", "issue_ids": "[153, 1, 2]", "osm_url": "https://www.openstreetmap.org/way/961829334", "josm_url": "http://127.0.0.1:8111/load_object?new_layer=false&objects=w961829334", "id_url": "https://www.openstreetmap.org/edit?editor=id&way=961829334#map=20/-12.0205241/-77.0123833"}}, {"type": "Feature", "geometry": {"type": "Point", "coordinates": [-77.0105489, -12.0252246]}, "properties": {"id": 962064418, "feat_type": "way", "quality_categories": "crossings_lacking_kerbs, missing_tags, older_than_five_years", "issue_ids": "[153, 1, 2]", "osm_url": "https://www.openstreetmap.org/way/962064418", "josm_url": "http://127.0.0.1:8111/load_object?new_layer=false&objects=w962064418", "id_url": "https://www.openstreetmap.org/edit?editor=id&way=962064418#map=20/-12.0252246/-77.0105489"}}, {"type": "Feature", "geometry": {"type": "Point", "coordinates": [-77.0077167, -12.0186409]}, "properties": {"id": 962141067, "feat_type": "way", "quality_categories": "crossings_lacking_kerbs, missing_tags, older_than_five_years", "issue_ids": "[22, 1, 2]", "osm_url": "https://www.openstreetmap.org/way/962141067", "josm_url": "http://127.0.0.1:8111/load_object?new_layer=false&objects=w962141067", "id_url": "https://www.openstreetmap.org/edit?editor=id&way=962141067#map=20/-12.0186409/-77.0077167"}}, {"type": "Feature", "geometry": {"type": "Point", "coordinates": [-77.0097135, -12.0179819]}, "properties": {"id": 962141678, "feat_type": "way", "quality_categories": "crossings_lacking_kerbs, missing_tags, older_than_five_years", "issue_ids": "[22, 1, 2]", "osm_url": "https://www.openstreetmap.org/way/962141678", "josm_url": "http://127.0.0.1:8111/load_object?new_layer=false&objects=w962141678", "id_url": "https://www.openstreetmap.org/edit?editor=id&way=962141678#map=20/-12.0179819/-77.0097135"}}, {"type": "Feature", "geometry": {"type": "Point", "coordinates": [-77.0110864, -12.0178232]}, "properties": {"id": 962141679, "feat_type": "way", "quality_categories": "crossings_lacking_kerbs, missing_tags, older_than_five_years", "issue_ids": "[22, 1, 2]", "osm_url": "https://www.openstreetmap.org/way/962141679", "josm_url": "http://127.0.0.1:8111/load_object?new_layer=false&objects=w962141679", "id_url": "https://www.openstreetmap.org/edit?editor=id&way=962141679#map=20/-12.0178232/-77.0110864"}}, {"type": "Feature", "geometry": {"type": "Point", "coordinates": [-76.9990222, -12.0470012]}, "properties": {"id": 962146494, "feat_type": "way", "quality_categories": "crossings_lacking_kerbs, older_than_five_years", "issue_ids": "[22, 2]", "osm_url": "https://www.openstreetmap.org/way/962146494", "josm_url": "http://127.0.0.1:8111/load_object?new_layer=false&objects=w962146494", "id_url": "https://www.openstreetmap.org/edit?editor=id&way=962146494#map=20/-12.0470012/-76.9990222"}}, {"type": "Feature", "geometry": {"type": "Point", "coordinates": [-77.0005657, -12.0481836]}, "properties": {"id": 962326432, "feat_type": "way", "quality_categories": "crossings_lacking_kerbs, older_than_five_years, replaceable_values", "issue_ids": "[3, 22, 2]", "osm_url": "https://www.openstreetmap.org/way/962326432", "josm_url": "http://127.0.0.1:8111/load_object?new_layer=false&objects=w962326432", "id_url": "https://www.openstreetmap.org/edit?editor=id&way=962326432#map=20/-12.0481836/-77.0005657"}}, {"type": "Feature", "geometry": {"type": "Point", "coordinates": [-76.9995886, -12.0467986]}, "properties": {"id": 962326434, "feat_type": "way", "quality_categories": "crossings_lacking_kerbs, older_than_five_years, replaceable_values", "issue_ids": "[3, 22, 2]", "osm_url": "https://www.openstreetmap.org/way/962326434", "josm_url": "http://127.0.0.1:8111/load_object?new_layer=false&objects=w962326434", "id_url": "https://www.openstreetmap.org/edit?editor=id&way=962326434#map=20/-12.0467986/-76.9995886"}}, {"type": "Feature", "geometry": {"type": "Point", "coordinates": [-76.9993814, -12.0465094]}, "properties": {"id": 962326436, "feat_type": "way", "quality_categories": "crossings_lacking_kerbs, older_than_five_years, replaceable_values", "issue_ids": "[3, 22, 2]", "osm_url": "https://www.openstreetmap.org/way/962326436", "josm_url": "http://127.0.0.1:8111/load_object?new_layer=false&objects=w962326436", "id_url": "https://www.openstreetmap.org/edit?editor=id&way=962326436#map=20/-12.0465094/-76.9993814"}}, {"type": "Feature", "geometry": {"type": "Point", "coordinates": [-76.9991511, -12.0478181]}, "properties": {"id": 962329814, "feat_type": "way", "quality_categories": "crossings_lacking_kerbs, older_than_five_years", "issue_ids": "[154, 2]", "osm_url": "https://www.openstreetmap.org/way/962329814", "josm_url": "http://127.0.0.1:8111/load_object?new_layer=false&objects=w962329814", "id_url": "https://www.openstreetmap.org/edit?editor=id&way=962329814#map=20/-12.0478181/-76.9991511"}}, {"type": "Feature", "geometry": {"type": "Point", "coordinates": [-77.0004323, -12.0453639]}, "properties": {"id": 962329815, "feat_type": "way", "quality_categories": "crossings_lacking_kerbs, older_than_five_years", "issue_ids": "[22, 2]", "osm_url": "https://www.openstreetmap.org/way/962329815", "josm_url": "http://127.0.0.1:8111/load_object?new_layer=false&objects=w962329815", "id_url": "https://www.openstreetmap.org/edit?editor=id&way=962329815#map=20/-12.0453639/-77.0004323"}}, {"type": "Feature", "geometry": {"type": "Point", "coordinates": [-76.9997365, -12.0467799]}, "properties": {"id": 962329816, "feat_type": "way", "quality_categories": "crossings_lacking_kerbs, older_than_five_years", "issue_ids": "[22, 2]", "osm_url": "https://www.openstreetmap.org/way/962329816", "josm_url": "http://127.0.0.1:8111/load_object?new_layer=false&objects=w962329816", "id_url": "https://www.openstreetmap.org/edit?editor=id&way=962329816#map=20/-12.0467799/-76.9997365"}}, {"type": "Feature", "geometry": {"type": "Point", "coordinates": [-77.0007921, -12.0482542]}, "properties": {"id": 962329817, "feat_type": "way", "quality_categories": "crossings_lacking_kerbs, older_than_five_years", "issue_ids": "[105, 2]", "osm_url": "https://www.openstreetmap.org/way/962329817", "josm_url": "http://127.0.0.1:8111/load_object?new_layer=false&objects=w962329817", "id_url": "https://www.openstreetmap.org/edit?editor=id&way=962329817#map=20/-12.0482542/-77.0007921"}}, {"type": "Feature", "geometry": {"type": "Point", "coordinates": [-77.0002602, -12.0475088]}, "properties": {"id": 962329818, "feat_type": "way", "quality_categories": "crossings_lacking_kerbs, older_than_five_years", "issue_ids": "[22, 2]", "osm_url": "https://www.openstreetmap.org/way/962329818", "josm_url": "http://127.0.0.1:8111/load_object?new_layer=false&objects=w962329818", "id_url": "https://www.openstreetmap.org/edit?editor=id&way=962329818#map=20/-12.0475088/-77.0002602"}}, {"type": "Feature", "geometry": {"type": "Point", "coordinates": [-76.9989718, -12.0470035]}, "properties": {"id": 962329819, "feat_type": "way", "quality_categories": "crossings_lacking_kerbs, older_than_five_years", "issue_ids": "[22, 2]", "osm_url": "https://www.openstreetmap.org/way/962329819", "josm_url": "http://127.0.0.1:8111/load_object?new_layer=false&objects=w962329819", "id_url": "https://www.openstreetmap.org/edit?editor=id&way=962329819#map=20/-12.0470035/-76.9989718"}}, {"type": "Feature", "geometry": {"type": "Point", "coordinates": [-76.9988211, -12.049415]}, "properties": {"id": 962329820, "feat_type": "way", "quality_categories": "crossings_lacking_kerbs, older_than_five_years", "issue_ids": "[105, 2]", "osm_url": "https://www.openstreetmap.org/way/962329820", "josm_url": "http://127.0.0.1:8111/load_object?new_layer=false&objects=w962329820", "id_url": "https://www.openstreetmap.org/edit?editor=id&way=962329820#map=20/-12.049415/-76.9988211"}}, {"type": "Feature", "geometry": {"type": "Point", "coordinates": [-76.9993748, -12.0495262]}, "properties": {"id": 962329821, "feat_type": "way", "quality_categories": "crossings_lacking_kerbs, older_than_five_years", "issue_ids": "[154, 2]", "osm_url": "https://www.openstreetmap.org/way/962329821", "josm_url": "http://127.0.0.1:8111/load_object?new_layer=false&objects=w962329821", "id_url": "https://www.openstreetmap.org/edit?editor=id&way=962329821#map=20/-12.0495262/-76.9993748"}}, {"type": "Feature", "geometry": {"type": "Point", "coordinates": [-76.9995442, -12.0489321]}, "properties": {"id": 962329822, "feat_type": "way", "quality_categories": "crossings_lacking_kerbs, older_than_five_years", "issue_ids": "[154, 2]", "osm_url": "https://www.openstreetmap.org/way/962329822", "josm_url": "http://127.0.0.1:8111/load_object?new_layer=false&objects=w962329822", "id_url": "https://www.openstreetmap.org/edit?editor=id&way=962329822#map=20/-12.0489321/-76.9995442"}}, {"type": "Feature", "geometry": {"type": "Point", "coordinates": [-77.0003359, -12.0490784]}, "properties": {"id": 962329823, "feat_type": "way", "quality_categories": "crossings_lacking_kerbs, older_than_five_years", "issue_ids": "[105, 2]", "osm_url": "https://www.openstreetmap.org/way/962329823", "josm_url": "http://127.0.0.1:8111/load_object?new_layer=false&objects=w962329823", "id_url": "https://www.openstreetmap.org/edit?editor=id&way=962329823#map=20/-12.0490784/-77.0003359"}}, {"type": "Feature", "geometry": {"type": "Point", "coordinates": [-76.9997014, -12.046956]}, "properties": {"id": 962374816, "feat_type": "way", "quality_categories": "crossings_lacking_kerbs, older_than_five_years, replaceable_values", "issue_ids": "[3, 22, 2]", "osm_url": "https://www.openstreetmap.org/way/962374816", "josm_url": "http://127.0.0.1:8111/load_object?new_layer=false&objects=w962374816", "id_url": "https://www.openstreetmap.org/edit?editor=id&way=962374816#map=20/-12.046956/-76.9997014"}}, {"type": "Feature", "geometry": {"type": "Point", "coordinates": [-77.0090297, -12.0832097]}, "properties": {"id": 962801003, "feat_type": "way", "quality_categories": "crossings_lacking_kerbs, missing_tags, older_than_five_years", "issue_ids": "[41, 1, 2]", "osm_url": "https://www.openstreetmap.org/way/962801003", "josm_url": "http://127.0.0.1:8111/load_object?new_layer=false&objects=w962801003", "id_url": "https://www.openstreetmap.org/edit?editor=id&way=962801003#map=20/-12.0832097/-77.0090297"}}, {"type": "Feature", "geometry": {"type": "Point", "coordinates": [-77.0097826, -12.0837131]}, "properties": {"id": 962801005, "feat_type": "way", "quality_categories": "crossings_lacking_kerbs, missing_tags, older_than_five_years", "issue_ids": "[41, 1, 2]", "osm_url": "https://www.openstreetmap.org/way/962801005", "josm_url": "http://127.0.0.1:8111/load_object?new_layer=false&objects=w962801005", "id_url": "https://www.openstreetmap.org/edit?editor=id&way=962801005#map=20/-12.0837131/-77.0097826"}}, {"type": "Feature", "geometry": {"type": "Point", "coordinates": [-77.0093511, -12.0841166]}, "properties": {"id": 962801006, "feat_type": "way", "quality_categories": "crossings_lacking_kerbs, missing_tags, older_than_five_years", "issue_ids": "[41, 1, 2]", "osm_url": "https://www.openstreetmap.org/way/962801006", "josm_url": "http://127.0.0.1:8111/load_object?new_layer=false&objects=w962801006", "id_url": "https://www.openstreetmap.org/edit?editor=id&way=962801006#map=20/-12.0841166/-77.0093511"}}, {"type": "Feature", "geometry": {"type": "Point", "coordinates": [-77.0097215, -12.0841655]}, "properties": {"id": 962801008, "feat_type": "way", "quality_categories": "crossings_lacking_kerbs, missing_tags, older_than_five_years", "issue_ids": "[41, 1, 2]", "osm_url": "https://www.openstreetmap.org/way/962801008", "josm_url": "http://127.0.0.1:8111/load_object?new_layer=false&objects=w962801008", "id_url": "https://www.openstreetmap.org/edit?editor=id&way=962801008#map=20/-12.0841655/-77.0097215"}}, {"type": "Feature", "geometry": {"type": "Point", "coordinates": [-77.009186, -12.0517967]}, "properties": {"id": 962989991, "feat_type": "way", "quality_categories": "crossings_lacking_kerbs, older_than_five_years", "issue_ids": "[41, 2]", "osm_url": "https://www.openstreetmap.org/way/962989991", "josm_url": "http://127.0.0.1:8111/load_object?new_layer=false&objects=w962989991", "id_url": "https://www.openstreetmap.org/edit?editor=id&way=962989991#map=20/-12.0517967/-77.009186"}}, {"type": "Feature", "geometry": {"type": "Point", "coordinates": [-77.0088849, -12.0510987]}, "properties": {"id": 962989992, "feat_type": "way", "quality_categories": "crossings_lacking_kerbs, older_than_five_years", "issue_ids": "[41, 2]", "osm_url": "https://www.openstreetmap.org/way/962989992", "josm_url": "http://127.0.0.1:8111/load_object?new_layer=false&objects=w962989992", "id_url": "https://www.openstreetmap.org/edit?editor=id&way=962989992#map=20/-12.0510987/-77.0088849"}}, {"type": "Feature", "geometry": {"type": "Point", "coordinates": [-76.9856697, -12.0965225]}, "properties": {"id": 963306764, "feat_type": "way", "quality_categories": "crossings_lacking_kerbs, missing_tags, older_than_five_years, replaceable_values", "issue_ids": "[3, 48, 1, 2]", "osm_url": "https://www.openstreetmap.org/way/963306764", "josm_url": "http://127.0.0.1:8111/load_object?new_layer=false&objects=w963306764", "id_url": "https://www.openstreetmap.org/edit?editor=id&way=963306764#map=20/-12.0965225/-76.9856697"}}, {"type": "Feature", "geometry": {"type": "Point", "coordinates": [-76.9856817, -12.0923071]}, "properties": {"id": 963311046, "feat_type": "way", "quality_categories": "crossings_lacking_kerbs, missing_tags, older_than_five_years, replaceable_values", "issue_ids": "[35, 150, 1, 2]", "osm_url": "https://www.openstreetmap.org/way/963311046", "josm_url": "http://127.0.0.1:8111/load_object?new_layer=false&objects=w963311046", "id_url": "https://www.openstreetmap.org/edit?editor=id&way=963311046#map=20/-12.0923071/-76.9856817"}}, {"type": "Feature", "geometry": {"type": "Point", "coordinates": [-76.9856465, -12.0928691]}, "properties": {"id": 963311048, "feat_type": "way", "quality_categories": "crossings_lacking_kerbs, missing_tags, older_than_five_years, replaceable_values", "issue_ids": "[35, 150, 1, 2]", "osm_url": "https://www.openstreetmap.org/way/963311048", "josm_url": "http://127.0.0.1:8111/load_object?new_layer=false&objects=w963311048", "id_url": "https://www.openstreetmap.org/edit?editor=id&way=963311048#map=20/-12.0928691/-76.9856465"}}, {"type": "Feature", "geometry": {"type": "Point", "coordinates": [-76.9854339, -12.0960866]}, "properties": {"id": 963311050, "feat_type": "way", "quality_categories": "crossings_lacking_kerbs, missing_tags, older_than_five_years, replaceable_values", "issue_ids": "[35, 150, 1, 2]", "osm_url": "https://www.openstreetmap.org/way/963311050", "josm_url": "http://127.0.0.1:8111/load_object?new_layer=false&objects=w963311050", "id_url": "https://www.openstreetmap.org/edit?editor=id&way=963311050#map=20/-12.0960866/-76.9854339"}}, {"type": "Feature", "geometry": {"type": "Point", "coordinates": [-76.9854745, -12.0954694]}, "properties": {"id": 963311052, "feat_type": "way", "quality_categories": "crossings_lacking_kerbs, missing_tags, older_than_five_years, replaceable_values", "issue_ids": "[35, 150, 1, 2]", "osm_url": "https://www.openstreetmap.org/way/963311052", "josm_url": "http://127.0.0.1:8111/load_object?new_layer=false&objects=w963311052", "id_url": "https://www.openstreetmap.org/edit?editor=id&way=963311052#map=20/-12.0954694/-76.9854745"}}, {"type": "Feature", "geometry": {"type": "Point", "coordinates": [-76.9826106, -12.0903064]}, "properties": {"id": 963314070, "feat_type": "way", "quality_categories": "crossings_lacking_kerbs, improper_keys, missing_tags, older_than_five_years, replaceable_values", "issue_ids": "[155, 35, 156, 1, 2]", "osm_url": "https://www.openstreetmap.org/way/963314070", "josm_url": "http://127.0.0.1:8111/load_object?new_layer=false&objects=w963314070", "id_url": "https://www.openstreetmap.org/edit?editor=id&way=963314070#map=20/-12.0903064/-76.9826106"}}, {"type": "Feature", "geometry": {"type": "Point", "coordinates": [-76.9818581, -12.0901889]}, "properties": {"id": 963314075, "feat_type": "way", "quality_categories": "crossings_lacking_kerbs, improper_keys, missing_tags, older_than_five_years, replaceable_values", "issue_ids": "[155, 35, 156, 1, 2]", "osm_url": "https://www.openstreetmap.org/way/963314075", "josm_url": "http://127.0.0.1:8111/load_object?new_layer=false&objects=w963314075", "id_url": "https://www.openstreetmap.org/edit?editor=id&way=963314075#map=20/-12.0901889/-76.9818581"}}, {"type": "Feature", "geometry": {"type": "Point", "coordinates": [-76.9800834, -12.1033771]}, "properties": {"id": 963531246, "feat_type": "way", "quality_categories": "crossings_lacking_kerbs, missing_tags, older_than_five_years, replaceable_values", "issue_ids": "[3, 48, 1, 2]", "osm_url": "https://www.openstreetmap.org/way/963531246", "josm_url": "http://127.0.0.1:8111/load_object?new_layer=false&objects=w963531246", "id_url": "https://www.openstreetmap.org/edit?editor=id&way=963531246#map=20/-12.1033771/-76.9800834"}}, {"type": "Feature", "geometry": {"type": "Point", "coordinates": [-76.9801403, -12.1034229]}, "properties": {"id": 963531247, "feat_type": "way", "quality_categories": "crossings_lacking_kerbs, missing_tags, older_than_five_years, replaceable_values", "issue_ids": "[3, 48, 1, 2]", "osm_url": "https://www.openstreetmap.org/way/963531247", "josm_url": "http://127.0.0.1:8111/load_object?new_layer=false&objects=w963531247", "id_url": "https://www.openstreetmap.org/edit?editor=id&way=963531247#map=20/-12.1034229/-76.9801403"}}, {"type": "Feature", "geometry": {"type": "Point", "coordinates": [-76.9856818, -12.0963316]}, "properties": {"id": 963534552, "feat_type": "way", "quality_categories": "crossings_lacking_kerbs, missing_tags, older_than_five_years, replaceable_values", "issue_ids": "[3, 48, 1, 2]", "osm_url": "https://www.openstreetmap.org/way/963534552", "josm_url": "http://127.0.0.1:8111/load_object?new_layer=false&objects=w963534552", "id_url": "https://www.openstreetmap.org/edit?editor=id&way=963534552#map=20/-12.0963316/-76.9856818"}}, {"type": "Feature", "geometry": {"type": "Point", "coordinates": [-76.9868924, -12.0930821]}, "properties": {"id": 963541438, "feat_type": "way", "quality_categories": "crossings_lacking_kerbs, missing_tags, older_than_five_years", "issue_ids": "[48, 1, 2]", "osm_url": "https://www.openstreetmap.org/way/963541438", "josm_url": "http://127.0.0.1:8111/load_object?new_layer=false&objects=w963541438", "id_url": "https://www.openstreetmap.org/edit?editor=id&way=963541438#map=20/-12.0930821/-76.9868924"}}, {"type": "Feature", "geometry": {"type": "Point", "coordinates": [-76.9888272, -12.1006585]}, "properties": {"id": 963820008, "feat_type": "way", "quality_categories": "crossings_lacking_kerbs, missing_tags, older_than_five_years, replaceable_values", "issue_ids": "[35, 157, 1, 2]", "osm_url": "https://www.openstreetmap.org/way/963820008", "josm_url": "http://127.0.0.1:8111/load_object?new_layer=false&objects=w963820008", "id_url": "https://www.openstreetmap.org/edit?editor=id&way=963820008#map=20/-12.1006585/-76.9888272"}}, {"type": "Feature", "geometry": {"type": "Point", "coordinates": [-76.9887427, -12.1005959]}, "properties": {"id": 963820009, "feat_type": "way", "quality_categories": "crossings_lacking_kerbs, missing_tags, older_than_five_years, replaceable_values", "issue_ids": "[35, 157, 1, 2]", "osm_url": "https://www.openstreetmap.org/way/963820009", "josm_url": "http://127.0.0.1:8111/load_object?new_layer=false&objects=w963820009", "id_url": "https://www.openstreetmap.org/edit?editor=id&way=963820009#map=20/-12.1005959/-76.9887427"}}, {"type": "Feature", "geometry": {"type": "Point", "coordinates": [-76.9903961, -12.1028171]}, "properties": {"id": 963820961, "feat_type": "way", "quality_categories": "crossings_lacking_kerbs, missing_tags, older_than_five_years, replaceable_values", "issue_ids": "[35, 157, 1, 2]", "osm_url": "https://www.openstreetmap.org/way/963820961", "josm_url": "http://127.0.0.1:8111/load_object?new_layer=false&objects=w963820961", "id_url": "https://www.openstreetmap.org/edit?editor=id&way=963820961#map=20/-12.1028171/-76.9903961"}}, {"type": "Feature", "geometry": {"type": "Point", "coordinates": [-76.9903557, -12.1029142]}, "properties": {"id": 963820962, "feat_type": "way", "quality_categories": "crossings_lacking_kerbs, missing_tags, older_than_five_years, replaceable_values", "issue_ids": "[35, 157, 1, 2]", "osm_url": "https://www.openstreetmap.org/way/963820962", "josm_url": "http://127.0.0.1:8111/load_object?new_layer=false&objects=w963820962", "id_url": "https://www.openstreetmap.org/edit?editor=id&way=963820962#map=20/-12.1029142/-76.9903557"}}, {"type": "Feature", "geometry": {"type": "Point", "coordinates": [-76.9894568, -12.1034134]}, "properties": {"id": 963822576, "feat_type": "way", "quality_categories": "crossings_lacking_kerbs, missing_tags, older_than_five_years, replaceable_values", "issue_ids": "[35, 157, 1, 2]", "osm_url": "https://www.openstreetmap.org/way/963822576", "josm_url": "http://127.0.0.1:8111/load_object?new_layer=false&objects=w963822576", "id_url": "https://www.openstreetmap.org/edit?editor=id&way=963822576#map=20/-12.1034134/-76.9894568"}}, {"type": "Feature", "geometry": {"type": "Point", "coordinates": [-76.9892745, -12.1032073]}, "properties": {"id": 963823440, "feat_type": "way", "quality_categories": "crossings_lacking_kerbs, missing_tags, older_than_five_years, replaceable_values", "issue_ids": "[35, 157, 1, 2]", "osm_url": "https://www.openstreetmap.org/way/963823440", "josm_url": "http://127.0.0.1:8111/load_object?new_layer=false&objects=w963823440", "id_url": "https://www.openstreetmap.org/edit?editor=id&way=963823440#map=20/-12.1032073/-76.9892745"}}, {"type": "Feature", "geometry": {"type": "Point", "coordinates": [-76.9860414, -12.0911617]}, "properties": {"id": 964042838, "feat_type": "way", "quality_categories": "crossings_lacking_kerbs, missing_tags, older_than_five_years, replaceable_values", "issue_ids": "[35, 157, 1, 2]", "osm_url": "https://www.openstreetmap.org/way/964042838", "josm_url": "http://127.0.0.1:8111/load_object?new_layer=false&objects=w964042838", "id_url": "https://www.openstreetmap.org/edit?editor=id&way=964042838#map=20/-12.0911617/-76.9860414"}}, {"type": "Feature", "geometry": {"type": "Point", "coordinates": [-77.0036665, -12.1097262]}, "properties": {"id": 964183769, "feat_type": "way", "quality_categories": "crossings_lacking_kerbs, missing_tags, older_than_five_years", "issue_ids": "[158, 1, 2]", "osm_url": "https://www.openstreetmap.org/way/964183769", "josm_url": "http://127.0.0.1:8111/load_object?new_layer=false&objects=w964183769", "id_url": "https://www.openstreetmap.org/edit?editor=id&way=964183769#map=20/-12.1097262/-77.0036665"}}, {"type": "Feature", "geometry": {"type": "Point", "coordinates": [-77.0034602, -12.1116875]}, "properties": {"id": 964183775, "feat_type": "way", "quality_categories": "crossings_lacking_kerbs, missing_tags, older_than_five_years, replaceable_values", "issue_ids": "[3, 158, 1, 2]", "osm_url": "https://www.openstreetmap.org/way/964183775", "josm_url": "http://127.0.0.1:8111/load_object?new_layer=false&objects=w964183775", "id_url": "https://www.openstreetmap.org/edit?editor=id&way=964183775#map=20/-12.1116875/-77.0034602"}}, {"type": "Feature", "geometry": {"type": "Point", "coordinates": [-77.0033385, -12.1100513]}, "properties": {"id": 964183781, "feat_type": "way", "quality_categories": "crossings_lacking_kerbs, missing_tags, older_than_five_years", "issue_ids": "[158, 1, 2]", "osm_url": "https://www.openstreetmap.org/way/964183781", "josm_url": "http://127.0.0.1:8111/load_object?new_layer=false&objects=w964183781", "id_url": "https://www.openstreetmap.org/edit?editor=id&way=964183781#map=20/-12.1100513/-77.0033385"}}, {"type": "Feature", "geometry": {"type": "Point", "coordinates": [-77.0044267, -12.110749]}, "properties": {"id": 964183786, "feat_type": "way", "quality_categories": "crossings_lacking_kerbs, missing_tags, older_than_five_years", "issue_ids": "[158, 1, 2]", "osm_url": "https://www.openstreetmap.org/way/964183786", "josm_url": "http://127.0.0.1:8111/load_object?new_layer=false&objects=w964183786", "id_url": "https://www.openstreetmap.org/edit?editor=id&way=964183786#map=20/-12.110749/-77.0044267"}}, {"type": "Feature", "geometry": {"type": "Point", "coordinates": [-77.0045897, -12.1109065]}, "properties": {"id": 964185772, "feat_type": "way", "quality_categories": "crossings_lacking_kerbs, missing_tags, older_than_five_years", "issue_ids": "[158, 1, 2]", "osm_url": "https://www.openstreetmap.org/way/964185772", "josm_url": "http://127.0.0.1:8111/load_object?new_layer=false&objects=w964185772", "id_url": "https://www.openstreetmap.org/edit?editor=id&way=964185772#map=20/-12.1109065/-77.0045897"}}, {"type": "Feature", "geometry": {"type": "Point", "coordinates": [-77.004801, -12.1111712]}, "properties": {"id": 964185773, "feat_type": "way", "quality_categories": "crossings_lacking_kerbs, missing_tags, older_than_five_years", "issue_ids": "[158, 1, 2]", "osm_url": "https://www.openstreetmap.org/way/964185773", "josm_url": "http://127.0.0.1:8111/load_object?new_layer=false&objects=w964185773", "id_url": "https://www.openstreetmap.org/edit?editor=id&way=964185773#map=20/-12.1111712/-77.004801"}}, {"type": "Feature", "geometry": {"type": "Point", "coordinates": [-77.0053528, -12.1112902]}, "properties": {"id": 964185777, "feat_type": "way", "quality_categories": "crossings_lacking_kerbs, missing_tags, older_than_five_years", "issue_ids": "[158, 1, 2]", "osm_url": "https://www.openstreetmap.org/way/964185777", "josm_url": "http://127.0.0.1:8111/load_object?new_layer=false&objects=w964185777", "id_url": "https://www.openstreetmap.org/edit?editor=id&way=964185777#map=20/-12.1112902/-77.0053528"}}, {"type": "Feature", "geometry": {"type": "Point", "coordinates": [-77.005611, -12.1110867]}, "properties": {"id": 964185778, "feat_type": "way", "quality_categories": "crossings_lacking_kerbs, missing_tags, older_than_five_years", "issue_ids": "[158, 1, 2]", "osm_url": "https://www.openstreetmap.org/way/964185778", "josm_url": "http://127.0.0.1:8111/load_object?new_layer=false&objects=w964185778", "id_url": "https://www.openstreetmap.org/edit?editor=id&way=964185778#map=20/-12.1110867/-77.005611"}}, {"type": "Feature", "geometry": {"type": "Point", "coordinates": [-77.0056045, -12.1105165]}, "properties": {"id": 964185783, "feat_type": "way", "quality_categories": "crossings_lacking_kerbs, missing_tags, older_than_five_years", "issue_ids": "[158, 1, 2]", "osm_url": "https://www.openstreetmap.org/way/964185783", "josm_url": "http://127.0.0.1:8111/load_object?new_layer=false&objects=w964185783", "id_url": "https://www.openstreetmap.org/edit?editor=id&way=964185783#map=20/-12.1105165/-77.0056045"}}, {"type": "Feature", "geometry": {"type": "Point", "coordinates": [-77.0053987, -12.1102693]}, "properties": {"id": 964185785, "feat_type": "way", "quality_categories": "crossings_lacking_kerbs, missing_tags, older_than_five_years", "issue_ids": "[158, 1, 2]", "osm_url": "https://www.openstreetmap.org/way/964185785", "josm_url": "http://127.0.0.1:8111/load_object?new_layer=false&objects=w964185785", "id_url": "https://www.openstreetmap.org/edit?editor=id&way=964185785#map=20/-12.1102693/-77.0053987"}}, {"type": "Feature", "geometry": {"type": "Point", "coordinates": [-77.0030793, -12.1102573]}, "properties": {"id": 964188429, "feat_type": "way", "quality_categories": "crossings_lacking_kerbs, missing_tags, older_than_five_years", "issue_ids": "[158, 1, 2]", "osm_url": "https://www.openstreetmap.org/way/964188429", "josm_url": "http://127.0.0.1:8111/load_object?new_layer=false&objects=w964188429", "id_url": "https://www.openstreetmap.org/edit?editor=id&way=964188429#map=20/-12.1102573/-77.0030793"}}, {"type": "Feature", "geometry": {"type": "Point", "coordinates": [-77.0054502, -12.1098962]}, "properties": {"id": 964191129, "feat_type": "way", "quality_categories": "crossings_lacking_kerbs, missing_tags, older_than_five_years", "issue_ids": "[158, 1, 2]", "osm_url": "https://www.openstreetmap.org/way/964191129", "josm_url": "http://127.0.0.1:8111/load_object?new_layer=false&objects=w964191129", "id_url": "https://www.openstreetmap.org/edit?editor=id&way=964191129#map=20/-12.1098962/-77.0054502"}}, {"type": "Feature", "geometry": {"type": "Point", "coordinates": [-77.0059751, -12.1094908]}, "properties": {"id": 964191130, "feat_type": "way", "quality_categories": "crossings_lacking_kerbs, missing_tags, older_than_five_years", "issue_ids": "[158, 1, 2]", "osm_url": "https://www.openstreetmap.org/way/964191130", "josm_url": "http://127.0.0.1:8111/load_object?new_layer=false&objects=w964191130", "id_url": "https://www.openstreetmap.org/edit?editor=id&way=964191130#map=20/-12.1094908/-77.0059751"}}, {"type": "Feature", "geometry": {"type": "Point", "coordinates": [-77.0042362, -12.1108642]}, "properties": {"id": 964191134, "feat_type": "way", "quality_categories": "crossings_lacking_kerbs, missing_tags, older_than_five_years", "issue_ids": "[158, 1, 2]", "osm_url": "https://www.openstreetmap.org/way/964191134", "josm_url": "http://127.0.0.1:8111/load_object?new_layer=false&objects=w964191134", "id_url": "https://www.openstreetmap.org/edit?editor=id&way=964191134#map=20/-12.1108642/-77.0042362"}}, {"type": "Feature", "geometry": {"type": "Point", "coordinates": [-77.0037042, -12.1112855]}, "properties": {"id": 964191136, "feat_type": "way", "quality_categories": "crossings_lacking_kerbs, missing_tags, older_than_five_years", "issue_ids": "[158, 1, 2]", "osm_url": "https://www.openstreetmap.org/way/964191136", "josm_url": "http://127.0.0.1:8111/load_object?new_layer=false&objects=w964191136", "id_url": "https://www.openstreetmap.org/edit?editor=id&way=964191136#map=20/-12.1112855/-77.0037042"}}, {"type": "Feature", "geometry": {"type": "Point", "coordinates": [-77.0050988, -12.1101677]}, "properties": {"id": 964191140, "feat_type": "way", "quality_categories": "crossings_lacking_kerbs, missing_tags, older_than_five_years", "issue_ids": "[158, 1, 2]", "osm_url": "https://www.openstreetmap.org/way/964191140", "josm_url": "http://127.0.0.1:8111/load_object?new_layer=false&objects=w964191140", "id_url": "https://www.openstreetmap.org/edit?editor=id&way=964191140#map=20/-12.1101677/-77.0050988"}}, {"type": "Feature", "geometry": {"type": "Point", "coordinates": [-77.0045681, -12.110601]}, "properties": {"id": 964191142, "feat_type": "way", "quality_categories": "crossings_lacking_kerbs, missing_tags, older_than_five_years", "issue_ids": "[158, 1, 2]", "osm_url": "https://www.openstreetmap.org/way/964191142", "josm_url": "http://127.0.0.1:8111/load_object?new_layer=false&objects=w964191142", "id_url": "https://www.openstreetmap.org/edit?editor=id&way=964191142#map=20/-12.110601/-77.0045681"}}, {"type": "Feature", "geometry": {"type": "Point", "coordinates": [-77.0036507, -12.1098302]}, "properties": {"id": 964191147, "feat_type": "way", "quality_categories": "crossings_lacking_kerbs, missing_tags, older_than_five_years", "issue_ids": "[158, 1, 2]", "osm_url": "https://www.openstreetmap.org/way/964191147", "josm_url": "http://127.0.0.1:8111/load_object?new_layer=false&objects=w964191147", "id_url": "https://www.openstreetmap.org/edit?editor=id&way=964191147#map=20/-12.1098302/-77.0036507"}}, {"type": "Feature", "geometry": {"type": "Point", "coordinates": [-77.0029386, -12.1089475]}, "properties": {"id": 964195906, "feat_type": "way", "quality_categories": "crossings_lacking_kerbs, missing_tags, older_than_five_years", "issue_ids": "[158, 1, 2]", "osm_url": "https://www.openstreetmap.org/way/964195906", "josm_url": "http://127.0.0.1:8111/load_object?new_layer=false&objects=w964195906", "id_url": "https://www.openstreetmap.org/edit?editor=id&way=964195906#map=20/-12.1089475/-77.0029386"}}, {"type": "Feature", "geometry": {"type": "Point", "coordinates": [-77.0050433, -12.1085858]}, "properties": {"id": 964195914, "feat_type": "way", "quality_categories": "crossings_lacking_kerbs, missing_tags, older_than_five_years", "issue_ids": "[158, 1, 2]", "osm_url": "https://www.openstreetmap.org/way/964195914", "josm_url": "http://127.0.0.1:8111/load_object?new_layer=false&objects=w964195914", "id_url": "https://www.openstreetmap.org/edit?editor=id&way=964195914#map=20/-12.1085858/-77.0050433"}}, {"type": "Feature", "geometry": {"type": "Point", "coordinates": [-77.0046133, -12.1089226]}, "properties": {"id": 964195916, "feat_type": "way", "quality_categories": "crossings_lacking_kerbs, missing_tags, older_than_five_years", "issue_ids": "[158, 1, 2]", "osm_url": "https://www.openstreetmap.org/way/964195916", "josm_url": "http://127.0.0.1:8111/load_object?new_layer=false&objects=w964195916", "id_url": "https://www.openstreetmap.org/edit?editor=id&way=964195916#map=20/-12.1089226/-77.0046133"}}, {"type": "Feature", "geometry": {"type": "Point", "coordinates": [-77.0035413, -12.1097662]}, "properties": {"id": 964195920, "feat_type": "way", "quality_categories": "crossings_lacking_kerbs, missing_tags, older_than_five_years", "issue_ids": "[158, 1, 2]", "osm_url": "https://www.openstreetmap.org/way/964195920", "josm_url": "http://127.0.0.1:8111/load_object?new_layer=false&objects=w964195920", "id_url": "https://www.openstreetmap.org/edit?editor=id&way=964195920#map=20/-12.1097662/-77.0035413"}}, {"type": "Feature", "geometry": {"type": "Point", "coordinates": [-76.9823674, -12.0966151]}, "properties": {"id": 964439517, "feat_type": "way", "quality_categories": "crossings_lacking_kerbs, improper_keys, older_than_five_years, replaceable_values", "issue_ids": "[159, 35, 158, 2]", "osm_url": "https://www.openstreetmap.org/way/964439517", "josm_url": "http://127.0.0.1:8111/load_object?new_layer=false&objects=w964439517", "id_url": "https://www.openstreetmap.org/edit?editor=id&way=964439517#map=20/-12.0966151/-76.9823674"}}, {"type": "Feature", "geometry": {"type": "Point", "coordinates": [-76.9814604, -12.0930156]}, "properties": {"id": 964469142, "feat_type": "way", "quality_categories": "crossings_lacking_kerbs, missing_tags, older_than_five_years, replaceable_values", "issue_ids": "[35, 148, 1, 2]", "osm_url": "https://www.openstreetmap.org/way/964469142", "josm_url": "http://127.0.0.1:8111/load_object?new_layer=false&objects=w964469142", "id_url": "https://www.openstreetmap.org/edit?editor=id&way=964469142#map=20/-12.0930156/-76.9814604"}}, {"type": "Feature", "geometry": {"type": "Point", "coordinates": [-77.0020345, -12.1067158]}, "properties": {"id": 964481687, "feat_type": "way", "quality_categories": "crossings_lacking_kerbs, missing_tags, older_than_five_years", "issue_ids": "[148, 1, 2]", "osm_url": "https://www.openstreetmap.org/way/964481687", "josm_url": "http://127.0.0.1:8111/load_object?new_layer=false&objects=w964481687", "id_url": "https://www.openstreetmap.org/edit?editor=id&way=964481687#map=20/-12.1067158/-77.0020345"}}, {"type": "Feature", "geometry": {"type": "Point", "coordinates": [-77.0017828, -12.1069161]}, "properties": {"id": 964481690, "feat_type": "way", "quality_categories": "crossings_lacking_kerbs, missing_tags, older_than_five_years", "issue_ids": "[148, 1, 2]", "osm_url": "https://www.openstreetmap.org/way/964481690", "josm_url": "http://127.0.0.1:8111/load_object?new_layer=false&objects=w964481690", "id_url": "https://www.openstreetmap.org/edit?editor=id&way=964481690#map=20/-12.1069161/-77.0017828"}}, {"type": "Feature", "geometry": {"type": "Point", "coordinates": [-77.0036902, -12.1067047]}, "properties": {"id": 964481698, "feat_type": "way", "quality_categories": "crossings_lacking_kerbs, missing_tags, older_than_five_years", "issue_ids": "[148, 1, 2]", "osm_url": "https://www.openstreetmap.org/way/964481698", "josm_url": "http://127.0.0.1:8111/load_object?new_layer=false&objects=w964481698", "id_url": "https://www.openstreetmap.org/edit?editor=id&way=964481698#map=20/-12.1067047/-77.0036902"}}, {"type": "Feature", "geometry": {"type": "Point", "coordinates": [-77.0031565, -12.1071364]}, "properties": {"id": 964481699, "feat_type": "way", "quality_categories": "crossings_lacking_kerbs, missing_tags, older_than_five_years", "issue_ids": "[148, 1, 2]", "osm_url": "https://www.openstreetmap.org/way/964481699", "josm_url": "http://127.0.0.1:8111/load_object?new_layer=false&objects=w964481699", "id_url": "https://www.openstreetmap.org/edit?editor=id&way=964481699#map=20/-12.1071364/-77.0031565"}}, {"type": "Feature", "geometry": {"type": "Point", "coordinates": [-77.0018328, -12.1069876]}, "properties": {"id": 964481703, "feat_type": "way", "quality_categories": "crossings_lacking_kerbs, missing_tags, older_than_five_years", "issue_ids": "[148, 1, 2]", "osm_url": "https://www.openstreetmap.org/way/964481703", "josm_url": "http://127.0.0.1:8111/load_object?new_layer=false&objects=w964481703", "id_url": "https://www.openstreetmap.org/edit?editor=id&way=964481703#map=20/-12.1069876/-77.0018328"}}, {"type": "Feature", "geometry": {"type": "Point", "coordinates": [-77.0020921, -12.1067744]}, "properties": {"id": 964481705, "feat_type": "way", "quality_categories": "crossings_lacking_kerbs, missing_tags, older_than_five_years", "issue_ids": "[148, 1, 2]", "osm_url": "https://www.openstreetmap.org/way/964481705", "josm_url": "http://127.0.0.1:8111/load_object?new_layer=false&objects=w964481705", "id_url": "https://www.openstreetmap.org/edit?editor=id&way=964481705#map=20/-12.1067744/-77.0020921"}}, {"type": "Feature", "geometry": {"type": "Point", "coordinates": [-77.0019706, -12.1080723]}, "properties": {"id": 964481711, "feat_type": "way", "quality_categories": "crossings_lacking_kerbs, missing_tags, older_than_five_years", "issue_ids": "[148, 1, 2]", "osm_url": "https://www.openstreetmap.org/way/964481711", "josm_url": "http://127.0.0.1:8111/load_object?new_layer=false&objects=w964481711", "id_url": "https://www.openstreetmap.org/edit?editor=id&way=964481711#map=20/-12.1080723/-77.0019706"}}, {"type": "Feature", "geometry": {"type": "Point", "coordinates": [-77.0014241, -12.1085187]}, "properties": {"id": 964481713, "feat_type": "way", "quality_categories": "crossings_lacking_kerbs, missing_tags, older_than_five_years", "issue_ids": "[148, 1, 2]", "osm_url": "https://www.openstreetmap.org/way/964481713", "josm_url": "http://127.0.0.1:8111/load_object?new_layer=false&objects=w964481713", "id_url": "https://www.openstreetmap.org/edit?editor=id&way=964481713#map=20/-12.1085187/-77.0014241"}}, {"type": "Feature", "geometry": {"type": "Point", "coordinates": [-77.0040745, -12.1079259]}, "properties": {"id": 964481718, "feat_type": "way", "quality_categories": "crossings_lacking_kerbs, missing_tags, older_than_five_years", "issue_ids": "[148, 1, 2]", "osm_url": "https://www.openstreetmap.org/way/964481718", "josm_url": "http://127.0.0.1:8111/load_object?new_layer=false&objects=w964481718", "id_url": "https://www.openstreetmap.org/edit?editor=id&way=964481718#map=20/-12.1079259/-77.0040745"}}, {"type": "Feature", "geometry": {"type": "Point", "coordinates": [-77.0041898, -12.1087561]}, "properties": {"id": 964481723, "feat_type": "way", "quality_categories": "crossings_lacking_kerbs, missing_tags, older_than_five_years", "issue_ids": "[148, 1, 2]", "osm_url": "https://www.openstreetmap.org/way/964481723", "josm_url": "http://127.0.0.1:8111/load_object?new_layer=false&objects=w964481723", "id_url": "https://www.openstreetmap.org/edit?editor=id&way=964481723#map=20/-12.1087561/-77.0041898"}}, {"type": "Feature", "geometry": {"type": "Point", "coordinates": [-77.0042368, -12.1087162]}, "properties": {"id": 964481724, "feat_type": "way", "quality_categories": "crossings_lacking_kerbs, missing_tags, older_than_five_years", "issue_ids": "[148, 1, 2]", "osm_url": "https://www.openstreetmap.org/way/964481724", "josm_url": "http://127.0.0.1:8111/load_object?new_layer=false&objects=w964481724", "id_url": "https://www.openstreetmap.org/edit?editor=id&way=964481724#map=20/-12.1087162/-77.0042368"}}, {"type": "Feature", "geometry": {"type": "Point", "coordinates": [-77.0043873, -12.1078001]}, "properties": {"id": 964481727, "feat_type": "way", "quality_categories": "crossings_lacking_kerbs, missing_tags, older_than_five_years", "issue_ids": "[148, 1, 2]", "osm_url": "https://www.openstreetmap.org/way/964481727", "josm_url": "http://127.0.0.1:8111/load_object?new_layer=false&objects=w964481727", "id_url": "https://www.openstreetmap.org/edit?editor=id&way=964481727#map=20/-12.1078001/-77.0043873"}}, {"type": "Feature", "geometry": {"type": "Point", "coordinates": [-77.0039699, -12.1081272]}, "properties": {"id": 964481728, "feat_type": "way", "quality_categories": "crossings_lacking_kerbs, missing_tags, older_than_five_years", "issue_ids": "[148, 1, 2]", "osm_url": "https://www.openstreetmap.org/way/964481728", "josm_url": "http://127.0.0.1:8111/load_object?new_layer=false&objects=w964481728", "id_url": "https://www.openstreetmap.org/edit?editor=id&way=964481728#map=20/-12.1081272/-77.0039699"}}, {"type": "Feature", "geometry": {"type": "Point", "coordinates": [-77.0026909, -12.1085809]}, "properties": {"id": 964481731, "feat_type": "way", "quality_categories": "crossings_lacking_kerbs, missing_tags, older_than_five_years", "issue_ids": "[148, 1, 2]", "osm_url": "https://www.openstreetmap.org/way/964481731", "josm_url": "http://127.0.0.1:8111/load_object?new_layer=false&objects=w964481731", "id_url": "https://www.openstreetmap.org/edit?editor=id&way=964481731#map=20/-12.1085809/-77.0026909"}}, {"type": "Feature", "geometry": {"type": "Point", "coordinates": [-77.0024921, -12.1083302]}, "properties": {"id": 964481733, "feat_type": "way", "quality_categories": "crossings_lacking_kerbs, missing_tags, older_than_five_years", "issue_ids": "[148, 1, 2]", "osm_url": "https://www.openstreetmap.org/way/964481733", "josm_url": "http://127.0.0.1:8111/load_object?new_layer=false&objects=w964481733", "id_url": "https://www.openstreetmap.org/edit?editor=id&way=964481733#map=20/-12.1083302/-77.0024921"}}, {"type": "Feature", "geometry": {"type": "Point", "coordinates": [-77.0023231, -12.1093208]}, "properties": {"id": 964481735, "feat_type": "way", "quality_categories": "crossings_lacking_kerbs, missing_tags, older_than_five_years", "issue_ids": "[148, 1, 2]", "osm_url": "https://www.openstreetmap.org/way/964481735", "josm_url": "http://127.0.0.1:8111/load_object?new_layer=false&objects=w964481735", "id_url": "https://www.openstreetmap.org/edit?editor=id&way=964481735#map=20/-12.1093208/-77.0023231"}}, {"type": "Feature", "geometry": {"type": "Point", "coordinates": [-77.0025674, -12.1091251]}, "properties": {"id": 964481737, "feat_type": "way", "quality_categories": "crossings_lacking_kerbs, missing_tags, older_than_five_years", "issue_ids": "[148, 1, 2]", "osm_url": "https://www.openstreetmap.org/way/964481737", "josm_url": "http://127.0.0.1:8111/load_object?new_layer=false&objects=w964481737", "id_url": "https://www.openstreetmap.org/edit?editor=id&way=964481737#map=20/-12.1091251/-77.0025674"}}, {"type": "Feature", "geometry": {"type": "Point", "coordinates": [-77.0051443, -12.109909]}, "properties": {"id": 964494995, "feat_type": "way", "quality_categories": "crossings_lacking_kerbs, missing_tags, older_than_five_years", "issue_ids": "[148, 1, 2]", "osm_url": "https://www.openstreetmap.org/way/964494995", "josm_url": "http://127.0.0.1:8111/load_object?new_layer=false&objects=w964494995", "id_url": "https://www.openstreetmap.org/edit?editor=id&way=964494995#map=20/-12.109909/-77.0051443"}}, {"type": "Feature", "geometry": {"type": "Point", "coordinates": [-77.0039867, -12.1067123]}, "properties": {"id": 964849227, "feat_type": "way", "quality_categories": "crossings_lacking_kerbs, missing_tags, older_than_five_years", "issue_ids": "[160, 1, 2]", "osm_url": "https://www.openstreetmap.org/way/964849227", "josm_url": "http://127.0.0.1:8111/load_object?new_layer=false&objects=w964849227", "id_url": "https://www.openstreetmap.org/edit?editor=id&way=964849227#map=20/-12.1067123/-77.0039867"}}, {"type": "Feature", "geometry": {"type": "Point", "coordinates": [-77.089666, -12.0794111]}, "properties": {"id": 966303601, "feat_type": "way", "quality_categories": "crossings_lacking_kerbs, older_than_five_years", "issue_ids": "[38, 2]", "osm_url": "https://www.openstreetmap.org/way/966303601", "josm_url": "http://127.0.0.1:8111/load_object?new_layer=false&objects=w966303601", "id_url": "https://www.openstreetmap.org/edit?editor=id&way=966303601#map=20/-12.0794111/-77.089666"}}, {"type": "Feature", "geometry": {"type": "Point", "coordinates": [-77.0903304, -12.0802891]}, "properties": {"id": 966303603, "feat_type": "way", "quality_categories": "crossings_lacking_kerbs, older_than_five_years", "issue_ids": "[38, 2]", "osm_url": "https://www.openstreetmap.org/way/966303603", "josm_url": "http://127.0.0.1:8111/load_object?new_layer=false&objects=w966303603", "id_url": "https://www.openstreetmap.org/edit?editor=id&way=966303603#map=20/-12.0802891/-77.0903304"}}, {"type": "Feature", "geometry": {"type": "Point", "coordinates": [-77.0935546, -12.0792533]}, "properties": {"id": 966305575, "feat_type": "way", "quality_categories": "crossings_lacking_kerbs, older_than_five_years", "issue_ids": "[38, 2]", "osm_url": "https://www.openstreetmap.org/way/966305575", "josm_url": "http://127.0.0.1:8111/load_object?new_layer=false&objects=w966305575", "id_url": "https://www.openstreetmap.org/edit?editor=id&way=966305575#map=20/-12.0792533/-77.0935546"}}, {"type": "Feature", "geometry": {"type": "Point", "coordinates": [-77.0933188, -12.0788363]}, "properties": {"id": 966305576, "feat_type": "way", "quality_categories": "crossings_lacking_kerbs, older_than_five_years", "issue_ids": "[38, 2]", "osm_url": "https://www.openstreetmap.org/way/966305576", "josm_url": "http://127.0.0.1:8111/load_object?new_layer=false&objects=w966305576", "id_url": "https://www.openstreetmap.org/edit?editor=id&way=966305576#map=20/-12.0788363/-77.0933188"}}, {"type": "Feature", "geometry": {"type": "Point", "coordinates": [-77.0928751, -12.0789723]}, "properties": {"id": 966305577, "feat_type": "way", "quality_categories": "crossings_lacking_kerbs, older_than_five_years", "issue_ids": "[38, 2]", "osm_url": "https://www.openstreetmap.org/way/966305577", "josm_url": "http://127.0.0.1:8111/load_object?new_layer=false&objects=w966305577", "id_url": "https://www.openstreetmap.org/edit?editor=id&way=966305577#map=20/-12.0789723/-77.0928751"}}, {"type": "Feature", "geometry": {"type": "Point", "coordinates": [-77.0923333, -12.0791482]}, "properties": {"id": 966305578, "feat_type": "way", "quality_categories": "crossings_lacking_kerbs, older_than_five_years", "issue_ids": "[38, 2]", "osm_url": "https://www.openstreetmap.org/way/966305578", "josm_url": "http://127.0.0.1:8111/load_object?new_layer=false&objects=w966305578", "id_url": "https://www.openstreetmap.org/edit?editor=id&way=966305578#map=20/-12.0791482/-77.0923333"}}, {"type": "Feature", "geometry": {"type": "Point", "coordinates": [-77.0924208, -12.0796317]}, "properties": {"id": 966305579, "feat_type": "way", "quality_categories": "crossings_lacking_kerbs, older_than_five_years", "issue_ids": "[38, 2]", "osm_url": "https://www.openstreetmap.org/way/966305579", "josm_url": "http://127.0.0.1:8111/load_object?new_layer=false&objects=w966305579", "id_url": "https://www.openstreetmap.org/edit?editor=id&way=966305579#map=20/-12.0796317/-77.0924208"}}, {"type": "Feature", "geometry": {"type": "Point", "coordinates": [-77.0931372, -12.0799285]}, "properties": {"id": 966305580, "feat_type": "way", "quality_categories": "crossings_lacking_kerbs, older_than_five_years", "issue_ids": "[38, 2]", "osm_url": "https://www.openstreetmap.org/way/966305580", "josm_url": "http://127.0.0.1:8111/load_object?new_layer=false&objects=w966305580", "id_url": "https://www.openstreetmap.org/edit?editor=id&way=966305580#map=20/-12.0799285/-77.0931372"}}, {"type": "Feature", "geometry": {"type": "Point", "coordinates": [-77.0925728, -12.0800597]}, "properties": {"id": 966305581, "feat_type": "way", "quality_categories": "crossings_lacking_kerbs, missing_tags, older_than_five_years", "issue_ids": "[38, 1, 2]", "osm_url": "https://www.openstreetmap.org/way/966305581", "josm_url": "http://127.0.0.1:8111/load_object?new_layer=false&objects=w966305581", "id_url": "https://www.openstreetmap.org/edit?editor=id&way=966305581#map=20/-12.0800597/-77.0925728"}}, {"type": "Feature", "geometry": {"type": "Point", "coordinates": [-77.0937293, -12.0797383]}, "properties": {"id": 966305582, "feat_type": "way", "quality_categories": "crossings_lacking_kerbs, older_than_five_years", "issue_ids": "[38, 2]", "osm_url": "https://www.openstreetmap.org/way/966305582", "josm_url": "http://127.0.0.1:8111/load_object?new_layer=false&objects=w966305582", "id_url": "https://www.openstreetmap.org/edit?editor=id&way=966305582#map=20/-12.0797383/-77.0937293"}}, {"type": "Feature", "geometry": {"type": "Point", "coordinates": [-76.9973258, -12.0398409]}, "properties": {"id": 969278304, "feat_type": "way", "quality_categories": "crossings_lacking_kerbs, older_than_five_years, replaceable_values", "issue_ids": "[3, 36, 2]", "osm_url": "https://www.openstreetmap.org/way/969278304", "josm_url": "http://127.0.0.1:8111/load_object?new_layer=false&objects=w969278304", "id_url": "https://www.openstreetmap.org/edit?editor=id&way=969278304#map=20/-12.0398409/-76.9973258"}}, {"type": "Feature", "geometry": {"type": "Point", "coordinates": [-76.9974423, -12.0398457]}, "properties": {"id": 969278306, "feat_type": "way", "quality_categories": "crossings_lacking_kerbs, older_than_five_years, replaceable_values", "issue_ids": "[3, 36, 2]", "osm_url": "https://www.openstreetmap.org/way/969278306", "josm_url": "http://127.0.0.1:8111/load_object?new_layer=false&objects=w969278306", "id_url": "https://www.openstreetmap.org/edit?editor=id&way=969278306#map=20/-12.0398457/-76.9974423"}}, {"type": "Feature", "geometry": {"type": "Point", "coordinates": [-77.0175558, -12.0573976]}, "properties": {"id": 969279395, "feat_type": "way", "quality_categories": "crossings_lacking_kerbs, missing_tags, older_than_five_years, replaceable_values", "issue_ids": "[35, 36, 1, 2]", "osm_url": "https://www.openstreetmap.org/way/969279395", "josm_url": "http://127.0.0.1:8111/load_object?new_layer=false&objects=w969279395", "id_url": "https://www.openstreetmap.org/edit?editor=id&way=969279395#map=20/-12.0573976/-77.0175558"}}, {"type": "Feature", "geometry": {"type": "Point", "coordinates": [-77.0175276, -12.0574776]}, "properties": {"id": 969279397, "feat_type": "way", "quality_categories": "crossings_lacking_kerbs, missing_tags, older_than_five_years, replaceable_values", "issue_ids": "[35, 36, 1, 2]", "osm_url": "https://www.openstreetmap.org/way/969279397", "josm_url": "http://127.0.0.1:8111/load_object?new_layer=false&objects=w969279397", "id_url": "https://www.openstreetmap.org/edit?editor=id&way=969279397#map=20/-12.0574776/-77.0175276"}}, {"type": "Feature", "geometry": {"type": "Point", "coordinates": [-77.0174709, -12.0576384]}, "properties": {"id": 969279400, "feat_type": "way", "quality_categories": "crossings_lacking_kerbs, missing_tags, older_than_five_years, replaceable_values", "issue_ids": "[35, 36, 1, 2]", "osm_url": "https://www.openstreetmap.org/way/969279400", "josm_url": "http://127.0.0.1:8111/load_object?new_layer=false&objects=w969279400", "id_url": "https://www.openstreetmap.org/edit?editor=id&way=969279400#map=20/-12.0576384/-77.0174709"}}, {"type": "Feature", "geometry": {"type": "Point", "coordinates": [-77.0172965, -12.0574507]}, "properties": {"id": 969279401, "feat_type": "way", "quality_categories": "crossings_lacking_kerbs, older_than_five_years, replaceable_values", "issue_ids": "[35, 36, 2]", "osm_url": "https://www.openstreetmap.org/way/969279401", "josm_url": "http://127.0.0.1:8111/load_object?new_layer=false&objects=w969279401", "id_url": "https://www.openstreetmap.org/edit?editor=id&way=969279401#map=20/-12.0574507/-77.0172965"}}, {"type": "Feature", "geometry": {"type": "Point", "coordinates": [-77.0172413, -12.0576091]}, "properties": {"id": 969279404, "feat_type": "way", "quality_categories": "crossings_lacking_kerbs, older_than_five_years, replaceable_values", "issue_ids": "[35, 36, 2]", "osm_url": "https://www.openstreetmap.org/way/969279404", "josm_url": "http://127.0.0.1:8111/load_object?new_layer=false&objects=w969279404", "id_url": "https://www.openstreetmap.org/edit?editor=id&way=969279404#map=20/-12.0576091/-77.0172413"}}, {"type": "Feature", "geometry": {"type": "Point", "coordinates": [-77.0175222, -12.0572374]}, "properties": {"id": 969280572, "feat_type": "way", "quality_categories": "crossings_lacking_kerbs, older_than_five_years, replaceable_values", "issue_ids": "[35, 36, 2]", "osm_url": "https://www.openstreetmap.org/way/969280572", "josm_url": "http://127.0.0.1:8111/load_object?new_layer=false&objects=w969280572", "id_url": "https://www.openstreetmap.org/edit?editor=id&way=969280572#map=20/-12.0572374/-77.0175222"}}, {"type": "Feature", "geometry": {"type": "Point", "coordinates": [-76.9969728, -12.0504964]}, "properties": {"id": 969451333, "feat_type": "way", "quality_categories": "crossings_lacking_kerbs, older_than_five_years", "issue_ids": "[124, 2]", "osm_url": "https://www.openstreetmap.org/way/969451333", "josm_url": "http://127.0.0.1:8111/load_object?new_layer=false&objects=w969451333", "id_url": "https://www.openstreetmap.org/edit?editor=id&way=969451333#map=20/-12.0504964/-76.9969728"}}, {"type": "Feature", "geometry": {"type": "Point", "coordinates": [-76.9969112, -12.0504837]}, "properties": {"id": 969451334, "feat_type": "way", "quality_categories": "crossings_lacking_kerbs, older_than_five_years", "issue_ids": "[124, 2]", "osm_url": "https://www.openstreetmap.org/way/969451334", "josm_url": "http://127.0.0.1:8111/load_object?new_layer=false&objects=w969451334", "id_url": "https://www.openstreetmap.org/edit?editor=id&way=969451334#map=20/-12.0504837/-76.9969112"}}, {"type": "Feature", "geometry": {"type": "Point", "coordinates": [-76.9972738, -12.0505207]}, "properties": {"id": 969451335, "feat_type": "way", "quality_categories": "crossings_lacking_kerbs, older_than_five_years", "issue_ids": "[124, 2]", "osm_url": "https://www.openstreetmap.org/way/969451335", "josm_url": "http://127.0.0.1:8111/load_object?new_layer=false&objects=w969451335", "id_url": "https://www.openstreetmap.org/edit?editor=id&way=969451335#map=20/-12.0505207/-76.9972738"}}, {"type": "Feature", "geometry": {"type": "Point", "coordinates": [-76.9973322, -12.0505777]}, "properties": {"id": 969451336, "feat_type": "way", "quality_categories": "crossings_lacking_kerbs, older_than_five_years", "issue_ids": "[124, 2]", "osm_url": "https://www.openstreetmap.org/way/969451336", "josm_url": "http://127.0.0.1:8111/load_object?new_layer=false&objects=w969451336", "id_url": "https://www.openstreetmap.org/edit?editor=id&way=969451336#map=20/-12.0505777/-76.9973322"}}, {"type": "Feature", "geometry": {"type": "Point", "coordinates": [-76.997183, -12.0510468]}, "properties": {"id": 969451337, "feat_type": "way", "quality_categories": "crossings_lacking_kerbs, older_than_five_years", "issue_ids": "[124, 2]", "osm_url": "https://www.openstreetmap.org/way/969451337", "josm_url": "http://127.0.0.1:8111/load_object?new_layer=false&objects=w969451337", "id_url": "https://www.openstreetmap.org/edit?editor=id&way=969451337#map=20/-12.0510468/-76.997183"}}, {"type": "Feature", "geometry": {"type": "Point", "coordinates": [-76.9978354, -12.0404091]}, "properties": {"id": 969969388, "feat_type": "way", "quality_categories": "crossings_lacking_kerbs, older_than_five_years, replaceable_values", "issue_ids": "[3, 117, 2]", "osm_url": "https://www.openstreetmap.org/way/969969388", "josm_url": "http://127.0.0.1:8111/load_object?new_layer=false&objects=w969969388", "id_url": "https://www.openstreetmap.org/edit?editor=id&way=969969388#map=20/-12.0404091/-76.9978354"}}, {"type": "Feature", "geometry": {"type": "Point", "coordinates": [-76.9865948, -12.0889218]}, "properties": {"id": 970251164, "feat_type": "way", "quality_categories": "crossings_lacking_kerbs, missing_tags, older_than_five_years, replaceable_values", "issue_ids": "[35, 152, 1, 2]", "osm_url": "https://www.openstreetmap.org/way/970251164", "josm_url": "http://127.0.0.1:8111/load_object?new_layer=false&objects=w970251164", "id_url": "https://www.openstreetmap.org/edit?editor=id&way=970251164#map=20/-12.0889218/-76.9865948"}}, {"type": "Feature", "geometry": {"type": "Point", "coordinates": [-76.9879739, -12.0945973]}, "properties": {"id": 970516930, "feat_type": "way", "quality_categories": "crossings_lacking_kerbs, missing_tags, older_than_five_years, replaceable_values", "issue_ids": "[35, 161, 1, 2]", "osm_url": "https://www.openstreetmap.org/way/970516930", "josm_url": "http://127.0.0.1:8111/load_object?new_layer=false&objects=w970516930", "id_url": "https://www.openstreetmap.org/edit?editor=id&way=970516930#map=20/-12.0945973/-76.9879739"}}, {"type": "Feature", "geometry": {"type": "Point", "coordinates": [-77.0023919, -11.9790952]}, "properties": {"id": 970804659, "feat_type": "way", "quality_categories": "crossings_lacking_kerbs, missing_tags, older_than_five_years", "issue_ids": "[162, 1, 2]", "osm_url": "https://www.openstreetmap.org/way/970804659", "josm_url": "http://127.0.0.1:8111/load_object?new_layer=false&objects=w970804659", "id_url": "https://www.openstreetmap.org/edit?editor=id&way=970804659#map=20/-11.9790952/-77.0023919"}}, {"type": "Feature", "geometry": {"type": "Point", "coordinates": [-76.9949404, -11.9822965]}, "properties": {"id": 970813143, "feat_type": "way", "quality_categories": "crossings_lacking_kerbs, missing_tags, older_than_five_years", "issue_ids": "[162, 1, 2]", "osm_url": "https://www.openstreetmap.org/way/970813143", "josm_url": "http://127.0.0.1:8111/load_object?new_layer=false&objects=w970813143", "id_url": "https://www.openstreetmap.org/edit?editor=id&way=970813143#map=20/-11.9822965/-76.9949404"}}, {"type": "Feature", "geometry": {"type": "Point", "coordinates": [-76.9951051, -11.9821837]}, "properties": {"id": 970813144, "feat_type": "way", "quality_categories": "crossings_lacking_kerbs, missing_tags, older_than_five_years", "issue_ids": "[162, 1, 2]", "osm_url": "https://www.openstreetmap.org/way/970813144", "josm_url": "http://127.0.0.1:8111/load_object?new_layer=false&objects=w970813144", "id_url": "https://www.openstreetmap.org/edit?editor=id&way=970813144#map=20/-11.9821837/-76.9951051"}}, {"type": "Feature", "geometry": {"type": "Point", "coordinates": [-76.9950695, -11.9822872]}, "properties": {"id": 970813380, "feat_type": "way", "quality_categories": "crossings_lacking_kerbs, missing_tags, older_than_five_years", "issue_ids": "[162, 1, 2]", "osm_url": "https://www.openstreetmap.org/way/970813380", "josm_url": "http://127.0.0.1:8111/load_object?new_layer=false&objects=w970813380", "id_url": "https://www.openstreetmap.org/edit?editor=id&way=970813380#map=20/-11.9822872/-76.9950695"}}, {"type": "Feature", "geometry": {"type": "Point", "coordinates": [-76.9979518, -11.9802186]}, "properties": {"id": 970814618, "feat_type": "way", "quality_categories": "crossings_lacking_kerbs, missing_tags, older_than_five_years", "issue_ids": "[162, 1, 2]", "osm_url": "https://www.openstreetmap.org/way/970814618", "josm_url": "http://127.0.0.1:8111/load_object?new_layer=false&objects=w970814618", "id_url": "https://www.openstreetmap.org/edit?editor=id&way=970814618#map=20/-11.9802186/-76.9979518"}}, {"type": "Feature", "geometry": {"type": "Point", "coordinates": [-76.9957684, -11.9817203]}, "properties": {"id": 970814619, "feat_type": "way", "quality_categories": "crossings_lacking_kerbs, missing_tags, older_than_five_years", "issue_ids": "[162, 1, 2]", "osm_url": "https://www.openstreetmap.org/way/970814619", "josm_url": "http://127.0.0.1:8111/load_object?new_layer=false&objects=w970814619", "id_url": "https://www.openstreetmap.org/edit?editor=id&way=970814619#map=20/-11.9817203/-76.9957684"}}, {"type": "Feature", "geometry": {"type": "Point", "coordinates": [-76.9958759, -11.9816452]}, "properties": {"id": 970814620, "feat_type": "way", "quality_categories": "crossings_lacking_kerbs, missing_tags, older_than_five_years", "issue_ids": "[162, 1, 2]", "osm_url": "https://www.openstreetmap.org/way/970814620", "josm_url": "http://127.0.0.1:8111/load_object?new_layer=false&objects=w970814620", "id_url": "https://www.openstreetmap.org/edit?editor=id&way=970814620#map=20/-11.9816452/-76.9958759"}}, {"type": "Feature", "geometry": {"type": "Point", "coordinates": [-76.9957373, -11.981574]}, "properties": {"id": 970814621, "feat_type": "way", "quality_categories": "crossings_lacking_kerbs, missing_tags, older_than_five_years", "issue_ids": "[162, 1, 2]", "osm_url": "https://www.openstreetmap.org/way/970814621", "josm_url": "http://127.0.0.1:8111/load_object?new_layer=false&objects=w970814621", "id_url": "https://www.openstreetmap.org/edit?editor=id&way=970814621#map=20/-11.981574/-76.9957373"}}, {"type": "Feature", "geometry": {"type": "Point", "coordinates": [-76.9979247, -11.9800721]}, "properties": {"id": 970814622, "feat_type": "way", "quality_categories": "crossings_lacking_kerbs, missing_tags, older_than_five_years", "issue_ids": "[162, 1, 2]", "osm_url": "https://www.openstreetmap.org/way/970814622", "josm_url": "http://127.0.0.1:8111/load_object?new_layer=false&objects=w970814622", "id_url": "https://www.openstreetmap.org/edit?editor=id&way=970814622#map=20/-11.9800721/-76.9979247"}}, {"type": "Feature", "geometry": {"type": "Point", "coordinates": [-76.9939704, -11.9829657]}, "properties": {"id": 970814915, "feat_type": "way", "quality_categories": "crossings_lacking_kerbs, missing_tags, older_than_five_years", "issue_ids": "[162, 1, 2]", "osm_url": "https://www.openstreetmap.org/way/970814915", "josm_url": "http://127.0.0.1:8111/load_object?new_layer=false&objects=w970814915", "id_url": "https://www.openstreetmap.org/edit?editor=id&way=970814915#map=20/-11.9829657/-76.9939704"}}, {"type": "Feature", "geometry": {"type": "Point", "coordinates": [-76.9979828, -11.9802712]}, "properties": {"id": 970814916, "feat_type": "way", "quality_categories": "crossings_lacking_kerbs, missing_tags, older_than_five_years", "issue_ids": "[162, 1, 2]", "osm_url": "https://www.openstreetmap.org/way/970814916", "josm_url": "http://127.0.0.1:8111/load_object?new_layer=false&objects=w970814916", "id_url": "https://www.openstreetmap.org/edit?editor=id&way=970814916#map=20/-11.9802712/-76.9979828"}}, {"type": "Feature", "geometry": {"type": "Point", "coordinates": [-76.9970191, -11.9808554]}, "properties": {"id": 970814917, "feat_type": "way", "quality_categories": "crossings_lacking_kerbs, missing_tags, older_than_five_years", "issue_ids": "[162, 1, 2]", "osm_url": "https://www.openstreetmap.org/way/970814917", "josm_url": "http://127.0.0.1:8111/load_object?new_layer=false&objects=w970814917", "id_url": "https://www.openstreetmap.org/edit?editor=id&way=970814917#map=20/-11.9808554/-76.9970191"}}, {"type": "Feature", "geometry": {"type": "Point", "coordinates": [-76.9969087, -11.9809305]}, "properties": {"id": 970814918, "feat_type": "way", "quality_categories": "crossings_lacking_kerbs, missing_tags, older_than_five_years", "issue_ids": "[162, 1, 2]", "osm_url": "https://www.openstreetmap.org/way/970814918", "josm_url": "http://127.0.0.1:8111/load_object?new_layer=false&objects=w970814918", "id_url": "https://www.openstreetmap.org/edit?editor=id&way=970814918#map=20/-11.9809305/-76.9969087"}}, {"type": "Feature", "geometry": {"type": "Point", "coordinates": [-77.0180221, -12.1348464]}, "properties": {"id": 971428009, "feat_type": "way", "quality_categories": "missing_tags, older_than_five_years", "issue_ids": "[154, 1]", "osm_url": "https://www.openstreetmap.org/way/971428009", "josm_url": "http://127.0.0.1:8111/load_object?new_layer=false&objects=w971428009", "id_url": "https://www.openstreetmap.org/edit?editor=id&way=971428009#map=20/-12.1348464/-77.0180221"}}, {"type": "Feature", "geometry": {"type": "Point", "coordinates": [-77.1391281, -11.8149781]}, "properties": {"id": 972103135, "feat_type": "way", "quality_categories": "crossings_lacking_kerbs, missing_tags, older_than_five_years", "issue_ids": "[163, 1, 2]", "osm_url": "https://www.openstreetmap.org/way/972103135", "josm_url": "http://127.0.0.1:8111/load_object?new_layer=false&objects=w972103135", "id_url": "https://www.openstreetmap.org/edit?editor=id&way=972103135#map=20/-11.8149781/-77.1391281"}}, {"type": "Feature", "geometry": {"type": "Point", "coordinates": [-77.1399093, -11.8164342]}, "properties": {"id": 972103136, "feat_type": "way", "quality_categories": "crossings_lacking_kerbs, missing_tags, older_than_five_years", "issue_ids": "[163, 1, 2]", "osm_url": "https://www.openstreetmap.org/way/972103136", "josm_url": "http://127.0.0.1:8111/load_object?new_layer=false&objects=w972103136", "id_url": "https://www.openstreetmap.org/edit?editor=id&way=972103136#map=20/-11.8164342/-77.1399093"}}, {"type": "Feature", "geometry": {"type": "Point", "coordinates": [-77.1398814, -11.8163094]}, "properties": {"id": 972103137, "feat_type": "way", "quality_categories": "crossings_lacking_kerbs, missing_tags, older_than_five_years", "issue_ids": "[163, 1, 2]", "osm_url": "https://www.openstreetmap.org/way/972103137", "josm_url": "http://127.0.0.1:8111/load_object?new_layer=false&objects=w972103137", "id_url": "https://www.openstreetmap.org/edit?editor=id&way=972103137#map=20/-11.8163094/-77.1398814"}}, {"type": "Feature", "geometry": {"type": "Point", "coordinates": [-77.1399612, -11.8163593]}, "properties": {"id": 972103138, "feat_type": "way", "quality_categories": "crossings_lacking_kerbs, missing_tags, older_than_five_years", "issue_ids": "[163, 1, 2]", "osm_url": "https://www.openstreetmap.org/way/972103138", "josm_url": "http://127.0.0.1:8111/load_object?new_layer=false&objects=w972103138", "id_url": "https://www.openstreetmap.org/edit?editor=id&way=972103138#map=20/-11.8163593/-77.1399612"}}, {"type": "Feature", "geometry": {"type": "Point", "coordinates": [-77.1402991, -11.8162705]}, "properties": {"id": 972103139, "feat_type": "way", "quality_categories": "crossings_lacking_kerbs, missing_tags, older_than_five_years", "issue_ids": "[163, 1, 2]", "osm_url": "https://www.openstreetmap.org/way/972103139", "josm_url": "http://127.0.0.1:8111/load_object?new_layer=false&objects=w972103139", "id_url": "https://www.openstreetmap.org/edit?editor=id&way=972103139#map=20/-11.8162705/-77.1402991"}}, {"type": "Feature", "geometry": {"type": "Point", "coordinates": [-77.1403333, -11.8161989]}, "properties": {"id": 972103140, "feat_type": "way", "quality_categories": "crossings_lacking_kerbs, missing_tags, older_than_five_years", "issue_ids": "[163, 1, 2]", "osm_url": "https://www.openstreetmap.org/way/972103140", "josm_url": "http://127.0.0.1:8111/load_object?new_layer=false&objects=w972103140", "id_url": "https://www.openstreetmap.org/edit?editor=id&way=972103140#map=20/-11.8161989/-77.1403333"}}, {"type": "Feature", "geometry": {"type": "Point", "coordinates": [-77.1386398, -11.8159337]}, "properties": {"id": 972103141, "feat_type": "way", "quality_categories": "crossings_lacking_kerbs, missing_tags, older_than_five_years", "issue_ids": "[163, 1, 2]", "osm_url": "https://www.openstreetmap.org/way/972103141", "josm_url": "http://127.0.0.1:8111/load_object?new_layer=false&objects=w972103141", "id_url": "https://www.openstreetmap.org/edit?editor=id&way=972103141#map=20/-11.8159337/-77.1386398"}}, {"type": "Feature", "geometry": {"type": "Point", "coordinates": [-77.1386635, -11.8158627]}, "properties": {"id": 972103142, "feat_type": "way", "quality_categories": "crossings_lacking_kerbs, missing_tags, older_than_five_years", "issue_ids": "[163, 1, 2]", "osm_url": "https://www.openstreetmap.org/way/972103142", "josm_url": "http://127.0.0.1:8111/load_object?new_layer=false&objects=w972103142", "id_url": "https://www.openstreetmap.org/edit?editor=id&way=972103142#map=20/-11.8158627/-77.1386635"}}, {"type": "Feature", "geometry": {"type": "Point", "coordinates": [-77.1382331, -11.8160856]}, "properties": {"id": 972103144, "feat_type": "way", "quality_categories": "crossings_lacking_kerbs, missing_tags, older_than_five_years", "issue_ids": "[163, 1, 2]", "osm_url": "https://www.openstreetmap.org/way/972103144", "josm_url": "http://127.0.0.1:8111/load_object?new_layer=false&objects=w972103144", "id_url": "https://www.openstreetmap.org/edit?editor=id&way=972103144#map=20/-11.8160856/-77.1382331"}}, {"type": "Feature", "geometry": {"type": "Point", "coordinates": [-77.1385516, -11.8159207]}, "properties": {"id": 972103146, "feat_type": "way", "quality_categories": "crossings_lacking_kerbs, missing_tags, older_than_five_years", "issue_ids": "[163, 1, 2]", "osm_url": "https://www.openstreetmap.org/way/972103146", "josm_url": "http://127.0.0.1:8111/load_object?new_layer=false&objects=w972103146", "id_url": "https://www.openstreetmap.org/edit?editor=id&way=972103146#map=20/-11.8159207/-77.1385516"}}, {"type": "Feature", "geometry": {"type": "Point", "coordinates": [-77.1392646, -11.8150595]}, "properties": {"id": 972103147, "feat_type": "way", "quality_categories": "crossings_lacking_kerbs, missing_tags, older_than_five_years", "issue_ids": "[163, 1, 2]", "osm_url": "https://www.openstreetmap.org/way/972103147", "josm_url": "http://127.0.0.1:8111/load_object?new_layer=false&objects=w972103147", "id_url": "https://www.openstreetmap.org/edit?editor=id&way=972103147#map=20/-11.8150595/-77.1392646"}}, {"type": "Feature", "geometry": {"type": "Point", "coordinates": [-77.1391541, -11.8149136]}, "properties": {"id": 972103148, "feat_type": "way", "quality_categories": "crossings_lacking_kerbs, missing_tags, older_than_five_years", "issue_ids": "[163, 1, 2]", "osm_url": "https://www.openstreetmap.org/way/972103148", "josm_url": "http://127.0.0.1:8111/load_object?new_layer=false&objects=w972103148", "id_url": "https://www.openstreetmap.org/edit?editor=id&way=972103148#map=20/-11.8149136/-77.1391541"}}, {"type": "Feature", "geometry": {"type": "Point", "coordinates": [-77.1392822, -11.8150025]}, "properties": {"id": 972103149, "feat_type": "way", "quality_categories": "crossings_lacking_kerbs, missing_tags, older_than_five_years", "issue_ids": "[163, 1, 2]", "osm_url": "https://www.openstreetmap.org/way/972103149", "josm_url": "http://127.0.0.1:8111/load_object?new_layer=false&objects=w972103149", "id_url": "https://www.openstreetmap.org/edit?editor=id&way=972103149#map=20/-11.8150025/-77.1392822"}}, {"type": "Feature", "geometry": {"type": "Point", "coordinates": [-77.1396028, -11.8147189]}, "properties": {"id": 972103150, "feat_type": "way", "quality_categories": "crossings_lacking_kerbs, missing_tags, older_than_five_years", "issue_ids": "[163, 1, 2]", "osm_url": "https://www.openstreetmap.org/way/972103150", "josm_url": "http://127.0.0.1:8111/load_object?new_layer=false&objects=w972103150", "id_url": "https://www.openstreetmap.org/edit?editor=id&way=972103150#map=20/-11.8147189/-77.1396028"}}, {"type": "Feature", "geometry": {"type": "Point", "coordinates": [-77.1396735, -11.8147312]}, "properties": {"id": 972103151, "feat_type": "way", "quality_categories": "crossings_lacking_kerbs, missing_tags, older_than_five_years", "issue_ids": "[163, 1, 2]", "osm_url": "https://www.openstreetmap.org/way/972103151", "josm_url": "http://127.0.0.1:8111/load_object?new_layer=false&objects=w972103151", "id_url": "https://www.openstreetmap.org/edit?editor=id&way=972103151#map=20/-11.8147312/-77.1396735"}}, {"type": "Feature", "geometry": {"type": "Point", "coordinates": [-77.1385467, -11.8142584]}, "properties": {"id": 972103153, "feat_type": "way", "quality_categories": "crossings_lacking_kerbs, missing_tags, older_than_five_years", "issue_ids": "[163, 1, 2]", "osm_url": "https://www.openstreetmap.org/way/972103153", "josm_url": "http://127.0.0.1:8111/load_object?new_layer=false&objects=w972103153", "id_url": "https://www.openstreetmap.org/edit?editor=id&way=972103153#map=20/-11.8142584/-77.1385467"}}, {"type": "Feature", "geometry": {"type": "Point", "coordinates": [-77.1385877, -11.814162]}, "properties": {"id": 972103154, "feat_type": "way", "quality_categories": "crossings_lacking_kerbs, missing_tags, older_than_five_years", "issue_ids": "[163, 1, 2]", "osm_url": "https://www.openstreetmap.org/way/972103154", "josm_url": "http://127.0.0.1:8111/load_object?new_layer=false&objects=w972103154", "id_url": "https://www.openstreetmap.org/edit?editor=id&way=972103154#map=20/-11.814162/-77.1385877"}}, {"type": "Feature", "geometry": {"type": "Point", "coordinates": [-77.1397107, -11.8142053]}, "properties": {"id": 972103155, "feat_type": "way", "quality_categories": "crossings_lacking_kerbs, missing_tags, older_than_five_years", "issue_ids": "[163, 1, 2]", "osm_url": "https://www.openstreetmap.org/way/972103155", "josm_url": "http://127.0.0.1:8111/load_object?new_layer=false&objects=w972103155", "id_url": "https://www.openstreetmap.org/edit?editor=id&way=972103155#map=20/-11.8142053/-77.1397107"}}, {"type": "Feature", "geometry": {"type": "Point", "coordinates": [-77.1394347, -11.8154637]}, "properties": {"id": 972103157, "feat_type": "way", "quality_categories": "crossings_lacking_kerbs, missing_tags, older_than_five_years", "issue_ids": "[163, 1, 2]", "osm_url": "https://www.openstreetmap.org/way/972103157", "josm_url": "http://127.0.0.1:8111/load_object?new_layer=false&objects=w972103157", "id_url": "https://www.openstreetmap.org/edit?editor=id&way=972103157#map=20/-11.8154637/-77.1394347"}}, {"type": "Feature", "geometry": {"type": "Point", "coordinates": [-77.1395657, -11.8153959]}, "properties": {"id": 972103159, "feat_type": "way", "quality_categories": "crossings_lacking_kerbs, missing_tags, older_than_five_years", "issue_ids": "[163, 1, 2]", "osm_url": "https://www.openstreetmap.org/way/972103159", "josm_url": "http://127.0.0.1:8111/load_object?new_layer=false&objects=w972103159", "id_url": "https://www.openstreetmap.org/edit?editor=id&way=972103159#map=20/-11.8153959/-77.1395657"}}, {"type": "Feature", "geometry": {"type": "Point", "coordinates": [-77.1394605, -11.8153562]}, "properties": {"id": 972103160, "feat_type": "way", "quality_categories": "crossings_lacking_kerbs, missing_tags, older_than_five_years", "issue_ids": "[163, 1, 2]", "osm_url": "https://www.openstreetmap.org/way/972103160", "josm_url": "http://127.0.0.1:8111/load_object?new_layer=false&objects=w972103160", "id_url": "https://www.openstreetmap.org/edit?editor=id&way=972103160#map=20/-11.8153562/-77.1394605"}}, {"type": "Feature", "geometry": {"type": "Point", "coordinates": [-77.1395335, -11.8154802]}, "properties": {"id": 972103161, "feat_type": "way", "quality_categories": "crossings_lacking_kerbs, missing_tags, older_than_five_years", "issue_ids": "[163, 1, 2]", "osm_url": "https://www.openstreetmap.org/way/972103161", "josm_url": "http://127.0.0.1:8111/load_object?new_layer=false&objects=w972103161", "id_url": "https://www.openstreetmap.org/edit?editor=id&way=972103161#map=20/-11.8154802/-77.1395335"}}, {"type": "Feature", "geometry": {"type": "Point", "coordinates": [-77.1397321, -11.8158806]}, "properties": {"id": 972103162, "feat_type": "way", "quality_categories": "crossings_lacking_kerbs, missing_tags, older_than_five_years", "issue_ids": "[163, 1, 2]", "osm_url": "https://www.openstreetmap.org/way/972103162", "josm_url": "http://127.0.0.1:8111/load_object?new_layer=false&objects=w972103162", "id_url": "https://www.openstreetmap.org/edit?editor=id&way=972103162#map=20/-11.8158806/-77.1397321"}}, {"type": "Feature", "geometry": {"type": "Point", "coordinates": [-77.1397785, -11.8159928]}, "properties": {"id": 972103163, "feat_type": "way", "quality_categories": "crossings_lacking_kerbs, missing_tags, older_than_five_years", "issue_ids": "[163, 1, 2]", "osm_url": "https://www.openstreetmap.org/way/972103163", "josm_url": "http://127.0.0.1:8111/load_object?new_layer=false&objects=w972103163", "id_url": "https://www.openstreetmap.org/edit?editor=id&way=972103163#map=20/-11.8159928/-77.1397785"}}, {"type": "Feature", "geometry": {"type": "Point", "coordinates": [-77.1403899, -11.8149916]}, "properties": {"id": 972103166, "feat_type": "way", "quality_categories": "crossings_lacking_kerbs, missing_tags, older_than_five_years", "issue_ids": "[163, 1, 2]", "osm_url": "https://www.openstreetmap.org/way/972103166", "josm_url": "http://127.0.0.1:8111/load_object?new_layer=false&objects=w972103166", "id_url": "https://www.openstreetmap.org/edit?editor=id&way=972103166#map=20/-11.8149916/-77.1403899"}}, {"type": "Feature", "geometry": {"type": "Point", "coordinates": [-77.1403397, -11.8150869]}, "properties": {"id": 972103167, "feat_type": "way", "quality_categories": "crossings_lacking_kerbs, missing_tags, older_than_five_years", "issue_ids": "[163, 1, 2]", "osm_url": "https://www.openstreetmap.org/way/972103167", "josm_url": "http://127.0.0.1:8111/load_object?new_layer=false&objects=w972103167", "id_url": "https://www.openstreetmap.org/edit?editor=id&way=972103167#map=20/-11.8150869/-77.1403397"}}, {"type": "Feature", "geometry": {"type": "Point", "coordinates": [-77.1402593, -11.8150566]}, "properties": {"id": 972103170, "feat_type": "way", "quality_categories": "crossings_lacking_kerbs, missing_tags, older_than_five_years", "issue_ids": "[163, 1, 2]", "osm_url": "https://www.openstreetmap.org/way/972103170", "josm_url": "http://127.0.0.1:8111/load_object?new_layer=false&objects=w972103170", "id_url": "https://www.openstreetmap.org/edit?editor=id&way=972103170#map=20/-11.8150566/-77.1402593"}}, {"type": "Feature", "geometry": {"type": "Point", "coordinates": [-77.1402793, -11.8149801]}, "properties": {"id": 972103171, "feat_type": "way", "quality_categories": "crossings_lacking_kerbs, missing_tags, older_than_five_years", "issue_ids": "[163, 1, 2]", "osm_url": "https://www.openstreetmap.org/way/972103171", "josm_url": "http://127.0.0.1:8111/load_object?new_layer=false&objects=w972103171", "id_url": "https://www.openstreetmap.org/edit?editor=id&way=972103171#map=20/-11.8149801/-77.1402793"}}, {"type": "Feature", "geometry": {"type": "Point", "coordinates": [-77.1399477, -11.8152624]}, "properties": {"id": 972103173, "feat_type": "way", "quality_categories": "crossings_lacking_kerbs, missing_tags, older_than_five_years", "issue_ids": "[163, 1, 2]", "osm_url": "https://www.openstreetmap.org/way/972103173", "josm_url": "http://127.0.0.1:8111/load_object?new_layer=false&objects=w972103173", "id_url": "https://www.openstreetmap.org/edit?editor=id&way=972103173#map=20/-11.8152624/-77.1399477"}}, {"type": "Feature", "geometry": {"type": "Point", "coordinates": [-77.139962, -11.8144875]}, "properties": {"id": 972103180, "feat_type": "way", "quality_categories": "crossings_lacking_kerbs, missing_tags, older_than_five_years", "issue_ids": "[163, 1, 2]", "osm_url": "https://www.openstreetmap.org/way/972103180", "josm_url": "http://127.0.0.1:8111/load_object?new_layer=false&objects=w972103180", "id_url": "https://www.openstreetmap.org/edit?editor=id&way=972103180#map=20/-11.8144875/-77.139962"}}, {"type": "Feature", "geometry": {"type": "Point", "coordinates": [-77.140019, -11.814574]}, "properties": {"id": 972103181, "feat_type": "way", "quality_categories": "crossings_lacking_kerbs, missing_tags, older_than_five_years", "issue_ids": "[163, 1, 2]", "osm_url": "https://www.openstreetmap.org/way/972103181", "josm_url": "http://127.0.0.1:8111/load_object?new_layer=false&objects=w972103181", "id_url": "https://www.openstreetmap.org/edit?editor=id&way=972103181#map=20/-11.814574/-77.140019"}}, {"type": "Feature", "geometry": {"type": "Point", "coordinates": [-77.1399558, -11.8145486]}, "properties": {"id": 972103182, "feat_type": "way", "quality_categories": "crossings_lacking_kerbs, missing_tags, older_than_five_years", "issue_ids": "[163, 1, 2]", "osm_url": "https://www.openstreetmap.org/way/972103182", "josm_url": "http://127.0.0.1:8111/load_object?new_layer=false&objects=w972103182", "id_url": "https://www.openstreetmap.org/edit?editor=id&way=972103182#map=20/-11.8145486/-77.1399558"}}, {"type": "Feature", "geometry": {"type": "Point", "coordinates": [-77.139587, -11.8147909]}, "properties": {"id": 972103184, "feat_type": "way", "quality_categories": "crossings_lacking_kerbs, missing_tags, older_than_five_years", "issue_ids": "[163, 1, 2]", "osm_url": "https://www.openstreetmap.org/way/972103184", "josm_url": "http://127.0.0.1:8111/load_object?new_layer=false&objects=w972103184", "id_url": "https://www.openstreetmap.org/edit?editor=id&way=972103184#map=20/-11.8147909/-77.139587"}}, {"type": "Feature", "geometry": {"type": "Point", "coordinates": [-77.1393427, -11.8143905]}, "properties": {"id": 972103185, "feat_type": "way", "quality_categories": "crossings_lacking_kerbs, missing_tags, older_than_five_years", "issue_ids": "[163, 1, 2]", "osm_url": "https://www.openstreetmap.org/way/972103185", "josm_url": "http://127.0.0.1:8111/load_object?new_layer=false&objects=w972103185", "id_url": "https://www.openstreetmap.org/edit?editor=id&way=972103185#map=20/-11.8143905/-77.1393427"}}, {"type": "Feature", "geometry": {"type": "Point", "coordinates": [-77.1394104, -11.8144708]}, "properties": {"id": 972103186, "feat_type": "way", "quality_categories": "crossings_lacking_kerbs, missing_tags, older_than_five_years", "issue_ids": "[163, 1, 2]", "osm_url": "https://www.openstreetmap.org/way/972103186", "josm_url": "http://127.0.0.1:8111/load_object?new_layer=false&objects=w972103186", "id_url": "https://www.openstreetmap.org/edit?editor=id&way=972103186#map=20/-11.8144708/-77.1394104"}}, {"type": "Feature", "geometry": {"type": "Point", "coordinates": [-77.1394161, -11.8144111]}, "properties": {"id": 972103187, "feat_type": "way", "quality_categories": "crossings_lacking_kerbs, missing_tags, older_than_five_years", "issue_ids": "[163, 1, 2]", "osm_url": "https://www.openstreetmap.org/way/972103187", "josm_url": "http://127.0.0.1:8111/load_object?new_layer=false&objects=w972103187", "id_url": "https://www.openstreetmap.org/edit?editor=id&way=972103187#map=20/-11.8144111/-77.1394161"}}, {"type": "Feature", "geometry": {"type": "Point", "coordinates": [-77.1397615, -11.8142097]}, "properties": {"id": 972103188, "feat_type": "way", "quality_categories": "crossings_lacking_kerbs, missing_tags, older_than_five_years", "issue_ids": "[163, 1, 2]", "osm_url": "https://www.openstreetmap.org/way/972103188", "josm_url": "http://127.0.0.1:8111/load_object?new_layer=false&objects=w972103188", "id_url": "https://www.openstreetmap.org/edit?editor=id&way=972103188#map=20/-11.8142097/-77.1397615"}}, {"type": "Feature", "geometry": {"type": "Point", "coordinates": [-77.1397042, -11.8141302]}, "properties": {"id": 972103189, "feat_type": "way", "quality_categories": "crossings_lacking_kerbs, missing_tags, older_than_five_years", "issue_ids": "[163, 1, 2]", "osm_url": "https://www.openstreetmap.org/way/972103189", "josm_url": "http://127.0.0.1:8111/load_object?new_layer=false&objects=w972103189", "id_url": "https://www.openstreetmap.org/edit?editor=id&way=972103189#map=20/-11.8141302/-77.1397042"}}, {"type": "Feature", "geometry": {"type": "Point", "coordinates": [-77.1390034, -11.8140762]}, "properties": {"id": 972103195, "feat_type": "way", "quality_categories": "crossings_lacking_kerbs, missing_tags, older_than_five_years", "issue_ids": "[163, 1, 2]", "osm_url": "https://www.openstreetmap.org/way/972103195", "josm_url": "http://127.0.0.1:8111/load_object?new_layer=false&objects=w972103195", "id_url": "https://www.openstreetmap.org/edit?editor=id&way=972103195#map=20/-11.8140762/-77.1390034"}}, {"type": "Feature", "geometry": {"type": "Point", "coordinates": [-77.1390712, -11.8140874]}, "properties": {"id": 972103196, "feat_type": "way", "quality_categories": "crossings_lacking_kerbs, missing_tags, older_than_five_years", "issue_ids": "[163, 1, 2]", "osm_url": "https://www.openstreetmap.org/way/972103196", "josm_url": "http://127.0.0.1:8111/load_object?new_layer=false&objects=w972103196", "id_url": "https://www.openstreetmap.org/edit?editor=id&way=972103196#map=20/-11.8140874/-77.1390712"}}, {"type": "Feature", "geometry": {"type": "Point", "coordinates": [-77.1390832, -11.8140278]}, "properties": {"id": 972103198, "feat_type": "way", "quality_categories": "crossings_lacking_kerbs, missing_tags, older_than_five_years", "issue_ids": "[163, 1, 2]", "osm_url": "https://www.openstreetmap.org/way/972103198", "josm_url": "http://127.0.0.1:8111/load_object?new_layer=false&objects=w972103198", "id_url": "https://www.openstreetmap.org/edit?editor=id&way=972103198#map=20/-11.8140278/-77.1390832"}}, {"type": "Feature", "geometry": {"type": "Point", "coordinates": [-77.1393843, -11.8138456]}, "properties": {"id": 972103202, "feat_type": "way", "quality_categories": "crossings_lacking_kerbs, missing_tags, older_than_five_years", "issue_ids": "[163, 1, 2]", "osm_url": "https://www.openstreetmap.org/way/972103202", "josm_url": "http://127.0.0.1:8111/load_object?new_layer=false&objects=w972103202", "id_url": "https://www.openstreetmap.org/edit?editor=id&way=972103202#map=20/-11.8138456/-77.1393843"}}, {"type": "Feature", "geometry": {"type": "Point", "coordinates": [-77.1394632, -11.813844]}, "properties": {"id": 972103203, "feat_type": "way", "quality_categories": "crossings_lacking_kerbs, missing_tags, older_than_five_years", "issue_ids": "[163, 1, 2]", "osm_url": "https://www.openstreetmap.org/way/972103203", "josm_url": "http://127.0.0.1:8111/load_object?new_layer=false&objects=w972103203", "id_url": "https://www.openstreetmap.org/edit?editor=id&way=972103203#map=20/-11.813844/-77.1394632"}}, {"type": "Feature", "geometry": {"type": "Point", "coordinates": [-77.1394792, -11.8137883]}, "properties": {"id": 972103206, "feat_type": "way", "quality_categories": "crossings_lacking_kerbs, missing_tags, older_than_five_years", "issue_ids": "[163, 1, 2]", "osm_url": "https://www.openstreetmap.org/way/972103206", "josm_url": "http://127.0.0.1:8111/load_object?new_layer=false&objects=w972103206", "id_url": "https://www.openstreetmap.org/edit?editor=id&way=972103206#map=20/-11.8137883/-77.1394792"}}, {"type": "Feature", "geometry": {"type": "Point", "coordinates": [-77.1398219, -11.8136085]}, "properties": {"id": 972103207, "feat_type": "way", "quality_categories": "crossings_lacking_kerbs, missing_tags, older_than_five_years", "issue_ids": "[163, 1, 2]", "osm_url": "https://www.openstreetmap.org/way/972103207", "josm_url": "http://127.0.0.1:8111/load_object?new_layer=false&objects=w972103207", "id_url": "https://www.openstreetmap.org/edit?editor=id&way=972103207#map=20/-11.8136085/-77.1398219"}}, {"type": "Feature", "geometry": {"type": "Point", "coordinates": [-77.139916, -11.813629]}, "properties": {"id": 972103209, "feat_type": "way", "quality_categories": "crossings_lacking_kerbs, missing_tags, older_than_five_years", "issue_ids": "[163, 1, 2]", "osm_url": "https://www.openstreetmap.org/way/972103209", "josm_url": "http://127.0.0.1:8111/load_object?new_layer=false&objects=w972103209", "id_url": "https://www.openstreetmap.org/edit?editor=id&way=972103209#map=20/-11.813629/-77.139916"}}, {"type": "Feature", "geometry": {"type": "Point", "coordinates": [-77.1399513, -11.8135864]}, "properties": {"id": 972103210, "feat_type": "way", "quality_categories": "crossings_lacking_kerbs, missing_tags, older_than_five_years", "issue_ids": "[163, 1, 2]", "osm_url": "https://www.openstreetmap.org/way/972103210", "josm_url": "http://127.0.0.1:8111/load_object?new_layer=false&objects=w972103210", "id_url": "https://www.openstreetmap.org/edit?editor=id&way=972103210#map=20/-11.8135864/-77.1399513"}}, {"type": "Feature", "geometry": {"type": "Point", "coordinates": [-77.1404962, -11.8149346]}, "properties": {"id": 972103211, "feat_type": "way", "quality_categories": "crossings_lacking_kerbs, missing_tags, older_than_five_years", "issue_ids": "[163, 1, 2]", "osm_url": "https://www.openstreetmap.org/way/972103211", "josm_url": "http://127.0.0.1:8111/load_object?new_layer=false&objects=w972103211", "id_url": "https://www.openstreetmap.org/edit?editor=id&way=972103211#map=20/-11.8149346/-77.1404962"}}, {"type": "Feature", "geometry": {"type": "Point", "coordinates": [-77.14089, -11.8147571]}, "properties": {"id": 972103212, "feat_type": "way", "quality_categories": "crossings_lacking_kerbs, missing_tags, older_than_five_years", "issue_ids": "[163, 1, 2]", "osm_url": "https://www.openstreetmap.org/way/972103212", "josm_url": "http://127.0.0.1:8111/load_object?new_layer=false&objects=w972103212", "id_url": "https://www.openstreetmap.org/edit?editor=id&way=972103212#map=20/-11.8147571/-77.14089"}}, {"type": "Feature", "geometry": {"type": "Point", "coordinates": [-77.1406997, -11.8148201]}, "properties": {"id": 972103213, "feat_type": "way", "quality_categories": "crossings_lacking_kerbs, missing_tags, older_than_five_years", "issue_ids": "[163, 1, 2]", "osm_url": "https://www.openstreetmap.org/way/972103213", "josm_url": "http://127.0.0.1:8111/load_object?new_layer=false&objects=w972103213", "id_url": "https://www.openstreetmap.org/edit?editor=id&way=972103213#map=20/-11.8148201/-77.1406997"}}, {"type": "Feature", "geometry": {"type": "Point", "coordinates": [-77.1406982, -11.814713]}, "properties": {"id": 972103214, "feat_type": "way", "quality_categories": "crossings_lacking_kerbs, missing_tags, older_than_five_years", "issue_ids": "[163, 1, 2]", "osm_url": "https://www.openstreetmap.org/way/972103214", "josm_url": "http://127.0.0.1:8111/load_object?new_layer=false&objects=w972103214", "id_url": "https://www.openstreetmap.org/edit?editor=id&way=972103214#map=20/-11.814713/-77.1406982"}}, {"type": "Feature", "geometry": {"type": "Point", "coordinates": [-77.1403595, -11.8141876]}, "properties": {"id": 972103216, "feat_type": "way", "quality_categories": "crossings_lacking_kerbs, missing_tags, older_than_five_years", "issue_ids": "[163, 1, 2]", "osm_url": "https://www.openstreetmap.org/way/972103216", "josm_url": "http://127.0.0.1:8111/load_object?new_layer=false&objects=w972103216", "id_url": "https://www.openstreetmap.org/edit?editor=id&way=972103216#map=20/-11.8141876/-77.1403595"}}, {"type": "Feature", "geometry": {"type": "Point", "coordinates": [-77.1402802, -11.8140823]}, "properties": {"id": 972103217, "feat_type": "way", "quality_categories": "crossings_lacking_kerbs, missing_tags, older_than_five_years", "issue_ids": "[163, 1, 2]", "osm_url": "https://www.openstreetmap.org/way/972103217", "josm_url": "http://127.0.0.1:8111/load_object?new_layer=false&objects=w972103217", "id_url": "https://www.openstreetmap.org/edit?editor=id&way=972103217#map=20/-11.8140823/-77.1402802"}}, {"type": "Feature", "geometry": {"type": "Point", "coordinates": [-77.1403601, -11.814114]}, "properties": {"id": 972103218, "feat_type": "way", "quality_categories": "crossings_lacking_kerbs, missing_tags, older_than_five_years", "issue_ids": "[163, 1, 2]", "osm_url": "https://www.openstreetmap.org/way/972103218", "josm_url": "http://127.0.0.1:8111/load_object?new_layer=false&objects=w972103218", "id_url": "https://www.openstreetmap.org/edit?editor=id&way=972103218#map=20/-11.814114/-77.1403601"}}, {"type": "Feature", "geometry": {"type": "Point", "coordinates": [-77.1398709, -11.8152369]}, "properties": {"id": 972103220, "feat_type": "way", "quality_categories": "crossings_lacking_kerbs, missing_tags, older_than_five_years", "issue_ids": "[163, 1, 2]", "osm_url": "https://www.openstreetmap.org/way/972103220", "josm_url": "http://127.0.0.1:8111/load_object?new_layer=false&objects=w972103220", "id_url": "https://www.openstreetmap.org/edit?editor=id&way=972103220#map=20/-11.8152369/-77.1398709"}}, {"type": "Feature", "geometry": {"type": "Point", "coordinates": [-77.1399727, -11.815186]}, "properties": {"id": 972103221, "feat_type": "way", "quality_categories": "crossings_lacking_kerbs, missing_tags, older_than_five_years", "issue_ids": "[163, 1, 2]", "osm_url": "https://www.openstreetmap.org/way/972103221", "josm_url": "http://127.0.0.1:8111/load_object?new_layer=false&objects=w972103221", "id_url": "https://www.openstreetmap.org/edit?editor=id&way=972103221#map=20/-11.815186/-77.1399727"}}, {"type": "Feature", "geometry": {"type": "Point", "coordinates": [-76.9956223, -11.976959]}, "properties": {"id": 972170199, "feat_type": "way", "quality_categories": "crossings_lacking_kerbs, missing_tags, older_than_five_years", "issue_ids": "[164, 1, 2]", "osm_url": "https://www.openstreetmap.org/way/972170199", "josm_url": "http://127.0.0.1:8111/load_object?new_layer=false&objects=w972170199", "id_url": "https://www.openstreetmap.org/edit?editor=id&way=972170199#map=20/-11.976959/-76.9956223"}}, {"type": "Feature", "geometry": {"type": "Point", "coordinates": [-76.9948481, -11.976043]}, "properties": {"id": 972170201, "feat_type": "way", "quality_categories": "crossings_lacking_kerbs, missing_tags, older_than_five_years", "issue_ids": "[164, 1, 2]", "osm_url": "https://www.openstreetmap.org/way/972170201", "josm_url": "http://127.0.0.1:8111/load_object?new_layer=false&objects=w972170201", "id_url": "https://www.openstreetmap.org/edit?editor=id&way=972170201#map=20/-11.976043/-76.9948481"}}, {"type": "Feature", "geometry": {"type": "Point", "coordinates": [-76.9962819, -11.9774882]}, "properties": {"id": 972170204, "feat_type": "way", "quality_categories": "crossings_lacking_kerbs, missing_tags, older_than_five_years", "issue_ids": "[164, 1, 2]", "osm_url": "https://www.openstreetmap.org/way/972170204", "josm_url": "http://127.0.0.1:8111/load_object?new_layer=false&objects=w972170204", "id_url": "https://www.openstreetmap.org/edit?editor=id&way=972170204#map=20/-11.9774882/-76.9962819"}}, {"type": "Feature", "geometry": {"type": "Point", "coordinates": [-76.9965727, -11.9778856]}, "properties": {"id": 972170206, "feat_type": "way", "quality_categories": "crossings_lacking_kerbs, missing_tags, older_than_five_years", "issue_ids": "[164, 1, 2]", "osm_url": "https://www.openstreetmap.org/way/972170206", "josm_url": "http://127.0.0.1:8111/load_object?new_layer=false&objects=w972170206", "id_url": "https://www.openstreetmap.org/edit?editor=id&way=972170206#map=20/-11.9778856/-76.9965727"}}, {"type": "Feature", "geometry": {"type": "Point", "coordinates": [-76.9968633, -11.978279]}, "properties": {"id": 972170208, "feat_type": "way", "quality_categories": "crossings_lacking_kerbs, missing_tags, older_than_five_years", "issue_ids": "[164, 1, 2]", "osm_url": "https://www.openstreetmap.org/way/972170208", "josm_url": "http://127.0.0.1:8111/load_object?new_layer=false&objects=w972170208", "id_url": "https://www.openstreetmap.org/edit?editor=id&way=972170208#map=20/-11.978279/-76.9968633"}}, {"type": "Feature", "geometry": {"type": "Point", "coordinates": [-76.9970297, -11.9789302]}, "properties": {"id": 972170211, "feat_type": "way", "quality_categories": "crossings_lacking_kerbs, missing_tags, older_than_five_years", "issue_ids": "[164, 1, 2]", "osm_url": "https://www.openstreetmap.org/way/972170211", "josm_url": "http://127.0.0.1:8111/load_object?new_layer=false&objects=w972170211", "id_url": "https://www.openstreetmap.org/edit?editor=id&way=972170211#map=20/-11.9789302/-76.9970297"}}, {"type": "Feature", "geometry": {"type": "Point", "coordinates": [-77.0357098, -12.0300035]}, "properties": {"id": 973900389, "feat_type": "way", "quality_categories": "crossings_lacking_kerbs, older_than_five_years", "issue_ids": "[165, 2]", "osm_url": "https://www.openstreetmap.org/way/973900389", "josm_url": "http://127.0.0.1:8111/load_object?new_layer=false&objects=w973900389", "id_url": "https://www.openstreetmap.org/edit?editor=id&way=973900389#map=20/-12.0300035/-77.0357098"}}, {"type": "Feature", "geometry": {"type": "Point", "coordinates": [-77.0357908, -12.0299405]}, "properties": {"id": 973900393, "feat_type": "way", "quality_categories": "crossings_lacking_kerbs, older_than_five_years", "issue_ids": "[165, 2]", "osm_url": "https://www.openstreetmap.org/way/973900393", "josm_url": "http://127.0.0.1:8111/load_object?new_layer=false&objects=w973900393", "id_url": "https://www.openstreetmap.org/edit?editor=id&way=973900393#map=20/-12.0299405/-77.0357908"}}]}