osm_id,feat_type,key,value,commentary
111915143,way,not appliable,not appliable,this crossing intersects fewer than 2 kerbs. Generally each crossing should connect to at least 2 kerbs.
111965219,way,not appliable,not appliable,this crossing intersects fewer than 2 kerbs. Generally each crossing should connect to at least 2 kerbs.
134140818,way,not appliable,not appliable,this crossing intersects fewer than 2 kerbs. Generally each crossing should connect to at least 2 kerbs.
151308223,way,not appliable,not appliable,this crossing intersects fewer than 2 kerbs. Generally each crossing should connect to at least 2 kerbs.
241233145,way,not appliable,not appliable,this crossing intersects fewer than 2 kerbs. Generally each crossing should connect to at least 2 kerbs.
241233146,way,not appliable,not appliable,this crossing intersects fewer than 2 kerbs. Generally each crossing should connect to at least 2 kerbs.
241233148,way,not appliable,not appliable,this crossing intersects fewer than 2 kerbs. Generally each crossing should connect to at least 2 kerbs.
241235804,way,not appliable,not appliable,this crossing intersects fewer than 2 kerbs. Generally each crossing should connect to at least 2 kerbs.
241248513,way,not appliable,not appliable,this crossing intersects fewer than 2 kerbs. Generally each crossing should connect to at least 2 kerbs.
241256083,way,not appliable,not appliable,this crossing intersects fewer than 2 kerbs. Generally each crossing should connect to at least 2 kerbs.
241257569,way,not appliable,not appliable,this crossing intersects fewer than 2 kerbs. Generally each crossing should connect to at least 2 kerbs.
256246255,way,not appliable,not appliable,this crossing intersects fewer than 2 kerbs. Generally each crossing should connect to at least 2 kerbs.
289468771,way,not appliable,not appliable,this crossing intersects fewer than 2 kerbs. Generally each crossing should connect to at least 2 kerbs.
295038070,way,not appliable,not appliable,this crossing intersects fewer than 2 kerbs. Generally each crossing should connect to at least 2 kerbs.
295038071,way,not appliable,not appliable,this crossing intersects fewer than 2 kerbs. Generally each crossing should connect to at least 2 kerbs.
295038072,way,not appliable,not appliable,this crossing intersects fewer than 2 kerbs. Generally each crossing should connect to at least 2 kerbs.
295038074,way,not appliable,not appliable,this crossing intersects fewer than 2 kerbs. Generally each crossing should connect to at least 2 kerbs.
304452631,way,not appliable,not appliable,this crossing intersects fewer than 2 kerbs. Generally each crossing should connect to at least 2 kerbs.
357596045,way,not appliable,not appliable,this crossing intersects fewer than 2 kerbs. Generally each crossing should connect to at least 2 kerbs.
370644989,way,not appliable,not appliable,this crossing intersects fewer than 2 kerbs. Generally each crossing should connect to at least 2 kerbs.
370645004,way,not appliable,not appliable,this crossing intersects fewer than 2 kerbs. Generally each crossing should connect to at least 2 kerbs.
391699882,way,not appliable,not appliable,this crossing intersects fewer than 2 kerbs. Generally each crossing should connect to at least 2 kerbs.
391916275,way,not appliable,not appliable,this crossing intersects fewer than 2 kerbs. Generally each crossing should connect to at least 2 kerbs.
391916276,way,not appliable,not appliable,this crossing intersects fewer than 2 kerbs. Generally each crossing should connect to at least 2 kerbs.
391916277,way,not appliable,not appliable,this crossing intersects fewer than 2 kerbs. Generally each crossing should connect to at least 2 kerbs.
391916473,way,not appliable,not appliable,this crossing intersects fewer than 2 kerbs. Generally each crossing should connect to at least 2 kerbs.
391916474,way,not appliable,not appliable,this crossing intersects fewer than 2 kerbs. Generally each crossing should connect to at least 2 kerbs.
391916475,way,not appliable,not appliable,this crossing intersects fewer than 2 kerbs. Generally each crossing should connect to at least 2 kerbs.
391916476,way,not appliable,not appliable,this crossing intersects fewer than 2 kerbs. Generally each crossing should connect to at least 2 kerbs.
391917554,way,not appliable,not appliable,this crossing intersects fewer than 2 kerbs. Generally each crossing should connect to at least 2 kerbs.
391917556,way,not appliable,not appliable,this crossing intersects fewer than 2 kerbs. Generally each crossing should connect to at least 2 kerbs.
391954048,way,not appliable,not appliable,this crossing intersects fewer than 2 kerbs. Generally each crossing should connect to at least 2 kerbs.
391995175,way,not appliable,not appliable,this crossing intersects fewer than 2 kerbs. Generally each crossing should connect to at least 2 kerbs.
392192581,way,not appliable,not appliable,this crossing intersects fewer than 2 kerbs. Generally each crossing should connect to at least 2 kerbs.
392375211,way,not appliable,not appliable,this crossing intersects fewer than 2 kerbs. Generally each crossing should connect to at least 2 kerbs.
392652338,way,not appliable,not appliable,this crossing intersects fewer than 2 kerbs. Generally each crossing should connect to at least 2 kerbs.
392652339,way,not appliable,not appliable,this crossing intersects fewer than 2 kerbs. Generally each crossing should connect to at least 2 kerbs.
393509434,way,not appliable,not appliable,this crossing intersects fewer than 2 kerbs. Generally each crossing should connect to at least 2 kerbs.
393509437,way,not appliable,not appliable,this crossing intersects fewer than 2 kerbs. Generally each crossing should connect to at least 2 kerbs.
393895171,way,not appliable,not appliable,this crossing intersects fewer than 2 kerbs. Generally each crossing should connect to at least 2 kerbs.
394166850,way,not appliable,not appliable,this crossing intersects fewer than 2 kerbs. Generally each crossing should connect to at least 2 kerbs.
394995220,way,not appliable,not appliable,this crossing intersects fewer than 2 kerbs. Generally each crossing should connect to at least 2 kerbs.
394998312,way,not appliable,not appliable,this crossing intersects fewer than 2 kerbs. Generally each crossing should connect to at least 2 kerbs.
395001659,way,not appliable,not appliable,this crossing intersects fewer than 2 kerbs. Generally each crossing should connect to at least 2 kerbs.
395001661,way,not appliable,not appliable,this crossing intersects fewer than 2 kerbs. Generally each crossing should connect to at least 2 kerbs.
396438029,way,not appliable,not appliable,this crossing intersects fewer than 2 kerbs. Generally each crossing should connect to at least 2 kerbs.
396439309,way,not appliable,not appliable,this crossing intersects fewer than 2 kerbs. Generally each crossing should connect to at least 2 kerbs.
397392667,way,not appliable,not appliable,this crossing intersects fewer than 2 kerbs. Generally each crossing should connect to at least 2 kerbs.
397486726,way,not appliable,not appliable,this crossing intersects fewer than 2 kerbs. Generally each crossing should connect to at least 2 kerbs.
397486732,way,not appliable,not appliable,this crossing intersects fewer than 2 kerbs. Generally each crossing should connect to at least 2 kerbs.
397540709,way,not appliable,not appliable,this crossing intersects fewer than 2 kerbs. Generally each crossing should connect to at least 2 kerbs.
397540710,way,not appliable,not appliable,this crossing intersects fewer than 2 kerbs. Generally each crossing should connect to at least 2 kerbs.
397546638,way,not appliable,not appliable,this crossing intersects fewer than 2 kerbs. Generally each crossing should connect to at least 2 kerbs.
397708110,way,not appliable,not appliable,this crossing intersects fewer than 2 kerbs. Generally each crossing should connect to at least 2 kerbs.
397708112,way,not appliable,not appliable,this crossing intersects fewer than 2 kerbs. Generally each crossing should connect to at least 2 kerbs.
397708116,way,not appliable,not appliable,this crossing intersects fewer than 2 kerbs. Generally each crossing should connect to at least 2 kerbs.
397712415,way,not appliable,not appliable,this crossing intersects fewer than 2 kerbs. Generally each crossing should connect to at least 2 kerbs.
397714332,way,not appliable,not appliable,this crossing intersects fewer than 2 kerbs. Generally each crossing should connect to at least 2 kerbs.
397721429,way,not appliable,not appliable,this crossing intersects fewer than 2 kerbs. Generally each crossing should connect to at least 2 kerbs.
397721435,way,not appliable,not appliable,this crossing intersects fewer than 2 kerbs. Generally each crossing should connect to at least 2 kerbs.
397724669,way,not appliable,not appliable,this crossing intersects fewer than 2 kerbs. Generally each crossing should connect to at least 2 kerbs.
399538215,way,not appliable,not appliable,this crossing intersects fewer than 2 kerbs. Generally each crossing should connect to at least 2 kerbs.
400426408,way,not appliable,not appliable,this crossing intersects fewer than 2 kerbs. Generally each crossing should connect to at least 2 kerbs.
400448090,way,not appliable,not appliable,this crossing intersects fewer than 2 kerbs. Generally each crossing should connect to at least 2 kerbs.
400602184,way,not appliable,not appliable,this crossing intersects fewer than 2 kerbs. Generally each crossing should connect to at least 2 kerbs.
400877760,way,not appliable,not appliable,this crossing intersects fewer than 2 kerbs. Generally each crossing should connect to at least 2 kerbs.
400891251,way,not appliable,not appliable,this crossing intersects fewer than 2 kerbs. Generally each crossing should connect to at least 2 kerbs.
400894251,way,not appliable,not appliable,this crossing intersects fewer than 2 kerbs. Generally each crossing should connect to at least 2 kerbs.
400894252,way,not appliable,not appliable,this crossing intersects fewer than 2 kerbs. Generally each crossing should connect to at least 2 kerbs.
400894256,way,not appliable,not appliable,this crossing intersects fewer than 2 kerbs. Generally each crossing should connect to at least 2 kerbs.
401025841,way,not appliable,not appliable,this crossing intersects fewer than 2 kerbs. Generally each crossing should connect to at least 2 kerbs.
401025842,way,not appliable,not appliable,this crossing intersects fewer than 2 kerbs. Generally each crossing should connect to at least 2 kerbs.
401029774,way,not appliable,not appliable,this crossing intersects fewer than 2 kerbs. Generally each crossing should connect to at least 2 kerbs.
401029777,way,not appliable,not appliable,this crossing intersects fewer than 2 kerbs. Generally each crossing should connect to at least 2 kerbs.
401289605,way,not appliable,not appliable,this crossing intersects fewer than 2 kerbs. Generally each crossing should connect to at least 2 kerbs.
401299238,way,not appliable,not appliable,this crossing intersects fewer than 2 kerbs. Generally each crossing should connect to at least 2 kerbs.
401299242,way,not appliable,not appliable,this crossing intersects fewer than 2 kerbs. Generally each crossing should connect to at least 2 kerbs.
401299243,way,not appliable,not appliable,this crossing intersects fewer than 2 kerbs. Generally each crossing should connect to at least 2 kerbs.
401299245,way,not appliable,not appliable,this crossing intersects fewer than 2 kerbs. Generally each crossing should connect to at least 2 kerbs.
401494473,way,not appliable,not appliable,this crossing intersects fewer than 2 kerbs. Generally each crossing should connect to at least 2 kerbs.
401497108,way,not appliable,not appliable,this crossing intersects fewer than 2 kerbs. Generally each crossing should connect to at least 2 kerbs.
401497109,way,not appliable,not appliable,this crossing intersects fewer than 2 kerbs. Generally each crossing should connect to at least 2 kerbs.
401693253,way,not appliable,not appliable,this crossing intersects fewer than 2 kerbs. Generally each crossing should connect to at least 2 kerbs.
401693653,way,not appliable,not appliable,this crossing intersects fewer than 2 kerbs. Generally each crossing should connect to at least 2 kerbs.
401780803,way,not appliable,not appliable,this crossing intersects fewer than 2 kerbs. Generally each crossing should connect to at least 2 kerbs.
401780823,way,not appliable,not appliable,this crossing intersects fewer than 2 kerbs. Generally each crossing should connect to at least 2 kerbs.
401833468,way,not appliable,not appliable,this crossing intersects fewer than 2 kerbs. Generally each crossing should connect to at least 2 kerbs.
401833469,way,not appliable,not appliable,this crossing intersects fewer than 2 kerbs. Generally each crossing should connect to at least 2 kerbs.
401833470,way,not appliable,not appliable,this crossing intersects fewer than 2 kerbs. Generally each crossing should connect to at least 2 kerbs.
401833473,way,not appliable,not appliable,this crossing intersects fewer than 2 kerbs. Generally each crossing should connect to at least 2 kerbs.
401860688,way,not appliable,not appliable,this crossing intersects fewer than 2 kerbs. Generally each crossing should connect to at least 2 kerbs.
402156148,way,not appliable,not appliable,this crossing intersects fewer than 2 kerbs. Generally each crossing should connect to at least 2 kerbs.
403120513,way,not appliable,not appliable,this crossing intersects fewer than 2 kerbs. Generally each crossing should connect to at least 2 kerbs.
403120514,way,not appliable,not appliable,this crossing intersects fewer than 2 kerbs. Generally each crossing should connect to at least 2 kerbs.
403122082,way,not appliable,not appliable,this crossing intersects fewer than 2 kerbs. Generally each crossing should connect to at least 2 kerbs.
404391392,way,not appliable,not appliable,this crossing intersects fewer than 2 kerbs. Generally each crossing should connect to at least 2 kerbs.
404435624,way,not appliable,not appliable,this crossing intersects fewer than 2 kerbs. Generally each crossing should connect to at least 2 kerbs.
404435625,way,not appliable,not appliable,this crossing intersects fewer than 2 kerbs. Generally each crossing should connect to at least 2 kerbs.
404435626,way,not appliable,not appliable,this crossing intersects fewer than 2 kerbs. Generally each crossing should connect to at least 2 kerbs.
404435627,way,not appliable,not appliable,this crossing intersects fewer than 2 kerbs. Generally each crossing should connect to at least 2 kerbs.
404628315,way,not appliable,not appliable,this crossing intersects fewer than 2 kerbs. Generally each crossing should connect to at least 2 kerbs.
404628318,way,not appliable,not appliable,this crossing intersects fewer than 2 kerbs. Generally each crossing should connect to at least 2 kerbs.
404631117,way,not appliable,not appliable,this crossing intersects fewer than 2 kerbs. Generally each crossing should connect to at least 2 kerbs.
404633916,way,not appliable,not appliable,this crossing intersects fewer than 2 kerbs. Generally each crossing should connect to at least 2 kerbs.
404633917,way,not appliable,not appliable,this crossing intersects fewer than 2 kerbs. Generally each crossing should connect to at least 2 kerbs.
404635173,way,not appliable,not appliable,this crossing intersects fewer than 2 kerbs. Generally each crossing should connect to at least 2 kerbs.
404635175,way,not appliable,not appliable,this crossing intersects fewer than 2 kerbs. Generally each crossing should connect to at least 2 kerbs.
404636322,way,not appliable,not appliable,this crossing intersects fewer than 2 kerbs. Generally each crossing should connect to at least 2 kerbs.
404636323,way,not appliable,not appliable,this crossing intersects fewer than 2 kerbs. Generally each crossing should connect to at least 2 kerbs.
405562554,way,not appliable,not appliable,this crossing intersects fewer than 2 kerbs. Generally each crossing should connect to at least 2 kerbs.
405562556,way,not appliable,not appliable,this crossing intersects fewer than 2 kerbs. Generally each crossing should connect to at least 2 kerbs.
405562584,way,not appliable,not appliable,this crossing intersects fewer than 2 kerbs. Generally each crossing should connect to at least 2 kerbs.
405562586,way,not appliable,not appliable,this crossing intersects fewer than 2 kerbs. Generally each crossing should connect to at least 2 kerbs.
405562617,way,not appliable,not appliable,this crossing intersects fewer than 2 kerbs. Generally each crossing should connect to at least 2 kerbs.
405562619,way,not appliable,not appliable,this crossing intersects fewer than 2 kerbs. Generally each crossing should connect to at least 2 kerbs.
405574430,way,not appliable,not appliable,this crossing intersects fewer than 2 kerbs. Generally each crossing should connect to at least 2 kerbs.
405903444,way,not appliable,not appliable,this crossing intersects fewer than 2 kerbs. Generally each crossing should connect to at least 2 kerbs.
405903445,way,not appliable,not appliable,this crossing intersects fewer than 2 kerbs. Generally each crossing should connect to at least 2 kerbs.
405903451,way,not appliable,not appliable,this crossing intersects fewer than 2 kerbs. Generally each crossing should connect to at least 2 kerbs.
405913227,way,not appliable,not appliable,this crossing intersects fewer than 2 kerbs. Generally each crossing should connect to at least 2 kerbs.
405913228,way,not appliable,not appliable,this crossing intersects fewer than 2 kerbs. Generally each crossing should connect to at least 2 kerbs.
405913229,way,not appliable,not appliable,this crossing intersects fewer than 2 kerbs. Generally each crossing should connect to at least 2 kerbs.
406262188,way,not appliable,not appliable,this crossing intersects fewer than 2 kerbs. Generally each crossing should connect to at least 2 kerbs.
406262189,way,not appliable,not appliable,this crossing intersects fewer than 2 kerbs. Generally each crossing should connect to at least 2 kerbs.
406262191,way,not appliable,not appliable,this crossing intersects fewer than 2 kerbs. Generally each crossing should connect to at least 2 kerbs.
406267915,way,not appliable,not appliable,this crossing intersects fewer than 2 kerbs. Generally each crossing should connect to at least 2 kerbs.
406622148,way,not appliable,not appliable,this crossing intersects fewer than 2 kerbs. Generally each crossing should connect to at least 2 kerbs.
406622900,way,not appliable,not appliable,this crossing intersects fewer than 2 kerbs. Generally each crossing should connect to at least 2 kerbs.
406622901,way,not appliable,not appliable,this crossing intersects fewer than 2 kerbs. Generally each crossing should connect to at least 2 kerbs.
406629775,way,not appliable,not appliable,this crossing intersects fewer than 2 kerbs. Generally each crossing should connect to at least 2 kerbs.
406629776,way,not appliable,not appliable,this crossing intersects fewer than 2 kerbs. Generally each crossing should connect to at least 2 kerbs.
406629779,way,not appliable,not appliable,this crossing intersects fewer than 2 kerbs. Generally each crossing should connect to at least 2 kerbs.
408906839,way,not appliable,not appliable,this crossing intersects fewer than 2 kerbs. Generally each crossing should connect to at least 2 kerbs.
408906843,way,not appliable,not appliable,this crossing intersects fewer than 2 kerbs. Generally each crossing should connect to at least 2 kerbs.
408906854,way,not appliable,not appliable,this crossing intersects fewer than 2 kerbs. Generally each crossing should connect to at least 2 kerbs.
408917688,way,not appliable,not appliable,this crossing intersects fewer than 2 kerbs. Generally each crossing should connect to at least 2 kerbs.
410082457,way,not appliable,not appliable,this crossing intersects fewer than 2 kerbs. Generally each crossing should connect to at least 2 kerbs.
410089529,way,not appliable,not appliable,this crossing intersects fewer than 2 kerbs. Generally each crossing should connect to at least 2 kerbs.
410708865,way,not appliable,not appliable,this crossing intersects fewer than 2 kerbs. Generally each crossing should connect to at least 2 kerbs.
412144025,way,not appliable,not appliable,this crossing intersects fewer than 2 kerbs. Generally each crossing should connect to at least 2 kerbs.
412147793,way,not appliable,not appliable,this crossing intersects fewer than 2 kerbs. Generally each crossing should connect to at least 2 kerbs.
412147796,way,not appliable,not appliable,this crossing intersects fewer than 2 kerbs. Generally each crossing should connect to at least 2 kerbs.
412300801,way,not appliable,not appliable,this crossing intersects fewer than 2 kerbs. Generally each crossing should connect to at least 2 kerbs.
413045057,way,not appliable,not appliable,this crossing intersects fewer than 2 kerbs. Generally each crossing should connect to at least 2 kerbs.
413045058,way,not appliable,not appliable,this crossing intersects fewer than 2 kerbs. Generally each crossing should connect to at least 2 kerbs.
413045059,way,not appliable,not appliable,this crossing intersects fewer than 2 kerbs. Generally each crossing should connect to at least 2 kerbs.
413193307,way,not appliable,not appliable,this crossing intersects fewer than 2 kerbs. Generally each crossing should connect to at least 2 kerbs.
413194855,way,not appliable,not appliable,this crossing intersects fewer than 2 kerbs. Generally each crossing should connect to at least 2 kerbs.
413203503,way,not appliable,not appliable,this crossing intersects fewer than 2 kerbs. Generally each crossing should connect to at least 2 kerbs.
413209385,way,not appliable,not appliable,this crossing intersects fewer than 2 kerbs. Generally each crossing should connect to at least 2 kerbs.
413981820,way,not appliable,not appliable,this crossing intersects fewer than 2 kerbs. Generally each crossing should connect to at least 2 kerbs.
416304114,way,not appliable,not appliable,this crossing intersects fewer than 2 kerbs. Generally each crossing should connect to at least 2 kerbs.
416304608,way,not appliable,not appliable,this crossing intersects fewer than 2 kerbs. Generally each crossing should connect to at least 2 kerbs.
418200915,way,not appliable,not appliable,this crossing intersects fewer than 2 kerbs. Generally each crossing should connect to at least 2 kerbs.
421694330,way,not appliable,not appliable,this crossing intersects fewer than 2 kerbs. Generally each crossing should connect to at least 2 kerbs.
430458312,way,not appliable,not appliable,this crossing intersects fewer than 2 kerbs. Generally each crossing should connect to at least 2 kerbs.
432035026,way,not appliable,not appliable,this crossing intersects fewer than 2 kerbs. Generally each crossing should connect to at least 2 kerbs.
434583989,way,not appliable,not appliable,this crossing intersects fewer than 2 kerbs. Generally each crossing should connect to at least 2 kerbs.
434797314,way,not appliable,not appliable,this crossing intersects fewer than 2 kerbs. Generally each crossing should connect to at least 2 kerbs.
434797315,way,not appliable,not appliable,this crossing intersects fewer than 2 kerbs. Generally each crossing should connect to at least 2 kerbs.
434797316,way,not appliable,not appliable,this crossing intersects fewer than 2 kerbs. Generally each crossing should connect to at least 2 kerbs.
435369564,way,not appliable,not appliable,this crossing intersects fewer than 2 kerbs. Generally each crossing should connect to at least 2 kerbs.
436256321,way,not appliable,not appliable,this crossing intersects fewer than 2 kerbs. Generally each crossing should connect to at least 2 kerbs.
436590687,way,not appliable,not appliable,this crossing intersects fewer than 2 kerbs. Generally each crossing should connect to at least 2 kerbs.
436917548,way,not appliable,not appliable,this crossing intersects fewer than 2 kerbs. Generally each crossing should connect to at least 2 kerbs.
437053663,way,not appliable,not appliable,this crossing intersects fewer than 2 kerbs. Generally each crossing should connect to at least 2 kerbs.
437053665,way,not appliable,not appliable,this crossing intersects fewer than 2 kerbs. Generally each crossing should connect to at least 2 kerbs.
437055560,way,not appliable,not appliable,this crossing intersects fewer than 2 kerbs. Generally each crossing should connect to at least 2 kerbs.
437069841,way,not appliable,not appliable,this crossing intersects fewer than 2 kerbs. Generally each crossing should connect to at least 2 kerbs.
437069843,way,not appliable,not appliable,this crossing intersects fewer than 2 kerbs. Generally each crossing should connect to at least 2 kerbs.
437069844,way,not appliable,not appliable,this crossing intersects fewer than 2 kerbs. Generally each crossing should connect to at least 2 kerbs.
437069845,way,not appliable,not appliable,this crossing intersects fewer than 2 kerbs. Generally each crossing should connect to at least 2 kerbs.
437180070,way,not appliable,not appliable,this crossing intersects fewer than 2 kerbs. Generally each crossing should connect to at least 2 kerbs.
437180077,way,not appliable,not appliable,this crossing intersects fewer than 2 kerbs. Generally each crossing should connect to at least 2 kerbs.
437180078,way,not appliable,not appliable,this crossing intersects fewer than 2 kerbs. Generally each crossing should connect to at least 2 kerbs.
437191059,way,not appliable,not appliable,this crossing intersects fewer than 2 kerbs. Generally each crossing should connect to at least 2 kerbs.
439241366,way,not appliable,not appliable,this crossing intersects fewer than 2 kerbs. Generally each crossing should connect to at least 2 kerbs.
439761171,way,not appliable,not appliable,this crossing intersects fewer than 2 kerbs. Generally each crossing should connect to at least 2 kerbs.
439818604,way,not appliable,not appliable,this crossing intersects fewer than 2 kerbs. Generally each crossing should connect to at least 2 kerbs.
440122285,way,not appliable,not appliable,this crossing intersects fewer than 2 kerbs. Generally each crossing should connect to at least 2 kerbs.
440244423,way,not appliable,not appliable,this crossing intersects fewer than 2 kerbs. Generally each crossing should connect to at least 2 kerbs.
440974615,way,not appliable,not appliable,this crossing intersects fewer than 2 kerbs. Generally each crossing should connect to at least 2 kerbs.
440974616,way,not appliable,not appliable,this crossing intersects fewer than 2 kerbs. Generally each crossing should connect to at least 2 kerbs.
440974617,way,not appliable,not appliable,this crossing intersects fewer than 2 kerbs. Generally each crossing should connect to at least 2 kerbs.
440974633,way,not appliable,not appliable,this crossing intersects fewer than 2 kerbs. Generally each crossing should connect to at least 2 kerbs.
440977149,way,not appliable,not appliable,this crossing intersects fewer than 2 kerbs. Generally each crossing should connect to at least 2 kerbs.
441001410,way,not appliable,not appliable,this crossing intersects fewer than 2 kerbs. Generally each crossing should connect to at least 2 kerbs.
441001412,way,not appliable,not appliable,this crossing intersects fewer than 2 kerbs. Generally each crossing should connect to at least 2 kerbs.
441014161,way,not appliable,not appliable,this crossing intersects fewer than 2 kerbs. Generally each crossing should connect to at least 2 kerbs.
441049933,way,not appliable,not appliable,this crossing intersects fewer than 2 kerbs. Generally each crossing should connect to at least 2 kerbs.
442220477,way,not appliable,not appliable,this crossing intersects fewer than 2 kerbs. Generally each crossing should connect to at least 2 kerbs.
442220498,way,not appliable,not appliable,this crossing intersects fewer than 2 kerbs. Generally each crossing should connect to at least 2 kerbs.
442220499,way,not appliable,not appliable,this crossing intersects fewer than 2 kerbs. Generally each crossing should connect to at least 2 kerbs.
442464050,way,not appliable,not appliable,this crossing intersects fewer than 2 kerbs. Generally each crossing should connect to at least 2 kerbs.
442469219,way,not appliable,not appliable,this crossing intersects fewer than 2 kerbs. Generally each crossing should connect to at least 2 kerbs.
442469226,way,not appliable,not appliable,this crossing intersects fewer than 2 kerbs. Generally each crossing should connect to at least 2 kerbs.
442475957,way,not appliable,not appliable,this crossing intersects fewer than 2 kerbs. Generally each crossing should connect to at least 2 kerbs.
442681124,way,not appliable,not appliable,this crossing intersects fewer than 2 kerbs. Generally each crossing should connect to at least 2 kerbs.
442685321,way,not appliable,not appliable,this crossing intersects fewer than 2 kerbs. Generally each crossing should connect to at least 2 kerbs.
442685938,way,not appliable,not appliable,this crossing intersects fewer than 2 kerbs. Generally each crossing should connect to at least 2 kerbs.
442779303,way,not appliable,not appliable,this crossing intersects fewer than 2 kerbs. Generally each crossing should connect to at least 2 kerbs.
442786058,way,not appliable,not appliable,this crossing intersects fewer than 2 kerbs. Generally each crossing should connect to at least 2 kerbs.
442788591,way,not appliable,not appliable,this crossing intersects fewer than 2 kerbs. Generally each crossing should connect to at least 2 kerbs.
442788592,way,not appliable,not appliable,this crossing intersects fewer than 2 kerbs. Generally each crossing should connect to at least 2 kerbs.
442867198,way,not appliable,not appliable,this crossing intersects fewer than 2 kerbs. Generally each crossing should connect to at least 2 kerbs.
442867199,way,not appliable,not appliable,this crossing intersects fewer than 2 kerbs. Generally each crossing should connect to at least 2 kerbs.
442872376,way,not appliable,not appliable,this crossing intersects fewer than 2 kerbs. Generally each crossing should connect to at least 2 kerbs.
442872377,way,not appliable,not appliable,this crossing intersects fewer than 2 kerbs. Generally each crossing should connect to at least 2 kerbs.
442872378,way,not appliable,not appliable,this crossing intersects fewer than 2 kerbs. Generally each crossing should connect to at least 2 kerbs.
442973717,way,not appliable,not appliable,this crossing intersects fewer than 2 kerbs. Generally each crossing should connect to at least 2 kerbs.
443068680,way,not appliable,not appliable,this crossing intersects fewer than 2 kerbs. Generally each crossing should connect to at least 2 kerbs.
443448515,way,not appliable,not appliable,this crossing intersects fewer than 2 kerbs. Generally each crossing should connect to at least 2 kerbs.
443448517,way,not appliable,not appliable,this crossing intersects fewer than 2 kerbs. Generally each crossing should connect to at least 2 kerbs.
443492407,way,not appliable,not appliable,this crossing intersects fewer than 2 kerbs. Generally each crossing should connect to at least 2 kerbs.
443492408,way,not appliable,not appliable,this crossing intersects fewer than 2 kerbs. Generally each crossing should connect to at least 2 kerbs.
443619704,way,not appliable,not appliable,this crossing intersects fewer than 2 kerbs. Generally each crossing should connect to at least 2 kerbs.
443619705,way,not appliable,not appliable,this crossing intersects fewer than 2 kerbs. Generally each crossing should connect to at least 2 kerbs.
443626518,way,not appliable,not appliable,this crossing intersects fewer than 2 kerbs. Generally each crossing should connect to at least 2 kerbs.
443652074,way,not appliable,not appliable,this crossing intersects fewer than 2 kerbs. Generally each crossing should connect to at least 2 kerbs.
444462555,way,not appliable,not appliable,this crossing intersects fewer than 2 kerbs. Generally each crossing should connect to at least 2 kerbs.
444489485,way,not appliable,not appliable,this crossing intersects fewer than 2 kerbs. Generally each crossing should connect to at least 2 kerbs.
444489514,way,not appliable,not appliable,this crossing intersects fewer than 2 kerbs. Generally each crossing should connect to at least 2 kerbs.
444984898,way,not appliable,not appliable,this crossing intersects fewer than 2 kerbs. Generally each crossing should connect to at least 2 kerbs.
445542982,way,not appliable,not appliable,this crossing intersects fewer than 2 kerbs. Generally each crossing should connect to at least 2 kerbs.
445719139,way,not appliable,not appliable,this crossing intersects fewer than 2 kerbs. Generally each crossing should connect to at least 2 kerbs.
445786771,way,not appliable,not appliable,this crossing intersects fewer than 2 kerbs. Generally each crossing should connect to at least 2 kerbs.
445786775,way,not appliable,not appliable,this crossing intersects fewer than 2 kerbs. Generally each crossing should connect to at least 2 kerbs.
445805431,way,not appliable,not appliable,this crossing intersects fewer than 2 kerbs. Generally each crossing should connect to at least 2 kerbs.
446742635,way,not appliable,not appliable,this crossing intersects fewer than 2 kerbs. Generally each crossing should connect to at least 2 kerbs.
447104349,way,not appliable,not appliable,this crossing intersects fewer than 2 kerbs. Generally each crossing should connect to at least 2 kerbs.
447104350,way,not appliable,not appliable,this crossing intersects fewer than 2 kerbs. Generally each crossing should connect to at least 2 kerbs.
447105199,way,not appliable,not appliable,this crossing intersects fewer than 2 kerbs. Generally each crossing should connect to at least 2 kerbs.
447320241,way,not appliable,not appliable,this crossing intersects fewer than 2 kerbs. Generally each crossing should connect to at least 2 kerbs.
449418429,way,not appliable,not appliable,this crossing intersects fewer than 2 kerbs. Generally each crossing should connect to at least 2 kerbs.
449587852,way,not appliable,not appliable,this crossing intersects fewer than 2 kerbs. Generally each crossing should connect to at least 2 kerbs.
449754015,way,not appliable,not appliable,this crossing intersects fewer than 2 kerbs. Generally each crossing should connect to at least 2 kerbs.
449975968,way,not appliable,not appliable,this crossing intersects fewer than 2 kerbs. Generally each crossing should connect to at least 2 kerbs.
449975969,way,not appliable,not appliable,this crossing intersects fewer than 2 kerbs. Generally each crossing should connect to at least 2 kerbs.
450512767,way,not appliable,not appliable,this crossing intersects fewer than 2 kerbs. Generally each crossing should connect to at least 2 kerbs.
450512769,way,not appliable,not appliable,this crossing intersects fewer than 2 kerbs. Generally each crossing should connect to at least 2 kerbs.
450512770,way,not appliable,not appliable,this crossing intersects fewer than 2 kerbs. Generally each crossing should connect to at least 2 kerbs.
450512772,way,not appliable,not appliable,this crossing intersects fewer than 2 kerbs. Generally each crossing should connect to at least 2 kerbs.
450660972,way,not appliable,not appliable,this crossing intersects fewer than 2 kerbs. Generally each crossing should connect to at least 2 kerbs.
451474800,way,not appliable,not appliable,this crossing intersects fewer than 2 kerbs. Generally each crossing should connect to at least 2 kerbs.
451474805,way,not appliable,not appliable,this crossing intersects fewer than 2 kerbs. Generally each crossing should connect to at least 2 kerbs.
451476314,way,not appliable,not appliable,this crossing intersects fewer than 2 kerbs. Generally each crossing should connect to at least 2 kerbs.
451476315,way,not appliable,not appliable,this crossing intersects fewer than 2 kerbs. Generally each crossing should connect to at least 2 kerbs.
451615859,way,not appliable,not appliable,this crossing intersects fewer than 2 kerbs. Generally each crossing should connect to at least 2 kerbs.
451738806,way,not appliable,not appliable,this crossing intersects fewer than 2 kerbs. Generally each crossing should connect to at least 2 kerbs.
451796575,way,not appliable,not appliable,this crossing intersects fewer than 2 kerbs. Generally each crossing should connect to at least 2 kerbs.
451796576,way,not appliable,not appliable,this crossing intersects fewer than 2 kerbs. Generally each crossing should connect to at least 2 kerbs.
452783391,way,not appliable,not appliable,this crossing intersects fewer than 2 kerbs. Generally each crossing should connect to at least 2 kerbs.
452786686,way,not appliable,not appliable,this crossing intersects fewer than 2 kerbs. Generally each crossing should connect to at least 2 kerbs.
452788655,way,not appliable,not appliable,this crossing intersects fewer than 2 kerbs. Generally each crossing should connect to at least 2 kerbs.
452788656,way,not appliable,not appliable,this crossing intersects fewer than 2 kerbs. Generally each crossing should connect to at least 2 kerbs.
453074708,way,not appliable,not appliable,this crossing intersects fewer than 2 kerbs. Generally each crossing should connect to at least 2 kerbs.
453114493,way,not appliable,not appliable,this crossing intersects fewer than 2 kerbs. Generally each crossing should connect to at least 2 kerbs.
453133667,way,not appliable,not appliable,this crossing intersects fewer than 2 kerbs. Generally each crossing should connect to at least 2 kerbs.
454057669,way,not appliable,not appliable,this crossing intersects fewer than 2 kerbs. Generally each crossing should connect to at least 2 kerbs.
454519360,way,not appliable,not appliable,this crossing intersects fewer than 2 kerbs. Generally each crossing should connect to at least 2 kerbs.
454522736,way,not appliable,not appliable,this crossing intersects fewer than 2 kerbs. Generally each crossing should connect to at least 2 kerbs.
454528194,way,not appliable,not appliable,this crossing intersects fewer than 2 kerbs. Generally each crossing should connect to at least 2 kerbs.
454531894,way,not appliable,not appliable,this crossing intersects fewer than 2 kerbs. Generally each crossing should connect to at least 2 kerbs.
454531895,way,not appliable,not appliable,this crossing intersects fewer than 2 kerbs. Generally each crossing should connect to at least 2 kerbs.
454554148,way,not appliable,not appliable,this crossing intersects fewer than 2 kerbs. Generally each crossing should connect to at least 2 kerbs.
454554149,way,not appliable,not appliable,this crossing intersects fewer than 2 kerbs. Generally each crossing should connect to at least 2 kerbs.
454560310,way,not appliable,not appliable,this crossing intersects fewer than 2 kerbs. Generally each crossing should connect to at least 2 kerbs.
454565027,way,not appliable,not appliable,this crossing intersects fewer than 2 kerbs. Generally each crossing should connect to at least 2 kerbs.
454570696,way,not appliable,not appliable,this crossing intersects fewer than 2 kerbs. Generally each crossing should connect to at least 2 kerbs.
454574540,way,not appliable,not appliable,this crossing intersects fewer than 2 kerbs. Generally each crossing should connect to at least 2 kerbs.
454590957,way,not appliable,not appliable,this crossing intersects fewer than 2 kerbs. Generally each crossing should connect to at least 2 kerbs.
454734828,way,not appliable,not appliable,this crossing intersects fewer than 2 kerbs. Generally each crossing should connect to at least 2 kerbs.
457101298,way,not appliable,not appliable,this crossing intersects fewer than 2 kerbs. Generally each crossing should connect to at least 2 kerbs.
458187886,way,not appliable,not appliable,this crossing intersects fewer than 2 kerbs. Generally each crossing should connect to at least 2 kerbs.
458187982,way,not appliable,not appliable,this crossing intersects fewer than 2 kerbs. Generally each crossing should connect to at least 2 kerbs.
458188737,way,not appliable,not appliable,this crossing intersects fewer than 2 kerbs. Generally each crossing should connect to at least 2 kerbs.
458789616,way,not appliable,not appliable,this crossing intersects fewer than 2 kerbs. Generally each crossing should connect to at least 2 kerbs.
459071098,way,not appliable,not appliable,this crossing intersects fewer than 2 kerbs. Generally each crossing should connect to at least 2 kerbs.
459071110,way,not appliable,not appliable,this crossing intersects fewer than 2 kerbs. Generally each crossing should connect to at least 2 kerbs.
459071137,way,not appliable,not appliable,this crossing intersects fewer than 2 kerbs. Generally each crossing should connect to at least 2 kerbs.
459071791,way,not appliable,not appliable,this crossing intersects fewer than 2 kerbs. Generally each crossing should connect to at least 2 kerbs.
459071804,way,not appliable,not appliable,this crossing intersects fewer than 2 kerbs. Generally each crossing should connect to at least 2 kerbs.
459638653,way,not appliable,not appliable,this crossing intersects fewer than 2 kerbs. Generally each crossing should connect to at least 2 kerbs.
459645589,way,not appliable,not appliable,this crossing intersects fewer than 2 kerbs. Generally each crossing should connect to at least 2 kerbs.
459645592,way,not appliable,not appliable,this crossing intersects fewer than 2 kerbs. Generally each crossing should connect to at least 2 kerbs.
460242918,way,not appliable,not appliable,this crossing intersects fewer than 2 kerbs. Generally each crossing should connect to at least 2 kerbs.
460250227,way,not appliable,not appliable,this crossing intersects fewer than 2 kerbs. Generally each crossing should connect to at least 2 kerbs.
460360136,way,not appliable,not appliable,this crossing intersects fewer than 2 kerbs. Generally each crossing should connect to at least 2 kerbs.
460365475,way,not appliable,not appliable,this crossing intersects fewer than 2 kerbs. Generally each crossing should connect to at least 2 kerbs.
460365481,way,not appliable,not appliable,this crossing intersects fewer than 2 kerbs. Generally each crossing should connect to at least 2 kerbs.
460365533,way,not appliable,not appliable,this crossing intersects fewer than 2 kerbs. Generally each crossing should connect to at least 2 kerbs.
460413601,way,not appliable,not appliable,this crossing intersects fewer than 2 kerbs. Generally each crossing should connect to at least 2 kerbs.
460417689,way,not appliable,not appliable,this crossing intersects fewer than 2 kerbs. Generally each crossing should connect to at least 2 kerbs.
460417690,way,not appliable,not appliable,this crossing intersects fewer than 2 kerbs. Generally each crossing should connect to at least 2 kerbs.
460419651,way,not appliable,not appliable,this crossing intersects fewer than 2 kerbs. Generally each crossing should connect to at least 2 kerbs.
460419652,way,not appliable,not appliable,this crossing intersects fewer than 2 kerbs. Generally each crossing should connect to at least 2 kerbs.
460421524,way,not appliable,not appliable,this crossing intersects fewer than 2 kerbs. Generally each crossing should connect to at least 2 kerbs.
460421525,way,not appliable,not appliable,this crossing intersects fewer than 2 kerbs. Generally each crossing should connect to at least 2 kerbs.
460421527,way,not appliable,not appliable,this crossing intersects fewer than 2 kerbs. Generally each crossing should connect to at least 2 kerbs.
461269836,way,not appliable,not appliable,this crossing intersects fewer than 2 kerbs. Generally each crossing should connect to at least 2 kerbs.
461442013,way,not appliable,not appliable,this crossing intersects fewer than 2 kerbs. Generally each crossing should connect to at least 2 kerbs.
461442014,way,not appliable,not appliable,this crossing intersects fewer than 2 kerbs. Generally each crossing should connect to at least 2 kerbs.
461442016,way,not appliable,not appliable,this crossing intersects fewer than 2 kerbs. Generally each crossing should connect to at least 2 kerbs.
461442801,way,not appliable,not appliable,this crossing intersects fewer than 2 kerbs. Generally each crossing should connect to at least 2 kerbs.
461442802,way,not appliable,not appliable,this crossing intersects fewer than 2 kerbs. Generally each crossing should connect to at least 2 kerbs.
461448467,way,not appliable,not appliable,this crossing intersects fewer than 2 kerbs. Generally each crossing should connect to at least 2 kerbs.
461590944,way,not appliable,not appliable,this crossing intersects fewer than 2 kerbs. Generally each crossing should connect to at least 2 kerbs.
461993912,way,not appliable,not appliable,this crossing intersects fewer than 2 kerbs. Generally each crossing should connect to at least 2 kerbs.
461998719,way,not appliable,not appliable,this crossing intersects fewer than 2 kerbs. Generally each crossing should connect to at least 2 kerbs.
461998729,way,not appliable,not appliable,this crossing intersects fewer than 2 kerbs. Generally each crossing should connect to at least 2 kerbs.
462447104,way,not appliable,not appliable,this crossing intersects fewer than 2 kerbs. Generally each crossing should connect to at least 2 kerbs.
462447105,way,not appliable,not appliable,this crossing intersects fewer than 2 kerbs. Generally each crossing should connect to at least 2 kerbs.
462448054,way,not appliable,not appliable,this crossing intersects fewer than 2 kerbs. Generally each crossing should connect to at least 2 kerbs.
462449667,way,not appliable,not appliable,this crossing intersects fewer than 2 kerbs. Generally each crossing should connect to at least 2 kerbs.
462456188,way,not appliable,not appliable,this crossing intersects fewer than 2 kerbs. Generally each crossing should connect to at least 2 kerbs.
462456189,way,not appliable,not appliable,this crossing intersects fewer than 2 kerbs. Generally each crossing should connect to at least 2 kerbs.
462457250,way,not appliable,not appliable,this crossing intersects fewer than 2 kerbs. Generally each crossing should connect to at least 2 kerbs.
462457253,way,not appliable,not appliable,this crossing intersects fewer than 2 kerbs. Generally each crossing should connect to at least 2 kerbs.
462460621,way,not appliable,not appliable,this crossing intersects fewer than 2 kerbs. Generally each crossing should connect to at least 2 kerbs.
462480105,way,not appliable,not appliable,this crossing intersects fewer than 2 kerbs. Generally each crossing should connect to at least 2 kerbs.
462480170,way,not appliable,not appliable,this crossing intersects fewer than 2 kerbs. Generally each crossing should connect to at least 2 kerbs.
462693072,way,not appliable,not appliable,this crossing intersects fewer than 2 kerbs. Generally each crossing should connect to at least 2 kerbs.
462694751,way,not appliable,not appliable,this crossing intersects fewer than 2 kerbs. Generally each crossing should connect to at least 2 kerbs.
462696125,way,not appliable,not appliable,this crossing intersects fewer than 2 kerbs. Generally each crossing should connect to at least 2 kerbs.
463341803,way,not appliable,not appliable,this crossing intersects fewer than 2 kerbs. Generally each crossing should connect to at least 2 kerbs.
463345155,way,not appliable,not appliable,this crossing intersects fewer than 2 kerbs. Generally each crossing should connect to at least 2 kerbs.
463767740,way,not appliable,not appliable,this crossing intersects fewer than 2 kerbs. Generally each crossing should connect to at least 2 kerbs.
463772304,way,not appliable,not appliable,this crossing intersects fewer than 2 kerbs. Generally each crossing should connect to at least 2 kerbs.
463772305,way,not appliable,not appliable,this crossing intersects fewer than 2 kerbs. Generally each crossing should connect to at least 2 kerbs.
464589531,way,not appliable,not appliable,this crossing intersects fewer than 2 kerbs. Generally each crossing should connect to at least 2 kerbs.
464630204,way,not appliable,not appliable,this crossing intersects fewer than 2 kerbs. Generally each crossing should connect to at least 2 kerbs.
464661763,way,not appliable,not appliable,this crossing intersects fewer than 2 kerbs. Generally each crossing should connect to at least 2 kerbs.
464662736,way,not appliable,not appliable,this crossing intersects fewer than 2 kerbs. Generally each crossing should connect to at least 2 kerbs.
464847433,way,not appliable,not appliable,this crossing intersects fewer than 2 kerbs. Generally each crossing should connect to at least 2 kerbs.
464848021,way,not appliable,not appliable,this crossing intersects fewer than 2 kerbs. Generally each crossing should connect to at least 2 kerbs.
464848022,way,not appliable,not appliable,this crossing intersects fewer than 2 kerbs. Generally each crossing should connect to at least 2 kerbs.
465060068,way,not appliable,not appliable,this crossing intersects fewer than 2 kerbs. Generally each crossing should connect to at least 2 kerbs.
465977768,way,not appliable,not appliable,this crossing intersects fewer than 2 kerbs. Generally each crossing should connect to at least 2 kerbs.
465977775,way,not appliable,not appliable,this crossing intersects fewer than 2 kerbs. Generally each crossing should connect to at least 2 kerbs.
465977776,way,not appliable,not appliable,this crossing intersects fewer than 2 kerbs. Generally each crossing should connect to at least 2 kerbs.
466001730,way,not appliable,not appliable,this crossing intersects fewer than 2 kerbs. Generally each crossing should connect to at least 2 kerbs.
466001736,way,not appliable,not appliable,this crossing intersects fewer than 2 kerbs. Generally each crossing should connect to at least 2 kerbs.
470414792,way,not appliable,not appliable,this crossing intersects fewer than 2 kerbs. Generally each crossing should connect to at least 2 kerbs.
470414797,way,not appliable,not appliable,this crossing intersects fewer than 2 kerbs. Generally each crossing should connect to at least 2 kerbs.
470414798,way,not appliable,not appliable,this crossing intersects fewer than 2 kerbs. Generally each crossing should connect to at least 2 kerbs.
470884636,way,not appliable,not appliable,this crossing intersects fewer than 2 kerbs. Generally each crossing should connect to at least 2 kerbs.
470884638,way,not appliable,not appliable,this crossing intersects fewer than 2 kerbs. Generally each crossing should connect to at least 2 kerbs.
470884640,way,not appliable,not appliable,this crossing intersects fewer than 2 kerbs. Generally each crossing should connect to at least 2 kerbs.
471288494,way,not appliable,not appliable,this crossing intersects fewer than 2 kerbs. Generally each crossing should connect to at least 2 kerbs.
471288498,way,not appliable,not appliable,this crossing intersects fewer than 2 kerbs. Generally each crossing should connect to at least 2 kerbs.
471667108,way,not appliable,not appliable,this crossing intersects fewer than 2 kerbs. Generally each crossing should connect to at least 2 kerbs.
471667124,way,not appliable,not appliable,this crossing intersects fewer than 2 kerbs. Generally each crossing should connect to at least 2 kerbs.
473691572,way,not appliable,not appliable,this crossing intersects fewer than 2 kerbs. Generally each crossing should connect to at least 2 kerbs.
474925405,way,not appliable,not appliable,this crossing intersects fewer than 2 kerbs. Generally each crossing should connect to at least 2 kerbs.
474925406,way,not appliable,not appliable,this crossing intersects fewer than 2 kerbs. Generally each crossing should connect to at least 2 kerbs.
474927259,way,not appliable,not appliable,this crossing intersects fewer than 2 kerbs. Generally each crossing should connect to at least 2 kerbs.
474927307,way,not appliable,not appliable,this crossing intersects fewer than 2 kerbs. Generally each crossing should connect to at least 2 kerbs.
475657971,way,not appliable,not appliable,this crossing intersects fewer than 2 kerbs. Generally each crossing should connect to at least 2 kerbs.
475988323,way,not appliable,not appliable,this crossing intersects fewer than 2 kerbs. Generally each crossing should connect to at least 2 kerbs.
478955893,way,not appliable,not appliable,this crossing intersects fewer than 2 kerbs. Generally each crossing should connect to at least 2 kerbs.
479927280,way,not appliable,not appliable,this crossing intersects fewer than 2 kerbs. Generally each crossing should connect to at least 2 kerbs.
479927281,way,not appliable,not appliable,this crossing intersects fewer than 2 kerbs. Generally each crossing should connect to at least 2 kerbs.
479927298,way,not appliable,not appliable,this crossing intersects fewer than 2 kerbs. Generally each crossing should connect to at least 2 kerbs.
481126081,way,not appliable,not appliable,this crossing intersects fewer than 2 kerbs. Generally each crossing should connect to at least 2 kerbs.
481126088,way,not appliable,not appliable,this crossing intersects fewer than 2 kerbs. Generally each crossing should connect to at least 2 kerbs.
485696616,way,not appliable,not appliable,this crossing intersects fewer than 2 kerbs. Generally each crossing should connect to at least 2 kerbs.
485696617,way,not appliable,not appliable,this crossing intersects fewer than 2 kerbs. Generally each crossing should connect to at least 2 kerbs.
485696618,way,not appliable,not appliable,this crossing intersects fewer than 2 kerbs. Generally each crossing should connect to at least 2 kerbs.
493471641,way,not appliable,not appliable,this crossing intersects fewer than 2 kerbs. Generally each crossing should connect to at least 2 kerbs.
493471643,way,not appliable,not appliable,this crossing intersects fewer than 2 kerbs. Generally each crossing should connect to at least 2 kerbs.
493471645,way,not appliable,not appliable,this crossing intersects fewer than 2 kerbs. Generally each crossing should connect to at least 2 kerbs.
493472351,way,not appliable,not appliable,this crossing intersects fewer than 2 kerbs. Generally each crossing should connect to at least 2 kerbs.
493472352,way,not appliable,not appliable,this crossing intersects fewer than 2 kerbs. Generally each crossing should connect to at least 2 kerbs.
501092551,way,not appliable,not appliable,this crossing intersects fewer than 2 kerbs. Generally each crossing should connect to at least 2 kerbs.
501092553,way,not appliable,not appliable,this crossing intersects fewer than 2 kerbs. Generally each crossing should connect to at least 2 kerbs.
501092556,way,not appliable,not appliable,this crossing intersects fewer than 2 kerbs. Generally each crossing should connect to at least 2 kerbs.
501092557,way,not appliable,not appliable,this crossing intersects fewer than 2 kerbs. Generally each crossing should connect to at least 2 kerbs.
501092558,way,not appliable,not appliable,this crossing intersects fewer than 2 kerbs. Generally each crossing should connect to at least 2 kerbs.
501092564,way,not appliable,not appliable,this crossing intersects fewer than 2 kerbs. Generally each crossing should connect to at least 2 kerbs.
502782341,way,not appliable,not appliable,this crossing intersects fewer than 2 kerbs. Generally each crossing should connect to at least 2 kerbs.
517112238,way,not appliable,not appliable,this crossing intersects fewer than 2 kerbs. Generally each crossing should connect to at least 2 kerbs.
517432314,way,not appliable,not appliable,this crossing intersects fewer than 2 kerbs. Generally each crossing should connect to at least 2 kerbs.
517486006,way,not appliable,not appliable,this crossing intersects fewer than 2 kerbs. Generally each crossing should connect to at least 2 kerbs.
518158264,way,not appliable,not appliable,this crossing intersects fewer than 2 kerbs. Generally each crossing should connect to at least 2 kerbs.
519450262,way,not appliable,not appliable,this crossing intersects fewer than 2 kerbs. Generally each crossing should connect to at least 2 kerbs.
519450263,way,not appliable,not appliable,this crossing intersects fewer than 2 kerbs. Generally each crossing should connect to at least 2 kerbs.
519450264,way,not appliable,not appliable,this crossing intersects fewer than 2 kerbs. Generally each crossing should connect to at least 2 kerbs.
519450266,way,not appliable,not appliable,this crossing intersects fewer than 2 kerbs. Generally each crossing should connect to at least 2 kerbs.
519450268,way,not appliable,not appliable,this crossing intersects fewer than 2 kerbs. Generally each crossing should connect to at least 2 kerbs.
519450269,way,not appliable,not appliable,this crossing intersects fewer than 2 kerbs. Generally each crossing should connect to at least 2 kerbs.
519450271,way,not appliable,not appliable,this crossing intersects fewer than 2 kerbs. Generally each crossing should connect to at least 2 kerbs.
519450273,way,not appliable,not appliable,this crossing intersects fewer than 2 kerbs. Generally each crossing should connect to at least 2 kerbs.
519450275,way,not appliable,not appliable,this crossing intersects fewer than 2 kerbs. Generally each crossing should connect to at least 2 kerbs.
519450277,way,not appliable,not appliable,this crossing intersects fewer than 2 kerbs. Generally each crossing should connect to at least 2 kerbs.
519450278,way,not appliable,not appliable,this crossing intersects fewer than 2 kerbs. Generally each crossing should connect to at least 2 kerbs.
519450280,way,not appliable,not appliable,this crossing intersects fewer than 2 kerbs. Generally each crossing should connect to at least 2 kerbs.
519450282,way,not appliable,not appliable,this crossing intersects fewer than 2 kerbs. Generally each crossing should connect to at least 2 kerbs.
519450284,way,not appliable,not appliable,this crossing intersects fewer than 2 kerbs. Generally each crossing should connect to at least 2 kerbs.
519450287,way,not appliable,not appliable,this crossing intersects fewer than 2 kerbs. Generally each crossing should connect to at least 2 kerbs.
519450289,way,not appliable,not appliable,this crossing intersects fewer than 2 kerbs. Generally each crossing should connect to at least 2 kerbs.
519450291,way,not appliable,not appliable,this crossing intersects fewer than 2 kerbs. Generally each crossing should connect to at least 2 kerbs.
519450293,way,not appliable,not appliable,this crossing intersects fewer than 2 kerbs. Generally each crossing should connect to at least 2 kerbs.
519450295,way,not appliable,not appliable,this crossing intersects fewer than 2 kerbs. Generally each crossing should connect to at least 2 kerbs.
519450297,way,not appliable,not appliable,this crossing intersects fewer than 2 kerbs. Generally each crossing should connect to at least 2 kerbs.
519450300,way,not appliable,not appliable,this crossing intersects fewer than 2 kerbs. Generally each crossing should connect to at least 2 kerbs.
519450302,way,not appliable,not appliable,this crossing intersects fewer than 2 kerbs. Generally each crossing should connect to at least 2 kerbs.
519450303,way,not appliable,not appliable,this crossing intersects fewer than 2 kerbs. Generally each crossing should connect to at least 2 kerbs.
519450305,way,not appliable,not appliable,this crossing intersects fewer than 2 kerbs. Generally each crossing should connect to at least 2 kerbs.
519450307,way,not appliable,not appliable,this crossing intersects fewer than 2 kerbs. Generally each crossing should connect to at least 2 kerbs.
519450308,way,not appliable,not appliable,this crossing intersects fewer than 2 kerbs. Generally each crossing should connect to at least 2 kerbs.
519450310,way,not appliable,not appliable,this crossing intersects fewer than 2 kerbs. Generally each crossing should connect to at least 2 kerbs.
519450311,way,not appliable,not appliable,this crossing intersects fewer than 2 kerbs. Generally each crossing should connect to at least 2 kerbs.
519450312,way,not appliable,not appliable,this crossing intersects fewer than 2 kerbs. Generally each crossing should connect to at least 2 kerbs.
519450314,way,not appliable,not appliable,this crossing intersects fewer than 2 kerbs. Generally each crossing should connect to at least 2 kerbs.
519450317,way,not appliable,not appliable,this crossing intersects fewer than 2 kerbs. Generally each crossing should connect to at least 2 kerbs.
519450319,way,not appliable,not appliable,this crossing intersects fewer than 2 kerbs. Generally each crossing should connect to at least 2 kerbs.
519450321,way,not appliable,not appliable,this crossing intersects fewer than 2 kerbs. Generally each crossing should connect to at least 2 kerbs.
519450322,way,not appliable,not appliable,this crossing intersects fewer than 2 kerbs. Generally each crossing should connect to at least 2 kerbs.
519450324,way,not appliable,not appliable,this crossing intersects fewer than 2 kerbs. Generally each crossing should connect to at least 2 kerbs.
519450326,way,not appliable,not appliable,this crossing intersects fewer than 2 kerbs. Generally each crossing should connect to at least 2 kerbs.
519450328,way,not appliable,not appliable,this crossing intersects fewer than 2 kerbs. Generally each crossing should connect to at least 2 kerbs.
519451242,way,not appliable,not appliable,this crossing intersects fewer than 2 kerbs. Generally each crossing should connect to at least 2 kerbs.
519451243,way,not appliable,not appliable,this crossing intersects fewer than 2 kerbs. Generally each crossing should connect to at least 2 kerbs.
519451244,way,not appliable,not appliable,this crossing intersects fewer than 2 kerbs. Generally each crossing should connect to at least 2 kerbs.
519451245,way,not appliable,not appliable,this crossing intersects fewer than 2 kerbs. Generally each crossing should connect to at least 2 kerbs.
519451246,way,not appliable,not appliable,this crossing intersects fewer than 2 kerbs. Generally each crossing should connect to at least 2 kerbs.
519451247,way,not appliable,not appliable,this crossing intersects fewer than 2 kerbs. Generally each crossing should connect to at least 2 kerbs.
519451248,way,not appliable,not appliable,this crossing intersects fewer than 2 kerbs. Generally each crossing should connect to at least 2 kerbs.
519451249,way,not appliable,not appliable,this crossing intersects fewer than 2 kerbs. Generally each crossing should connect to at least 2 kerbs.
519451250,way,not appliable,not appliable,this crossing intersects fewer than 2 kerbs. Generally each crossing should connect to at least 2 kerbs.
519451251,way,not appliable,not appliable,this crossing intersects fewer than 2 kerbs. Generally each crossing should connect to at least 2 kerbs.
519451252,way,not appliable,not appliable,this crossing intersects fewer than 2 kerbs. Generally each crossing should connect to at least 2 kerbs.
519451253,way,not appliable,not appliable,this crossing intersects fewer than 2 kerbs. Generally each crossing should connect to at least 2 kerbs.
519451254,way,not appliable,not appliable,this crossing intersects fewer than 2 kerbs. Generally each crossing should connect to at least 2 kerbs.
519451255,way,not appliable,not appliable,this crossing intersects fewer than 2 kerbs. Generally each crossing should connect to at least 2 kerbs.
519451256,way,not appliable,not appliable,this crossing intersects fewer than 2 kerbs. Generally each crossing should connect to at least 2 kerbs.
519451257,way,not appliable,not appliable,this crossing intersects fewer than 2 kerbs. Generally each crossing should connect to at least 2 kerbs.
519451258,way,not appliable,not appliable,this crossing intersects fewer than 2 kerbs. Generally each crossing should connect to at least 2 kerbs.
519451259,way,not appliable,not appliable,this crossing intersects fewer than 2 kerbs. Generally each crossing should connect to at least 2 kerbs.
519451260,way,not appliable,not appliable,this crossing intersects fewer than 2 kerbs. Generally each crossing should connect to at least 2 kerbs.
519451261,way,not appliable,not appliable,this crossing intersects fewer than 2 kerbs. Generally each crossing should connect to at least 2 kerbs.
519451262,way,not appliable,not appliable,this crossing intersects fewer than 2 kerbs. Generally each crossing should connect to at least 2 kerbs.
519451263,way,not appliable,not appliable,this crossing intersects fewer than 2 kerbs. Generally each crossing should connect to at least 2 kerbs.
519451264,way,not appliable,not appliable,this crossing intersects fewer than 2 kerbs. Generally each crossing should connect to at least 2 kerbs.
519451265,way,not appliable,not appliable,this crossing intersects fewer than 2 kerbs. Generally each crossing should connect to at least 2 kerbs.
519451266,way,not appliable,not appliable,this crossing intersects fewer than 2 kerbs. Generally each crossing should connect to at least 2 kerbs.
519451267,way,not appliable,not appliable,this crossing intersects fewer than 2 kerbs. Generally each crossing should connect to at least 2 kerbs.
519451268,way,not appliable,not appliable,this crossing intersects fewer than 2 kerbs. Generally each crossing should connect to at least 2 kerbs.
519451269,way,not appliable,not appliable,this crossing intersects fewer than 2 kerbs. Generally each crossing should connect to at least 2 kerbs.
519451270,way,not appliable,not appliable,this crossing intersects fewer than 2 kerbs. Generally each crossing should connect to at least 2 kerbs.
519451271,way,not appliable,not appliable,this crossing intersects fewer than 2 kerbs. Generally each crossing should connect to at least 2 kerbs.
519451272,way,not appliable,not appliable,this crossing intersects fewer than 2 kerbs. Generally each crossing should connect to at least 2 kerbs.
519451273,way,not appliable,not appliable,this crossing intersects fewer than 2 kerbs. Generally each crossing should connect to at least 2 kerbs.
519451274,way,not appliable,not appliable,this crossing intersects fewer than 2 kerbs. Generally each crossing should connect to at least 2 kerbs.
519451275,way,not appliable,not appliable,this crossing intersects fewer than 2 kerbs. Generally each crossing should connect to at least 2 kerbs.
519451277,way,not appliable,not appliable,this crossing intersects fewer than 2 kerbs. Generally each crossing should connect to at least 2 kerbs.
519451278,way,not appliable,not appliable,this crossing intersects fewer than 2 kerbs. Generally each crossing should connect to at least 2 kerbs.
519451280,way,not appliable,not appliable,this crossing intersects fewer than 2 kerbs. Generally each crossing should connect to at least 2 kerbs.
519451283,way,not appliable,not appliable,this crossing intersects fewer than 2 kerbs. Generally each crossing should connect to at least 2 kerbs.
519451286,way,not appliable,not appliable,this crossing intersects fewer than 2 kerbs. Generally each crossing should connect to at least 2 kerbs.
521127845,way,not appliable,not appliable,this crossing intersects fewer than 2 kerbs. Generally each crossing should connect to at least 2 kerbs.
521127846,way,not appliable,not appliable,this crossing intersects fewer than 2 kerbs. Generally each crossing should connect to at least 2 kerbs.
521127849,way,not appliable,not appliable,this crossing intersects fewer than 2 kerbs. Generally each crossing should connect to at least 2 kerbs.
521127850,way,not appliable,not appliable,this crossing intersects fewer than 2 kerbs. Generally each crossing should connect to at least 2 kerbs.
521699100,way,not appliable,not appliable,this crossing intersects fewer than 2 kerbs. Generally each crossing should connect to at least 2 kerbs.
521947602,way,not appliable,not appliable,this crossing intersects fewer than 2 kerbs. Generally each crossing should connect to at least 2 kerbs.
521947604,way,not appliable,not appliable,this crossing intersects fewer than 2 kerbs. Generally each crossing should connect to at least 2 kerbs.
522240239,way,not appliable,not appliable,this crossing intersects fewer than 2 kerbs. Generally each crossing should connect to at least 2 kerbs.
522292080,way,not appliable,not appliable,this crossing intersects fewer than 2 kerbs. Generally each crossing should connect to at least 2 kerbs.
522292081,way,not appliable,not appliable,this crossing intersects fewer than 2 kerbs. Generally each crossing should connect to at least 2 kerbs.
523506550,way,not appliable,not appliable,this crossing intersects fewer than 2 kerbs. Generally each crossing should connect to at least 2 kerbs.
523510400,way,not appliable,not appliable,this crossing intersects fewer than 2 kerbs. Generally each crossing should connect to at least 2 kerbs.
523519853,way,not appliable,not appliable,this crossing intersects fewer than 2 kerbs. Generally each crossing should connect to at least 2 kerbs.
524449304,way,not appliable,not appliable,this crossing intersects fewer than 2 kerbs. Generally each crossing should connect to at least 2 kerbs.
524449305,way,not appliable,not appliable,this crossing intersects fewer than 2 kerbs. Generally each crossing should connect to at least 2 kerbs.
524449410,way,not appliable,not appliable,this crossing intersects fewer than 2 kerbs. Generally each crossing should connect to at least 2 kerbs.
529062223,way,not appliable,not appliable,this crossing intersects fewer than 2 kerbs. Generally each crossing should connect to at least 2 kerbs.
548908247,way,not appliable,not appliable,this crossing intersects fewer than 2 kerbs. Generally each crossing should connect to at least 2 kerbs.
548910611,way,not appliable,not appliable,this crossing intersects fewer than 2 kerbs. Generally each crossing should connect to at least 2 kerbs.
548910622,way,not appliable,not appliable,this crossing intersects fewer than 2 kerbs. Generally each crossing should connect to at least 2 kerbs.
549066469,way,not appliable,not appliable,this crossing intersects fewer than 2 kerbs. Generally each crossing should connect to at least 2 kerbs.
549066471,way,not appliable,not appliable,this crossing intersects fewer than 2 kerbs. Generally each crossing should connect to at least 2 kerbs.
549351223,way,not appliable,not appliable,this crossing intersects fewer than 2 kerbs. Generally each crossing should connect to at least 2 kerbs.
549351808,way,not appliable,not appliable,this crossing intersects fewer than 2 kerbs. Generally each crossing should connect to at least 2 kerbs.
549550044,way,not appliable,not appliable,this crossing intersects fewer than 2 kerbs. Generally each crossing should connect to at least 2 kerbs.
549566271,way,not appliable,not appliable,this crossing intersects fewer than 2 kerbs. Generally each crossing should connect to at least 2 kerbs.
549569759,way,not appliable,not appliable,this crossing intersects fewer than 2 kerbs. Generally each crossing should connect to at least 2 kerbs.
549569760,way,not appliable,not appliable,this crossing intersects fewer than 2 kerbs. Generally each crossing should connect to at least 2 kerbs.
549570802,way,not appliable,not appliable,this crossing intersects fewer than 2 kerbs. Generally each crossing should connect to at least 2 kerbs.
549572060,way,not appliable,not appliable,this crossing intersects fewer than 2 kerbs. Generally each crossing should connect to at least 2 kerbs.
549576908,way,not appliable,not appliable,this crossing intersects fewer than 2 kerbs. Generally each crossing should connect to at least 2 kerbs.
549580925,way,not appliable,not appliable,this crossing intersects fewer than 2 kerbs. Generally each crossing should connect to at least 2 kerbs.
549580927,way,not appliable,not appliable,this crossing intersects fewer than 2 kerbs. Generally each crossing should connect to at least 2 kerbs.
549609854,way,not appliable,not appliable,this crossing intersects fewer than 2 kerbs. Generally each crossing should connect to at least 2 kerbs.
549615894,way,not appliable,not appliable,this crossing intersects fewer than 2 kerbs. Generally each crossing should connect to at least 2 kerbs.
549615895,way,not appliable,not appliable,this crossing intersects fewer than 2 kerbs. Generally each crossing should connect to at least 2 kerbs.
549618461,way,not appliable,not appliable,this crossing intersects fewer than 2 kerbs. Generally each crossing should connect to at least 2 kerbs.
549618472,way,not appliable,not appliable,this crossing intersects fewer than 2 kerbs. Generally each crossing should connect to at least 2 kerbs.
549618938,way,not appliable,not appliable,this crossing intersects fewer than 2 kerbs. Generally each crossing should connect to at least 2 kerbs.
549743213,way,not appliable,not appliable,this crossing intersects fewer than 2 kerbs. Generally each crossing should connect to at least 2 kerbs.
549752921,way,not appliable,not appliable,this crossing intersects fewer than 2 kerbs. Generally each crossing should connect to at least 2 kerbs.
549752922,way,not appliable,not appliable,this crossing intersects fewer than 2 kerbs. Generally each crossing should connect to at least 2 kerbs.
549755812,way,not appliable,not appliable,this crossing intersects fewer than 2 kerbs. Generally each crossing should connect to at least 2 kerbs.
549759880,way,not appliable,not appliable,this crossing intersects fewer than 2 kerbs. Generally each crossing should connect to at least 2 kerbs.
549760029,way,not appliable,not appliable,this crossing intersects fewer than 2 kerbs. Generally each crossing should connect to at least 2 kerbs.
549761433,way,not appliable,not appliable,this crossing intersects fewer than 2 kerbs. Generally each crossing should connect to at least 2 kerbs.
550264040,way,not appliable,not appliable,this crossing intersects fewer than 2 kerbs. Generally each crossing should connect to at least 2 kerbs.
550421573,way,not appliable,not appliable,this crossing intersects fewer than 2 kerbs. Generally each crossing should connect to at least 2 kerbs.
551126591,way,not appliable,not appliable,this crossing intersects fewer than 2 kerbs. Generally each crossing should connect to at least 2 kerbs.
551128167,way,not appliable,not appliable,this crossing intersects fewer than 2 kerbs. Generally each crossing should connect to at least 2 kerbs.
551128168,way,not appliable,not appliable,this crossing intersects fewer than 2 kerbs. Generally each crossing should connect to at least 2 kerbs.
551128169,way,not appliable,not appliable,this crossing intersects fewer than 2 kerbs. Generally each crossing should connect to at least 2 kerbs.
551128170,way,not appliable,not appliable,this crossing intersects fewer than 2 kerbs. Generally each crossing should connect to at least 2 kerbs.
551270033,way,not appliable,not appliable,this crossing intersects fewer than 2 kerbs. Generally each crossing should connect to at least 2 kerbs.
551270034,way,not appliable,not appliable,this crossing intersects fewer than 2 kerbs. Generally each crossing should connect to at least 2 kerbs.
551270038,way,not appliable,not appliable,this crossing intersects fewer than 2 kerbs. Generally each crossing should connect to at least 2 kerbs.
551969140,way,not appliable,not appliable,this crossing intersects fewer than 2 kerbs. Generally each crossing should connect to at least 2 kerbs.
553362378,way,not appliable,not appliable,this crossing intersects fewer than 2 kerbs. Generally each crossing should connect to at least 2 kerbs.
553362380,way,not appliable,not appliable,this crossing intersects fewer than 2 kerbs. Generally each crossing should connect to at least 2 kerbs.
553362382,way,not appliable,not appliable,this crossing intersects fewer than 2 kerbs. Generally each crossing should connect to at least 2 kerbs.
553555446,way,not appliable,not appliable,this crossing intersects fewer than 2 kerbs. Generally each crossing should connect to at least 2 kerbs.
553607881,way,not appliable,not appliable,this crossing intersects fewer than 2 kerbs. Generally each crossing should connect to at least 2 kerbs.
553607882,way,not appliable,not appliable,this crossing intersects fewer than 2 kerbs. Generally each crossing should connect to at least 2 kerbs.
553625340,way,not appliable,not appliable,this crossing intersects fewer than 2 kerbs. Generally each crossing should connect to at least 2 kerbs.
553626587,way,not appliable,not appliable,this crossing intersects fewer than 2 kerbs. Generally each crossing should connect to at least 2 kerbs.
553845838,way,not appliable,not appliable,this crossing intersects fewer than 2 kerbs. Generally each crossing should connect to at least 2 kerbs.
553845841,way,not appliable,not appliable,this crossing intersects fewer than 2 kerbs. Generally each crossing should connect to at least 2 kerbs.
553845843,way,not appliable,not appliable,this crossing intersects fewer than 2 kerbs. Generally each crossing should connect to at least 2 kerbs.
553847060,way,not appliable,not appliable,this crossing intersects fewer than 2 kerbs. Generally each crossing should connect to at least 2 kerbs.
554666426,way,not appliable,not appliable,this crossing intersects fewer than 2 kerbs. Generally each crossing should connect to at least 2 kerbs.
554666428,way,not appliable,not appliable,this crossing intersects fewer than 2 kerbs. Generally each crossing should connect to at least 2 kerbs.
554672399,way,not appliable,not appliable,this crossing intersects fewer than 2 kerbs. Generally each crossing should connect to at least 2 kerbs.
554676938,way,not appliable,not appliable,this crossing intersects fewer than 2 kerbs. Generally each crossing should connect to at least 2 kerbs.
554676939,way,not appliable,not appliable,this crossing intersects fewer than 2 kerbs. Generally each crossing should connect to at least 2 kerbs.
554868295,way,not appliable,not appliable,this crossing intersects fewer than 2 kerbs. Generally each crossing should connect to at least 2 kerbs.
554868296,way,not appliable,not appliable,this crossing intersects fewer than 2 kerbs. Generally each crossing should connect to at least 2 kerbs.
554868313,way,not appliable,not appliable,this crossing intersects fewer than 2 kerbs. Generally each crossing should connect to at least 2 kerbs.
554872009,way,not appliable,not appliable,this crossing intersects fewer than 2 kerbs. Generally each crossing should connect to at least 2 kerbs.
554928906,way,not appliable,not appliable,this crossing intersects fewer than 2 kerbs. Generally each crossing should connect to at least 2 kerbs.
556521405,way,not appliable,not appliable,this crossing intersects fewer than 2 kerbs. Generally each crossing should connect to at least 2 kerbs.
556521406,way,not appliable,not appliable,this crossing intersects fewer than 2 kerbs. Generally each crossing should connect to at least 2 kerbs.
556521407,way,not appliable,not appliable,this crossing intersects fewer than 2 kerbs. Generally each crossing should connect to at least 2 kerbs.
556523276,way,not appliable,not appliable,this crossing intersects fewer than 2 kerbs. Generally each crossing should connect to at least 2 kerbs.
556523279,way,not appliable,not appliable,this crossing intersects fewer than 2 kerbs. Generally each crossing should connect to at least 2 kerbs.
556524476,way,not appliable,not appliable,this crossing intersects fewer than 2 kerbs. Generally each crossing should connect to at least 2 kerbs.
556527171,way,not appliable,not appliable,this crossing intersects fewer than 2 kerbs. Generally each crossing should connect to at least 2 kerbs.
558862695,way,not appliable,not appliable,this crossing intersects fewer than 2 kerbs. Generally each crossing should connect to at least 2 kerbs.
558862956,way,not appliable,not appliable,this crossing intersects fewer than 2 kerbs. Generally each crossing should connect to at least 2 kerbs.
558862957,way,not appliable,not appliable,this crossing intersects fewer than 2 kerbs. Generally each crossing should connect to at least 2 kerbs.
559102370,way,not appliable,not appliable,this crossing intersects fewer than 2 kerbs. Generally each crossing should connect to at least 2 kerbs.
559148005,way,not appliable,not appliable,this crossing intersects fewer than 2 kerbs. Generally each crossing should connect to at least 2 kerbs.
559496218,way,not appliable,not appliable,this crossing intersects fewer than 2 kerbs. Generally each crossing should connect to at least 2 kerbs.
559496220,way,not appliable,not appliable,this crossing intersects fewer than 2 kerbs. Generally each crossing should connect to at least 2 kerbs.
560844898,way,not appliable,not appliable,this crossing intersects fewer than 2 kerbs. Generally each crossing should connect to at least 2 kerbs.
561833542,way,not appliable,not appliable,this crossing intersects fewer than 2 kerbs. Generally each crossing should connect to at least 2 kerbs.
561833564,way,not appliable,not appliable,this crossing intersects fewer than 2 kerbs. Generally each crossing should connect to at least 2 kerbs.
562790950,way,not appliable,not appliable,this crossing intersects fewer than 2 kerbs. Generally each crossing should connect to at least 2 kerbs.
563926394,way,not appliable,not appliable,this crossing intersects fewer than 2 kerbs. Generally each crossing should connect to at least 2 kerbs.
563926398,way,not appliable,not appliable,this crossing intersects fewer than 2 kerbs. Generally each crossing should connect to at least 2 kerbs.
563930350,way,not appliable,not appliable,this crossing intersects fewer than 2 kerbs. Generally each crossing should connect to at least 2 kerbs.
563945114,way,not appliable,not appliable,this crossing intersects fewer than 2 kerbs. Generally each crossing should connect to at least 2 kerbs.
563946122,way,not appliable,not appliable,this crossing intersects fewer than 2 kerbs. Generally each crossing should connect to at least 2 kerbs.
564079836,way,not appliable,not appliable,this crossing intersects fewer than 2 kerbs. Generally each crossing should connect to at least 2 kerbs.
564371473,way,not appliable,not appliable,this crossing intersects fewer than 2 kerbs. Generally each crossing should connect to at least 2 kerbs.
564376535,way,not appliable,not appliable,this crossing intersects fewer than 2 kerbs. Generally each crossing should connect to at least 2 kerbs.
568369895,way,not appliable,not appliable,this crossing intersects fewer than 2 kerbs. Generally each crossing should connect to at least 2 kerbs.
568378754,way,not appliable,not appliable,this crossing intersects fewer than 2 kerbs. Generally each crossing should connect to at least 2 kerbs.
568378757,way,not appliable,not appliable,this crossing intersects fewer than 2 kerbs. Generally each crossing should connect to at least 2 kerbs.
568378760,way,not appliable,not appliable,this crossing intersects fewer than 2 kerbs. Generally each crossing should connect to at least 2 kerbs.
568378763,way,not appliable,not appliable,this crossing intersects fewer than 2 kerbs. Generally each crossing should connect to at least 2 kerbs.
569460028,way,not appliable,not appliable,this crossing intersects fewer than 2 kerbs. Generally each crossing should connect to at least 2 kerbs.
569460029,way,not appliable,not appliable,this crossing intersects fewer than 2 kerbs. Generally each crossing should connect to at least 2 kerbs.
569463215,way,not appliable,not appliable,this crossing intersects fewer than 2 kerbs. Generally each crossing should connect to at least 2 kerbs.
570080924,way,not appliable,not appliable,this crossing intersects fewer than 2 kerbs. Generally each crossing should connect to at least 2 kerbs.
570081301,way,not appliable,not appliable,this crossing intersects fewer than 2 kerbs. Generally each crossing should connect to at least 2 kerbs.
570081302,way,not appliable,not appliable,this crossing intersects fewer than 2 kerbs. Generally each crossing should connect to at least 2 kerbs.
571089624,way,not appliable,not appliable,this crossing intersects fewer than 2 kerbs. Generally each crossing should connect to at least 2 kerbs.
581503736,way,not appliable,not appliable,this crossing intersects fewer than 2 kerbs. Generally each crossing should connect to at least 2 kerbs.
587342175,way,not appliable,not appliable,this crossing intersects fewer than 2 kerbs. Generally each crossing should connect to at least 2 kerbs.
589375184,way,not appliable,not appliable,this crossing intersects fewer than 2 kerbs. Generally each crossing should connect to at least 2 kerbs.
589375185,way,not appliable,not appliable,this crossing intersects fewer than 2 kerbs. Generally each crossing should connect to at least 2 kerbs.
591035995,way,not appliable,not appliable,this crossing intersects fewer than 2 kerbs. Generally each crossing should connect to at least 2 kerbs.
599943828,way,not appliable,not appliable,this crossing intersects fewer than 2 kerbs. Generally each crossing should connect to at least 2 kerbs.
601790890,way,not appliable,not appliable,this crossing intersects fewer than 2 kerbs. Generally each crossing should connect to at least 2 kerbs.
601790893,way,not appliable,not appliable,this crossing intersects fewer than 2 kerbs. Generally each crossing should connect to at least 2 kerbs.
601790894,way,not appliable,not appliable,this crossing intersects fewer than 2 kerbs. Generally each crossing should connect to at least 2 kerbs.
615093123,way,not appliable,not appliable,this crossing intersects fewer than 2 kerbs. Generally each crossing should connect to at least 2 kerbs.
615093125,way,not appliable,not appliable,this crossing intersects fewer than 2 kerbs. Generally each crossing should connect to at least 2 kerbs.
615393140,way,not appliable,not appliable,this crossing intersects fewer than 2 kerbs. Generally each crossing should connect to at least 2 kerbs.
615414039,way,not appliable,not appliable,this crossing intersects fewer than 2 kerbs. Generally each crossing should connect to at least 2 kerbs.
616000154,way,not appliable,not appliable,this crossing intersects fewer than 2 kerbs. Generally each crossing should connect to at least 2 kerbs.
616000156,way,not appliable,not appliable,this crossing intersects fewer than 2 kerbs. Generally each crossing should connect to at least 2 kerbs.
616176381,way,not appliable,not appliable,this crossing intersects fewer than 2 kerbs. Generally each crossing should connect to at least 2 kerbs.
617246157,way,not appliable,not appliable,this crossing intersects fewer than 2 kerbs. Generally each crossing should connect to at least 2 kerbs.
617246169,way,not appliable,not appliable,this crossing intersects fewer than 2 kerbs. Generally each crossing should connect to at least 2 kerbs.
617438925,way,not appliable,not appliable,this crossing intersects fewer than 2 kerbs. Generally each crossing should connect to at least 2 kerbs.
617450153,way,not appliable,not appliable,this crossing intersects fewer than 2 kerbs. Generally each crossing should connect to at least 2 kerbs.
617462941,way,not appliable,not appliable,this crossing intersects fewer than 2 kerbs. Generally each crossing should connect to at least 2 kerbs.
617638820,way,not appliable,not appliable,this crossing intersects fewer than 2 kerbs. Generally each crossing should connect to at least 2 kerbs.
619852072,way,not appliable,not appliable,this crossing intersects fewer than 2 kerbs. Generally each crossing should connect to at least 2 kerbs.
621550097,way,not appliable,not appliable,this crossing intersects fewer than 2 kerbs. Generally each crossing should connect to at least 2 kerbs.
621621247,way,not appliable,not appliable,this crossing intersects fewer than 2 kerbs. Generally each crossing should connect to at least 2 kerbs.
621621250,way,not appliable,not appliable,this crossing intersects fewer than 2 kerbs. Generally each crossing should connect to at least 2 kerbs.
621819437,way,not appliable,not appliable,this crossing intersects fewer than 2 kerbs. Generally each crossing should connect to at least 2 kerbs.
621821090,way,not appliable,not appliable,this crossing intersects fewer than 2 kerbs. Generally each crossing should connect to at least 2 kerbs.
621821093,way,not appliable,not appliable,this crossing intersects fewer than 2 kerbs. Generally each crossing should connect to at least 2 kerbs.
623894159,way,not appliable,not appliable,this crossing intersects fewer than 2 kerbs. Generally each crossing should connect to at least 2 kerbs.
623947242,way,not appliable,not appliable,this crossing intersects fewer than 2 kerbs. Generally each crossing should connect to at least 2 kerbs.
623947243,way,not appliable,not appliable,this crossing intersects fewer than 2 kerbs. Generally each crossing should connect to at least 2 kerbs.
625393459,way,not appliable,not appliable,this crossing intersects fewer than 2 kerbs. Generally each crossing should connect to at least 2 kerbs.
626437628,way,not appliable,not appliable,this crossing intersects fewer than 2 kerbs. Generally each crossing should connect to at least 2 kerbs.
626507782,way,not appliable,not appliable,this crossing intersects fewer than 2 kerbs. Generally each crossing should connect to at least 2 kerbs.
626521442,way,not appliable,not appliable,this crossing intersects fewer than 2 kerbs. Generally each crossing should connect to at least 2 kerbs.
627261485,way,not appliable,not appliable,this crossing intersects fewer than 2 kerbs. Generally each crossing should connect to at least 2 kerbs.
627394488,way,not appliable,not appliable,this crossing intersects fewer than 2 kerbs. Generally each crossing should connect to at least 2 kerbs.
627394497,way,not appliable,not appliable,this crossing intersects fewer than 2 kerbs. Generally each crossing should connect to at least 2 kerbs.
627394503,way,not appliable,not appliable,this crossing intersects fewer than 2 kerbs. Generally each crossing should connect to at least 2 kerbs.
627799859,way,not appliable,not appliable,this crossing intersects fewer than 2 kerbs. Generally each crossing should connect to at least 2 kerbs.
627802659,way,not appliable,not appliable,this crossing intersects fewer than 2 kerbs. Generally each crossing should connect to at least 2 kerbs.
628831996,way,not appliable,not appliable,this crossing intersects fewer than 2 kerbs. Generally each crossing should connect to at least 2 kerbs.
628832010,way,not appliable,not appliable,this crossing intersects fewer than 2 kerbs. Generally each crossing should connect to at least 2 kerbs.
640059513,way,not appliable,not appliable,this crossing intersects fewer than 2 kerbs. Generally each crossing should connect to at least 2 kerbs.
642642494,way,not appliable,not appliable,this crossing intersects fewer than 2 kerbs. Generally each crossing should connect to at least 2 kerbs.
650795985,way,not appliable,not appliable,this crossing intersects fewer than 2 kerbs. Generally each crossing should connect to at least 2 kerbs.
651384746,way,not appliable,not appliable,this crossing intersects fewer than 2 kerbs. Generally each crossing should connect to at least 2 kerbs.
651394050,way,not appliable,not appliable,this crossing intersects fewer than 2 kerbs. Generally each crossing should connect to at least 2 kerbs.
651394058,way,not appliable,not appliable,this crossing intersects fewer than 2 kerbs. Generally each crossing should connect to at least 2 kerbs.
651394059,way,not appliable,not appliable,this crossing intersects fewer than 2 kerbs. Generally each crossing should connect to at least 2 kerbs.
654083078,way,not appliable,not appliable,this crossing intersects fewer than 2 kerbs. Generally each crossing should connect to at least 2 kerbs.
654821438,way,not appliable,not appliable,this crossing intersects fewer than 2 kerbs. Generally each crossing should connect to at least 2 kerbs.
655090862,way,not appliable,not appliable,this crossing intersects fewer than 2 kerbs. Generally each crossing should connect to at least 2 kerbs.
655113309,way,not appliable,not appliable,this crossing intersects fewer than 2 kerbs. Generally each crossing should connect to at least 2 kerbs.
655114331,way,not appliable,not appliable,this crossing intersects fewer than 2 kerbs. Generally each crossing should connect to at least 2 kerbs.
655223927,way,not appliable,not appliable,this crossing intersects fewer than 2 kerbs. Generally each crossing should connect to at least 2 kerbs.
655223929,way,not appliable,not appliable,this crossing intersects fewer than 2 kerbs. Generally each crossing should connect to at least 2 kerbs.
670787100,way,not appliable,not appliable,this crossing intersects fewer than 2 kerbs. Generally each crossing should connect to at least 2 kerbs.
674284789,way,not appliable,not appliable,this crossing intersects fewer than 2 kerbs. Generally each crossing should connect to at least 2 kerbs.
675314766,way,not appliable,not appliable,this crossing intersects fewer than 2 kerbs. Generally each crossing should connect to at least 2 kerbs.
675314768,way,not appliable,not appliable,this crossing intersects fewer than 2 kerbs. Generally each crossing should connect to at least 2 kerbs.
675314774,way,not appliable,not appliable,this crossing intersects fewer than 2 kerbs. Generally each crossing should connect to at least 2 kerbs.
675314786,way,not appliable,not appliable,this crossing intersects fewer than 2 kerbs. Generally each crossing should connect to at least 2 kerbs.
675314788,way,not appliable,not appliable,this crossing intersects fewer than 2 kerbs. Generally each crossing should connect to at least 2 kerbs.
675314790,way,not appliable,not appliable,this crossing intersects fewer than 2 kerbs. Generally each crossing should connect to at least 2 kerbs.
675314791,way,not appliable,not appliable,this crossing intersects fewer than 2 kerbs. Generally each crossing should connect to at least 2 kerbs.
675314799,way,not appliable,not appliable,this crossing intersects fewer than 2 kerbs. Generally each crossing should connect to at least 2 kerbs.
675314803,way,not appliable,not appliable,this crossing intersects fewer than 2 kerbs. Generally each crossing should connect to at least 2 kerbs.
675314805,way,not appliable,not appliable,this crossing intersects fewer than 2 kerbs. Generally each crossing should connect to at least 2 kerbs.
676662974,way,not appliable,not appliable,this crossing intersects fewer than 2 kerbs. Generally each crossing should connect to at least 2 kerbs.
687833849,way,not appliable,not appliable,this crossing intersects fewer than 2 kerbs. Generally each crossing should connect to at least 2 kerbs.
690606352,way,not appliable,not appliable,this crossing intersects fewer than 2 kerbs. Generally each crossing should connect to at least 2 kerbs.
690606353,way,not appliable,not appliable,this crossing intersects fewer than 2 kerbs. Generally each crossing should connect to at least 2 kerbs.
690606354,way,not appliable,not appliable,this crossing intersects fewer than 2 kerbs. Generally each crossing should connect to at least 2 kerbs.
691838827,way,not appliable,not appliable,this crossing intersects fewer than 2 kerbs. Generally each crossing should connect to at least 2 kerbs.
692355358,way,not appliable,not appliable,this crossing intersects fewer than 2 kerbs. Generally each crossing should connect to at least 2 kerbs.
692355359,way,not appliable,not appliable,this crossing intersects fewer than 2 kerbs. Generally each crossing should connect to at least 2 kerbs.
693124922,way,not appliable,not appliable,this crossing intersects fewer than 2 kerbs. Generally each crossing should connect to at least 2 kerbs.
699785611,way,not appliable,not appliable,this crossing intersects fewer than 2 kerbs. Generally each crossing should connect to at least 2 kerbs.
715202629,way,not appliable,not appliable,this crossing intersects fewer than 2 kerbs. Generally each crossing should connect to at least 2 kerbs.
715202634,way,not appliable,not appliable,this crossing intersects fewer than 2 kerbs. Generally each crossing should connect to at least 2 kerbs.
718431620,way,not appliable,not appliable,this crossing intersects fewer than 2 kerbs. Generally each crossing should connect to at least 2 kerbs.
718431621,way,not appliable,not appliable,this crossing intersects fewer than 2 kerbs. Generally each crossing should connect to at least 2 kerbs.
724089675,way,not appliable,not appliable,this crossing intersects fewer than 2 kerbs. Generally each crossing should connect to at least 2 kerbs.
746522109,way,not appliable,not appliable,this crossing intersects fewer than 2 kerbs. Generally each crossing should connect to at least 2 kerbs.
753030492,way,not appliable,not appliable,this crossing intersects fewer than 2 kerbs. Generally each crossing should connect to at least 2 kerbs.
754343041,way,not appliable,not appliable,this crossing intersects fewer than 2 kerbs. Generally each crossing should connect to at least 2 kerbs.
754343042,way,not appliable,not appliable,this crossing intersects fewer than 2 kerbs. Generally each crossing should connect to at least 2 kerbs.
754343043,way,not appliable,not appliable,this crossing intersects fewer than 2 kerbs. Generally each crossing should connect to at least 2 kerbs.
754343045,way,not appliable,not appliable,this crossing intersects fewer than 2 kerbs. Generally each crossing should connect to at least 2 kerbs.
754343048,way,not appliable,not appliable,this crossing intersects fewer than 2 kerbs. Generally each crossing should connect to at least 2 kerbs.
754343049,way,not appliable,not appliable,this crossing intersects fewer than 2 kerbs. Generally each crossing should connect to at least 2 kerbs.
754343050,way,not appliable,not appliable,this crossing intersects fewer than 2 kerbs. Generally each crossing should connect to at least 2 kerbs.
754343051,way,not appliable,not appliable,this crossing intersects fewer than 2 kerbs. Generally each crossing should connect to at least 2 kerbs.
755022767,way,not appliable,not appliable,this crossing intersects fewer than 2 kerbs. Generally each crossing should connect to at least 2 kerbs.
755022768,way,not appliable,not appliable,this crossing intersects fewer than 2 kerbs. Generally each crossing should connect to at least 2 kerbs.
755033492,way,not appliable,not appliable,this crossing intersects fewer than 2 kerbs. Generally each crossing should connect to at least 2 kerbs.
755034612,way,not appliable,not appliable,this crossing intersects fewer than 2 kerbs. Generally each crossing should connect to at least 2 kerbs.
755034613,way,not appliable,not appliable,this crossing intersects fewer than 2 kerbs. Generally each crossing should connect to at least 2 kerbs.
755034614,way,not appliable,not appliable,this crossing intersects fewer than 2 kerbs. Generally each crossing should connect to at least 2 kerbs.
756076585,way,not appliable,not appliable,this crossing intersects fewer than 2 kerbs. Generally each crossing should connect to at least 2 kerbs.
756328905,way,not appliable,not appliable,this crossing intersects fewer than 2 kerbs. Generally each crossing should connect to at least 2 kerbs.
756753210,way,not appliable,not appliable,this crossing intersects fewer than 2 kerbs. Generally each crossing should connect to at least 2 kerbs.
756756156,way,not appliable,not appliable,this crossing intersects fewer than 2 kerbs. Generally each crossing should connect to at least 2 kerbs.
756761540,way,not appliable,not appliable,this crossing intersects fewer than 2 kerbs. Generally each crossing should connect to at least 2 kerbs.
756761750,way,not appliable,not appliable,this crossing intersects fewer than 2 kerbs. Generally each crossing should connect to at least 2 kerbs.
756761751,way,not appliable,not appliable,this crossing intersects fewer than 2 kerbs. Generally each crossing should connect to at least 2 kerbs.
756772256,way,not appliable,not appliable,this crossing intersects fewer than 2 kerbs. Generally each crossing should connect to at least 2 kerbs.
757042896,way,not appliable,not appliable,this crossing intersects fewer than 2 kerbs. Generally each crossing should connect to at least 2 kerbs.
757058812,way,not appliable,not appliable,this crossing intersects fewer than 2 kerbs. Generally each crossing should connect to at least 2 kerbs.
757058813,way,not appliable,not appliable,this crossing intersects fewer than 2 kerbs. Generally each crossing should connect to at least 2 kerbs.
757058814,way,not appliable,not appliable,this crossing intersects fewer than 2 kerbs. Generally each crossing should connect to at least 2 kerbs.
757063426,way,not appliable,not appliable,this crossing intersects fewer than 2 kerbs. Generally each crossing should connect to at least 2 kerbs.
757070824,way,not appliable,not appliable,this crossing intersects fewer than 2 kerbs. Generally each crossing should connect to at least 2 kerbs.
757095162,way,not appliable,not appliable,this crossing intersects fewer than 2 kerbs. Generally each crossing should connect to at least 2 kerbs.
757379487,way,not appliable,not appliable,this crossing intersects fewer than 2 kerbs. Generally each crossing should connect to at least 2 kerbs.
757379488,way,not appliable,not appliable,this crossing intersects fewer than 2 kerbs. Generally each crossing should connect to at least 2 kerbs.
757430734,way,not appliable,not appliable,this crossing intersects fewer than 2 kerbs. Generally each crossing should connect to at least 2 kerbs.
757430735,way,not appliable,not appliable,this crossing intersects fewer than 2 kerbs. Generally each crossing should connect to at least 2 kerbs.
757431235,way,not appliable,not appliable,this crossing intersects fewer than 2 kerbs. Generally each crossing should connect to at least 2 kerbs.
757433497,way,not appliable,not appliable,this crossing intersects fewer than 2 kerbs. Generally each crossing should connect to at least 2 kerbs.
758163439,way,not appliable,not appliable,this crossing intersects fewer than 2 kerbs. Generally each crossing should connect to at least 2 kerbs.
759024498,way,not appliable,not appliable,this crossing intersects fewer than 2 kerbs. Generally each crossing should connect to at least 2 kerbs.
759035077,way,not appliable,not appliable,this crossing intersects fewer than 2 kerbs. Generally each crossing should connect to at least 2 kerbs.
761554522,way,not appliable,not appliable,this crossing intersects fewer than 2 kerbs. Generally each crossing should connect to at least 2 kerbs.
762115757,way,not appliable,not appliable,this crossing intersects fewer than 2 kerbs. Generally each crossing should connect to at least 2 kerbs.
762115760,way,not appliable,not appliable,this crossing intersects fewer than 2 kerbs. Generally each crossing should connect to at least 2 kerbs.
762115920,way,not appliable,not appliable,this crossing intersects fewer than 2 kerbs. Generally each crossing should connect to at least 2 kerbs.
762115921,way,not appliable,not appliable,this crossing intersects fewer than 2 kerbs. Generally each crossing should connect to at least 2 kerbs.
762117865,way,not appliable,not appliable,this crossing intersects fewer than 2 kerbs. Generally each crossing should connect to at least 2 kerbs.
769538817,way,not appliable,not appliable,this crossing intersects fewer than 2 kerbs. Generally each crossing should connect to at least 2 kerbs.
769538818,way,not appliable,not appliable,this crossing intersects fewer than 2 kerbs. Generally each crossing should connect to at least 2 kerbs.
769538819,way,not appliable,not appliable,this crossing intersects fewer than 2 kerbs. Generally each crossing should connect to at least 2 kerbs.
769538820,way,not appliable,not appliable,this crossing intersects fewer than 2 kerbs. Generally each crossing should connect to at least 2 kerbs.
769538825,way,not appliable,not appliable,this crossing intersects fewer than 2 kerbs. Generally each crossing should connect to at least 2 kerbs.
769538826,way,not appliable,not appliable,this crossing intersects fewer than 2 kerbs. Generally each crossing should connect to at least 2 kerbs.
769654481,way,not appliable,not appliable,this crossing intersects fewer than 2 kerbs. Generally each crossing should connect to at least 2 kerbs.
769654482,way,not appliable,not appliable,this crossing intersects fewer than 2 kerbs. Generally each crossing should connect to at least 2 kerbs.
769654483,way,not appliable,not appliable,this crossing intersects fewer than 2 kerbs. Generally each crossing should connect to at least 2 kerbs.
769654485,way,not appliable,not appliable,this crossing intersects fewer than 2 kerbs. Generally each crossing should connect to at least 2 kerbs.
769683321,way,not appliable,not appliable,this crossing intersects fewer than 2 kerbs. Generally each crossing should connect to at least 2 kerbs.
769695449,way,not appliable,not appliable,this crossing intersects fewer than 2 kerbs. Generally each crossing should connect to at least 2 kerbs.
769695450,way,not appliable,not appliable,this crossing intersects fewer than 2 kerbs. Generally each crossing should connect to at least 2 kerbs.
769695451,way,not appliable,not appliable,this crossing intersects fewer than 2 kerbs. Generally each crossing should connect to at least 2 kerbs.
769695452,way,not appliable,not appliable,this crossing intersects fewer than 2 kerbs. Generally each crossing should connect to at least 2 kerbs.
769695453,way,not appliable,not appliable,this crossing intersects fewer than 2 kerbs. Generally each crossing should connect to at least 2 kerbs.
769695454,way,not appliable,not appliable,this crossing intersects fewer than 2 kerbs. Generally each crossing should connect to at least 2 kerbs.
769695455,way,not appliable,not appliable,this crossing intersects fewer than 2 kerbs. Generally each crossing should connect to at least 2 kerbs.
769766516,way,not appliable,not appliable,this crossing intersects fewer than 2 kerbs. Generally each crossing should connect to at least 2 kerbs.
770553952,way,not appliable,not appliable,this crossing intersects fewer than 2 kerbs. Generally each crossing should connect to at least 2 kerbs.
770553956,way,not appliable,not appliable,this crossing intersects fewer than 2 kerbs. Generally each crossing should connect to at least 2 kerbs.
770951711,way,not appliable,not appliable,this crossing intersects fewer than 2 kerbs. Generally each crossing should connect to at least 2 kerbs.
772705893,way,not appliable,not appliable,this crossing intersects fewer than 2 kerbs. Generally each crossing should connect to at least 2 kerbs.
772705894,way,not appliable,not appliable,this crossing intersects fewer than 2 kerbs. Generally each crossing should connect to at least 2 kerbs.
772705899,way,not appliable,not appliable,this crossing intersects fewer than 2 kerbs. Generally each crossing should connect to at least 2 kerbs.
772705901,way,not appliable,not appliable,this crossing intersects fewer than 2 kerbs. Generally each crossing should connect to at least 2 kerbs.
772705910,way,not appliable,not appliable,this crossing intersects fewer than 2 kerbs. Generally each crossing should connect to at least 2 kerbs.
778408551,way,not appliable,not appliable,this crossing intersects fewer than 2 kerbs. Generally each crossing should connect to at least 2 kerbs.
789694758,way,not appliable,not appliable,this crossing intersects fewer than 2 kerbs. Generally each crossing should connect to at least 2 kerbs.
807669170,way,not appliable,not appliable,this crossing intersects fewer than 2 kerbs. Generally each crossing should connect to at least 2 kerbs.
827878312,way,not appliable,not appliable,this crossing intersects fewer than 2 kerbs. Generally each crossing should connect to at least 2 kerbs.
827887826,way,not appliable,not appliable,this crossing intersects fewer than 2 kerbs. Generally each crossing should connect to at least 2 kerbs.
833936656,way,not appliable,not appliable,this crossing intersects fewer than 2 kerbs. Generally each crossing should connect to at least 2 kerbs.
840278500,way,not appliable,not appliable,this crossing intersects fewer than 2 kerbs. Generally each crossing should connect to at least 2 kerbs.
843237362,way,not appliable,not appliable,this crossing intersects fewer than 2 kerbs. Generally each crossing should connect to at least 2 kerbs.
843237363,way,not appliable,not appliable,this crossing intersects fewer than 2 kerbs. Generally each crossing should connect to at least 2 kerbs.
846786003,way,not appliable,not appliable,this crossing intersects fewer than 2 kerbs. Generally each crossing should connect to at least 2 kerbs.
846786004,way,not appliable,not appliable,this crossing intersects fewer than 2 kerbs. Generally each crossing should connect to at least 2 kerbs.
868923038,way,not appliable,not appliable,this crossing intersects fewer than 2 kerbs. Generally each crossing should connect to at least 2 kerbs.
868923039,way,not appliable,not appliable,this crossing intersects fewer than 2 kerbs. Generally each crossing should connect to at least 2 kerbs.
868923040,way,not appliable,not appliable,this crossing intersects fewer than 2 kerbs. Generally each crossing should connect to at least 2 kerbs.
868923041,way,not appliable,not appliable,this crossing intersects fewer than 2 kerbs. Generally each crossing should connect to at least 2 kerbs.
868923499,way,not appliable,not appliable,this crossing intersects fewer than 2 kerbs. Generally each crossing should connect to at least 2 kerbs.
870570033,way,not appliable,not appliable,this crossing intersects fewer than 2 kerbs. Generally each crossing should connect to at least 2 kerbs.
870881399,way,not appliable,not appliable,this crossing intersects fewer than 2 kerbs. Generally each crossing should connect to at least 2 kerbs.
870881401,way,not appliable,not appliable,this crossing intersects fewer than 2 kerbs. Generally each crossing should connect to at least 2 kerbs.
871928503,way,not appliable,not appliable,this crossing intersects fewer than 2 kerbs. Generally each crossing should connect to at least 2 kerbs.
873275506,way,not appliable,not appliable,this crossing intersects fewer than 2 kerbs. Generally each crossing should connect to at least 2 kerbs.
873275507,way,not appliable,not appliable,this crossing intersects fewer than 2 kerbs. Generally each crossing should connect to at least 2 kerbs.
873275508,way,not appliable,not appliable,this crossing intersects fewer than 2 kerbs. Generally each crossing should connect to at least 2 kerbs.
874920536,way,not appliable,not appliable,this crossing intersects fewer than 2 kerbs. Generally each crossing should connect to at least 2 kerbs.
893234646,way,not appliable,not appliable,this crossing intersects fewer than 2 kerbs. Generally each crossing should connect to at least 2 kerbs.
893234649,way,not appliable,not appliable,this crossing intersects fewer than 2 kerbs. Generally each crossing should connect to at least 2 kerbs.
893234651,way,not appliable,not appliable,this crossing intersects fewer than 2 kerbs. Generally each crossing should connect to at least 2 kerbs.
893234655,way,not appliable,not appliable,this crossing intersects fewer than 2 kerbs. Generally each crossing should connect to at least 2 kerbs.
893234656,way,not appliable,not appliable,this crossing intersects fewer than 2 kerbs. Generally each crossing should connect to at least 2 kerbs.
893234658,way,not appliable,not appliable,this crossing intersects fewer than 2 kerbs. Generally each crossing should connect to at least 2 kerbs.
893234659,way,not appliable,not appliable,this crossing intersects fewer than 2 kerbs. Generally each crossing should connect to at least 2 kerbs.
893234660,way,not appliable,not appliable,this crossing intersects fewer than 2 kerbs. Generally each crossing should connect to at least 2 kerbs.
893234661,way,not appliable,not appliable,this crossing intersects fewer than 2 kerbs. Generally each crossing should connect to at least 2 kerbs.
893234662,way,not appliable,not appliable,this crossing intersects fewer than 2 kerbs. Generally each crossing should connect to at least 2 kerbs.
893234663,way,not appliable,not appliable,this crossing intersects fewer than 2 kerbs. Generally each crossing should connect to at least 2 kerbs.
893234667,way,not appliable,not appliable,this crossing intersects fewer than 2 kerbs. Generally each crossing should connect to at least 2 kerbs.
893246162,way,not appliable,not appliable,this crossing intersects fewer than 2 kerbs. Generally each crossing should connect to at least 2 kerbs.
894438014,way,not appliable,not appliable,this crossing intersects fewer than 2 kerbs. Generally each crossing should connect to at least 2 kerbs.
914789343,way,not appliable,not appliable,this crossing intersects fewer than 2 kerbs. Generally each crossing should connect to at least 2 kerbs.
914789354,way,not appliable,not appliable,this crossing intersects fewer than 2 kerbs. Generally each crossing should connect to at least 2 kerbs.
915607889,way,not appliable,not appliable,this crossing intersects fewer than 2 kerbs. Generally each crossing should connect to at least 2 kerbs.
915607890,way,not appliable,not appliable,this crossing intersects fewer than 2 kerbs. Generally each crossing should connect to at least 2 kerbs.
917236720,way,not appliable,not appliable,this crossing intersects fewer than 2 kerbs. Generally each crossing should connect to at least 2 kerbs.
918887892,way,not appliable,not appliable,this crossing intersects fewer than 2 kerbs. Generally each crossing should connect to at least 2 kerbs.
920484641,way,not appliable,not appliable,this crossing intersects fewer than 2 kerbs. Generally each crossing should connect to at least 2 kerbs.
920484643,way,not appliable,not appliable,this crossing intersects fewer than 2 kerbs. Generally each crossing should connect to at least 2 kerbs.
920484645,way,not appliable,not appliable,this crossing intersects fewer than 2 kerbs. Generally each crossing should connect to at least 2 kerbs.
920484649,way,not appliable,not appliable,this crossing intersects fewer than 2 kerbs. Generally each crossing should connect to at least 2 kerbs.
936575402,way,not appliable,not appliable,this crossing intersects fewer than 2 kerbs. Generally each crossing should connect to at least 2 kerbs.
936575404,way,not appliable,not appliable,this crossing intersects fewer than 2 kerbs. Generally each crossing should connect to at least 2 kerbs.
936578535,way,not appliable,not appliable,this crossing intersects fewer than 2 kerbs. Generally each crossing should connect to at least 2 kerbs.
936578537,way,not appliable,not appliable,this crossing intersects fewer than 2 kerbs. Generally each crossing should connect to at least 2 kerbs.
936578539,way,not appliable,not appliable,this crossing intersects fewer than 2 kerbs. Generally each crossing should connect to at least 2 kerbs.
936578541,way,not appliable,not appliable,this crossing intersects fewer than 2 kerbs. Generally each crossing should connect to at least 2 kerbs.
936581337,way,not appliable,not appliable,this crossing intersects fewer than 2 kerbs. Generally each crossing should connect to at least 2 kerbs.
936581338,way,not appliable,not appliable,this crossing intersects fewer than 2 kerbs. Generally each crossing should connect to at least 2 kerbs.
936581339,way,not appliable,not appliable,this crossing intersects fewer than 2 kerbs. Generally each crossing should connect to at least 2 kerbs.
936591494,way,not appliable,not appliable,this crossing intersects fewer than 2 kerbs. Generally each crossing should connect to at least 2 kerbs.
936591496,way,not appliable,not appliable,this crossing intersects fewer than 2 kerbs. Generally each crossing should connect to at least 2 kerbs.
936591498,way,not appliable,not appliable,this crossing intersects fewer than 2 kerbs. Generally each crossing should connect to at least 2 kerbs.
936922447,way,not appliable,not appliable,this crossing intersects fewer than 2 kerbs. Generally each crossing should connect to at least 2 kerbs.
936922448,way,not appliable,not appliable,this crossing intersects fewer than 2 kerbs. Generally each crossing should connect to at least 2 kerbs.
937436524,way,not appliable,not appliable,this crossing intersects fewer than 2 kerbs. Generally each crossing should connect to at least 2 kerbs.
937441737,way,not appliable,not appliable,this crossing intersects fewer than 2 kerbs. Generally each crossing should connect to at least 2 kerbs.
937441738,way,not appliable,not appliable,this crossing intersects fewer than 2 kerbs. Generally each crossing should connect to at least 2 kerbs.
937441739,way,not appliable,not appliable,this crossing intersects fewer than 2 kerbs. Generally each crossing should connect to at least 2 kerbs.
937446835,way,not appliable,not appliable,this crossing intersects fewer than 2 kerbs. Generally each crossing should connect to at least 2 kerbs.
938204248,way,not appliable,not appliable,this crossing intersects fewer than 2 kerbs. Generally each crossing should connect to at least 2 kerbs.
938204250,way,not appliable,not appliable,this crossing intersects fewer than 2 kerbs. Generally each crossing should connect to at least 2 kerbs.
938204254,way,not appliable,not appliable,this crossing intersects fewer than 2 kerbs. Generally each crossing should connect to at least 2 kerbs.
938207034,way,not appliable,not appliable,this crossing intersects fewer than 2 kerbs. Generally each crossing should connect to at least 2 kerbs.
938207035,way,not appliable,not appliable,this crossing intersects fewer than 2 kerbs. Generally each crossing should connect to at least 2 kerbs.
938207036,way,not appliable,not appliable,this crossing intersects fewer than 2 kerbs. Generally each crossing should connect to at least 2 kerbs.
938207037,way,not appliable,not appliable,this crossing intersects fewer than 2 kerbs. Generally each crossing should connect to at least 2 kerbs.
938254396,way,not appliable,not appliable,this crossing intersects fewer than 2 kerbs. Generally each crossing should connect to at least 2 kerbs.
938274316,way,not appliable,not appliable,this crossing intersects fewer than 2 kerbs. Generally each crossing should connect to at least 2 kerbs.
938274317,way,not appliable,not appliable,this crossing intersects fewer than 2 kerbs. Generally each crossing should connect to at least 2 kerbs.
938274318,way,not appliable,not appliable,this crossing intersects fewer than 2 kerbs. Generally each crossing should connect to at least 2 kerbs.
938274321,way,not appliable,not appliable,this crossing intersects fewer than 2 kerbs. Generally each crossing should connect to at least 2 kerbs.
938274323,way,not appliable,not appliable,this crossing intersects fewer than 2 kerbs. Generally each crossing should connect to at least 2 kerbs.
938274324,way,not appliable,not appliable,this crossing intersects fewer than 2 kerbs. Generally each crossing should connect to at least 2 kerbs.
938316891,way,not appliable,not appliable,this crossing intersects fewer than 2 kerbs. Generally each crossing should connect to at least 2 kerbs.
938316892,way,not appliable,not appliable,this crossing intersects fewer than 2 kerbs. Generally each crossing should connect to at least 2 kerbs.
938316893,way,not appliable,not appliable,this crossing intersects fewer than 2 kerbs. Generally each crossing should connect to at least 2 kerbs.
938316894,way,not appliable,not appliable,this crossing intersects fewer than 2 kerbs. Generally each crossing should connect to at least 2 kerbs.
938689325,way,not appliable,not appliable,this crossing intersects fewer than 2 kerbs. Generally each crossing should connect to at least 2 kerbs.
938689327,way,not appliable,not appliable,this crossing intersects fewer than 2 kerbs. Generally each crossing should connect to at least 2 kerbs.
938689328,way,not appliable,not appliable,this crossing intersects fewer than 2 kerbs. Generally each crossing should connect to at least 2 kerbs.
938689329,way,not appliable,not appliable,this crossing intersects fewer than 2 kerbs. Generally each crossing should connect to at least 2 kerbs.
938699462,way,not appliable,not appliable,this crossing intersects fewer than 2 kerbs. Generally each crossing should connect to at least 2 kerbs.
938718715,way,not appliable,not appliable,this crossing intersects fewer than 2 kerbs. Generally each crossing should connect to at least 2 kerbs.
938718716,way,not appliable,not appliable,this crossing intersects fewer than 2 kerbs. Generally each crossing should connect to at least 2 kerbs.
940178441,way,not appliable,not appliable,this crossing intersects fewer than 2 kerbs. Generally each crossing should connect to at least 2 kerbs.
940178455,way,not appliable,not appliable,this crossing intersects fewer than 2 kerbs. Generally each crossing should connect to at least 2 kerbs.
940187776,way,not appliable,not appliable,this crossing intersects fewer than 2 kerbs. Generally each crossing should connect to at least 2 kerbs.
940626621,way,not appliable,not appliable,this crossing intersects fewer than 2 kerbs. Generally each crossing should connect to at least 2 kerbs.
940630221,way,not appliable,not appliable,this crossing intersects fewer than 2 kerbs. Generally each crossing should connect to at least 2 kerbs.
940630222,way,not appliable,not appliable,this crossing intersects fewer than 2 kerbs. Generally each crossing should connect to at least 2 kerbs.
940636956,way,not appliable,not appliable,this crossing intersects fewer than 2 kerbs. Generally each crossing should connect to at least 2 kerbs.
940636957,way,not appliable,not appliable,this crossing intersects fewer than 2 kerbs. Generally each crossing should connect to at least 2 kerbs.
940636958,way,not appliable,not appliable,this crossing intersects fewer than 2 kerbs. Generally each crossing should connect to at least 2 kerbs.
940636961,way,not appliable,not appliable,this crossing intersects fewer than 2 kerbs. Generally each crossing should connect to at least 2 kerbs.
940636962,way,not appliable,not appliable,this crossing intersects fewer than 2 kerbs. Generally each crossing should connect to at least 2 kerbs.
940636964,way,not appliable,not appliable,this crossing intersects fewer than 2 kerbs. Generally each crossing should connect to at least 2 kerbs.
940919130,way,not appliable,not appliable,this crossing intersects fewer than 2 kerbs. Generally each crossing should connect to at least 2 kerbs.
940919136,way,not appliable,not appliable,this crossing intersects fewer than 2 kerbs. Generally each crossing should connect to at least 2 kerbs.
941233578,way,not appliable,not appliable,this crossing intersects fewer than 2 kerbs. Generally each crossing should connect to at least 2 kerbs.
942728991,way,not appliable,not appliable,this crossing intersects fewer than 2 kerbs. Generally each crossing should connect to at least 2 kerbs.
942728993,way,not appliable,not appliable,this crossing intersects fewer than 2 kerbs. Generally each crossing should connect to at least 2 kerbs.
942728995,way,not appliable,not appliable,this crossing intersects fewer than 2 kerbs. Generally each crossing should connect to at least 2 kerbs.
942729002,way,not appliable,not appliable,this crossing intersects fewer than 2 kerbs. Generally each crossing should connect to at least 2 kerbs.
943413657,way,not appliable,not appliable,this crossing intersects fewer than 2 kerbs. Generally each crossing should connect to at least 2 kerbs.
944451007,way,not appliable,not appliable,this crossing intersects fewer than 2 kerbs. Generally each crossing should connect to at least 2 kerbs.
944451976,way,not appliable,not appliable,this crossing intersects fewer than 2 kerbs. Generally each crossing should connect to at least 2 kerbs.
944451977,way,not appliable,not appliable,this crossing intersects fewer than 2 kerbs. Generally each crossing should connect to at least 2 kerbs.
952514923,way,not appliable,not appliable,this crossing intersects fewer than 2 kerbs. Generally each crossing should connect to at least 2 kerbs.
955204705,way,not appliable,not appliable,this crossing intersects fewer than 2 kerbs. Generally each crossing should connect to at least 2 kerbs.
955204706,way,not appliable,not appliable,this crossing intersects fewer than 2 kerbs. Generally each crossing should connect to at least 2 kerbs.
955204711,way,not appliable,not appliable,this crossing intersects fewer than 2 kerbs. Generally each crossing should connect to at least 2 kerbs.
955206669,way,not appliable,not appliable,this crossing intersects fewer than 2 kerbs. Generally each crossing should connect to at least 2 kerbs.
955206670,way,not appliable,not appliable,this crossing intersects fewer than 2 kerbs. Generally each crossing should connect to at least 2 kerbs.
955206673,way,not appliable,not appliable,this crossing intersects fewer than 2 kerbs. Generally each crossing should connect to at least 2 kerbs.
955206675,way,not appliable,not appliable,this crossing intersects fewer than 2 kerbs. Generally each crossing should connect to at least 2 kerbs.
955494164,way,not appliable,not appliable,this crossing intersects fewer than 2 kerbs. Generally each crossing should connect to at least 2 kerbs.
955603549,way,not appliable,not appliable,this crossing intersects fewer than 2 kerbs. Generally each crossing should connect to at least 2 kerbs.
955603550,way,not appliable,not appliable,this crossing intersects fewer than 2 kerbs. Generally each crossing should connect to at least 2 kerbs.
956462011,way,not appliable,not appliable,this crossing intersects fewer than 2 kerbs. Generally each crossing should connect to at least 2 kerbs.
956462013,way,not appliable,not appliable,this crossing intersects fewer than 2 kerbs. Generally each crossing should connect to at least 2 kerbs.
956462015,way,not appliable,not appliable,this crossing intersects fewer than 2 kerbs. Generally each crossing should connect to at least 2 kerbs.
956462021,way,not appliable,not appliable,this crossing intersects fewer than 2 kerbs. Generally each crossing should connect to at least 2 kerbs.
956463519,way,not appliable,not appliable,this crossing intersects fewer than 2 kerbs. Generally each crossing should connect to at least 2 kerbs.
956463524,way,not appliable,not appliable,this crossing intersects fewer than 2 kerbs. Generally each crossing should connect to at least 2 kerbs.
957352232,way,not appliable,not appliable,this crossing intersects fewer than 2 kerbs. Generally each crossing should connect to at least 2 kerbs.
957352234,way,not appliable,not appliable,this crossing intersects fewer than 2 kerbs. Generally each crossing should connect to at least 2 kerbs.
957352237,way,not appliable,not appliable,this crossing intersects fewer than 2 kerbs. Generally each crossing should connect to at least 2 kerbs.
957742604,way,not appliable,not appliable,this crossing intersects fewer than 2 kerbs. Generally each crossing should connect to at least 2 kerbs.
957742605,way,not appliable,not appliable,this crossing intersects fewer than 2 kerbs. Generally each crossing should connect to at least 2 kerbs.
957742607,way,not appliable,not appliable,this crossing intersects fewer than 2 kerbs. Generally each crossing should connect to at least 2 kerbs.
957742608,way,not appliable,not appliable,this crossing intersects fewer than 2 kerbs. Generally each crossing should connect to at least 2 kerbs.
957742609,way,not appliable,not appliable,this crossing intersects fewer than 2 kerbs. Generally each crossing should connect to at least 2 kerbs.
957746892,way,not appliable,not appliable,this crossing intersects fewer than 2 kerbs. Generally each crossing should connect to at least 2 kerbs.
957746893,way,not appliable,not appliable,this crossing intersects fewer than 2 kerbs. Generally each crossing should connect to at least 2 kerbs.
957746897,way,not appliable,not appliable,this crossing intersects fewer than 2 kerbs. Generally each crossing should connect to at least 2 kerbs.
957746898,way,not appliable,not appliable,this crossing intersects fewer than 2 kerbs. Generally each crossing should connect to at least 2 kerbs.
957746899,way,not appliable,not appliable,this crossing intersects fewer than 2 kerbs. Generally each crossing should connect to at least 2 kerbs.
957746900,way,not appliable,not appliable,this crossing intersects fewer than 2 kerbs. Generally each crossing should connect to at least 2 kerbs.
957746901,way,not appliable,not appliable,this crossing intersects fewer than 2 kerbs. Generally each crossing should connect to at least 2 kerbs.
957746903,way,not appliable,not appliable,this crossing intersects fewer than 2 kerbs. Generally each crossing should connect to at least 2 kerbs.
957746906,way,not appliable,not appliable,this crossing intersects fewer than 2 kerbs. Generally each crossing should connect to at least 2 kerbs.
957746909,way,not appliable,not appliable,this crossing intersects fewer than 2 kerbs. Generally each crossing should connect to at least 2 kerbs.
958531563,way,not appliable,not appliable,this crossing intersects fewer than 2 kerbs. Generally each crossing should connect to at least 2 kerbs.
958549577,way,not appliable,not appliable,this crossing intersects fewer than 2 kerbs. Generally each crossing should connect to at least 2 kerbs.
958549578,way,not appliable,not appliable,this crossing intersects fewer than 2 kerbs. Generally each crossing should connect to at least 2 kerbs.
958549579,way,not appliable,not appliable,this crossing intersects fewer than 2 kerbs. Generally each crossing should connect to at least 2 kerbs.
958549583,way,not appliable,not appliable,this crossing intersects fewer than 2 kerbs. Generally each crossing should connect to at least 2 kerbs.
958551128,way,not appliable,not appliable,this crossing intersects fewer than 2 kerbs. Generally each crossing should connect to at least 2 kerbs.
958551129,way,not appliable,not appliable,this crossing intersects fewer than 2 kerbs. Generally each crossing should connect to at least 2 kerbs.
958561058,way,not appliable,not appliable,this crossing intersects fewer than 2 kerbs. Generally each crossing should connect to at least 2 kerbs.
958704912,way,not appliable,not appliable,this crossing intersects fewer than 2 kerbs. Generally each crossing should connect to at least 2 kerbs.
958704913,way,not appliable,not appliable,this crossing intersects fewer than 2 kerbs. Generally each crossing should connect to at least 2 kerbs.
958708224,way,not appliable,not appliable,this crossing intersects fewer than 2 kerbs. Generally each crossing should connect to at least 2 kerbs.
958709131,way,not appliable,not appliable,this crossing intersects fewer than 2 kerbs. Generally each crossing should connect to at least 2 kerbs.
958709132,way,not appliable,not appliable,this crossing intersects fewer than 2 kerbs. Generally each crossing should connect to at least 2 kerbs.
958709133,way,not appliable,not appliable,this crossing intersects fewer than 2 kerbs. Generally each crossing should connect to at least 2 kerbs.
958709138,way,not appliable,not appliable,this crossing intersects fewer than 2 kerbs. Generally each crossing should connect to at least 2 kerbs.
961212107,way,not appliable,not appliable,this crossing intersects fewer than 2 kerbs. Generally each crossing should connect to at least 2 kerbs.
961212109,way,not appliable,not appliable,this crossing intersects fewer than 2 kerbs. Generally each crossing should connect to at least 2 kerbs.
961824479,way,not appliable,not appliable,this crossing intersects fewer than 2 kerbs. Generally each crossing should connect to at least 2 kerbs.
961828750,way,not appliable,not appliable,this crossing intersects fewer than 2 kerbs. Generally each crossing should connect to at least 2 kerbs.
961829334,way,not appliable,not appliable,this crossing intersects fewer than 2 kerbs. Generally each crossing should connect to at least 2 kerbs.
962064418,way,not appliable,not appliable,this crossing intersects fewer than 2 kerbs. Generally each crossing should connect to at least 2 kerbs.
962141067,way,not appliable,not appliable,this crossing intersects fewer than 2 kerbs. Generally each crossing should connect to at least 2 kerbs.
962141677,way,not appliable,not appliable,this crossing intersects fewer than 2 kerbs. Generally each crossing should connect to at least 2 kerbs.
962141678,way,not appliable,not appliable,this crossing intersects fewer than 2 kerbs. Generally each crossing should connect to at least 2 kerbs.
962141679,way,not appliable,not appliable,this crossing intersects fewer than 2 kerbs. Generally each crossing should connect to at least 2 kerbs.
962146494,way,not appliable,not appliable,this crossing intersects fewer than 2 kerbs. Generally each crossing should connect to at least 2 kerbs.
962326432,way,not appliable,not appliable,this crossing intersects fewer than 2 kerbs. Generally each crossing should connect to at least 2 kerbs.
962326434,way,not appliable,not appliable,this crossing intersects fewer than 2 kerbs. Generally each crossing should connect to at least 2 kerbs.
962326436,way,not appliable,not appliable,this crossing intersects fewer than 2 kerbs. Generally each crossing should connect to at least 2 kerbs.
962329814,way,not appliable,not appliable,this crossing intersects fewer than 2 kerbs. Generally each crossing should connect to at least 2 kerbs.
962329815,way,not appliable,not appliable,this crossing intersects fewer than 2 kerbs. Generally each crossing should connect to at least 2 kerbs.
962329816,way,not appliable,not appliable,this crossing intersects fewer than 2 kerbs. Generally each crossing should connect to at least 2 kerbs.
962329817,way,not appliable,not appliable,this crossing intersects fewer than 2 kerbs. Generally each crossing should connect to at least 2 kerbs.
962329818,way,not appliable,not appliable,this crossing intersects fewer than 2 kerbs. Generally each crossing should connect to at least 2 kerbs.
962329819,way,not appliable,not appliable,this crossing intersects fewer than 2 kerbs. Generally each crossing should connect to at least 2 kerbs.
962329820,way,not appliable,not appliable,this crossing intersects fewer than 2 kerbs. Generally each crossing should connect to at least 2 kerbs.
962329821,way,not appliable,not appliable,this crossing intersects fewer than 2 kerbs. Generally each crossing should connect to at least 2 kerbs.
962329822,way,not appliable,not appliable,this crossing intersects fewer than 2 kerbs. Generally each crossing should connect to at least 2 kerbs.
962329823,way,not appliable,not appliable,this crossing intersects fewer than 2 kerbs. Generally each crossing should connect to at least 2 kerbs.
962329825,way,not appliable,not appliable,this crossing intersects fewer than 2 kerbs. Generally each crossing should connect to at least 2 kerbs.
962374816,way,not appliable,not appliable,this crossing intersects fewer than 2 kerbs. Generally each crossing should connect to at least 2 kerbs.
962801003,way,not appliable,not appliable,this crossing intersects fewer than 2 kerbs. Generally each crossing should connect to at least 2 kerbs.
962801005,way,not appliable,not appliable,this crossing intersects fewer than 2 kerbs. Generally each crossing should connect to at least 2 kerbs.
962801006,way,not appliable,not appliable,this crossing intersects fewer than 2 kerbs. Generally each crossing should connect to at least 2 kerbs.
962801008,way,not appliable,not appliable,this crossing intersects fewer than 2 kerbs. Generally each crossing should connect to at least 2 kerbs.
962989991,way,not appliable,not appliable,this crossing intersects fewer than 2 kerbs. Generally each crossing should connect to at least 2 kerbs.
962989992,way,not appliable,not appliable,this crossing intersects fewer than 2 kerbs. Generally each crossing should connect to at least 2 kerbs.
963306764,way,not appliable,not appliable,this crossing intersects fewer than 2 kerbs. Generally each crossing should connect to at least 2 kerbs.
963311046,way,not appliable,not appliable,this crossing intersects fewer than 2 kerbs. Generally each crossing should connect to at least 2 kerbs.
963311048,way,not appliable,not appliable,this crossing intersects fewer than 2 kerbs. Generally each crossing should connect to at least 2 kerbs.
963311050,way,not appliable,not appliable,this crossing intersects fewer than 2 kerbs. Generally each crossing should connect to at least 2 kerbs.
963311052,way,not appliable,not appliable,this crossing intersects fewer than 2 kerbs. Generally each crossing should connect to at least 2 kerbs.
963314070,way,not appliable,not appliable,this crossing intersects fewer than 2 kerbs. Generally each crossing should connect to at least 2 kerbs.
963314075,way,not appliable,not appliable,this crossing intersects fewer than 2 kerbs. Generally each crossing should connect to at least 2 kerbs.
963531246,way,not appliable,not appliable,this crossing intersects fewer than 2 kerbs. Generally each crossing should connect to at least 2 kerbs.
963531247,way,not appliable,not appliable,this crossing intersects fewer than 2 kerbs. Generally each crossing should connect to at least 2 kerbs.
963534152,way,not appliable,not appliable,this crossing intersects fewer than 2 kerbs. Generally each crossing should connect to at least 2 kerbs.
963534551,way,not appliable,not appliable,this crossing intersects fewer than 2 kerbs. Generally each crossing should connect to at least 2 kerbs.
963534552,way,not appliable,not appliable,this crossing intersects fewer than 2 kerbs. Generally each crossing should connect to at least 2 kerbs.
963541438,way,not appliable,not appliable,this crossing intersects fewer than 2 kerbs. Generally each crossing should connect to at least 2 kerbs.
963820008,way,not appliable,not appliable,this crossing intersects fewer than 2 kerbs. Generally each crossing should connect to at least 2 kerbs.
963820009,way,not appliable,not appliable,this crossing intersects fewer than 2 kerbs. Generally each crossing should connect to at least 2 kerbs.
963820011,way,not appliable,not appliable,this crossing intersects fewer than 2 kerbs. Generally each crossing should connect to at least 2 kerbs.
963820961,way,not appliable,not appliable,this crossing intersects fewer than 2 kerbs. Generally each crossing should connect to at least 2 kerbs.
963820962,way,not appliable,not appliable,this crossing intersects fewer than 2 kerbs. Generally each crossing should connect to at least 2 kerbs.
963822576,way,not appliable,not appliable,this crossing intersects fewer than 2 kerbs. Generally each crossing should connect to at least 2 kerbs.
963823440,way,not appliable,not appliable,this crossing intersects fewer than 2 kerbs. Generally each crossing should connect to at least 2 kerbs.
963823441,way,not appliable,not appliable,this crossing intersects fewer than 2 kerbs. Generally each crossing should connect to at least 2 kerbs.
964042838,way,not appliable,not appliable,this crossing intersects fewer than 2 kerbs. Generally each crossing should connect to at least 2 kerbs.
964155466,way,not appliable,not appliable,this crossing intersects fewer than 2 kerbs. Generally each crossing should connect to at least 2 kerbs.
964183769,way,not appliable,not appliable,this crossing intersects fewer than 2 kerbs. Generally each crossing should connect to at least 2 kerbs.
964183775,way,not appliable,not appliable,this crossing intersects fewer than 2 kerbs. Generally each crossing should connect to at least 2 kerbs.
964183778,way,not appliable,not appliable,this crossing intersects fewer than 2 kerbs. Generally each crossing should connect to at least 2 kerbs.
964183781,way,not appliable,not appliable,this crossing intersects fewer than 2 kerbs. Generally each crossing should connect to at least 2 kerbs.
964183786,way,not appliable,not appliable,this crossing intersects fewer than 2 kerbs. Generally each crossing should connect to at least 2 kerbs.
964185772,way,not appliable,not appliable,this crossing intersects fewer than 2 kerbs. Generally each crossing should connect to at least 2 kerbs.
964185773,way,not appliable,not appliable,this crossing intersects fewer than 2 kerbs. Generally each crossing should connect to at least 2 kerbs.
964185777,way,not appliable,not appliable,this crossing intersects fewer than 2 kerbs. Generally each crossing should connect to at least 2 kerbs.
964185778,way,not appliable,not appliable,this crossing intersects fewer than 2 kerbs. Generally each crossing should connect to at least 2 kerbs.
964185783,way,not appliable,not appliable,this crossing intersects fewer than 2 kerbs. Generally each crossing should connect to at least 2 kerbs.
964185785,way,not appliable,not appliable,this crossing intersects fewer than 2 kerbs. Generally each crossing should connect to at least 2 kerbs.
964188429,way,not appliable,not appliable,this crossing intersects fewer than 2 kerbs. Generally each crossing should connect to at least 2 kerbs.
964191129,way,not appliable,not appliable,this crossing intersects fewer than 2 kerbs. Generally each crossing should connect to at least 2 kerbs.
964191130,way,not appliable,not appliable,this crossing intersects fewer than 2 kerbs. Generally each crossing should connect to at least 2 kerbs.
964191134,way,not appliable,not appliable,this crossing intersects fewer than 2 kerbs. Generally each crossing should connect to at least 2 kerbs.
964191136,way,not appliable,not appliable,this crossing intersects fewer than 2 kerbs. Generally each crossing should connect to at least 2 kerbs.
964191140,way,not appliable,not appliable,this crossing intersects fewer than 2 kerbs. Generally each crossing should connect to at least 2 kerbs.
964191142,way,not appliable,not appliable,this crossing intersects fewer than 2 kerbs. Generally each crossing should connect to at least 2 kerbs.
964191147,way,not appliable,not appliable,this crossing intersects fewer than 2 kerbs. Generally each crossing should connect to at least 2 kerbs.
964195906,way,not appliable,not appliable,this crossing intersects fewer than 2 kerbs. Generally each crossing should connect to at least 2 kerbs.
964195914,way,not appliable,not appliable,this crossing intersects fewer than 2 kerbs. Generally each crossing should connect to at least 2 kerbs.
964195916,way,not appliable,not appliable,this crossing intersects fewer than 2 kerbs. Generally each crossing should connect to at least 2 kerbs.
964195920,way,not appliable,not appliable,this crossing intersects fewer than 2 kerbs. Generally each crossing should connect to at least 2 kerbs.
964439517,way,not appliable,not appliable,this crossing intersects fewer than 2 kerbs. Generally each crossing should connect to at least 2 kerbs.
964469142,way,not appliable,not appliable,this crossing intersects fewer than 2 kerbs. Generally each crossing should connect to at least 2 kerbs.
964481687,way,not appliable,not appliable,this crossing intersects fewer than 2 kerbs. Generally each crossing should connect to at least 2 kerbs.
964481690,way,not appliable,not appliable,this crossing intersects fewer than 2 kerbs. Generally each crossing should connect to at least 2 kerbs.
964481698,way,not appliable,not appliable,this crossing intersects fewer than 2 kerbs. Generally each crossing should connect to at least 2 kerbs.
964481699,way,not appliable,not appliable,this crossing intersects fewer than 2 kerbs. Generally each crossing should connect to at least 2 kerbs.
964481703,way,not appliable,not appliable,this crossing intersects fewer than 2 kerbs. Generally each crossing should connect to at least 2 kerbs.
964481705,way,not appliable,not appliable,this crossing intersects fewer than 2 kerbs. Generally each crossing should connect to at least 2 kerbs.
964481711,way,not appliable,not appliable,this crossing intersects fewer than 2 kerbs. Generally each crossing should connect to at least 2 kerbs.
964481713,way,not appliable,not appliable,this crossing intersects fewer than 2 kerbs. Generally each crossing should connect to at least 2 kerbs.
964481718,way,not appliable,not appliable,this crossing intersects fewer than 2 kerbs. Generally each crossing should connect to at least 2 kerbs.
964481723,way,not appliable,not appliable,this crossing intersects fewer than 2 kerbs. Generally each crossing should connect to at least 2 kerbs.
964481724,way,not appliable,not appliable,this crossing intersects fewer than 2 kerbs. Generally each crossing should connect to at least 2 kerbs.
964481727,way,not appliable,not appliable,this crossing intersects fewer than 2 kerbs. Generally each crossing should connect to at least 2 kerbs.
964481728,way,not appliable,not appliable,this crossing intersects fewer than 2 kerbs. Generally each crossing should connect to at least 2 kerbs.
964481731,way,not appliable,not appliable,this crossing intersects fewer than 2 kerbs. Generally each crossing should connect to at least 2 kerbs.
964481733,way,not appliable,not appliable,this crossing intersects fewer than 2 kerbs. Generally each crossing should connect to at least 2 kerbs.
964481735,way,not appliable,not appliable,this crossing intersects fewer than 2 kerbs. Generally each crossing should connect to at least 2 kerbs.
964481737,way,not appliable,not appliable,this crossing intersects fewer than 2 kerbs. Generally each crossing should connect to at least 2 kerbs.
964494995,way,not appliable,not appliable,this crossing intersects fewer than 2 kerbs. Generally each crossing should connect to at least 2 kerbs.
964849227,way,not appliable,not appliable,this crossing intersects fewer than 2 kerbs. Generally each crossing should connect to at least 2 kerbs.
964849228,way,not appliable,not appliable,this crossing intersects fewer than 2 kerbs. Generally each crossing should connect to at least 2 kerbs.
966303601,way,not appliable,not appliable,this crossing intersects fewer than 2 kerbs. Generally each crossing should connect to at least 2 kerbs.
966303603,way,not appliable,not appliable,this crossing intersects fewer than 2 kerbs. Generally each crossing should connect to at least 2 kerbs.
966305575,way,not appliable,not appliable,this crossing intersects fewer than 2 kerbs. Generally each crossing should connect to at least 2 kerbs.
966305576,way,not appliable,not appliable,this crossing intersects fewer than 2 kerbs. Generally each crossing should connect to at least 2 kerbs.
966305577,way,not appliable,not appliable,this crossing intersects fewer than 2 kerbs. Generally each crossing should connect to at least 2 kerbs.
966305578,way,not appliable,not appliable,this crossing intersects fewer than 2 kerbs. Generally each crossing should connect to at least 2 kerbs.
966305579,way,not appliable,not appliable,this crossing intersects fewer than 2 kerbs. Generally each crossing should connect to at least 2 kerbs.
966305580,way,not appliable,not appliable,this crossing intersects fewer than 2 kerbs. Generally each crossing should connect to at least 2 kerbs.
966305581,way,not appliable,not appliable,this crossing intersects fewer than 2 kerbs. Generally each crossing should connect to at least 2 kerbs.
966305582,way,not appliable,not appliable,this crossing intersects fewer than 2 kerbs. Generally each crossing should connect to at least 2 kerbs.
969278304,way,not appliable,not appliable,this crossing intersects fewer than 2 kerbs. Generally each crossing should connect to at least 2 kerbs.
969278306,way,not appliable,not appliable,this crossing intersects fewer than 2 kerbs. Generally each crossing should connect to at least 2 kerbs.
969278310,way,not appliable,not appliable,this crossing intersects fewer than 2 kerbs. Generally each crossing should connect to at least 2 kerbs.
969279395,way,not appliable,not appliable,this crossing intersects fewer than 2 kerbs. Generally each crossing should connect to at least 2 kerbs.
969279397,way,not appliable,not appliable,this crossing intersects fewer than 2 kerbs. Generally each crossing should connect to at least 2 kerbs.
969279400,way,not appliable,not appliable,this crossing intersects fewer than 2 kerbs. Generally each crossing should connect to at least 2 kerbs.
969279401,way,not appliable,not appliable,this crossing intersects fewer than 2 kerbs. Generally each crossing should connect to at least 2 kerbs.
969279403,way,not appliable,not appliable,this crossing intersects fewer than 2 kerbs. Generally each crossing should connect to at least 2 kerbs.
969279404,way,not appliable,not appliable,this crossing intersects fewer than 2 kerbs. Generally each crossing should connect to at least 2 kerbs.
969280572,way,not appliable,not appliable,this crossing intersects fewer than 2 kerbs. Generally each crossing should connect to at least 2 kerbs.
969451333,way,not appliable,not appliable,this crossing intersects fewer than 2 kerbs. Generally each crossing should connect to at least 2 kerbs.
969451334,way,not appliable,not appliable,this crossing intersects fewer than 2 kerbs. Generally each crossing should connect to at least 2 kerbs.
969451335,way,not appliable,not appliable,this crossing intersects fewer than 2 kerbs. Generally each crossing should connect to at least 2 kerbs.
969451336,way,not appliable,not appliable,this crossing intersects fewer than 2 kerbs. Generally each crossing should connect to at least 2 kerbs.
969451337,way,not appliable,not appliable,this crossing intersects fewer than 2 kerbs. Generally each crossing should connect to at least 2 kerbs.
969969388,way,not appliable,not appliable,this crossing intersects fewer than 2 kerbs. Generally each crossing should connect to at least 2 kerbs.
970251164,way,not appliable,not appliable,this crossing intersects fewer than 2 kerbs. Generally each crossing should connect to at least 2 kerbs.
970516930,way,not appliable,not appliable,this crossing intersects fewer than 2 kerbs. Generally each crossing should connect to at least 2 kerbs.
970804659,way,not appliable,not appliable,this crossing intersects fewer than 2 kerbs. Generally each crossing should connect to at least 2 kerbs.
970813143,way,not appliable,not appliable,this crossing intersects fewer than 2 kerbs. Generally each crossing should connect to at least 2 kerbs.
970813144,way,not appliable,not appliable,this crossing intersects fewer than 2 kerbs. Generally each crossing should connect to at least 2 kerbs.
970813380,way,not appliable,not appliable,this crossing intersects fewer than 2 kerbs. Generally each crossing should connect to at least 2 kerbs.
970814618,way,not appliable,not appliable,this crossing intersects fewer than 2 kerbs. Generally each crossing should connect to at least 2 kerbs.
970814619,way,not appliable,not appliable,this crossing intersects fewer than 2 kerbs. Generally each crossing should connect to at least 2 kerbs.
970814620,way,not appliable,not appliable,this crossing intersects fewer than 2 kerbs. Generally each crossing should connect to at least 2 kerbs.
970814621,way,not appliable,not appliable,this crossing intersects fewer than 2 kerbs. Generally each crossing should connect to at least 2 kerbs.
970814622,way,not appliable,not appliable,this crossing intersects fewer than 2 kerbs. Generally each crossing should connect to at least 2 kerbs.
970814915,way,not appliable,not appliable,this crossing intersects fewer than 2 kerbs. Generally each crossing should connect to at least 2 kerbs.
970814916,way,not appliable,not appliable,this crossing intersects fewer than 2 kerbs. Generally each crossing should connect to at least 2 kerbs.
970814917,way,not appliable,not appliable,this crossing intersects fewer than 2 kerbs. Generally each crossing should connect to at least 2 kerbs.
970814918,way,not appliable,not appliable,this crossing intersects fewer than 2 kerbs. Generally each crossing should connect to at least 2 kerbs.
972103135,way,not appliable,not appliable,this crossing intersects fewer than 2 kerbs. Generally each crossing should connect to at least 2 kerbs.
972103136,way,not appliable,not appliable,this crossing intersects fewer than 2 kerbs. Generally each crossing should connect to at least 2 kerbs.
972103137,way,not appliable,not appliable,this crossing intersects fewer than 2 kerbs. Generally each crossing should connect to at least 2 kerbs.
972103138,way,not appliable,not appliable,this crossing intersects fewer than 2 kerbs. Generally each crossing should connect to at least 2 kerbs.
972103139,way,not appliable,not appliable,this crossing intersects fewer than 2 kerbs. Generally each crossing should connect to at least 2 kerbs.
972103140,way,not appliable,not appliable,this crossing intersects fewer than 2 kerbs. Generally each crossing should connect to at least 2 kerbs.
972103141,way,not appliable,not appliable,this crossing intersects fewer than 2 kerbs. Generally each crossing should connect to at least 2 kerbs.
972103142,way,not appliable,not appliable,this crossing intersects fewer than 2 kerbs. Generally each crossing should connect to at least 2 kerbs.
972103144,way,not appliable,not appliable,this crossing intersects fewer than 2 kerbs. Generally each crossing should connect to at least 2 kerbs.
972103146,way,not appliable,not appliable,this crossing intersects fewer than 2 kerbs. Generally each crossing should connect to at least 2 kerbs.
972103147,way,not appliable,not appliable,this crossing intersects fewer than 2 kerbs. Generally each crossing should connect to at least 2 kerbs.
972103148,way,not appliable,not appliable,this crossing intersects fewer than 2 kerbs. Generally each crossing should connect to at least 2 kerbs.
972103149,way,not appliable,not appliable,this crossing intersects fewer than 2 kerbs. Generally each crossing should connect to at least 2 kerbs.
972103150,way,not appliable,not appliable,this crossing intersects fewer than 2 kerbs. Generally each crossing should connect to at least 2 kerbs.
972103151,way,not appliable,not appliable,this crossing intersects fewer than 2 kerbs. Generally each crossing should connect to at least 2 kerbs.
972103153,way,not appliable,not appliable,this crossing intersects fewer than 2 kerbs. Generally each crossing should connect to at least 2 kerbs.
972103154,way,not appliable,not appliable,this crossing intersects fewer than 2 kerbs. Generally each crossing should connect to at least 2 kerbs.
972103155,way,not appliable,not appliable,this crossing intersects fewer than 2 kerbs. Generally each crossing should connect to at least 2 kerbs.
972103157,way,not appliable,not appliable,this crossing intersects fewer than 2 kerbs. Generally each crossing should connect to at least 2 kerbs.
972103159,way,not appliable,not appliable,this crossing intersects fewer than 2 kerbs. Generally each crossing should connect to at least 2 kerbs.
972103160,way,not appliable,not appliable,this crossing intersects fewer than 2 kerbs. Generally each crossing should connect to at least 2 kerbs.
972103161,way,not appliable,not appliable,this crossing intersects fewer than 2 kerbs. Generally each crossing should connect to at least 2 kerbs.
972103162,way,not appliable,not appliable,this crossing intersects fewer than 2 kerbs. Generally each crossing should connect to at least 2 kerbs.
972103163,way,not appliable,not appliable,this crossing intersects fewer than 2 kerbs. Generally each crossing should connect to at least 2 kerbs.
972103166,way,not appliable,not appliable,this crossing intersects fewer than 2 kerbs. Generally each crossing should connect to at least 2 kerbs.
972103167,way,not appliable,not appliable,this crossing intersects fewer than 2 kerbs. Generally each crossing should connect to at least 2 kerbs.
972103170,way,not appliable,not appliable,this crossing intersects fewer than 2 kerbs. Generally each crossing should connect to at least 2 kerbs.
972103171,way,not appliable,not appliable,this crossing intersects fewer than 2 kerbs. Generally each crossing should connect to at least 2 kerbs.
972103173,way,not appliable,not appliable,this crossing intersects fewer than 2 kerbs. Generally each crossing should connect to at least 2 kerbs.
972103180,way,not appliable,not appliable,this crossing intersects fewer than 2 kerbs. Generally each crossing should connect to at least 2 kerbs.
972103181,way,not appliable,not appliable,this crossing intersects fewer than 2 kerbs. Generally each crossing should connect to at least 2 kerbs.
972103182,way,not appliable,not appliable,this crossing intersects fewer than 2 kerbs. Generally each crossing should connect to at least 2 kerbs.
972103184,way,not appliable,not appliable,this crossing intersects fewer than 2 kerbs. Generally each crossing should connect to at least 2 kerbs.
972103185,way,not appliable,not appliable,this crossing intersects fewer than 2 kerbs. Generally each crossing should connect to at least 2 kerbs.
972103186,way,not appliable,not appliable,this crossing intersects fewer than 2 kerbs. Generally each crossing should connect to at least 2 kerbs.
972103187,way,not appliable,not appliable,this crossing intersects fewer than 2 kerbs. Generally each crossing should connect to at least 2 kerbs.
972103188,way,not appliable,not appliable,this crossing intersects fewer than 2 kerbs. Generally each crossing should connect to at least 2 kerbs.
972103189,way,not appliable,not appliable,this crossing intersects fewer than 2 kerbs. Generally each crossing should connect to at least 2 kerbs.
972103195,way,not appliable,not appliable,this crossing intersects fewer than 2 kerbs. Generally each crossing should connect to at least 2 kerbs.
972103196,way,not appliable,not appliable,this crossing intersects fewer than 2 kerbs. Generally each crossing should connect to at least 2 kerbs.
972103198,way,not appliable,not appliable,this crossing intersects fewer than 2 kerbs. Generally each crossing should connect to at least 2 kerbs.
972103202,way,not appliable,not appliable,this crossing intersects fewer than 2 kerbs. Generally each crossing should connect to at least 2 kerbs.
972103203,way,not appliable,not appliable,this crossing intersects fewer than 2 kerbs. Generally each crossing should connect to at least 2 kerbs.
972103206,way,not appliable,not appliable,this crossing intersects fewer than 2 kerbs. Generally each crossing should connect to at least 2 kerbs.
972103207,way,not appliable,not appliable,this crossing intersects fewer than 2 kerbs. Generally each crossing should connect to at least 2 kerbs.
972103209,way,not appliable,not appliable,this crossing intersects fewer than 2 kerbs. Generally each crossing should connect to at least 2 kerbs.
972103210,way,not appliable,not appliable,this crossing intersects fewer than 2 kerbs. Generally each crossing should connect to at least 2 kerbs.
972103211,way,not appliable,not appliable,this crossing intersects fewer than 2 kerbs. Generally each crossing should connect to at least 2 kerbs.
972103212,way,not appliable,not appliable,this crossing intersects fewer than 2 kerbs. Generally each crossing should connect to at least 2 kerbs.
972103213,way,not appliable,not appliable,this crossing intersects fewer than 2 kerbs. Generally each crossing should connect to at least 2 kerbs.
972103214,way,not appliable,not appliable,this crossing intersects fewer than 2 kerbs. Generally each crossing should connect to at least 2 kerbs.
972103216,way,not appliable,not appliable,this crossing intersects fewer than 2 kerbs. Generally each crossing should connect to at least 2 kerbs.
972103217,way,not appliable,not appliable,this crossing intersects fewer than 2 kerbs. Generally each crossing should connect to at least 2 kerbs.
972103218,way,not appliable,not appliable,this crossing intersects fewer than 2 kerbs. Generally each crossing should connect to at least 2 kerbs.
972103220,way,not appliable,not appliable,this crossing intersects fewer than 2 kerbs. Generally each crossing should connect to at least 2 kerbs.
972103221,way,not appliable,not appliable,this crossing intersects fewer than 2 kerbs. Generally each crossing should connect to at least 2 kerbs.
972170199,way,not appliable,not appliable,this crossing intersects fewer than 2 kerbs. Generally each crossing should connect to at least 2 kerbs.
972170201,way,not appliable,not appliable,this crossing intersects fewer than 2 kerbs. Generally each crossing should connect to at least 2 kerbs.
972170204,way,not appliable,not appliable,this crossing intersects fewer than 2 kerbs. Generally each crossing should connect to at least 2 kerbs.
972170206,way,not appliable,not appliable,this crossing intersects fewer than 2 kerbs. Generally each crossing should connect to at least 2 kerbs.
972170208,way,not appliable,not appliable,this crossing intersects fewer than 2 kerbs. Generally each crossing should connect to at least 2 kerbs.
972170211,way,not appliable,not appliable,this crossing intersects fewer than 2 kerbs. Generally each crossing should connect to at least 2 kerbs.
972170213,way,not appliable,not appliable,this crossing intersects fewer than 2 kerbs. Generally each crossing should connect to at least 2 kerbs.
973900387,way,not appliable,not appliable,this crossing intersects fewer than 2 kerbs. Generally each crossing should connect to at least 2 kerbs.
973900389,way,not appliable,not appliable,this crossing intersects fewer than 2 kerbs. Generally each crossing should connect to at least 2 kerbs.
973900391,way,not appliable,not appliable,this crossing intersects fewer than 2 kerbs. Generally each crossing should connect to at least 2 kerbs.
973900393,way,not appliable,not appliable,this crossing intersects fewer than 2 kerbs. Generally each crossing should connect to at least 2 kerbs.
975724476,way,not appliable,not appliable,this crossing intersects fewer than 2 kerbs. Generally each crossing should connect to at least 2 kerbs.
979427160,way,not appliable,not appliable,this crossing intersects fewer than 2 kerbs. Generally each crossing should connect to at least 2 kerbs.
979427162,way,not appliable,not appliable,this crossing intersects fewer than 2 kerbs. Generally each crossing should connect to at least 2 kerbs.
979427163,way,not appliable,not appliable,this crossing intersects fewer than 2 kerbs. Generally each crossing should connect to at least 2 kerbs.
979427164,way,not appliable,not appliable,this crossing intersects fewer than 2 kerbs. Generally each crossing should connect to at least 2 kerbs.
979427165,way,not appliable,not appliable,this crossing intersects fewer than 2 kerbs. Generally each crossing should connect to at least 2 kerbs.
979427166,way,not appliable,not appliable,this crossing intersects fewer than 2 kerbs. Generally each crossing should connect to at least 2 kerbs.
979427167,way,not appliable,not appliable,this crossing intersects fewer than 2 kerbs. Generally each crossing should connect to at least 2 kerbs.
979427168,way,not appliable,not appliable,this crossing intersects fewer than 2 kerbs. Generally each crossing should connect to at least 2 kerbs.
979427172,way,not appliable,not appliable,this crossing intersects fewer than 2 kerbs. Generally each crossing should connect to at least 2 kerbs.
979427173,way,not appliable,not appliable,this crossing intersects fewer than 2 kerbs. Generally each crossing should connect to at least 2 kerbs.
979427174,way,not appliable,not appliable,this crossing intersects fewer than 2 kerbs. Generally each crossing should connect to at least 2 kerbs.
979427179,way,not appliable,not appliable,this crossing intersects fewer than 2 kerbs. Generally each crossing should connect to at least 2 kerbs.
979427180,way,not appliable,not appliable,this crossing intersects fewer than 2 kerbs. Generally each crossing should connect to at least 2 kerbs.
983786346,way,not appliable,not appliable,this crossing intersects fewer than 2 kerbs. Generally each crossing should connect to at least 2 kerbs.
983786356,way,not appliable,not appliable,this crossing intersects fewer than 2 kerbs. Generally each crossing should connect to at least 2 kerbs.
983786358,way,not appliable,not appliable,this crossing intersects fewer than 2 kerbs. Generally each crossing should connect to at least 2 kerbs.
983787777,way,not appliable,not appliable,this crossing intersects fewer than 2 kerbs. Generally each crossing should connect to at least 2 kerbs.
983787779,way,not appliable,not appliable,this crossing intersects fewer than 2 kerbs. Generally each crossing should connect to at least 2 kerbs.
983787786,way,not appliable,not appliable,this crossing intersects fewer than 2 kerbs. Generally each crossing should connect to at least 2 kerbs.
983787789,way,not appliable,not appliable,this crossing intersects fewer than 2 kerbs. Generally each crossing should connect to at least 2 kerbs.
983787791,way,not appliable,not appliable,this crossing intersects fewer than 2 kerbs. Generally each crossing should connect to at least 2 kerbs.
983787793,way,not appliable,not appliable,this crossing intersects fewer than 2 kerbs. Generally each crossing should connect to at least 2 kerbs.
983787794,way,not appliable,not appliable,this crossing intersects fewer than 2 kerbs. Generally each crossing should connect to at least 2 kerbs.
983787796,way,not appliable,not appliable,this crossing intersects fewer than 2 kerbs. Generally each crossing should connect to at least 2 kerbs.
984499818,way,not appliable,not appliable,this crossing intersects fewer than 2 kerbs. Generally each crossing should connect to at least 2 kerbs.
984499820,way,not appliable,not appliable,this crossing intersects fewer than 2 kerbs. Generally each crossing should connect to at least 2 kerbs.
984499821,way,not appliable,not appliable,this crossing intersects fewer than 2 kerbs. Generally each crossing should connect to at least 2 kerbs.
984499823,way,not appliable,not appliable,this crossing intersects fewer than 2 kerbs. Generally each crossing should connect to at least 2 kerbs.
984499824,way,not appliable,not appliable,this crossing intersects fewer than 2 kerbs. Generally each crossing should connect to at least 2 kerbs.
984499826,way,not appliable,not appliable,this crossing intersects fewer than 2 kerbs. Generally each crossing should connect to at least 2 kerbs.
984499827,way,not appliable,not appliable,this crossing intersects fewer than 2 kerbs. Generally each crossing should connect to at least 2 kerbs.
984499829,way,not appliable,not appliable,this crossing intersects fewer than 2 kerbs. Generally each crossing should connect to at least 2 kerbs.
984500595,way,not appliable,not appliable,this crossing intersects fewer than 2 kerbs. Generally each crossing should connect to at least 2 kerbs.
984500597,way,not appliable,not appliable,this crossing intersects fewer than 2 kerbs. Generally each crossing should connect to at least 2 kerbs.
984500598,way,not appliable,not appliable,this crossing intersects fewer than 2 kerbs. Generally each crossing should connect to at least 2 kerbs.
984500600,way,not appliable,not appliable,this crossing intersects fewer than 2 kerbs. Generally each crossing should connect to at least 2 kerbs.
984500603,way,not appliable,not appliable,this crossing intersects fewer than 2 kerbs. Generally each crossing should connect to at least 2 kerbs.
984501778,way,not appliable,not appliable,this crossing intersects fewer than 2 kerbs. Generally each crossing should connect to at least 2 kerbs.
984501781,way,not appliable,not appliable,this crossing intersects fewer than 2 kerbs. Generally each crossing should connect to at least 2 kerbs.
984501782,way,not appliable,not appliable,this crossing intersects fewer than 2 kerbs. Generally each crossing should connect to at least 2 kerbs.
984501784,way,not appliable,not appliable,this crossing intersects fewer than 2 kerbs. Generally each crossing should connect to at least 2 kerbs.
984501785,way,not appliable,not appliable,this crossing intersects fewer than 2 kerbs. Generally each crossing should connect to at least 2 kerbs.
984501787,way,not appliable,not appliable,this crossing intersects fewer than 2 kerbs. Generally each crossing should connect to at least 2 kerbs.
984501788,way,not appliable,not appliable,this crossing intersects fewer than 2 kerbs. Generally each crossing should connect to at least 2 kerbs.
984501790,way,not appliable,not appliable,this crossing intersects fewer than 2 kerbs. Generally each crossing should connect to at least 2 kerbs.
984502414,way,not appliable,not appliable,this crossing intersects fewer than 2 kerbs. Generally each crossing should connect to at least 2 kerbs.
984502416,way,not appliable,not appliable,this crossing intersects fewer than 2 kerbs. Generally each crossing should connect to at least 2 kerbs.
984573705,way,not appliable,not appliable,this crossing intersects fewer than 2 kerbs. Generally each crossing should connect to at least 2 kerbs.
984573707,way,not appliable,not appliable,this crossing intersects fewer than 2 kerbs. Generally each crossing should connect to at least 2 kerbs.
984573710,way,not appliable,not appliable,this crossing intersects fewer than 2 kerbs. Generally each crossing should connect to at least 2 kerbs.
984573711,way,not appliable,not appliable,this crossing intersects fewer than 2 kerbs. Generally each crossing should connect to at least 2 kerbs.
984573714,way,not appliable,not appliable,this crossing intersects fewer than 2 kerbs. Generally each crossing should connect to at least 2 kerbs.
984573716,way,not appliable,not appliable,this crossing intersects fewer than 2 kerbs. Generally each crossing should connect to at least 2 kerbs.
984573717,way,not appliable,not appliable,this crossing intersects fewer than 2 kerbs. Generally each crossing should connect to at least 2 kerbs.
984573956,way,not appliable,not appliable,this crossing intersects fewer than 2 kerbs. Generally each crossing should connect to at least 2 kerbs.
984573958,way,not appliable,not appliable,this crossing intersects fewer than 2 kerbs. Generally each crossing should connect to at least 2 kerbs.
984573960,way,not appliable,not appliable,this crossing intersects fewer than 2 kerbs. Generally each crossing should connect to at least 2 kerbs.
984573962,way,not appliable,not appliable,this crossing intersects fewer than 2 kerbs. Generally each crossing should connect to at least 2 kerbs.
984573963,way,not appliable,not appliable,this crossing intersects fewer than 2 kerbs. Generally each crossing should connect to at least 2 kerbs.
984594993,way,not appliable,not appliable,this crossing intersects fewer than 2 kerbs. Generally each crossing should connect to at least 2 kerbs.
984594994,way,not appliable,not appliable,this crossing intersects fewer than 2 kerbs. Generally each crossing should connect to at least 2 kerbs.
984594995,way,not appliable,not appliable,this crossing intersects fewer than 2 kerbs. Generally each crossing should connect to at least 2 kerbs.
984594997,way,not appliable,not appliable,this crossing intersects fewer than 2 kerbs. Generally each crossing should connect to at least 2 kerbs.
984595000,way,not appliable,not appliable,this crossing intersects fewer than 2 kerbs. Generally each crossing should connect to at least 2 kerbs.
984595001,way,not appliable,not appliable,this crossing intersects fewer than 2 kerbs. Generally each crossing should connect to at least 2 kerbs.
984595003,way,not appliable,not appliable,this crossing intersects fewer than 2 kerbs. Generally each crossing should connect to at least 2 kerbs.
984595004,way,not appliable,not appliable,this crossing intersects fewer than 2 kerbs. Generally each crossing should connect to at least 2 kerbs.
984595005,way,not appliable,not appliable,this crossing intersects fewer than 2 kerbs. Generally each crossing should connect to at least 2 kerbs.
984595006,way,not appliable,not appliable,this crossing intersects fewer than 2 kerbs. Generally each crossing should connect to at least 2 kerbs.
984595009,way,not appliable,not appliable,this crossing intersects fewer than 2 kerbs. Generally each crossing should connect to at least 2 kerbs.
984595507,way,not appliable,not appliable,this crossing intersects fewer than 2 kerbs. Generally each crossing should connect to at least 2 kerbs.
984595509,way,not appliable,not appliable,this crossing intersects fewer than 2 kerbs. Generally each crossing should connect to at least 2 kerbs.
984595511,way,not appliable,not appliable,this crossing intersects fewer than 2 kerbs. Generally each crossing should connect to at least 2 kerbs.
984595512,way,not appliable,not appliable,this crossing intersects fewer than 2 kerbs. Generally each crossing should connect to at least 2 kerbs.
984595514,way,not appliable,not appliable,this crossing intersects fewer than 2 kerbs. Generally each crossing should connect to at least 2 kerbs.
984595515,way,not appliable,not appliable,this crossing intersects fewer than 2 kerbs. Generally each crossing should connect to at least 2 kerbs.
984595517,way,not appliable,not appliable,this crossing intersects fewer than 2 kerbs. Generally each crossing should connect to at least 2 kerbs.
984595518,way,not appliable,not appliable,this crossing intersects fewer than 2 kerbs. Generally each crossing should connect to at least 2 kerbs.
984595520,way,not appliable,not appliable,this crossing intersects fewer than 2 kerbs. Generally each crossing should connect to at least 2 kerbs.
984595523,way,not appliable,not appliable,this crossing intersects fewer than 2 kerbs. Generally each crossing should connect to at least 2 kerbs.
984762004,way,not appliable,not appliable,this crossing intersects fewer than 2 kerbs. Generally each crossing should connect to at least 2 kerbs.
984762006,way,not appliable,not appliable,this crossing intersects fewer than 2 kerbs. Generally each crossing should connect to at least 2 kerbs.
984762008,way,not appliable,not appliable,this crossing intersects fewer than 2 kerbs. Generally each crossing should connect to at least 2 kerbs.
984762009,way,not appliable,not appliable,this crossing intersects fewer than 2 kerbs. Generally each crossing should connect to at least 2 kerbs.
984762011,way,not appliable,not appliable,this crossing intersects fewer than 2 kerbs. Generally each crossing should connect to at least 2 kerbs.
984762013,way,not appliable,not appliable,this crossing intersects fewer than 2 kerbs. Generally each crossing should connect to at least 2 kerbs.
984762295,way,not appliable,not appliable,this crossing intersects fewer than 2 kerbs. Generally each crossing should connect to at least 2 kerbs.
984762685,way,not appliable,not appliable,this crossing intersects fewer than 2 kerbs. Generally each crossing should connect to at least 2 kerbs.
984764284,way,not appliable,not appliable,this crossing intersects fewer than 2 kerbs. Generally each crossing should connect to at least 2 kerbs.
984764286,way,not appliable,not appliable,this crossing intersects fewer than 2 kerbs. Generally each crossing should connect to at least 2 kerbs.
984764288,way,not appliable,not appliable,this crossing intersects fewer than 2 kerbs. Generally each crossing should connect to at least 2 kerbs.
984764290,way,not appliable,not appliable,this crossing intersects fewer than 2 kerbs. Generally each crossing should connect to at least 2 kerbs.
984764291,way,not appliable,not appliable,this crossing intersects fewer than 2 kerbs. Generally each crossing should connect to at least 2 kerbs.
984764294,way,not appliable,not appliable,this crossing intersects fewer than 2 kerbs. Generally each crossing should connect to at least 2 kerbs.
984764297,way,not appliable,not appliable,this crossing intersects fewer than 2 kerbs. Generally each crossing should connect to at least 2 kerbs.
984802630,way,not appliable,not appliable,this crossing intersects fewer than 2 kerbs. Generally each crossing should connect to at least 2 kerbs.
984802635,way,not appliable,not appliable,this crossing intersects fewer than 2 kerbs. Generally each crossing should connect to at least 2 kerbs.
984802636,way,not appliable,not appliable,this crossing intersects fewer than 2 kerbs. Generally each crossing should connect to at least 2 kerbs.
984802642,way,not appliable,not appliable,this crossing intersects fewer than 2 kerbs. Generally each crossing should connect to at least 2 kerbs.
984802644,way,not appliable,not appliable,this crossing intersects fewer than 2 kerbs. Generally each crossing should connect to at least 2 kerbs.
984802646,way,not appliable,not appliable,this crossing intersects fewer than 2 kerbs. Generally each crossing should connect to at least 2 kerbs.
984802649,way,not appliable,not appliable,this crossing intersects fewer than 2 kerbs. Generally each crossing should connect to at least 2 kerbs.
984803295,way,not appliable,not appliable,this crossing intersects fewer than 2 kerbs. Generally each crossing should connect to at least 2 kerbs.
984803296,way,not appliable,not appliable,this crossing intersects fewer than 2 kerbs. Generally each crossing should connect to at least 2 kerbs.
984803298,way,not appliable,not appliable,this crossing intersects fewer than 2 kerbs. Generally each crossing should connect to at least 2 kerbs.
984803300,way,not appliable,not appliable,this crossing intersects fewer than 2 kerbs. Generally each crossing should connect to at least 2 kerbs.
984803302,way,not appliable,not appliable,this crossing intersects fewer than 2 kerbs. Generally each crossing should connect to at least 2 kerbs.
984803964,way,not appliable,not appliable,this crossing intersects fewer than 2 kerbs. Generally each crossing should connect to at least 2 kerbs.
984803966,way,not appliable,not appliable,this crossing intersects fewer than 2 kerbs. Generally each crossing should connect to at least 2 kerbs.
984803968,way,not appliable,not appliable,this crossing intersects fewer than 2 kerbs. Generally each crossing should connect to at least 2 kerbs.
984803969,way,not appliable,not appliable,this crossing intersects fewer than 2 kerbs. Generally each crossing should connect to at least 2 kerbs.
984803970,way,not appliable,not appliable,this crossing intersects fewer than 2 kerbs. Generally each crossing should connect to at least 2 kerbs.
984803974,way,not appliable,not appliable,this crossing intersects fewer than 2 kerbs. Generally each crossing should connect to at least 2 kerbs.
984803976,way,not appliable,not appliable,this crossing intersects fewer than 2 kerbs. Generally each crossing should connect to at least 2 kerbs.
984805667,way,not appliable,not appliable,this crossing intersects fewer than 2 kerbs. Generally each crossing should connect to at least 2 kerbs.
984805671,way,not appliable,not appliable,this crossing intersects fewer than 2 kerbs. Generally each crossing should connect to at least 2 kerbs.
984805674,way,not appliable,not appliable,this crossing intersects fewer than 2 kerbs. Generally each crossing should connect to at least 2 kerbs.
984805679,way,not appliable,not appliable,this crossing intersects fewer than 2 kerbs. Generally each crossing should connect to at least 2 kerbs.
984805685,way,not appliable,not appliable,this crossing intersects fewer than 2 kerbs. Generally each crossing should connect to at least 2 kerbs.
984805686,way,not appliable,not appliable,this crossing intersects fewer than 2 kerbs. Generally each crossing should connect to at least 2 kerbs.
984805758,way,not appliable,not appliable,this crossing intersects fewer than 2 kerbs. Generally each crossing should connect to at least 2 kerbs.
984806560,way,not appliable,not appliable,this crossing intersects fewer than 2 kerbs. Generally each crossing should connect to at least 2 kerbs.
984806563,way,not appliable,not appliable,this crossing intersects fewer than 2 kerbs. Generally each crossing should connect to at least 2 kerbs.
984806565,way,not appliable,not appliable,this crossing intersects fewer than 2 kerbs. Generally each crossing should connect to at least 2 kerbs.
984806566,way,not appliable,not appliable,this crossing intersects fewer than 2 kerbs. Generally each crossing should connect to at least 2 kerbs.
984806567,way,not appliable,not appliable,this crossing intersects fewer than 2 kerbs. Generally each crossing should connect to at least 2 kerbs.
984806569,way,not appliable,not appliable,this crossing intersects fewer than 2 kerbs. Generally each crossing should connect to at least 2 kerbs.
984806570,way,not appliable,not appliable,this crossing intersects fewer than 2 kerbs. Generally each crossing should connect to at least 2 kerbs.
984806571,way,not appliable,not appliable,this crossing intersects fewer than 2 kerbs. Generally each crossing should connect to at least 2 kerbs.
984806572,way,not appliable,not appliable,this crossing intersects fewer than 2 kerbs. Generally each crossing should connect to at least 2 kerbs.
985030959,way,not appliable,not appliable,this crossing intersects fewer than 2 kerbs. Generally each crossing should connect to at least 2 kerbs.
985030961,way,not appliable,not appliable,this crossing intersects fewer than 2 kerbs. Generally each crossing should connect to at least 2 kerbs.
985030964,way,not appliable,not appliable,this crossing intersects fewer than 2 kerbs. Generally each crossing should connect to at least 2 kerbs.
985030966,way,not appliable,not appliable,this crossing intersects fewer than 2 kerbs. Generally each crossing should connect to at least 2 kerbs.
985030968,way,not appliable,not appliable,this crossing intersects fewer than 2 kerbs. Generally each crossing should connect to at least 2 kerbs.
985030971,way,not appliable,not appliable,this crossing intersects fewer than 2 kerbs. Generally each crossing should connect to at least 2 kerbs.
985030972,way,not appliable,not appliable,this crossing intersects fewer than 2 kerbs. Generally each crossing should connect to at least 2 kerbs.
985030974,way,not appliable,not appliable,this crossing intersects fewer than 2 kerbs. Generally each crossing should connect to at least 2 kerbs.
985030977,way,not appliable,not appliable,this crossing intersects fewer than 2 kerbs. Generally each crossing should connect to at least 2 kerbs.
985360408,way,not appliable,not appliable,this crossing intersects fewer than 2 kerbs. Generally each crossing should connect to at least 2 kerbs.
985360412,way,not appliable,not appliable,this crossing intersects fewer than 2 kerbs. Generally each crossing should connect to at least 2 kerbs.
985365942,way,not appliable,not appliable,this crossing intersects fewer than 2 kerbs. Generally each crossing should connect to at least 2 kerbs.
985622454,way,not appliable,not appliable,this crossing intersects fewer than 2 kerbs. Generally each crossing should connect to at least 2 kerbs.
985622455,way,not appliable,not appliable,this crossing intersects fewer than 2 kerbs. Generally each crossing should connect to at least 2 kerbs.
985622457,way,not appliable,not appliable,this crossing intersects fewer than 2 kerbs. Generally each crossing should connect to at least 2 kerbs.
985622460,way,not appliable,not appliable,this crossing intersects fewer than 2 kerbs. Generally each crossing should connect to at least 2 kerbs.
985624855,way,not appliable,not appliable,this crossing intersects fewer than 2 kerbs. Generally each crossing should connect to at least 2 kerbs.
985624857,way,not appliable,not appliable,this crossing intersects fewer than 2 kerbs. Generally each crossing should connect to at least 2 kerbs.
985624859,way,not appliable,not appliable,this crossing intersects fewer than 2 kerbs. Generally each crossing should connect to at least 2 kerbs.
985626452,way,not appliable,not appliable,this crossing intersects fewer than 2 kerbs. Generally each crossing should connect to at least 2 kerbs.
985626455,way,not appliable,not appliable,this crossing intersects fewer than 2 kerbs. Generally each crossing should connect to at least 2 kerbs.
985626456,way,not appliable,not appliable,this crossing intersects fewer than 2 kerbs. Generally each crossing should connect to at least 2 kerbs.
985626459,way,not appliable,not appliable,this crossing intersects fewer than 2 kerbs. Generally each crossing should connect to at least 2 kerbs.
985637688,way,not appliable,not appliable,this crossing intersects fewer than 2 kerbs. Generally each crossing should connect to at least 2 kerbs.
985637689,way,not appliable,not appliable,this crossing intersects fewer than 2 kerbs. Generally each crossing should connect to at least 2 kerbs.
985637691,way,not appliable,not appliable,this crossing intersects fewer than 2 kerbs. Generally each crossing should connect to at least 2 kerbs.
985644442,way,not appliable,not appliable,this crossing intersects fewer than 2 kerbs. Generally each crossing should connect to at least 2 kerbs.
985644444,way,not appliable,not appliable,this crossing intersects fewer than 2 kerbs. Generally each crossing should connect to at least 2 kerbs.
985644445,way,not appliable,not appliable,this crossing intersects fewer than 2 kerbs. Generally each crossing should connect to at least 2 kerbs.
986042636,way,not appliable,not appliable,this crossing intersects fewer than 2 kerbs. Generally each crossing should connect to at least 2 kerbs.
986052332,way,not appliable,not appliable,this crossing intersects fewer than 2 kerbs. Generally each crossing should connect to at least 2 kerbs.
986052336,way,not appliable,not appliable,this crossing intersects fewer than 2 kerbs. Generally each crossing should connect to at least 2 kerbs.
986490778,way,not appliable,not appliable,this crossing intersects fewer than 2 kerbs. Generally each crossing should connect to at least 2 kerbs.
986490781,way,not appliable,not appliable,this crossing intersects fewer than 2 kerbs. Generally each crossing should connect to at least 2 kerbs.
986786613,way,not appliable,not appliable,this crossing intersects fewer than 2 kerbs. Generally each crossing should connect to at least 2 kerbs.
986786617,way,not appliable,not appliable,this crossing intersects fewer than 2 kerbs. Generally each crossing should connect to at least 2 kerbs.
986786618,way,not appliable,not appliable,this crossing intersects fewer than 2 kerbs. Generally each crossing should connect to at least 2 kerbs.
986792564,way,not appliable,not appliable,this crossing intersects fewer than 2 kerbs. Generally each crossing should connect to at least 2 kerbs.
987008504,way,not appliable,not appliable,this crossing intersects fewer than 2 kerbs. Generally each crossing should connect to at least 2 kerbs.
987008506,way,not appliable,not appliable,this crossing intersects fewer than 2 kerbs. Generally each crossing should connect to at least 2 kerbs.
987009525,way,not appliable,not appliable,this crossing intersects fewer than 2 kerbs. Generally each crossing should connect to at least 2 kerbs.
987009526,way,not appliable,not appliable,this crossing intersects fewer than 2 kerbs. Generally each crossing should connect to at least 2 kerbs.
987009528,way,not appliable,not appliable,this crossing intersects fewer than 2 kerbs. Generally each crossing should connect to at least 2 kerbs.
987009531,way,not appliable,not appliable,this crossing intersects fewer than 2 kerbs. Generally each crossing should connect to at least 2 kerbs.
987009533,way,not appliable,not appliable,this crossing intersects fewer than 2 kerbs. Generally each crossing should connect to at least 2 kerbs.
987009535,way,not appliable,not appliable,this crossing intersects fewer than 2 kerbs. Generally each crossing should connect to at least 2 kerbs.
987010089,way,not appliable,not appliable,this crossing intersects fewer than 2 kerbs. Generally each crossing should connect to at least 2 kerbs.
987010091,way,not appliable,not appliable,this crossing intersects fewer than 2 kerbs. Generally each crossing should connect to at least 2 kerbs.
987011077,way,not appliable,not appliable,this crossing intersects fewer than 2 kerbs. Generally each crossing should connect to at least 2 kerbs.
987048394,way,not appliable,not appliable,this crossing intersects fewer than 2 kerbs. Generally each crossing should connect to at least 2 kerbs.
987048397,way,not appliable,not appliable,this crossing intersects fewer than 2 kerbs. Generally each crossing should connect to at least 2 kerbs.
987048399,way,not appliable,not appliable,this crossing intersects fewer than 2 kerbs. Generally each crossing should connect to at least 2 kerbs.
987048400,way,not appliable,not appliable,this crossing intersects fewer than 2 kerbs. Generally each crossing should connect to at least 2 kerbs.
987213272,way,not appliable,not appliable,this crossing intersects fewer than 2 kerbs. Generally each crossing should connect to at least 2 kerbs.
987213275,way,not appliable,not appliable,this crossing intersects fewer than 2 kerbs. Generally each crossing should connect to at least 2 kerbs.
987213276,way,not appliable,not appliable,this crossing intersects fewer than 2 kerbs. Generally each crossing should connect to at least 2 kerbs.
987221123,way,not appliable,not appliable,this crossing intersects fewer than 2 kerbs. Generally each crossing should connect to at least 2 kerbs.
987221127,way,not appliable,not appliable,this crossing intersects fewer than 2 kerbs. Generally each crossing should connect to at least 2 kerbs.
987261076,way,not appliable,not appliable,this crossing intersects fewer than 2 kerbs. Generally each crossing should connect to at least 2 kerbs.
987278391,way,not appliable,not appliable,this crossing intersects fewer than 2 kerbs. Generally each crossing should connect to at least 2 kerbs.
987278395,way,not appliable,not appliable,this crossing intersects fewer than 2 kerbs. Generally each crossing should connect to at least 2 kerbs.
987278398,way,not appliable,not appliable,this crossing intersects fewer than 2 kerbs. Generally each crossing should connect to at least 2 kerbs.
987278400,way,not appliable,not appliable,this crossing intersects fewer than 2 kerbs. Generally each crossing should connect to at least 2 kerbs.
987278404,way,not appliable,not appliable,this crossing intersects fewer than 2 kerbs. Generally each crossing should connect to at least 2 kerbs.
987278407,way,not appliable,not appliable,this crossing intersects fewer than 2 kerbs. Generally each crossing should connect to at least 2 kerbs.
987278410,way,not appliable,not appliable,this crossing intersects fewer than 2 kerbs. Generally each crossing should connect to at least 2 kerbs.
987278413,way,not appliable,not appliable,this crossing intersects fewer than 2 kerbs. Generally each crossing should connect to at least 2 kerbs.
987278417,way,not appliable,not appliable,this crossing intersects fewer than 2 kerbs. Generally each crossing should connect to at least 2 kerbs.
987811798,way,not appliable,not appliable,this crossing intersects fewer than 2 kerbs. Generally each crossing should connect to at least 2 kerbs.
987811799,way,not appliable,not appliable,this crossing intersects fewer than 2 kerbs. Generally each crossing should connect to at least 2 kerbs.
987811801,way,not appliable,not appliable,this crossing intersects fewer than 2 kerbs. Generally each crossing should connect to at least 2 kerbs.
987823644,way,not appliable,not appliable,this crossing intersects fewer than 2 kerbs. Generally each crossing should connect to at least 2 kerbs.
987823646,way,not appliable,not appliable,this crossing intersects fewer than 2 kerbs. Generally each crossing should connect to at least 2 kerbs.
987823647,way,not appliable,not appliable,this crossing intersects fewer than 2 kerbs. Generally each crossing should connect to at least 2 kerbs.
987823649,way,not appliable,not appliable,this crossing intersects fewer than 2 kerbs. Generally each crossing should connect to at least 2 kerbs.
987823650,way,not appliable,not appliable,this crossing intersects fewer than 2 kerbs. Generally each crossing should connect to at least 2 kerbs.
987823652,way,not appliable,not appliable,this crossing intersects fewer than 2 kerbs. Generally each crossing should connect to at least 2 kerbs.
987823653,way,not appliable,not appliable,this crossing intersects fewer than 2 kerbs. Generally each crossing should connect to at least 2 kerbs.
987823655,way,not appliable,not appliable,this crossing intersects fewer than 2 kerbs. Generally each crossing should connect to at least 2 kerbs.
987823656,way,not appliable,not appliable,this crossing intersects fewer than 2 kerbs. Generally each crossing should connect to at least 2 kerbs.
987823657,way,not appliable,not appliable,this crossing intersects fewer than 2 kerbs. Generally each crossing should connect to at least 2 kerbs.
987823659,way,not appliable,not appliable,this crossing intersects fewer than 2 kerbs. Generally each crossing should connect to at least 2 kerbs.
987823660,way,not appliable,not appliable,this crossing intersects fewer than 2 kerbs. Generally each crossing should connect to at least 2 kerbs.
987823661,way,not appliable,not appliable,this crossing intersects fewer than 2 kerbs. Generally each crossing should connect to at least 2 kerbs.
987823662,way,not appliable,not appliable,this crossing intersects fewer than 2 kerbs. Generally each crossing should connect to at least 2 kerbs.
989750749,way,not appliable,not appliable,this crossing intersects fewer than 2 kerbs. Generally each crossing should connect to at least 2 kerbs.
990160649,way,not appliable,not appliable,this crossing intersects fewer than 2 kerbs. Generally each crossing should connect to at least 2 kerbs.
990165757,way,not appliable,not appliable,this crossing intersects fewer than 2 kerbs. Generally each crossing should connect to at least 2 kerbs.
990165785,way,not appliable,not appliable,this crossing intersects fewer than 2 kerbs. Generally each crossing should connect to at least 2 kerbs.
990169293,way,not appliable,not appliable,this crossing intersects fewer than 2 kerbs. Generally each crossing should connect to at least 2 kerbs.
990169297,way,not appliable,not appliable,this crossing intersects fewer than 2 kerbs. Generally each crossing should connect to at least 2 kerbs.
990185541,way,not appliable,not appliable,this crossing intersects fewer than 2 kerbs. Generally each crossing should connect to at least 2 kerbs.
990185546,way,not appliable,not appliable,this crossing intersects fewer than 2 kerbs. Generally each crossing should connect to at least 2 kerbs.
990185548,way,not appliable,not appliable,this crossing intersects fewer than 2 kerbs. Generally each crossing should connect to at least 2 kerbs.
990185559,way,not appliable,not appliable,this crossing intersects fewer than 2 kerbs. Generally each crossing should connect to at least 2 kerbs.
990513971,way,not appliable,not appliable,this crossing intersects fewer than 2 kerbs. Generally each crossing should connect to at least 2 kerbs.
990513972,way,not appliable,not appliable,this crossing intersects fewer than 2 kerbs. Generally each crossing should connect to at least 2 kerbs.
990516215,way,not appliable,not appliable,this crossing intersects fewer than 2 kerbs. Generally each crossing should connect to at least 2 kerbs.
990516216,way,not appliable,not appliable,this crossing intersects fewer than 2 kerbs. Generally each crossing should connect to at least 2 kerbs.
990533801,way,not appliable,not appliable,this crossing intersects fewer than 2 kerbs. Generally each crossing should connect to at least 2 kerbs.
990643873,way,not appliable,not appliable,this crossing intersects fewer than 2 kerbs. Generally each crossing should connect to at least 2 kerbs.
990643874,way,not appliable,not appliable,this crossing intersects fewer than 2 kerbs. Generally each crossing should connect to at least 2 kerbs.
991048021,way,not appliable,not appliable,this crossing intersects fewer than 2 kerbs. Generally each crossing should connect to at least 2 kerbs.
991048024,way,not appliable,not appliable,this crossing intersects fewer than 2 kerbs. Generally each crossing should connect to at least 2 kerbs.
991341434,way,not appliable,not appliable,this crossing intersects fewer than 2 kerbs. Generally each crossing should connect to at least 2 kerbs.
991341436,way,not appliable,not appliable,this crossing intersects fewer than 2 kerbs. Generally each crossing should connect to at least 2 kerbs.
991341439,way,not appliable,not appliable,this crossing intersects fewer than 2 kerbs. Generally each crossing should connect to at least 2 kerbs.
991395992,way,not appliable,not appliable,this crossing intersects fewer than 2 kerbs. Generally each crossing should connect to at least 2 kerbs.
991395993,way,not appliable,not appliable,this crossing intersects fewer than 2 kerbs. Generally each crossing should connect to at least 2 kerbs.
991395998,way,not appliable,not appliable,this crossing intersects fewer than 2 kerbs. Generally each crossing should connect to at least 2 kerbs.
991396999,way,not appliable,not appliable,this crossing intersects fewer than 2 kerbs. Generally each crossing should connect to at least 2 kerbs.
991397004,way,not appliable,not appliable,this crossing intersects fewer than 2 kerbs. Generally each crossing should connect to at least 2 kerbs.
991572029,way,not appliable,not appliable,this crossing intersects fewer than 2 kerbs. Generally each crossing should connect to at least 2 kerbs.
991572030,way,not appliable,not appliable,this crossing intersects fewer than 2 kerbs. Generally each crossing should connect to at least 2 kerbs.
991572031,way,not appliable,not appliable,this crossing intersects fewer than 2 kerbs. Generally each crossing should connect to at least 2 kerbs.
991572032,way,not appliable,not appliable,this crossing intersects fewer than 2 kerbs. Generally each crossing should connect to at least 2 kerbs.
991572033,way,not appliable,not appliable,this crossing intersects fewer than 2 kerbs. Generally each crossing should connect to at least 2 kerbs.
991572034,way,not appliable,not appliable,this crossing intersects fewer than 2 kerbs. Generally each crossing should connect to at least 2 kerbs.
991854859,way,not appliable,not appliable,this crossing intersects fewer than 2 kerbs. Generally each crossing should connect to at least 2 kerbs.
991857643,way,not appliable,not appliable,this crossing intersects fewer than 2 kerbs. Generally each crossing should connect to at least 2 kerbs.
992060073,way,not appliable,not appliable,this crossing intersects fewer than 2 kerbs. Generally each crossing should connect to at least 2 kerbs.
992060075,way,not appliable,not appliable,this crossing intersects fewer than 2 kerbs. Generally each crossing should connect to at least 2 kerbs.
992064246,way,not appliable,not appliable,this crossing intersects fewer than 2 kerbs. Generally each crossing should connect to at least 2 kerbs.
992064249,way,not appliable,not appliable,this crossing intersects fewer than 2 kerbs. Generally each crossing should connect to at least 2 kerbs.
992064253,way,not appliable,not appliable,this crossing intersects fewer than 2 kerbs. Generally each crossing should connect to at least 2 kerbs.
992064254,way,not appliable,not appliable,this crossing intersects fewer than 2 kerbs. Generally each crossing should connect to at least 2 kerbs.
992064255,way,not appliable,not appliable,this crossing intersects fewer than 2 kerbs. Generally each crossing should connect to at least 2 kerbs.
992064259,way,not appliable,not appliable,this crossing intersects fewer than 2 kerbs. Generally each crossing should connect to at least 2 kerbs.
992104207,way,not appliable,not appliable,this crossing intersects fewer than 2 kerbs. Generally each crossing should connect to at least 2 kerbs.
992104209,way,not appliable,not appliable,this crossing intersects fewer than 2 kerbs. Generally each crossing should connect to at least 2 kerbs.
992104212,way,not appliable,not appliable,this crossing intersects fewer than 2 kerbs. Generally each crossing should connect to at least 2 kerbs.
992104213,way,not appliable,not appliable,this crossing intersects fewer than 2 kerbs. Generally each crossing should connect to at least 2 kerbs.
993346774,way,not appliable,not appliable,this crossing intersects fewer than 2 kerbs. Generally each crossing should connect to at least 2 kerbs.
993376787,way,not appliable,not appliable,this crossing intersects fewer than 2 kerbs. Generally each crossing should connect to at least 2 kerbs.
993376790,way,not appliable,not appliable,this crossing intersects fewer than 2 kerbs. Generally each crossing should connect to at least 2 kerbs.
993376791,way,not appliable,not appliable,this crossing intersects fewer than 2 kerbs. Generally each crossing should connect to at least 2 kerbs.
993376792,way,not appliable,not appliable,this crossing intersects fewer than 2 kerbs. Generally each crossing should connect to at least 2 kerbs.
993560643,way,not appliable,not appliable,this crossing intersects fewer than 2 kerbs. Generally each crossing should connect to at least 2 kerbs.
993560644,way,not appliable,not appliable,this crossing intersects fewer than 2 kerbs. Generally each crossing should connect to at least 2 kerbs.
993560646,way,not appliable,not appliable,this crossing intersects fewer than 2 kerbs. Generally each crossing should connect to at least 2 kerbs.
993760806,way,not appliable,not appliable,this crossing intersects fewer than 2 kerbs. Generally each crossing should connect to at least 2 kerbs.
993761345,way,not appliable,not appliable,this crossing intersects fewer than 2 kerbs. Generally each crossing should connect to at least 2 kerbs.
993765337,way,not appliable,not appliable,this crossing intersects fewer than 2 kerbs. Generally each crossing should connect to at least 2 kerbs.
993765339,way,not appliable,not appliable,this crossing intersects fewer than 2 kerbs. Generally each crossing should connect to at least 2 kerbs.
993765342,way,not appliable,not appliable,this crossing intersects fewer than 2 kerbs. Generally each crossing should connect to at least 2 kerbs.
993765343,way,not appliable,not appliable,this crossing intersects fewer than 2 kerbs. Generally each crossing should connect to at least 2 kerbs.
993765344,way,not appliable,not appliable,this crossing intersects fewer than 2 kerbs. Generally each crossing should connect to at least 2 kerbs.
993765350,way,not appliable,not appliable,this crossing intersects fewer than 2 kerbs. Generally each crossing should connect to at least 2 kerbs.
993765352,way,not appliable,not appliable,this crossing intersects fewer than 2 kerbs. Generally each crossing should connect to at least 2 kerbs.
993765354,way,not appliable,not appliable,this crossing intersects fewer than 2 kerbs. Generally each crossing should connect to at least 2 kerbs.
993765355,way,not appliable,not appliable,this crossing intersects fewer than 2 kerbs. Generally each crossing should connect to at least 2 kerbs.
993765357,way,not appliable,not appliable,this crossing intersects fewer than 2 kerbs. Generally each crossing should connect to at least 2 kerbs.
993768059,way,not appliable,not appliable,this crossing intersects fewer than 2 kerbs. Generally each crossing should connect to at least 2 kerbs.
993768061,way,not appliable,not appliable,this crossing intersects fewer than 2 kerbs. Generally each crossing should connect to at least 2 kerbs.
994074646,way,not appliable,not appliable,this crossing intersects fewer than 2 kerbs. Generally each crossing should connect to at least 2 kerbs.
994074653,way,not appliable,not appliable,this crossing intersects fewer than 2 kerbs. Generally each crossing should connect to at least 2 kerbs.
994074654,way,not appliable,not appliable,this crossing intersects fewer than 2 kerbs. Generally each crossing should connect to at least 2 kerbs.
994074655,way,not appliable,not appliable,this crossing intersects fewer than 2 kerbs. Generally each crossing should connect to at least 2 kerbs.
994074656,way,not appliable,not appliable,this crossing intersects fewer than 2 kerbs. Generally each crossing should connect to at least 2 kerbs.
994077723,way,not appliable,not appliable,this crossing intersects fewer than 2 kerbs. Generally each crossing should connect to at least 2 kerbs.
994077729,way,not appliable,not appliable,this crossing intersects fewer than 2 kerbs. Generally each crossing should connect to at least 2 kerbs.
994077733,way,not appliable,not appliable,this crossing intersects fewer than 2 kerbs. Generally each crossing should connect to at least 2 kerbs.
994077735,way,not appliable,not appliable,this crossing intersects fewer than 2 kerbs. Generally each crossing should connect to at least 2 kerbs.
994077738,way,not appliable,not appliable,this crossing intersects fewer than 2 kerbs. Generally each crossing should connect to at least 2 kerbs.
994080264,way,not appliable,not appliable,this crossing intersects fewer than 2 kerbs. Generally each crossing should connect to at least 2 kerbs.
996760797,way,not appliable,not appliable,this crossing intersects fewer than 2 kerbs. Generally each crossing should connect to at least 2 kerbs.
996760799,way,not appliable,not appliable,this crossing intersects fewer than 2 kerbs. Generally each crossing should connect to at least 2 kerbs.
996760802,way,not appliable,not appliable,this crossing intersects fewer than 2 kerbs. Generally each crossing should connect to at least 2 kerbs.
996760805,way,not appliable,not appliable,this crossing intersects fewer than 2 kerbs. Generally each crossing should connect to at least 2 kerbs.
996760806,way,not appliable,not appliable,this crossing intersects fewer than 2 kerbs. Generally each crossing should connect to at least 2 kerbs.
996774361,way,not appliable,not appliable,this crossing intersects fewer than 2 kerbs. Generally each crossing should connect to at least 2 kerbs.
996797932,way,not appliable,not appliable,this crossing intersects fewer than 2 kerbs. Generally each crossing should connect to at least 2 kerbs.
996797936,way,not appliable,not appliable,this crossing intersects fewer than 2 kerbs. Generally each crossing should connect to at least 2 kerbs.
996797942,way,not appliable,not appliable,this crossing intersects fewer than 2 kerbs. Generally each crossing should connect to at least 2 kerbs.
996797946,way,not appliable,not appliable,this crossing intersects fewer than 2 kerbs. Generally each crossing should connect to at least 2 kerbs.
997565188,way,not appliable,not appliable,this crossing intersects fewer than 2 kerbs. Generally each crossing should connect to at least 2 kerbs.
997565189,way,not appliable,not appliable,this crossing intersects fewer than 2 kerbs. Generally each crossing should connect to at least 2 kerbs.
997565191,way,not appliable,not appliable,this crossing intersects fewer than 2 kerbs. Generally each crossing should connect to at least 2 kerbs.
997565193,way,not appliable,not appliable,this crossing intersects fewer than 2 kerbs. Generally each crossing should connect to at least 2 kerbs.
997565197,way,not appliable,not appliable,this crossing intersects fewer than 2 kerbs. Generally each crossing should connect to at least 2 kerbs.
997565199,way,not appliable,not appliable,this crossing intersects fewer than 2 kerbs. Generally each crossing should connect to at least 2 kerbs.
997565200,way,not appliable,not appliable,this crossing intersects fewer than 2 kerbs. Generally each crossing should connect to at least 2 kerbs.
997565202,way,not appliable,not appliable,this crossing intersects fewer than 2 kerbs. Generally each crossing should connect to at least 2 kerbs.
997565204,way,not appliable,not appliable,this crossing intersects fewer than 2 kerbs. Generally each crossing should connect to at least 2 kerbs.
997572573,way,not appliable,not appliable,this crossing intersects fewer than 2 kerbs. Generally each crossing should connect to at least 2 kerbs.
997572574,way,not appliable,not appliable,this crossing intersects fewer than 2 kerbs. Generally each crossing should connect to at least 2 kerbs.
997572575,way,not appliable,not appliable,this crossing intersects fewer than 2 kerbs. Generally each crossing should connect to at least 2 kerbs.
997572578,way,not appliable,not appliable,this crossing intersects fewer than 2 kerbs. Generally each crossing should connect to at least 2 kerbs.
997574075,way,not appliable,not appliable,this crossing intersects fewer than 2 kerbs. Generally each crossing should connect to at least 2 kerbs.
997574078,way,not appliable,not appliable,this crossing intersects fewer than 2 kerbs. Generally each crossing should connect to at least 2 kerbs.
1000670249,way,not appliable,not appliable,this crossing intersects fewer than 2 kerbs. Generally each crossing should connect to at least 2 kerbs.
1000670250,way,not appliable,not appliable,this crossing intersects fewer than 2 kerbs. Generally each crossing should connect to at least 2 kerbs.
1000670259,way,not appliable,not appliable,this crossing intersects fewer than 2 kerbs. Generally each crossing should connect to at least 2 kerbs.
1000670260,way,not appliable,not appliable,this crossing intersects fewer than 2 kerbs. Generally each crossing should connect to at least 2 kerbs.
1004514667,way,not appliable,not appliable,this crossing intersects fewer than 2 kerbs. Generally each crossing should connect to at least 2 kerbs.
1005247223,way,not appliable,not appliable,this crossing intersects fewer than 2 kerbs. Generally each crossing should connect to at least 2 kerbs.
1005268384,way,not appliable,not appliable,this crossing intersects fewer than 2 kerbs. Generally each crossing should connect to at least 2 kerbs.
1005268385,way,not appliable,not appliable,this crossing intersects fewer than 2 kerbs. Generally each crossing should connect to at least 2 kerbs.
1005364762,way,not appliable,not appliable,this crossing intersects fewer than 2 kerbs. Generally each crossing should connect to at least 2 kerbs.
1006469700,way,not appliable,not appliable,this crossing intersects fewer than 2 kerbs. Generally each crossing should connect to at least 2 kerbs.
1006469701,way,not appliable,not appliable,this crossing intersects fewer than 2 kerbs. Generally each crossing should connect to at least 2 kerbs.
1006648561,way,not appliable,not appliable,this crossing intersects fewer than 2 kerbs. Generally each crossing should connect to at least 2 kerbs.
1006648623,way,not appliable,not appliable,this crossing intersects fewer than 2 kerbs. Generally each crossing should connect to at least 2 kerbs.
1007844396,way,not appliable,not appliable,this crossing intersects fewer than 2 kerbs. Generally each crossing should connect to at least 2 kerbs.
1007924453,way,not appliable,not appliable,this crossing intersects fewer than 2 kerbs. Generally each crossing should connect to at least 2 kerbs.
1008690315,way,not appliable,not appliable,this crossing intersects fewer than 2 kerbs. Generally each crossing should connect to at least 2 kerbs.
1010805240,way,not appliable,not appliable,this crossing intersects fewer than 2 kerbs. Generally each crossing should connect to at least 2 kerbs.
1010805241,way,not appliable,not appliable,this crossing intersects fewer than 2 kerbs. Generally each crossing should connect to at least 2 kerbs.
1010805242,way,not appliable,not appliable,this crossing intersects fewer than 2 kerbs. Generally each crossing should connect to at least 2 kerbs.
1010805243,way,not appliable,not appliable,this crossing intersects fewer than 2 kerbs. Generally each crossing should connect to at least 2 kerbs.
1010805290,way,not appliable,not appliable,this crossing intersects fewer than 2 kerbs. Generally each crossing should connect to at least 2 kerbs.
1010822448,way,not appliable,not appliable,this crossing intersects fewer than 2 kerbs. Generally each crossing should connect to at least 2 kerbs.
1010822452,way,not appliable,not appliable,this crossing intersects fewer than 2 kerbs. Generally each crossing should connect to at least 2 kerbs.
1010822454,way,not appliable,not appliable,this crossing intersects fewer than 2 kerbs. Generally each crossing should connect to at least 2 kerbs.
1010822455,way,not appliable,not appliable,this crossing intersects fewer than 2 kerbs. Generally each crossing should connect to at least 2 kerbs.
1010822456,way,not appliable,not appliable,this crossing intersects fewer than 2 kerbs. Generally each crossing should connect to at least 2 kerbs.
1010862711,way,not appliable,not appliable,this crossing intersects fewer than 2 kerbs. Generally each crossing should connect to at least 2 kerbs.
1010865985,way,not appliable,not appliable,this crossing intersects fewer than 2 kerbs. Generally each crossing should connect to at least 2 kerbs.
1011009625,way,not appliable,not appliable,this crossing intersects fewer than 2 kerbs. Generally each crossing should connect to at least 2 kerbs.
1011009627,way,not appliable,not appliable,this crossing intersects fewer than 2 kerbs. Generally each crossing should connect to at least 2 kerbs.
1011127098,way,not appliable,not appliable,this crossing intersects fewer than 2 kerbs. Generally each crossing should connect to at least 2 kerbs.
1011127103,way,not appliable,not appliable,this crossing intersects fewer than 2 kerbs. Generally each crossing should connect to at least 2 kerbs.
1011127108,way,not appliable,not appliable,this crossing intersects fewer than 2 kerbs. Generally each crossing should connect to at least 2 kerbs.
1011127110,way,not appliable,not appliable,this crossing intersects fewer than 2 kerbs. Generally each crossing should connect to at least 2 kerbs.
1011127115,way,not appliable,not appliable,this crossing intersects fewer than 2 kerbs. Generally each crossing should connect to at least 2 kerbs.
1011266985,way,not appliable,not appliable,this crossing intersects fewer than 2 kerbs. Generally each crossing should connect to at least 2 kerbs.
1011272649,way,not appliable,not appliable,this crossing intersects fewer than 2 kerbs. Generally each crossing should connect to at least 2 kerbs.
1011577695,way,not appliable,not appliable,this crossing intersects fewer than 2 kerbs. Generally each crossing should connect to at least 2 kerbs.
1011599325,way,not appliable,not appliable,this crossing intersects fewer than 2 kerbs. Generally each crossing should connect to at least 2 kerbs.
1012605225,way,not appliable,not appliable,this crossing intersects fewer than 2 kerbs. Generally each crossing should connect to at least 2 kerbs.
1012605226,way,not appliable,not appliable,this crossing intersects fewer than 2 kerbs. Generally each crossing should connect to at least 2 kerbs.
1013070285,way,not appliable,not appliable,this crossing intersects fewer than 2 kerbs. Generally each crossing should connect to at least 2 kerbs.
1017021560,way,not appliable,not appliable,this crossing intersects fewer than 2 kerbs. Generally each crossing should connect to at least 2 kerbs.
1017191651,way,not appliable,not appliable,this crossing intersects fewer than 2 kerbs. Generally each crossing should connect to at least 2 kerbs.
1017191654,way,not appliable,not appliable,this crossing intersects fewer than 2 kerbs. Generally each crossing should connect to at least 2 kerbs.
1017191656,way,not appliable,not appliable,this crossing intersects fewer than 2 kerbs. Generally each crossing should connect to at least 2 kerbs.
1017191660,way,not appliable,not appliable,this crossing intersects fewer than 2 kerbs. Generally each crossing should connect to at least 2 kerbs.
1017191663,way,not appliable,not appliable,this crossing intersects fewer than 2 kerbs. Generally each crossing should connect to at least 2 kerbs.
1017191665,way,not appliable,not appliable,this crossing intersects fewer than 2 kerbs. Generally each crossing should connect to at least 2 kerbs.
1017246074,way,not appliable,not appliable,this crossing intersects fewer than 2 kerbs. Generally each crossing should connect to at least 2 kerbs.
1017246075,way,not appliable,not appliable,this crossing intersects fewer than 2 kerbs. Generally each crossing should connect to at least 2 kerbs.
1017246094,way,not appliable,not appliable,this crossing intersects fewer than 2 kerbs. Generally each crossing should connect to at least 2 kerbs.
1017246098,way,not appliable,not appliable,this crossing intersects fewer than 2 kerbs. Generally each crossing should connect to at least 2 kerbs.
1017246099,way,not appliable,not appliable,this crossing intersects fewer than 2 kerbs. Generally each crossing should connect to at least 2 kerbs.
1017246104,way,not appliable,not appliable,this crossing intersects fewer than 2 kerbs. Generally each crossing should connect to at least 2 kerbs.
1017246106,way,not appliable,not appliable,this crossing intersects fewer than 2 kerbs. Generally each crossing should connect to at least 2 kerbs.
1017246128,way,not appliable,not appliable,this crossing intersects fewer than 2 kerbs. Generally each crossing should connect to at least 2 kerbs.
1017388400,way,not appliable,not appliable,this crossing intersects fewer than 2 kerbs. Generally each crossing should connect to at least 2 kerbs.
1017450662,way,not appliable,not appliable,this crossing intersects fewer than 2 kerbs. Generally each crossing should connect to at least 2 kerbs.
1017450663,way,not appliable,not appliable,this crossing intersects fewer than 2 kerbs. Generally each crossing should connect to at least 2 kerbs.
1017450664,way,not appliable,not appliable,this crossing intersects fewer than 2 kerbs. Generally each crossing should connect to at least 2 kerbs.
1017450665,way,not appliable,not appliable,this crossing intersects fewer than 2 kerbs. Generally each crossing should connect to at least 2 kerbs.
1017714325,way,not appliable,not appliable,this crossing intersects fewer than 2 kerbs. Generally each crossing should connect to at least 2 kerbs.
1018156620,way,not appliable,not appliable,this crossing intersects fewer than 2 kerbs. Generally each crossing should connect to at least 2 kerbs.
1019206702,way,not appliable,not appliable,this crossing intersects fewer than 2 kerbs. Generally each crossing should connect to at least 2 kerbs.
1021325972,way,not appliable,not appliable,this crossing intersects fewer than 2 kerbs. Generally each crossing should connect to at least 2 kerbs.
1022731913,way,not appliable,not appliable,this crossing intersects fewer than 2 kerbs. Generally each crossing should connect to at least 2 kerbs.
1022731920,way,not appliable,not appliable,this crossing intersects fewer than 2 kerbs. Generally each crossing should connect to at least 2 kerbs.
1022731921,way,not appliable,not appliable,this crossing intersects fewer than 2 kerbs. Generally each crossing should connect to at least 2 kerbs.
1022731923,way,not appliable,not appliable,this crossing intersects fewer than 2 kerbs. Generally each crossing should connect to at least 2 kerbs.
1022731925,way,not appliable,not appliable,this crossing intersects fewer than 2 kerbs. Generally each crossing should connect to at least 2 kerbs.
1022731926,way,not appliable,not appliable,this crossing intersects fewer than 2 kerbs. Generally each crossing should connect to at least 2 kerbs.
1022731927,way,not appliable,not appliable,this crossing intersects fewer than 2 kerbs. Generally each crossing should connect to at least 2 kerbs.
1023108072,way,not appliable,not appliable,this crossing intersects fewer than 2 kerbs. Generally each crossing should connect to at least 2 kerbs.
1023108073,way,not appliable,not appliable,this crossing intersects fewer than 2 kerbs. Generally each crossing should connect to at least 2 kerbs.
1023108075,way,not appliable,not appliable,this crossing intersects fewer than 2 kerbs. Generally each crossing should connect to at least 2 kerbs.
1023504106,way,not appliable,not appliable,this crossing intersects fewer than 2 kerbs. Generally each crossing should connect to at least 2 kerbs.
1024360360,way,not appliable,not appliable,this crossing intersects fewer than 2 kerbs. Generally each crossing should connect to at least 2 kerbs.
1024600569,way,not appliable,not appliable,this crossing intersects fewer than 2 kerbs. Generally each crossing should connect to at least 2 kerbs.
1024600571,way,not appliable,not appliable,this crossing intersects fewer than 2 kerbs. Generally each crossing should connect to at least 2 kerbs.
1024600575,way,not appliable,not appliable,this crossing intersects fewer than 2 kerbs. Generally each crossing should connect to at least 2 kerbs.
1024600577,way,not appliable,not appliable,this crossing intersects fewer than 2 kerbs. Generally each crossing should connect to at least 2 kerbs.
1024600578,way,not appliable,not appliable,this crossing intersects fewer than 2 kerbs. Generally each crossing should connect to at least 2 kerbs.
1024600579,way,not appliable,not appliable,this crossing intersects fewer than 2 kerbs. Generally each crossing should connect to at least 2 kerbs.
1024600581,way,not appliable,not appliable,this crossing intersects fewer than 2 kerbs. Generally each crossing should connect to at least 2 kerbs.
1024745606,way,not appliable,not appliable,this crossing intersects fewer than 2 kerbs. Generally each crossing should connect to at least 2 kerbs.
1024745615,way,not appliable,not appliable,this crossing intersects fewer than 2 kerbs. Generally each crossing should connect to at least 2 kerbs.
1024747688,way,not appliable,not appliable,this crossing intersects fewer than 2 kerbs. Generally each crossing should connect to at least 2 kerbs.
1024747691,way,not appliable,not appliable,this crossing intersects fewer than 2 kerbs. Generally each crossing should connect to at least 2 kerbs.
1024748201,way,not appliable,not appliable,this crossing intersects fewer than 2 kerbs. Generally each crossing should connect to at least 2 kerbs.
1024750328,way,not appliable,not appliable,this crossing intersects fewer than 2 kerbs. Generally each crossing should connect to at least 2 kerbs.
1024753308,way,not appliable,not appliable,this crossing intersects fewer than 2 kerbs. Generally each crossing should connect to at least 2 kerbs.
1025081309,way,not appliable,not appliable,this crossing intersects fewer than 2 kerbs. Generally each crossing should connect to at least 2 kerbs.
1025089784,way,not appliable,not appliable,this crossing intersects fewer than 2 kerbs. Generally each crossing should connect to at least 2 kerbs.
1025700337,way,not appliable,not appliable,this crossing intersects fewer than 2 kerbs. Generally each crossing should connect to at least 2 kerbs.
1025700340,way,not appliable,not appliable,this crossing intersects fewer than 2 kerbs. Generally each crossing should connect to at least 2 kerbs.
1025700709,way,not appliable,not appliable,this crossing intersects fewer than 2 kerbs. Generally each crossing should connect to at least 2 kerbs.
1025700710,way,not appliable,not appliable,this crossing intersects fewer than 2 kerbs. Generally each crossing should connect to at least 2 kerbs.
1025702042,way,not appliable,not appliable,this crossing intersects fewer than 2 kerbs. Generally each crossing should connect to at least 2 kerbs.
1025703102,way,not appliable,not appliable,this crossing intersects fewer than 2 kerbs. Generally each crossing should connect to at least 2 kerbs.
1025736825,way,not appliable,not appliable,this crossing intersects fewer than 2 kerbs. Generally each crossing should connect to at least 2 kerbs.
1025737713,way,not appliable,not appliable,this crossing intersects fewer than 2 kerbs. Generally each crossing should connect to at least 2 kerbs.
1025737714,way,not appliable,not appliable,this crossing intersects fewer than 2 kerbs. Generally each crossing should connect to at least 2 kerbs.
1025737715,way,not appliable,not appliable,this crossing intersects fewer than 2 kerbs. Generally each crossing should connect to at least 2 kerbs.
1025737720,way,not appliable,not appliable,this crossing intersects fewer than 2 kerbs. Generally each crossing should connect to at least 2 kerbs.
1025738866,way,not appliable,not appliable,this crossing intersects fewer than 2 kerbs. Generally each crossing should connect to at least 2 kerbs.
1025739273,way,not appliable,not appliable,this crossing intersects fewer than 2 kerbs. Generally each crossing should connect to at least 2 kerbs.
1025745468,way,not appliable,not appliable,this crossing intersects fewer than 2 kerbs. Generally each crossing should connect to at least 2 kerbs.
1026011579,way,not appliable,not appliable,this crossing intersects fewer than 2 kerbs. Generally each crossing should connect to at least 2 kerbs.
1026011581,way,not appliable,not appliable,this crossing intersects fewer than 2 kerbs. Generally each crossing should connect to at least 2 kerbs.
1026011802,way,not appliable,not appliable,this crossing intersects fewer than 2 kerbs. Generally each crossing should connect to at least 2 kerbs.
1026011803,way,not appliable,not appliable,this crossing intersects fewer than 2 kerbs. Generally each crossing should connect to at least 2 kerbs.
1026013127,way,not appliable,not appliable,this crossing intersects fewer than 2 kerbs. Generally each crossing should connect to at least 2 kerbs.
1026013131,way,not appliable,not appliable,this crossing intersects fewer than 2 kerbs. Generally each crossing should connect to at least 2 kerbs.
1026013137,way,not appliable,not appliable,this crossing intersects fewer than 2 kerbs. Generally each crossing should connect to at least 2 kerbs.
1026555585,way,not appliable,not appliable,this crossing intersects fewer than 2 kerbs. Generally each crossing should connect to at least 2 kerbs.
1026555587,way,not appliable,not appliable,this crossing intersects fewer than 2 kerbs. Generally each crossing should connect to at least 2 kerbs.
1026555588,way,not appliable,not appliable,this crossing intersects fewer than 2 kerbs. Generally each crossing should connect to at least 2 kerbs.
1026555591,way,not appliable,not appliable,this crossing intersects fewer than 2 kerbs. Generally each crossing should connect to at least 2 kerbs.
1026556126,way,not appliable,not appliable,this crossing intersects fewer than 2 kerbs. Generally each crossing should connect to at least 2 kerbs.
1026556127,way,not appliable,not appliable,this crossing intersects fewer than 2 kerbs. Generally each crossing should connect to at least 2 kerbs.
1026556129,way,not appliable,not appliable,this crossing intersects fewer than 2 kerbs. Generally each crossing should connect to at least 2 kerbs.
1026556130,way,not appliable,not appliable,this crossing intersects fewer than 2 kerbs. Generally each crossing should connect to at least 2 kerbs.
1026556837,way,not appliable,not appliable,this crossing intersects fewer than 2 kerbs. Generally each crossing should connect to at least 2 kerbs.
1026556838,way,not appliable,not appliable,this crossing intersects fewer than 2 kerbs. Generally each crossing should connect to at least 2 kerbs.
1026556840,way,not appliable,not appliable,this crossing intersects fewer than 2 kerbs. Generally each crossing should connect to at least 2 kerbs.
1026556842,way,not appliable,not appliable,this crossing intersects fewer than 2 kerbs. Generally each crossing should connect to at least 2 kerbs.
1026556843,way,not appliable,not appliable,this crossing intersects fewer than 2 kerbs. Generally each crossing should connect to at least 2 kerbs.
1026556844,way,not appliable,not appliable,this crossing intersects fewer than 2 kerbs. Generally each crossing should connect to at least 2 kerbs.
1026600732,way,not appliable,not appliable,this crossing intersects fewer than 2 kerbs. Generally each crossing should connect to at least 2 kerbs.
1026600736,way,not appliable,not appliable,this crossing intersects fewer than 2 kerbs. Generally each crossing should connect to at least 2 kerbs.
1026600738,way,not appliable,not appliable,this crossing intersects fewer than 2 kerbs. Generally each crossing should connect to at least 2 kerbs.
1026603279,way,not appliable,not appliable,this crossing intersects fewer than 2 kerbs. Generally each crossing should connect to at least 2 kerbs.
1026603281,way,not appliable,not appliable,this crossing intersects fewer than 2 kerbs. Generally each crossing should connect to at least 2 kerbs.
1027281028,way,not appliable,not appliable,this crossing intersects fewer than 2 kerbs. Generally each crossing should connect to at least 2 kerbs.
1028856396,way,not appliable,not appliable,this crossing intersects fewer than 2 kerbs. Generally each crossing should connect to at least 2 kerbs.
1028861141,way,not appliable,not appliable,this crossing intersects fewer than 2 kerbs. Generally each crossing should connect to at least 2 kerbs.
1028861142,way,not appliable,not appliable,this crossing intersects fewer than 2 kerbs. Generally each crossing should connect to at least 2 kerbs.
1028861144,way,not appliable,not appliable,this crossing intersects fewer than 2 kerbs. Generally each crossing should connect to at least 2 kerbs.
1028861151,way,not appliable,not appliable,this crossing intersects fewer than 2 kerbs. Generally each crossing should connect to at least 2 kerbs.
1028861152,way,not appliable,not appliable,this crossing intersects fewer than 2 kerbs. Generally each crossing should connect to at least 2 kerbs.
1028861154,way,not appliable,not appliable,this crossing intersects fewer than 2 kerbs. Generally each crossing should connect to at least 2 kerbs.
1028861160,way,not appliable,not appliable,this crossing intersects fewer than 2 kerbs. Generally each crossing should connect to at least 2 kerbs.
1028870350,way,not appliable,not appliable,this crossing intersects fewer than 2 kerbs. Generally each crossing should connect to at least 2 kerbs.
1028870361,way,not appliable,not appliable,this crossing intersects fewer than 2 kerbs. Generally each crossing should connect to at least 2 kerbs.
1029442133,way,not appliable,not appliable,this crossing intersects fewer than 2 kerbs. Generally each crossing should connect to at least 2 kerbs.
1030563166,way,not appliable,not appliable,this crossing intersects fewer than 2 kerbs. Generally each crossing should connect to at least 2 kerbs.
1031507472,way,not appliable,not appliable,this crossing intersects fewer than 2 kerbs. Generally each crossing should connect to at least 2 kerbs.
1031507474,way,not appliable,not appliable,this crossing intersects fewer than 2 kerbs. Generally each crossing should connect to at least 2 kerbs.
1031513941,way,not appliable,not appliable,this crossing intersects fewer than 2 kerbs. Generally each crossing should connect to at least 2 kerbs.
1031513943,way,not appliable,not appliable,this crossing intersects fewer than 2 kerbs. Generally each crossing should connect to at least 2 kerbs.
1031517995,way,not appliable,not appliable,this crossing intersects fewer than 2 kerbs. Generally each crossing should connect to at least 2 kerbs.
1031548158,way,not appliable,not appliable,this crossing intersects fewer than 2 kerbs. Generally each crossing should connect to at least 2 kerbs.
1031548162,way,not appliable,not appliable,this crossing intersects fewer than 2 kerbs. Generally each crossing should connect to at least 2 kerbs.
1031550042,way,not appliable,not appliable,this crossing intersects fewer than 2 kerbs. Generally each crossing should connect to at least 2 kerbs.
1031550047,way,not appliable,not appliable,this crossing intersects fewer than 2 kerbs. Generally each crossing should connect to at least 2 kerbs.
1031551621,way,not appliable,not appliable,this crossing intersects fewer than 2 kerbs. Generally each crossing should connect to at least 2 kerbs.
1031877089,way,not appliable,not appliable,this crossing intersects fewer than 2 kerbs. Generally each crossing should connect to at least 2 kerbs.
1031910246,way,not appliable,not appliable,this crossing intersects fewer than 2 kerbs. Generally each crossing should connect to at least 2 kerbs.
1031918563,way,not appliable,not appliable,this crossing intersects fewer than 2 kerbs. Generally each crossing should connect to at least 2 kerbs.
1032377352,way,not appliable,not appliable,this crossing intersects fewer than 2 kerbs. Generally each crossing should connect to at least 2 kerbs.
1032467087,way,not appliable,not appliable,this crossing intersects fewer than 2 kerbs. Generally each crossing should connect to at least 2 kerbs.
1032467090,way,not appliable,not appliable,this crossing intersects fewer than 2 kerbs. Generally each crossing should connect to at least 2 kerbs.
1032467091,way,not appliable,not appliable,this crossing intersects fewer than 2 kerbs. Generally each crossing should connect to at least 2 kerbs.
1032467092,way,not appliable,not appliable,this crossing intersects fewer than 2 kerbs. Generally each crossing should connect to at least 2 kerbs.
1034011419,way,not appliable,not appliable,this crossing intersects fewer than 2 kerbs. Generally each crossing should connect to at least 2 kerbs.
1034011420,way,not appliable,not appliable,this crossing intersects fewer than 2 kerbs. Generally each crossing should connect to at least 2 kerbs.
1034014317,way,not appliable,not appliable,this crossing intersects fewer than 2 kerbs. Generally each crossing should connect to at least 2 kerbs.
1034054936,way,not appliable,not appliable,this crossing intersects fewer than 2 kerbs. Generally each crossing should connect to at least 2 kerbs.
1034054938,way,not appliable,not appliable,this crossing intersects fewer than 2 kerbs. Generally each crossing should connect to at least 2 kerbs.
1034061567,way,not appliable,not appliable,this crossing intersects fewer than 2 kerbs. Generally each crossing should connect to at least 2 kerbs.
1034073206,way,not appliable,not appliable,this crossing intersects fewer than 2 kerbs. Generally each crossing should connect to at least 2 kerbs.
1034073829,way,not appliable,not appliable,this crossing intersects fewer than 2 kerbs. Generally each crossing should connect to at least 2 kerbs.
1034372451,way,not appliable,not appliable,this crossing intersects fewer than 2 kerbs. Generally each crossing should connect to at least 2 kerbs.
1034375642,way,not appliable,not appliable,this crossing intersects fewer than 2 kerbs. Generally each crossing should connect to at least 2 kerbs.
1034375643,way,not appliable,not appliable,this crossing intersects fewer than 2 kerbs. Generally each crossing should connect to at least 2 kerbs.
1034375645,way,not appliable,not appliable,this crossing intersects fewer than 2 kerbs. Generally each crossing should connect to at least 2 kerbs.
1034375647,way,not appliable,not appliable,this crossing intersects fewer than 2 kerbs. Generally each crossing should connect to at least 2 kerbs.
1034377434,way,not appliable,not appliable,this crossing intersects fewer than 2 kerbs. Generally each crossing should connect to at least 2 kerbs.
1034377436,way,not appliable,not appliable,this crossing intersects fewer than 2 kerbs. Generally each crossing should connect to at least 2 kerbs.
1034691961,way,not appliable,not appliable,this crossing intersects fewer than 2 kerbs. Generally each crossing should connect to at least 2 kerbs.
1034691963,way,not appliable,not appliable,this crossing intersects fewer than 2 kerbs. Generally each crossing should connect to at least 2 kerbs.
1034691969,way,not appliable,not appliable,this crossing intersects fewer than 2 kerbs. Generally each crossing should connect to at least 2 kerbs.
1034694119,way,not appliable,not appliable,this crossing intersects fewer than 2 kerbs. Generally each crossing should connect to at least 2 kerbs.
1034694121,way,not appliable,not appliable,this crossing intersects fewer than 2 kerbs. Generally each crossing should connect to at least 2 kerbs.
1034694128,way,not appliable,not appliable,this crossing intersects fewer than 2 kerbs. Generally each crossing should connect to at least 2 kerbs.
1034694129,way,not appliable,not appliable,this crossing intersects fewer than 2 kerbs. Generally each crossing should connect to at least 2 kerbs.
1034697321,way,not appliable,not appliable,this crossing intersects fewer than 2 kerbs. Generally each crossing should connect to at least 2 kerbs.
1034697326,way,not appliable,not appliable,this crossing intersects fewer than 2 kerbs. Generally each crossing should connect to at least 2 kerbs.
1034697973,way,not appliable,not appliable,this crossing intersects fewer than 2 kerbs. Generally each crossing should connect to at least 2 kerbs.
1034697976,way,not appliable,not appliable,this crossing intersects fewer than 2 kerbs. Generally each crossing should connect to at least 2 kerbs.
1034697978,way,not appliable,not appliable,this crossing intersects fewer than 2 kerbs. Generally each crossing should connect to at least 2 kerbs.
1034707158,way,not appliable,not appliable,this crossing intersects fewer than 2 kerbs. Generally each crossing should connect to at least 2 kerbs.
1034707164,way,not appliable,not appliable,this crossing intersects fewer than 2 kerbs. Generally each crossing should connect to at least 2 kerbs.
1049824031,way,not appliable,not appliable,this crossing intersects fewer than 2 kerbs. Generally each crossing should connect to at least 2 kerbs.
1049824032,way,not appliable,not appliable,this crossing intersects fewer than 2 kerbs. Generally each crossing should connect to at least 2 kerbs.
1049824033,way,not appliable,not appliable,this crossing intersects fewer than 2 kerbs. Generally each crossing should connect to at least 2 kerbs.
1049824036,way,not appliable,not appliable,this crossing intersects fewer than 2 kerbs. Generally each crossing should connect to at least 2 kerbs.
1049824038,way,not appliable,not appliable,this crossing intersects fewer than 2 kerbs. Generally each crossing should connect to at least 2 kerbs.
1053078307,way,not appliable,not appliable,this crossing intersects fewer than 2 kerbs. Generally each crossing should connect to at least 2 kerbs.
1054037610,way,not appliable,not appliable,this crossing intersects fewer than 2 kerbs. Generally each crossing should connect to at least 2 kerbs.
1054037613,way,not appliable,not appliable,this crossing intersects fewer than 2 kerbs. Generally each crossing should connect to at least 2 kerbs.
1054317134,way,not appliable,not appliable,this crossing intersects fewer than 2 kerbs. Generally each crossing should connect to at least 2 kerbs.
1054317135,way,not appliable,not appliable,this crossing intersects fewer than 2 kerbs. Generally each crossing should connect to at least 2 kerbs.
1054317136,way,not appliable,not appliable,this crossing intersects fewer than 2 kerbs. Generally each crossing should connect to at least 2 kerbs.
1054317137,way,not appliable,not appliable,this crossing intersects fewer than 2 kerbs. Generally each crossing should connect to at least 2 kerbs.
1054592089,way,not appliable,not appliable,this crossing intersects fewer than 2 kerbs. Generally each crossing should connect to at least 2 kerbs.
1054592090,way,not appliable,not appliable,this crossing intersects fewer than 2 kerbs. Generally each crossing should connect to at least 2 kerbs.
1054592092,way,not appliable,not appliable,this crossing intersects fewer than 2 kerbs. Generally each crossing should connect to at least 2 kerbs.
1054633414,way,not appliable,not appliable,this crossing intersects fewer than 2 kerbs. Generally each crossing should connect to at least 2 kerbs.
1054633415,way,not appliable,not appliable,this crossing intersects fewer than 2 kerbs. Generally each crossing should connect to at least 2 kerbs.
1054633417,way,not appliable,not appliable,this crossing intersects fewer than 2 kerbs. Generally each crossing should connect to at least 2 kerbs.
1054638967,way,not appliable,not appliable,this crossing intersects fewer than 2 kerbs. Generally each crossing should connect to at least 2 kerbs.
1055559549,way,not appliable,not appliable,this crossing intersects fewer than 2 kerbs. Generally each crossing should connect to at least 2 kerbs.
1055559550,way,not appliable,not appliable,this crossing intersects fewer than 2 kerbs. Generally each crossing should connect to at least 2 kerbs.
1055559551,way,not appliable,not appliable,this crossing intersects fewer than 2 kerbs. Generally each crossing should connect to at least 2 kerbs.
1055559553,way,not appliable,not appliable,this crossing intersects fewer than 2 kerbs. Generally each crossing should connect to at least 2 kerbs.
1055559554,way,not appliable,not appliable,this crossing intersects fewer than 2 kerbs. Generally each crossing should connect to at least 2 kerbs.
1056771241,way,not appliable,not appliable,this crossing intersects fewer than 2 kerbs. Generally each crossing should connect to at least 2 kerbs.
1056771242,way,not appliable,not appliable,this crossing intersects fewer than 2 kerbs. Generally each crossing should connect to at least 2 kerbs.
1056771244,way,not appliable,not appliable,this crossing intersects fewer than 2 kerbs. Generally each crossing should connect to at least 2 kerbs.
1056771246,way,not appliable,not appliable,this crossing intersects fewer than 2 kerbs. Generally each crossing should connect to at least 2 kerbs.
1056771247,way,not appliable,not appliable,this crossing intersects fewer than 2 kerbs. Generally each crossing should connect to at least 2 kerbs.
1056771248,way,not appliable,not appliable,this crossing intersects fewer than 2 kerbs. Generally each crossing should connect to at least 2 kerbs.
1056771249,way,not appliable,not appliable,this crossing intersects fewer than 2 kerbs. Generally each crossing should connect to at least 2 kerbs.
1056771250,way,not appliable,not appliable,this crossing intersects fewer than 2 kerbs. Generally each crossing should connect to at least 2 kerbs.
1056771251,way,not appliable,not appliable,this crossing intersects fewer than 2 kerbs. Generally each crossing should connect to at least 2 kerbs.
1056771252,way,not appliable,not appliable,this crossing intersects fewer than 2 kerbs. Generally each crossing should connect to at least 2 kerbs.
1056771253,way,not appliable,not appliable,this crossing intersects fewer than 2 kerbs. Generally each crossing should connect to at least 2 kerbs.
1056772477,way,not appliable,not appliable,this crossing intersects fewer than 2 kerbs. Generally each crossing should connect to at least 2 kerbs.
1056772479,way,not appliable,not appliable,this crossing intersects fewer than 2 kerbs. Generally each crossing should connect to at least 2 kerbs.
1056772480,way,not appliable,not appliable,this crossing intersects fewer than 2 kerbs. Generally each crossing should connect to at least 2 kerbs.
1056772481,way,not appliable,not appliable,this crossing intersects fewer than 2 kerbs. Generally each crossing should connect to at least 2 kerbs.
1056772482,way,not appliable,not appliable,this crossing intersects fewer than 2 kerbs. Generally each crossing should connect to at least 2 kerbs.
1056772483,way,not appliable,not appliable,this crossing intersects fewer than 2 kerbs. Generally each crossing should connect to at least 2 kerbs.
1056772484,way,not appliable,not appliable,this crossing intersects fewer than 2 kerbs. Generally each crossing should connect to at least 2 kerbs.
1056772485,way,not appliable,not appliable,this crossing intersects fewer than 2 kerbs. Generally each crossing should connect to at least 2 kerbs.
1056772486,way,not appliable,not appliable,this crossing intersects fewer than 2 kerbs. Generally each crossing should connect to at least 2 kerbs.
1056772487,way,not appliable,not appliable,this crossing intersects fewer than 2 kerbs. Generally each crossing should connect to at least 2 kerbs.
1056772488,way,not appliable,not appliable,this crossing intersects fewer than 2 kerbs. Generally each crossing should connect to at least 2 kerbs.
1056772489,way,not appliable,not appliable,this crossing intersects fewer than 2 kerbs. Generally each crossing should connect to at least 2 kerbs.
1056772490,way,not appliable,not appliable,this crossing intersects fewer than 2 kerbs. Generally each crossing should connect to at least 2 kerbs.
1056772491,way,not appliable,not appliable,this crossing intersects fewer than 2 kerbs. Generally each crossing should connect to at least 2 kerbs.
1056772492,way,not appliable,not appliable,this crossing intersects fewer than 2 kerbs. Generally each crossing should connect to at least 2 kerbs.
1056772493,way,not appliable,not appliable,this crossing intersects fewer than 2 kerbs. Generally each crossing should connect to at least 2 kerbs.
1056772494,way,not appliable,not appliable,this crossing intersects fewer than 2 kerbs. Generally each crossing should connect to at least 2 kerbs.
1056772495,way,not appliable,not appliable,this crossing intersects fewer than 2 kerbs. Generally each crossing should connect to at least 2 kerbs.
1056772496,way,not appliable,not appliable,this crossing intersects fewer than 2 kerbs. Generally each crossing should connect to at least 2 kerbs.
1056772497,way,not appliable,not appliable,this crossing intersects fewer than 2 kerbs. Generally each crossing should connect to at least 2 kerbs.
1056772498,way,not appliable,not appliable,this crossing intersects fewer than 2 kerbs. Generally each crossing should connect to at least 2 kerbs.
1056772499,way,not appliable,not appliable,this crossing intersects fewer than 2 kerbs. Generally each crossing should connect to at least 2 kerbs.
1056772500,way,not appliable,not appliable,this crossing intersects fewer than 2 kerbs. Generally each crossing should connect to at least 2 kerbs.
1056772501,way,not appliable,not appliable,this crossing intersects fewer than 2 kerbs. Generally each crossing should connect to at least 2 kerbs.
1061262821,way,not appliable,not appliable,this crossing intersects fewer than 2 kerbs. Generally each crossing should connect to at least 2 kerbs.
1061262822,way,not appliable,not appliable,this crossing intersects fewer than 2 kerbs. Generally each crossing should connect to at least 2 kerbs.
1061263955,way,not appliable,not appliable,this crossing intersects fewer than 2 kerbs. Generally each crossing should connect to at least 2 kerbs.
1061264957,way,not appliable,not appliable,this crossing intersects fewer than 2 kerbs. Generally each crossing should connect to at least 2 kerbs.
1061264958,way,not appliable,not appliable,this crossing intersects fewer than 2 kerbs. Generally each crossing should connect to at least 2 kerbs.
1061264964,way,not appliable,not appliable,this crossing intersects fewer than 2 kerbs. Generally each crossing should connect to at least 2 kerbs.
1061266961,way,not appliable,not appliable,this crossing intersects fewer than 2 kerbs. Generally each crossing should connect to at least 2 kerbs.
1061266964,way,not appliable,not appliable,this crossing intersects fewer than 2 kerbs. Generally each crossing should connect to at least 2 kerbs.
1061267451,way,not appliable,not appliable,this crossing intersects fewer than 2 kerbs. Generally each crossing should connect to at least 2 kerbs.
1061267453,way,not appliable,not appliable,this crossing intersects fewer than 2 kerbs. Generally each crossing should connect to at least 2 kerbs.
1061267459,way,not appliable,not appliable,this crossing intersects fewer than 2 kerbs. Generally each crossing should connect to at least 2 kerbs.
1061267463,way,not appliable,not appliable,this crossing intersects fewer than 2 kerbs. Generally each crossing should connect to at least 2 kerbs.
1061268513,way,not appliable,not appliable,this crossing intersects fewer than 2 kerbs. Generally each crossing should connect to at least 2 kerbs.
1061268515,way,not appliable,not appliable,this crossing intersects fewer than 2 kerbs. Generally each crossing should connect to at least 2 kerbs.
1061268516,way,not appliable,not appliable,this crossing intersects fewer than 2 kerbs. Generally each crossing should connect to at least 2 kerbs.
1061268517,way,not appliable,not appliable,this crossing intersects fewer than 2 kerbs. Generally each crossing should connect to at least 2 kerbs.
1061268520,way,not appliable,not appliable,this crossing intersects fewer than 2 kerbs. Generally each crossing should connect to at least 2 kerbs.
1061268522,way,not appliable,not appliable,this crossing intersects fewer than 2 kerbs. Generally each crossing should connect to at least 2 kerbs.
1061268527,way,not appliable,not appliable,this crossing intersects fewer than 2 kerbs. Generally each crossing should connect to at least 2 kerbs.
1061270925,way,not appliable,not appliable,this crossing intersects fewer than 2 kerbs. Generally each crossing should connect to at least 2 kerbs.
1061270929,way,not appliable,not appliable,this crossing intersects fewer than 2 kerbs. Generally each crossing should connect to at least 2 kerbs.
1061270931,way,not appliable,not appliable,this crossing intersects fewer than 2 kerbs. Generally each crossing should connect to at least 2 kerbs.
1061270932,way,not appliable,not appliable,this crossing intersects fewer than 2 kerbs. Generally each crossing should connect to at least 2 kerbs.
1061270933,way,not appliable,not appliable,this crossing intersects fewer than 2 kerbs. Generally each crossing should connect to at least 2 kerbs.
1061280099,way,not appliable,not appliable,this crossing intersects fewer than 2 kerbs. Generally each crossing should connect to at least 2 kerbs.
1061280100,way,not appliable,not appliable,this crossing intersects fewer than 2 kerbs. Generally each crossing should connect to at least 2 kerbs.
1062813615,way,not appliable,not appliable,this crossing intersects fewer than 2 kerbs. Generally each crossing should connect to at least 2 kerbs.
1062985113,way,not appliable,not appliable,this crossing intersects fewer than 2 kerbs. Generally each crossing should connect to at least 2 kerbs.
1063399331,way,not appliable,not appliable,this crossing intersects fewer than 2 kerbs. Generally each crossing should connect to at least 2 kerbs.
1071792010,way,not appliable,not appliable,this crossing intersects fewer than 2 kerbs. Generally each crossing should connect to at least 2 kerbs.
1071792011,way,not appliable,not appliable,this crossing intersects fewer than 2 kerbs. Generally each crossing should connect to at least 2 kerbs.
1071792012,way,not appliable,not appliable,this crossing intersects fewer than 2 kerbs. Generally each crossing should connect to at least 2 kerbs.
1071792013,way,not appliable,not appliable,this crossing intersects fewer than 2 kerbs. Generally each crossing should connect to at least 2 kerbs.
1071792014,way,not appliable,not appliable,this crossing intersects fewer than 2 kerbs. Generally each crossing should connect to at least 2 kerbs.
1071792015,way,not appliable,not appliable,this crossing intersects fewer than 2 kerbs. Generally each crossing should connect to at least 2 kerbs.
1071792016,way,not appliable,not appliable,this crossing intersects fewer than 2 kerbs. Generally each crossing should connect to at least 2 kerbs.
1071792017,way,not appliable,not appliable,this crossing intersects fewer than 2 kerbs. Generally each crossing should connect to at least 2 kerbs.
1071792018,way,not appliable,not appliable,this crossing intersects fewer than 2 kerbs. Generally each crossing should connect to at least 2 kerbs.
1071792019,way,not appliable,not appliable,this crossing intersects fewer than 2 kerbs. Generally each crossing should connect to at least 2 kerbs.
1071792020,way,not appliable,not appliable,this crossing intersects fewer than 2 kerbs. Generally each crossing should connect to at least 2 kerbs.
1071792021,way,not appliable,not appliable,this crossing intersects fewer than 2 kerbs. Generally each crossing should connect to at least 2 kerbs.
1071792054,way,not appliable,not appliable,this crossing intersects fewer than 2 kerbs. Generally each crossing should connect to at least 2 kerbs.
1071792055,way,not appliable,not appliable,this crossing intersects fewer than 2 kerbs. Generally each crossing should connect to at least 2 kerbs.
1072012995,way,not appliable,not appliable,this crossing intersects fewer than 2 kerbs. Generally each crossing should connect to at least 2 kerbs.
1073226896,way,not appliable,not appliable,this crossing intersects fewer than 2 kerbs. Generally each crossing should connect to at least 2 kerbs.
1073226897,way,not appliable,not appliable,this crossing intersects fewer than 2 kerbs. Generally each crossing should connect to at least 2 kerbs.
1073226899,way,not appliable,not appliable,this crossing intersects fewer than 2 kerbs. Generally each crossing should connect to at least 2 kerbs.
1073226901,way,not appliable,not appliable,this crossing intersects fewer than 2 kerbs. Generally each crossing should connect to at least 2 kerbs.
1073227937,way,not appliable,not appliable,this crossing intersects fewer than 2 kerbs. Generally each crossing should connect to at least 2 kerbs.
1074059496,way,not appliable,not appliable,this crossing intersects fewer than 2 kerbs. Generally each crossing should connect to at least 2 kerbs.
1074059497,way,not appliable,not appliable,this crossing intersects fewer than 2 kerbs. Generally each crossing should connect to at least 2 kerbs.
1075203884,way,not appliable,not appliable,this crossing intersects fewer than 2 kerbs. Generally each crossing should connect to at least 2 kerbs.
1075254235,way,not appliable,not appliable,this crossing intersects fewer than 2 kerbs. Generally each crossing should connect to at least 2 kerbs.
1075254237,way,not appliable,not appliable,this crossing intersects fewer than 2 kerbs. Generally each crossing should connect to at least 2 kerbs.
1075254238,way,not appliable,not appliable,this crossing intersects fewer than 2 kerbs. Generally each crossing should connect to at least 2 kerbs.
1075389412,way,not appliable,not appliable,this crossing intersects fewer than 2 kerbs. Generally each crossing should connect to at least 2 kerbs.
1075389413,way,not appliable,not appliable,this crossing intersects fewer than 2 kerbs. Generally each crossing should connect to at least 2 kerbs.
1075389415,way,not appliable,not appliable,this crossing intersects fewer than 2 kerbs. Generally each crossing should connect to at least 2 kerbs.
1075389417,way,not appliable,not appliable,this crossing intersects fewer than 2 kerbs. Generally each crossing should connect to at least 2 kerbs.
1075389418,way,not appliable,not appliable,this crossing intersects fewer than 2 kerbs. Generally each crossing should connect to at least 2 kerbs.
1075389421,way,not appliable,not appliable,this crossing intersects fewer than 2 kerbs. Generally each crossing should connect to at least 2 kerbs.
1075389422,way,not appliable,not appliable,this crossing intersects fewer than 2 kerbs. Generally each crossing should connect to at least 2 kerbs.
1075389424,way,not appliable,not appliable,this crossing intersects fewer than 2 kerbs. Generally each crossing should connect to at least 2 kerbs.
1076168863,way,not appliable,not appliable,this crossing intersects fewer than 2 kerbs. Generally each crossing should connect to at least 2 kerbs.
1076195591,way,not appliable,not appliable,this crossing intersects fewer than 2 kerbs. Generally each crossing should connect to at least 2 kerbs.
1076195592,way,not appliable,not appliable,this crossing intersects fewer than 2 kerbs. Generally each crossing should connect to at least 2 kerbs.
1076195593,way,not appliable,not appliable,this crossing intersects fewer than 2 kerbs. Generally each crossing should connect to at least 2 kerbs.
1076195596,way,not appliable,not appliable,this crossing intersects fewer than 2 kerbs. Generally each crossing should connect to at least 2 kerbs.
1076195598,way,not appliable,not appliable,this crossing intersects fewer than 2 kerbs. Generally each crossing should connect to at least 2 kerbs.
1077548486,way,not appliable,not appliable,this crossing intersects fewer than 2 kerbs. Generally each crossing should connect to at least 2 kerbs.
1077557852,way,not appliable,not appliable,this crossing intersects fewer than 2 kerbs. Generally each crossing should connect to at least 2 kerbs.
1077557854,way,not appliable,not appliable,this crossing intersects fewer than 2 kerbs. Generally each crossing should connect to at least 2 kerbs.
1077557855,way,not appliable,not appliable,this crossing intersects fewer than 2 kerbs. Generally each crossing should connect to at least 2 kerbs.
1077557856,way,not appliable,not appliable,this crossing intersects fewer than 2 kerbs. Generally each crossing should connect to at least 2 kerbs.
1077557857,way,not appliable,not appliable,this crossing intersects fewer than 2 kerbs. Generally each crossing should connect to at least 2 kerbs.
1077557859,way,not appliable,not appliable,this crossing intersects fewer than 2 kerbs. Generally each crossing should connect to at least 2 kerbs.
1077559623,way,not appliable,not appliable,this crossing intersects fewer than 2 kerbs. Generally each crossing should connect to at least 2 kerbs.
1077559624,way,not appliable,not appliable,this crossing intersects fewer than 2 kerbs. Generally each crossing should connect to at least 2 kerbs.
1077559625,way,not appliable,not appliable,this crossing intersects fewer than 2 kerbs. Generally each crossing should connect to at least 2 kerbs.
1077559627,way,not appliable,not appliable,this crossing intersects fewer than 2 kerbs. Generally each crossing should connect to at least 2 kerbs.
1077559628,way,not appliable,not appliable,this crossing intersects fewer than 2 kerbs. Generally each crossing should connect to at least 2 kerbs.
1077559629,way,not appliable,not appliable,this crossing intersects fewer than 2 kerbs. Generally each crossing should connect to at least 2 kerbs.
1077559630,way,not appliable,not appliable,this crossing intersects fewer than 2 kerbs. Generally each crossing should connect to at least 2 kerbs.
1078077909,way,not appliable,not appliable,this crossing intersects fewer than 2 kerbs. Generally each crossing should connect to at least 2 kerbs.
1078077911,way,not appliable,not appliable,this crossing intersects fewer than 2 kerbs. Generally each crossing should connect to at least 2 kerbs.
1078886746,way,not appliable,not appliable,this crossing intersects fewer than 2 kerbs. Generally each crossing should connect to at least 2 kerbs.
1078886748,way,not appliable,not appliable,this crossing intersects fewer than 2 kerbs. Generally each crossing should connect to at least 2 kerbs.
1078886750,way,not appliable,not appliable,this crossing intersects fewer than 2 kerbs. Generally each crossing should connect to at least 2 kerbs.
1078911639,way,not appliable,not appliable,this crossing intersects fewer than 2 kerbs. Generally each crossing should connect to at least 2 kerbs.
1078931384,way,not appliable,not appliable,this crossing intersects fewer than 2 kerbs. Generally each crossing should connect to at least 2 kerbs.
1078931385,way,not appliable,not appliable,this crossing intersects fewer than 2 kerbs. Generally each crossing should connect to at least 2 kerbs.
1078931389,way,not appliable,not appliable,this crossing intersects fewer than 2 kerbs. Generally each crossing should connect to at least 2 kerbs.
1078931398,way,not appliable,not appliable,this crossing intersects fewer than 2 kerbs. Generally each crossing should connect to at least 2 kerbs.
1078931401,way,not appliable,not appliable,this crossing intersects fewer than 2 kerbs. Generally each crossing should connect to at least 2 kerbs.
1078931411,way,not appliable,not appliable,this crossing intersects fewer than 2 kerbs. Generally each crossing should connect to at least 2 kerbs.
1078931416,way,not appliable,not appliable,this crossing intersects fewer than 2 kerbs. Generally each crossing should connect to at least 2 kerbs.
1078931417,way,not appliable,not appliable,this crossing intersects fewer than 2 kerbs. Generally each crossing should connect to at least 2 kerbs.
1078931418,way,not appliable,not appliable,this crossing intersects fewer than 2 kerbs. Generally each crossing should connect to at least 2 kerbs.
1078931420,way,not appliable,not appliable,this crossing intersects fewer than 2 kerbs. Generally each crossing should connect to at least 2 kerbs.
1078931421,way,not appliable,not appliable,this crossing intersects fewer than 2 kerbs. Generally each crossing should connect to at least 2 kerbs.
1078931424,way,not appliable,not appliable,this crossing intersects fewer than 2 kerbs. Generally each crossing should connect to at least 2 kerbs.
1078931425,way,not appliable,not appliable,this crossing intersects fewer than 2 kerbs. Generally each crossing should connect to at least 2 kerbs.
1078931428,way,not appliable,not appliable,this crossing intersects fewer than 2 kerbs. Generally each crossing should connect to at least 2 kerbs.
1078931432,way,not appliable,not appliable,this crossing intersects fewer than 2 kerbs. Generally each crossing should connect to at least 2 kerbs.
1078931433,way,not appliable,not appliable,this crossing intersects fewer than 2 kerbs. Generally each crossing should connect to at least 2 kerbs.
1078931434,way,not appliable,not appliable,this crossing intersects fewer than 2 kerbs. Generally each crossing should connect to at least 2 kerbs.
1078948900,way,not appliable,not appliable,this crossing intersects fewer than 2 kerbs. Generally each crossing should connect to at least 2 kerbs.
1078948901,way,not appliable,not appliable,this crossing intersects fewer than 2 kerbs. Generally each crossing should connect to at least 2 kerbs.
1078950101,way,not appliable,not appliable,this crossing intersects fewer than 2 kerbs. Generally each crossing should connect to at least 2 kerbs.
1078950113,way,not appliable,not appliable,this crossing intersects fewer than 2 kerbs. Generally each crossing should connect to at least 2 kerbs.
1078950120,way,not appliable,not appliable,this crossing intersects fewer than 2 kerbs. Generally each crossing should connect to at least 2 kerbs.
1078951239,way,not appliable,not appliable,this crossing intersects fewer than 2 kerbs. Generally each crossing should connect to at least 2 kerbs.
1078951240,way,not appliable,not appliable,this crossing intersects fewer than 2 kerbs. Generally each crossing should connect to at least 2 kerbs.
1078951241,way,not appliable,not appliable,this crossing intersects fewer than 2 kerbs. Generally each crossing should connect to at least 2 kerbs.
1078951245,way,not appliable,not appliable,this crossing intersects fewer than 2 kerbs. Generally each crossing should connect to at least 2 kerbs.
1078951785,way,not appliable,not appliable,this crossing intersects fewer than 2 kerbs. Generally each crossing should connect to at least 2 kerbs.
1078951786,way,not appliable,not appliable,this crossing intersects fewer than 2 kerbs. Generally each crossing should connect to at least 2 kerbs.
1078951801,way,not appliable,not appliable,this crossing intersects fewer than 2 kerbs. Generally each crossing should connect to at least 2 kerbs.
1078953072,way,not appliable,not appliable,this crossing intersects fewer than 2 kerbs. Generally each crossing should connect to at least 2 kerbs.
1078953083,way,not appliable,not appliable,this crossing intersects fewer than 2 kerbs. Generally each crossing should connect to at least 2 kerbs.
1078953094,way,not appliable,not appliable,this crossing intersects fewer than 2 kerbs. Generally each crossing should connect to at least 2 kerbs.
1078954259,way,not appliable,not appliable,this crossing intersects fewer than 2 kerbs. Generally each crossing should connect to at least 2 kerbs.
1078954271,way,not appliable,not appliable,this crossing intersects fewer than 2 kerbs. Generally each crossing should connect to at least 2 kerbs.
1080158841,way,not appliable,not appliable,this crossing intersects fewer than 2 kerbs. Generally each crossing should connect to at least 2 kerbs.
1080158847,way,not appliable,not appliable,this crossing intersects fewer than 2 kerbs. Generally each crossing should connect to at least 2 kerbs.
1080158850,way,not appliable,not appliable,this crossing intersects fewer than 2 kerbs. Generally each crossing should connect to at least 2 kerbs.
1080158852,way,not appliable,not appliable,this crossing intersects fewer than 2 kerbs. Generally each crossing should connect to at least 2 kerbs.
1080158854,way,not appliable,not appliable,this crossing intersects fewer than 2 kerbs. Generally each crossing should connect to at least 2 kerbs.
1080158856,way,not appliable,not appliable,this crossing intersects fewer than 2 kerbs. Generally each crossing should connect to at least 2 kerbs.
1080158857,way,not appliable,not appliable,this crossing intersects fewer than 2 kerbs. Generally each crossing should connect to at least 2 kerbs.
1080173536,way,not appliable,not appliable,this crossing intersects fewer than 2 kerbs. Generally each crossing should connect to at least 2 kerbs.
1080173539,way,not appliable,not appliable,this crossing intersects fewer than 2 kerbs. Generally each crossing should connect to at least 2 kerbs.
1080173543,way,not appliable,not appliable,this crossing intersects fewer than 2 kerbs. Generally each crossing should connect to at least 2 kerbs.
1080173545,way,not appliable,not appliable,this crossing intersects fewer than 2 kerbs. Generally each crossing should connect to at least 2 kerbs.
1080173549,way,not appliable,not appliable,this crossing intersects fewer than 2 kerbs. Generally each crossing should connect to at least 2 kerbs.
1080173552,way,not appliable,not appliable,this crossing intersects fewer than 2 kerbs. Generally each crossing should connect to at least 2 kerbs.
1080173554,way,not appliable,not appliable,this crossing intersects fewer than 2 kerbs. Generally each crossing should connect to at least 2 kerbs.
1080173556,way,not appliable,not appliable,this crossing intersects fewer than 2 kerbs. Generally each crossing should connect to at least 2 kerbs.
1080173559,way,not appliable,not appliable,this crossing intersects fewer than 2 kerbs. Generally each crossing should connect to at least 2 kerbs.
1080173561,way,not appliable,not appliable,this crossing intersects fewer than 2 kerbs. Generally each crossing should connect to at least 2 kerbs.
1080173562,way,not appliable,not appliable,this crossing intersects fewer than 2 kerbs. Generally each crossing should connect to at least 2 kerbs.
1080173563,way,not appliable,not appliable,this crossing intersects fewer than 2 kerbs. Generally each crossing should connect to at least 2 kerbs.
1080173564,way,not appliable,not appliable,this crossing intersects fewer than 2 kerbs. Generally each crossing should connect to at least 2 kerbs.
1080843535,way,not appliable,not appliable,this crossing intersects fewer than 2 kerbs. Generally each crossing should connect to at least 2 kerbs.
1080843544,way,not appliable,not appliable,this crossing intersects fewer than 2 kerbs. Generally each crossing should connect to at least 2 kerbs.
1083379831,way,not appliable,not appliable,this crossing intersects fewer than 2 kerbs. Generally each crossing should connect to at least 2 kerbs.
1083379832,way,not appliable,not appliable,this crossing intersects fewer than 2 kerbs. Generally each crossing should connect to at least 2 kerbs.
1083405603,way,not appliable,not appliable,this crossing intersects fewer than 2 kerbs. Generally each crossing should connect to at least 2 kerbs.
1083405604,way,not appliable,not appliable,this crossing intersects fewer than 2 kerbs. Generally each crossing should connect to at least 2 kerbs.
1083405609,way,not appliable,not appliable,this crossing intersects fewer than 2 kerbs. Generally each crossing should connect to at least 2 kerbs.
1083405611,way,not appliable,not appliable,this crossing intersects fewer than 2 kerbs. Generally each crossing should connect to at least 2 kerbs.
1083405612,way,not appliable,not appliable,this crossing intersects fewer than 2 kerbs. Generally each crossing should connect to at least 2 kerbs.
1083406450,way,not appliable,not appliable,this crossing intersects fewer than 2 kerbs. Generally each crossing should connect to at least 2 kerbs.
1083406453,way,not appliable,not appliable,this crossing intersects fewer than 2 kerbs. Generally each crossing should connect to at least 2 kerbs.
1083406454,way,not appliable,not appliable,this crossing intersects fewer than 2 kerbs. Generally each crossing should connect to at least 2 kerbs.
1083930273,way,not appliable,not appliable,this crossing intersects fewer than 2 kerbs. Generally each crossing should connect to at least 2 kerbs.
1086100520,way,not appliable,not appliable,this crossing intersects fewer than 2 kerbs. Generally each crossing should connect to at least 2 kerbs.
1087106695,way,not appliable,not appliable,this crossing intersects fewer than 2 kerbs. Generally each crossing should connect to at least 2 kerbs.
1087106697,way,not appliable,not appliable,this crossing intersects fewer than 2 kerbs. Generally each crossing should connect to at least 2 kerbs.
1087109707,way,not appliable,not appliable,this crossing intersects fewer than 2 kerbs. Generally each crossing should connect to at least 2 kerbs.
1087110371,way,not appliable,not appliable,this crossing intersects fewer than 2 kerbs. Generally each crossing should connect to at least 2 kerbs.
1087110373,way,not appliable,not appliable,this crossing intersects fewer than 2 kerbs. Generally each crossing should connect to at least 2 kerbs.
1087110375,way,not appliable,not appliable,this crossing intersects fewer than 2 kerbs. Generally each crossing should connect to at least 2 kerbs.
1087110376,way,not appliable,not appliable,this crossing intersects fewer than 2 kerbs. Generally each crossing should connect to at least 2 kerbs.
1087647110,way,not appliable,not appliable,this crossing intersects fewer than 2 kerbs. Generally each crossing should connect to at least 2 kerbs.
1087647112,way,not appliable,not appliable,this crossing intersects fewer than 2 kerbs. Generally each crossing should connect to at least 2 kerbs.
1087647114,way,not appliable,not appliable,this crossing intersects fewer than 2 kerbs. Generally each crossing should connect to at least 2 kerbs.
1087647117,way,not appliable,not appliable,this crossing intersects fewer than 2 kerbs. Generally each crossing should connect to at least 2 kerbs.
1087647118,way,not appliable,not appliable,this crossing intersects fewer than 2 kerbs. Generally each crossing should connect to at least 2 kerbs.
1089774735,way,not appliable,not appliable,this crossing intersects fewer than 2 kerbs. Generally each crossing should connect to at least 2 kerbs.
1090001805,way,not appliable,not appliable,this crossing intersects fewer than 2 kerbs. Generally each crossing should connect to at least 2 kerbs.
1090001806,way,not appliable,not appliable,this crossing intersects fewer than 2 kerbs. Generally each crossing should connect to at least 2 kerbs.
1090001810,way,not appliable,not appliable,this crossing intersects fewer than 2 kerbs. Generally each crossing should connect to at least 2 kerbs.
1090001820,way,not appliable,not appliable,this crossing intersects fewer than 2 kerbs. Generally each crossing should connect to at least 2 kerbs.
1090001826,way,not appliable,not appliable,this crossing intersects fewer than 2 kerbs. Generally each crossing should connect to at least 2 kerbs.
1090001831,way,not appliable,not appliable,this crossing intersects fewer than 2 kerbs. Generally each crossing should connect to at least 2 kerbs.
1090001838,way,not appliable,not appliable,this crossing intersects fewer than 2 kerbs. Generally each crossing should connect to at least 2 kerbs.
1090009093,way,not appliable,not appliable,this crossing intersects fewer than 2 kerbs. Generally each crossing should connect to at least 2 kerbs.
1090009094,way,not appliable,not appliable,this crossing intersects fewer than 2 kerbs. Generally each crossing should connect to at least 2 kerbs.
1090009096,way,not appliable,not appliable,this crossing intersects fewer than 2 kerbs. Generally each crossing should connect to at least 2 kerbs.
1090380894,way,not appliable,not appliable,this crossing intersects fewer than 2 kerbs. Generally each crossing should connect to at least 2 kerbs.
1090380895,way,not appliable,not appliable,this crossing intersects fewer than 2 kerbs. Generally each crossing should connect to at least 2 kerbs.
1090637212,way,not appliable,not appliable,this crossing intersects fewer than 2 kerbs. Generally each crossing should connect to at least 2 kerbs.
1090656497,way,not appliable,not appliable,this crossing intersects fewer than 2 kerbs. Generally each crossing should connect to at least 2 kerbs.
1091994114,way,not appliable,not appliable,this crossing intersects fewer than 2 kerbs. Generally each crossing should connect to at least 2 kerbs.
1091994115,way,not appliable,not appliable,this crossing intersects fewer than 2 kerbs. Generally each crossing should connect to at least 2 kerbs.
1091995412,way,not appliable,not appliable,this crossing intersects fewer than 2 kerbs. Generally each crossing should connect to at least 2 kerbs.
1091998675,way,not appliable,not appliable,this crossing intersects fewer than 2 kerbs. Generally each crossing should connect to at least 2 kerbs.
1092008897,way,not appliable,not appliable,this crossing intersects fewer than 2 kerbs. Generally each crossing should connect to at least 2 kerbs.
1092012764,way,not appliable,not appliable,this crossing intersects fewer than 2 kerbs. Generally each crossing should connect to at least 2 kerbs.
1092012766,way,not appliable,not appliable,this crossing intersects fewer than 2 kerbs. Generally each crossing should connect to at least 2 kerbs.
1092012768,way,not appliable,not appliable,this crossing intersects fewer than 2 kerbs. Generally each crossing should connect to at least 2 kerbs.
1092012769,way,not appliable,not appliable,this crossing intersects fewer than 2 kerbs. Generally each crossing should connect to at least 2 kerbs.
1092012773,way,not appliable,not appliable,this crossing intersects fewer than 2 kerbs. Generally each crossing should connect to at least 2 kerbs.
1092012775,way,not appliable,not appliable,this crossing intersects fewer than 2 kerbs. Generally each crossing should connect to at least 2 kerbs.
1092012777,way,not appliable,not appliable,this crossing intersects fewer than 2 kerbs. Generally each crossing should connect to at least 2 kerbs.
1092012778,way,not appliable,not appliable,this crossing intersects fewer than 2 kerbs. Generally each crossing should connect to at least 2 kerbs.
1092012781,way,not appliable,not appliable,this crossing intersects fewer than 2 kerbs. Generally each crossing should connect to at least 2 kerbs.
1092012784,way,not appliable,not appliable,this crossing intersects fewer than 2 kerbs. Generally each crossing should connect to at least 2 kerbs.
1092012785,way,not appliable,not appliable,this crossing intersects fewer than 2 kerbs. Generally each crossing should connect to at least 2 kerbs.
1092013275,way,not appliable,not appliable,this crossing intersects fewer than 2 kerbs. Generally each crossing should connect to at least 2 kerbs.
1092013276,way,not appliable,not appliable,this crossing intersects fewer than 2 kerbs. Generally each crossing should connect to at least 2 kerbs.
1092013277,way,not appliable,not appliable,this crossing intersects fewer than 2 kerbs. Generally each crossing should connect to at least 2 kerbs.
1092013279,way,not appliable,not appliable,this crossing intersects fewer than 2 kerbs. Generally each crossing should connect to at least 2 kerbs.
1092013282,way,not appliable,not appliable,this crossing intersects fewer than 2 kerbs. Generally each crossing should connect to at least 2 kerbs.
1092013284,way,not appliable,not appliable,this crossing intersects fewer than 2 kerbs. Generally each crossing should connect to at least 2 kerbs.
1092013286,way,not appliable,not appliable,this crossing intersects fewer than 2 kerbs. Generally each crossing should connect to at least 2 kerbs.
1092013288,way,not appliable,not appliable,this crossing intersects fewer than 2 kerbs. Generally each crossing should connect to at least 2 kerbs.
1092013289,way,not appliable,not appliable,this crossing intersects fewer than 2 kerbs. Generally each crossing should connect to at least 2 kerbs.
1092013291,way,not appliable,not appliable,this crossing intersects fewer than 2 kerbs. Generally each crossing should connect to at least 2 kerbs.
1092019376,way,not appliable,not appliable,this crossing intersects fewer than 2 kerbs. Generally each crossing should connect to at least 2 kerbs.
1092019377,way,not appliable,not appliable,this crossing intersects fewer than 2 kerbs. Generally each crossing should connect to at least 2 kerbs.
1092019384,way,not appliable,not appliable,this crossing intersects fewer than 2 kerbs. Generally each crossing should connect to at least 2 kerbs.
1092028189,way,not appliable,not appliable,this crossing intersects fewer than 2 kerbs. Generally each crossing should connect to at least 2 kerbs.
1092028190,way,not appliable,not appliable,this crossing intersects fewer than 2 kerbs. Generally each crossing should connect to at least 2 kerbs.
1092028216,way,not appliable,not appliable,this crossing intersects fewer than 2 kerbs. Generally each crossing should connect to at least 2 kerbs.
1092028218,way,not appliable,not appliable,this crossing intersects fewer than 2 kerbs. Generally each crossing should connect to at least 2 kerbs.
1092028240,way,not appliable,not appliable,this crossing intersects fewer than 2 kerbs. Generally each crossing should connect to at least 2 kerbs.
1092028242,way,not appliable,not appliable,this crossing intersects fewer than 2 kerbs. Generally each crossing should connect to at least 2 kerbs.
1092235167,way,not appliable,not appliable,this crossing intersects fewer than 2 kerbs. Generally each crossing should connect to at least 2 kerbs.
1092235168,way,not appliable,not appliable,this crossing intersects fewer than 2 kerbs. Generally each crossing should connect to at least 2 kerbs.
1092235169,way,not appliable,not appliable,this crossing intersects fewer than 2 kerbs. Generally each crossing should connect to at least 2 kerbs.
1092235171,way,not appliable,not appliable,this crossing intersects fewer than 2 kerbs. Generally each crossing should connect to at least 2 kerbs.
1092235174,way,not appliable,not appliable,this crossing intersects fewer than 2 kerbs. Generally each crossing should connect to at least 2 kerbs.
1092235176,way,not appliable,not appliable,this crossing intersects fewer than 2 kerbs. Generally each crossing should connect to at least 2 kerbs.
1092235178,way,not appliable,not appliable,this crossing intersects fewer than 2 kerbs. Generally each crossing should connect to at least 2 kerbs.
1092235181,way,not appliable,not appliable,this crossing intersects fewer than 2 kerbs. Generally each crossing should connect to at least 2 kerbs.
1092235182,way,not appliable,not appliable,this crossing intersects fewer than 2 kerbs. Generally each crossing should connect to at least 2 kerbs.
1092249923,way,not appliable,not appliable,this crossing intersects fewer than 2 kerbs. Generally each crossing should connect to at least 2 kerbs.
1092256367,way,not appliable,not appliable,this crossing intersects fewer than 2 kerbs. Generally each crossing should connect to at least 2 kerbs.
1092256368,way,not appliable,not appliable,this crossing intersects fewer than 2 kerbs. Generally each crossing should connect to at least 2 kerbs.
1092256370,way,not appliable,not appliable,this crossing intersects fewer than 2 kerbs. Generally each crossing should connect to at least 2 kerbs.
1092258484,way,not appliable,not appliable,this crossing intersects fewer than 2 kerbs. Generally each crossing should connect to at least 2 kerbs.
1092260805,way,not appliable,not appliable,this crossing intersects fewer than 2 kerbs. Generally each crossing should connect to at least 2 kerbs.
1092260806,way,not appliable,not appliable,this crossing intersects fewer than 2 kerbs. Generally each crossing should connect to at least 2 kerbs.
1092260808,way,not appliable,not appliable,this crossing intersects fewer than 2 kerbs. Generally each crossing should connect to at least 2 kerbs.
1092260810,way,not appliable,not appliable,this crossing intersects fewer than 2 kerbs. Generally each crossing should connect to at least 2 kerbs.
1092260815,way,not appliable,not appliable,this crossing intersects fewer than 2 kerbs. Generally each crossing should connect to at least 2 kerbs.
1092260816,way,not appliable,not appliable,this crossing intersects fewer than 2 kerbs. Generally each crossing should connect to at least 2 kerbs.
1092260817,way,not appliable,not appliable,this crossing intersects fewer than 2 kerbs. Generally each crossing should connect to at least 2 kerbs.
1093019247,way,not appliable,not appliable,this crossing intersects fewer than 2 kerbs. Generally each crossing should connect to at least 2 kerbs.
1093019248,way,not appliable,not appliable,this crossing intersects fewer than 2 kerbs. Generally each crossing should connect to at least 2 kerbs.
1093019250,way,not appliable,not appliable,this crossing intersects fewer than 2 kerbs. Generally each crossing should connect to at least 2 kerbs.
1093019252,way,not appliable,not appliable,this crossing intersects fewer than 2 kerbs. Generally each crossing should connect to at least 2 kerbs.
1093019254,way,not appliable,not appliable,this crossing intersects fewer than 2 kerbs. Generally each crossing should connect to at least 2 kerbs.
1093019255,way,not appliable,not appliable,this crossing intersects fewer than 2 kerbs. Generally each crossing should connect to at least 2 kerbs.
1093019257,way,not appliable,not appliable,this crossing intersects fewer than 2 kerbs. Generally each crossing should connect to at least 2 kerbs.
1093276556,way,not appliable,not appliable,this crossing intersects fewer than 2 kerbs. Generally each crossing should connect to at least 2 kerbs.
1093276557,way,not appliable,not appliable,this crossing intersects fewer than 2 kerbs. Generally each crossing should connect to at least 2 kerbs.
1093276573,way,not appliable,not appliable,this crossing intersects fewer than 2 kerbs. Generally each crossing should connect to at least 2 kerbs.
1093276574,way,not appliable,not appliable,this crossing intersects fewer than 2 kerbs. Generally each crossing should connect to at least 2 kerbs.
1093276576,way,not appliable,not appliable,this crossing intersects fewer than 2 kerbs. Generally each crossing should connect to at least 2 kerbs.
1093276580,way,not appliable,not appliable,this crossing intersects fewer than 2 kerbs. Generally each crossing should connect to at least 2 kerbs.
1093276581,way,not appliable,not appliable,this crossing intersects fewer than 2 kerbs. Generally each crossing should connect to at least 2 kerbs.
1093276583,way,not appliable,not appliable,this crossing intersects fewer than 2 kerbs. Generally each crossing should connect to at least 2 kerbs.
1093276584,way,not appliable,not appliable,this crossing intersects fewer than 2 kerbs. Generally each crossing should connect to at least 2 kerbs.
1093276587,way,not appliable,not appliable,this crossing intersects fewer than 2 kerbs. Generally each crossing should connect to at least 2 kerbs.
1093276588,way,not appliable,not appliable,this crossing intersects fewer than 2 kerbs. Generally each crossing should connect to at least 2 kerbs.
1093276601,way,not appliable,not appliable,this crossing intersects fewer than 2 kerbs. Generally each crossing should connect to at least 2 kerbs.
1093276603,way,not appliable,not appliable,this crossing intersects fewer than 2 kerbs. Generally each crossing should connect to at least 2 kerbs.
1093276614,way,not appliable,not appliable,this crossing intersects fewer than 2 kerbs. Generally each crossing should connect to at least 2 kerbs.
1093276615,way,not appliable,not appliable,this crossing intersects fewer than 2 kerbs. Generally each crossing should connect to at least 2 kerbs.
1093276622,way,not appliable,not appliable,this crossing intersects fewer than 2 kerbs. Generally each crossing should connect to at least 2 kerbs.
1093942259,way,not appliable,not appliable,this crossing intersects fewer than 2 kerbs. Generally each crossing should connect to at least 2 kerbs.
1095308252,way,not appliable,not appliable,this crossing intersects fewer than 2 kerbs. Generally each crossing should connect to at least 2 kerbs.
1095308253,way,not appliable,not appliable,this crossing intersects fewer than 2 kerbs. Generally each crossing should connect to at least 2 kerbs.
1096210621,way,not appliable,not appliable,this crossing intersects fewer than 2 kerbs. Generally each crossing should connect to at least 2 kerbs.
1096210622,way,not appliable,not appliable,this crossing intersects fewer than 2 kerbs. Generally each crossing should connect to at least 2 kerbs.
1096210624,way,not appliable,not appliable,this crossing intersects fewer than 2 kerbs. Generally each crossing should connect to at least 2 kerbs.
1097615005,way,not appliable,not appliable,this crossing intersects fewer than 2 kerbs. Generally each crossing should connect to at least 2 kerbs.
1098027812,way,not appliable,not appliable,this crossing intersects fewer than 2 kerbs. Generally each crossing should connect to at least 2 kerbs.
1098880316,way,not appliable,not appliable,this crossing intersects fewer than 2 kerbs. Generally each crossing should connect to at least 2 kerbs.
1098880317,way,not appliable,not appliable,this crossing intersects fewer than 2 kerbs. Generally each crossing should connect to at least 2 kerbs.
1098881184,way,not appliable,not appliable,this crossing intersects fewer than 2 kerbs. Generally each crossing should connect to at least 2 kerbs.
1098881185,way,not appliable,not appliable,this crossing intersects fewer than 2 kerbs. Generally each crossing should connect to at least 2 kerbs.
1098890847,way,not appliable,not appliable,this crossing intersects fewer than 2 kerbs. Generally each crossing should connect to at least 2 kerbs.
1098890848,way,not appliable,not appliable,this crossing intersects fewer than 2 kerbs. Generally each crossing should connect to at least 2 kerbs.
1098890850,way,not appliable,not appliable,this crossing intersects fewer than 2 kerbs. Generally each crossing should connect to at least 2 kerbs.
1098890851,way,not appliable,not appliable,this crossing intersects fewer than 2 kerbs. Generally each crossing should connect to at least 2 kerbs.
1098890853,way,not appliable,not appliable,this crossing intersects fewer than 2 kerbs. Generally each crossing should connect to at least 2 kerbs.
1098890854,way,not appliable,not appliable,this crossing intersects fewer than 2 kerbs. Generally each crossing should connect to at least 2 kerbs.
1098890855,way,not appliable,not appliable,this crossing intersects fewer than 2 kerbs. Generally each crossing should connect to at least 2 kerbs.
1098890856,way,not appliable,not appliable,this crossing intersects fewer than 2 kerbs. Generally each crossing should connect to at least 2 kerbs.
1098890857,way,not appliable,not appliable,this crossing intersects fewer than 2 kerbs. Generally each crossing should connect to at least 2 kerbs.
1098890858,way,not appliable,not appliable,this crossing intersects fewer than 2 kerbs. Generally each crossing should connect to at least 2 kerbs.
1098890860,way,not appliable,not appliable,this crossing intersects fewer than 2 kerbs. Generally each crossing should connect to at least 2 kerbs.
1098890861,way,not appliable,not appliable,this crossing intersects fewer than 2 kerbs. Generally each crossing should connect to at least 2 kerbs.
1098890864,way,not appliable,not appliable,this crossing intersects fewer than 2 kerbs. Generally each crossing should connect to at least 2 kerbs.
1098890865,way,not appliable,not appliable,this crossing intersects fewer than 2 kerbs. Generally each crossing should connect to at least 2 kerbs.
1098891934,way,not appliable,not appliable,this crossing intersects fewer than 2 kerbs. Generally each crossing should connect to at least 2 kerbs.
1098891936,way,not appliable,not appliable,this crossing intersects fewer than 2 kerbs. Generally each crossing should connect to at least 2 kerbs.
1098896580,way,not appliable,not appliable,this crossing intersects fewer than 2 kerbs. Generally each crossing should connect to at least 2 kerbs.
1098896581,way,not appliable,not appliable,this crossing intersects fewer than 2 kerbs. Generally each crossing should connect to at least 2 kerbs.
1098896583,way,not appliable,not appliable,this crossing intersects fewer than 2 kerbs. Generally each crossing should connect to at least 2 kerbs.
1098896586,way,not appliable,not appliable,this crossing intersects fewer than 2 kerbs. Generally each crossing should connect to at least 2 kerbs.
1098896589,way,not appliable,not appliable,this crossing intersects fewer than 2 kerbs. Generally each crossing should connect to at least 2 kerbs.
1098896590,way,not appliable,not appliable,this crossing intersects fewer than 2 kerbs. Generally each crossing should connect to at least 2 kerbs.
1098948786,way,not appliable,not appliable,this crossing intersects fewer than 2 kerbs. Generally each crossing should connect to at least 2 kerbs.
1098948789,way,not appliable,not appliable,this crossing intersects fewer than 2 kerbs. Generally each crossing should connect to at least 2 kerbs.
1098948790,way,not appliable,not appliable,this crossing intersects fewer than 2 kerbs. Generally each crossing should connect to at least 2 kerbs.
1098948791,way,not appliable,not appliable,this crossing intersects fewer than 2 kerbs. Generally each crossing should connect to at least 2 kerbs.
1098948793,way,not appliable,not appliable,this crossing intersects fewer than 2 kerbs. Generally each crossing should connect to at least 2 kerbs.
1098948794,way,not appliable,not appliable,this crossing intersects fewer than 2 kerbs. Generally each crossing should connect to at least 2 kerbs.
1098948795,way,not appliable,not appliable,this crossing intersects fewer than 2 kerbs. Generally each crossing should connect to at least 2 kerbs.
1098948796,way,not appliable,not appliable,this crossing intersects fewer than 2 kerbs. Generally each crossing should connect to at least 2 kerbs.
1098952822,way,not appliable,not appliable,this crossing intersects fewer than 2 kerbs. Generally each crossing should connect to at least 2 kerbs.
1098952825,way,not appliable,not appliable,this crossing intersects fewer than 2 kerbs. Generally each crossing should connect to at least 2 kerbs.
1099346476,way,not appliable,not appliable,this crossing intersects fewer than 2 kerbs. Generally each crossing should connect to at least 2 kerbs.
1099470416,way,not appliable,not appliable,this crossing intersects fewer than 2 kerbs. Generally each crossing should connect to at least 2 kerbs.
1100984433,way,not appliable,not appliable,this crossing intersects fewer than 2 kerbs. Generally each crossing should connect to at least 2 kerbs.
1100984434,way,not appliable,not appliable,this crossing intersects fewer than 2 kerbs. Generally each crossing should connect to at least 2 kerbs.
1100984435,way,not appliable,not appliable,this crossing intersects fewer than 2 kerbs. Generally each crossing should connect to at least 2 kerbs.
1100984436,way,not appliable,not appliable,this crossing intersects fewer than 2 kerbs. Generally each crossing should connect to at least 2 kerbs.
1100984437,way,not appliable,not appliable,this crossing intersects fewer than 2 kerbs. Generally each crossing should connect to at least 2 kerbs.
1100984438,way,not appliable,not appliable,this crossing intersects fewer than 2 kerbs. Generally each crossing should connect to at least 2 kerbs.
1100984439,way,not appliable,not appliable,this crossing intersects fewer than 2 kerbs. Generally each crossing should connect to at least 2 kerbs.
1100984440,way,not appliable,not appliable,this crossing intersects fewer than 2 kerbs. Generally each crossing should connect to at least 2 kerbs.
1101285766,way,not appliable,not appliable,this crossing intersects fewer than 2 kerbs. Generally each crossing should connect to at least 2 kerbs.
1101816234,way,not appliable,not appliable,this crossing intersects fewer than 2 kerbs. Generally each crossing should connect to at least 2 kerbs.
1101816242,way,not appliable,not appliable,this crossing intersects fewer than 2 kerbs. Generally each crossing should connect to at least 2 kerbs.
1102260453,way,not appliable,not appliable,this crossing intersects fewer than 2 kerbs. Generally each crossing should connect to at least 2 kerbs.
1102394576,way,not appliable,not appliable,this crossing intersects fewer than 2 kerbs. Generally each crossing should connect to at least 2 kerbs.
1103753284,way,not appliable,not appliable,this crossing intersects fewer than 2 kerbs. Generally each crossing should connect to at least 2 kerbs.
1103753286,way,not appliable,not appliable,this crossing intersects fewer than 2 kerbs. Generally each crossing should connect to at least 2 kerbs.
1103770622,way,not appliable,not appliable,this crossing intersects fewer than 2 kerbs. Generally each crossing should connect to at least 2 kerbs.
1103770632,way,not appliable,not appliable,this crossing intersects fewer than 2 kerbs. Generally each crossing should connect to at least 2 kerbs.
1103770633,way,not appliable,not appliable,this crossing intersects fewer than 2 kerbs. Generally each crossing should connect to at least 2 kerbs.
1103770634,way,not appliable,not appliable,this crossing intersects fewer than 2 kerbs. Generally each crossing should connect to at least 2 kerbs.
1103770636,way,not appliable,not appliable,this crossing intersects fewer than 2 kerbs. Generally each crossing should connect to at least 2 kerbs.
1103770647,way,not appliable,not appliable,this crossing intersects fewer than 2 kerbs. Generally each crossing should connect to at least 2 kerbs.
1103770655,way,not appliable,not appliable,this crossing intersects fewer than 2 kerbs. Generally each crossing should connect to at least 2 kerbs.
1103770656,way,not appliable,not appliable,this crossing intersects fewer than 2 kerbs. Generally each crossing should connect to at least 2 kerbs.
1103770662,way,not appliable,not appliable,this crossing intersects fewer than 2 kerbs. Generally each crossing should connect to at least 2 kerbs.
1103770663,way,not appliable,not appliable,this crossing intersects fewer than 2 kerbs. Generally each crossing should connect to at least 2 kerbs.
1103770665,way,not appliable,not appliable,this crossing intersects fewer than 2 kerbs. Generally each crossing should connect to at least 2 kerbs.
1103770666,way,not appliable,not appliable,this crossing intersects fewer than 2 kerbs. Generally each crossing should connect to at least 2 kerbs.
1103770668,way,not appliable,not appliable,this crossing intersects fewer than 2 kerbs. Generally each crossing should connect to at least 2 kerbs.
1103999063,way,not appliable,not appliable,this crossing intersects fewer than 2 kerbs. Generally each crossing should connect to at least 2 kerbs.
1104008901,way,not appliable,not appliable,this crossing intersects fewer than 2 kerbs. Generally each crossing should connect to at least 2 kerbs.
1104008902,way,not appliable,not appliable,this crossing intersects fewer than 2 kerbs. Generally each crossing should connect to at least 2 kerbs.
1104338962,way,not appliable,not appliable,this crossing intersects fewer than 2 kerbs. Generally each crossing should connect to at least 2 kerbs.
1104543785,way,not appliable,not appliable,this crossing intersects fewer than 2 kerbs. Generally each crossing should connect to at least 2 kerbs.
1104543786,way,not appliable,not appliable,this crossing intersects fewer than 2 kerbs. Generally each crossing should connect to at least 2 kerbs.
1104713375,way,not appliable,not appliable,this crossing intersects fewer than 2 kerbs. Generally each crossing should connect to at least 2 kerbs.
1104713376,way,not appliable,not appliable,this crossing intersects fewer than 2 kerbs. Generally each crossing should connect to at least 2 kerbs.
1104713377,way,not appliable,not appliable,this crossing intersects fewer than 2 kerbs. Generally each crossing should connect to at least 2 kerbs.
1105424595,way,not appliable,not appliable,this crossing intersects fewer than 2 kerbs. Generally each crossing should connect to at least 2 kerbs.
1105424605,way,not appliable,not appliable,this crossing intersects fewer than 2 kerbs. Generally each crossing should connect to at least 2 kerbs.
1105424606,way,not appliable,not appliable,this crossing intersects fewer than 2 kerbs. Generally each crossing should connect to at least 2 kerbs.
1105426739,way,not appliable,not appliable,this crossing intersects fewer than 2 kerbs. Generally each crossing should connect to at least 2 kerbs.
1105426742,way,not appliable,not appliable,this crossing intersects fewer than 2 kerbs. Generally each crossing should connect to at least 2 kerbs.
1105426743,way,not appliable,not appliable,this crossing intersects fewer than 2 kerbs. Generally each crossing should connect to at least 2 kerbs.
1105426745,way,not appliable,not appliable,this crossing intersects fewer than 2 kerbs. Generally each crossing should connect to at least 2 kerbs.
1105426746,way,not appliable,not appliable,this crossing intersects fewer than 2 kerbs. Generally each crossing should connect to at least 2 kerbs.
1105426748,way,not appliable,not appliable,this crossing intersects fewer than 2 kerbs. Generally each crossing should connect to at least 2 kerbs.
1105426749,way,not appliable,not appliable,this crossing intersects fewer than 2 kerbs. Generally each crossing should connect to at least 2 kerbs.
1105426750,way,not appliable,not appliable,this crossing intersects fewer than 2 kerbs. Generally each crossing should connect to at least 2 kerbs.
1105426753,way,not appliable,not appliable,this crossing intersects fewer than 2 kerbs. Generally each crossing should connect to at least 2 kerbs.
1105429317,way,not appliable,not appliable,this crossing intersects fewer than 2 kerbs. Generally each crossing should connect to at least 2 kerbs.
1105429322,way,not appliable,not appliable,this crossing intersects fewer than 2 kerbs. Generally each crossing should connect to at least 2 kerbs.
1105434333,way,not appliable,not appliable,this crossing intersects fewer than 2 kerbs. Generally each crossing should connect to at least 2 kerbs.
1105434336,way,not appliable,not appliable,this crossing intersects fewer than 2 kerbs. Generally each crossing should connect to at least 2 kerbs.
1105930115,way,not appliable,not appliable,this crossing intersects fewer than 2 kerbs. Generally each crossing should connect to at least 2 kerbs.
1105930116,way,not appliable,not appliable,this crossing intersects fewer than 2 kerbs. Generally each crossing should connect to at least 2 kerbs.
1105930117,way,not appliable,not appliable,this crossing intersects fewer than 2 kerbs. Generally each crossing should connect to at least 2 kerbs.
1105930118,way,not appliable,not appliable,this crossing intersects fewer than 2 kerbs. Generally each crossing should connect to at least 2 kerbs.
1105969399,way,not appliable,not appliable,this crossing intersects fewer than 2 kerbs. Generally each crossing should connect to at least 2 kerbs.
1105969401,way,not appliable,not appliable,this crossing intersects fewer than 2 kerbs. Generally each crossing should connect to at least 2 kerbs.
1105969411,way,not appliable,not appliable,this crossing intersects fewer than 2 kerbs. Generally each crossing should connect to at least 2 kerbs.
1105969413,way,not appliable,not appliable,this crossing intersects fewer than 2 kerbs. Generally each crossing should connect to at least 2 kerbs.
1105969414,way,not appliable,not appliable,this crossing intersects fewer than 2 kerbs. Generally each crossing should connect to at least 2 kerbs.
1105969417,way,not appliable,not appliable,this crossing intersects fewer than 2 kerbs. Generally each crossing should connect to at least 2 kerbs.
1105969429,way,not appliable,not appliable,this crossing intersects fewer than 2 kerbs. Generally each crossing should connect to at least 2 kerbs.
1105969430,way,not appliable,not appliable,this crossing intersects fewer than 2 kerbs. Generally each crossing should connect to at least 2 kerbs.
1106242723,way,not appliable,not appliable,this crossing intersects fewer than 2 kerbs. Generally each crossing should connect to at least 2 kerbs.
1106242724,way,not appliable,not appliable,this crossing intersects fewer than 2 kerbs. Generally each crossing should connect to at least 2 kerbs.
1106242725,way,not appliable,not appliable,this crossing intersects fewer than 2 kerbs. Generally each crossing should connect to at least 2 kerbs.
1106242727,way,not appliable,not appliable,this crossing intersects fewer than 2 kerbs. Generally each crossing should connect to at least 2 kerbs.
1106498154,way,not appliable,not appliable,this crossing intersects fewer than 2 kerbs. Generally each crossing should connect to at least 2 kerbs.
1106498163,way,not appliable,not appliable,this crossing intersects fewer than 2 kerbs. Generally each crossing should connect to at least 2 kerbs.
1106498164,way,not appliable,not appliable,this crossing intersects fewer than 2 kerbs. Generally each crossing should connect to at least 2 kerbs.
1106498166,way,not appliable,not appliable,this crossing intersects fewer than 2 kerbs. Generally each crossing should connect to at least 2 kerbs.
1106498167,way,not appliable,not appliable,this crossing intersects fewer than 2 kerbs. Generally each crossing should connect to at least 2 kerbs.
1106498168,way,not appliable,not appliable,this crossing intersects fewer than 2 kerbs. Generally each crossing should connect to at least 2 kerbs.
1107035928,way,not appliable,not appliable,this crossing intersects fewer than 2 kerbs. Generally each crossing should connect to at least 2 kerbs.
1107035953,way,not appliable,not appliable,this crossing intersects fewer than 2 kerbs. Generally each crossing should connect to at least 2 kerbs.
1107035954,way,not appliable,not appliable,this crossing intersects fewer than 2 kerbs. Generally each crossing should connect to at least 2 kerbs.
1107035955,way,not appliable,not appliable,this crossing intersects fewer than 2 kerbs. Generally each crossing should connect to at least 2 kerbs.
1107035969,way,not appliable,not appliable,this crossing intersects fewer than 2 kerbs. Generally each crossing should connect to at least 2 kerbs.
1107035971,way,not appliable,not appliable,this crossing intersects fewer than 2 kerbs. Generally each crossing should connect to at least 2 kerbs.
1107035973,way,not appliable,not appliable,this crossing intersects fewer than 2 kerbs. Generally each crossing should connect to at least 2 kerbs.
1108783497,way,not appliable,not appliable,this crossing intersects fewer than 2 kerbs. Generally each crossing should connect to at least 2 kerbs.
1109174955,way,not appliable,not appliable,this crossing intersects fewer than 2 kerbs. Generally each crossing should connect to at least 2 kerbs.
1109874862,way,not appliable,not appliable,this crossing intersects fewer than 2 kerbs. Generally each crossing should connect to at least 2 kerbs.
1109874864,way,not appliable,not appliable,this crossing intersects fewer than 2 kerbs. Generally each crossing should connect to at least 2 kerbs.
1109874866,way,not appliable,not appliable,this crossing intersects fewer than 2 kerbs. Generally each crossing should connect to at least 2 kerbs.
1109874877,way,not appliable,not appliable,this crossing intersects fewer than 2 kerbs. Generally each crossing should connect to at least 2 kerbs.
1109874878,way,not appliable,not appliable,this crossing intersects fewer than 2 kerbs. Generally each crossing should connect to at least 2 kerbs.
1109874881,way,not appliable,not appliable,this crossing intersects fewer than 2 kerbs. Generally each crossing should connect to at least 2 kerbs.
1109874885,way,not appliable,not appliable,this crossing intersects fewer than 2 kerbs. Generally each crossing should connect to at least 2 kerbs.
1109874887,way,not appliable,not appliable,this crossing intersects fewer than 2 kerbs. Generally each crossing should connect to at least 2 kerbs.
1109874888,way,not appliable,not appliable,this crossing intersects fewer than 2 kerbs. Generally each crossing should connect to at least 2 kerbs.
1109874890,way,not appliable,not appliable,this crossing intersects fewer than 2 kerbs. Generally each crossing should connect to at least 2 kerbs.
1110167628,way,not appliable,not appliable,this crossing intersects fewer than 2 kerbs. Generally each crossing should connect to at least 2 kerbs.
1110167638,way,not appliable,not appliable,this crossing intersects fewer than 2 kerbs. Generally each crossing should connect to at least 2 kerbs.
1110169198,way,not appliable,not appliable,this crossing intersects fewer than 2 kerbs. Generally each crossing should connect to at least 2 kerbs.
1110169199,way,not appliable,not appliable,this crossing intersects fewer than 2 kerbs. Generally each crossing should connect to at least 2 kerbs.
1110169201,way,not appliable,not appliable,this crossing intersects fewer than 2 kerbs. Generally each crossing should connect to at least 2 kerbs.
1110619404,way,not appliable,not appliable,this crossing intersects fewer than 2 kerbs. Generally each crossing should connect to at least 2 kerbs.
1110913570,way,not appliable,not appliable,this crossing intersects fewer than 2 kerbs. Generally each crossing should connect to at least 2 kerbs.
1111175186,way,not appliable,not appliable,this crossing intersects fewer than 2 kerbs. Generally each crossing should connect to at least 2 kerbs.
1111175187,way,not appliable,not appliable,this crossing intersects fewer than 2 kerbs. Generally each crossing should connect to at least 2 kerbs.
1111186244,way,not appliable,not appliable,this crossing intersects fewer than 2 kerbs. Generally each crossing should connect to at least 2 kerbs.
1111192670,way,not appliable,not appliable,this crossing intersects fewer than 2 kerbs. Generally each crossing should connect to at least 2 kerbs.
1111203625,way,not appliable,not appliable,this crossing intersects fewer than 2 kerbs. Generally each crossing should connect to at least 2 kerbs.
1111203647,way,not appliable,not appliable,this crossing intersects fewer than 2 kerbs. Generally each crossing should connect to at least 2 kerbs.
1111208310,way,not appliable,not appliable,this crossing intersects fewer than 2 kerbs. Generally each crossing should connect to at least 2 kerbs.
1111208311,way,not appliable,not appliable,this crossing intersects fewer than 2 kerbs. Generally each crossing should connect to at least 2 kerbs.
1111698620,way,not appliable,not appliable,this crossing intersects fewer than 2 kerbs. Generally each crossing should connect to at least 2 kerbs.
1111698625,way,not appliable,not appliable,this crossing intersects fewer than 2 kerbs. Generally each crossing should connect to at least 2 kerbs.
1111698633,way,not appliable,not appliable,this crossing intersects fewer than 2 kerbs. Generally each crossing should connect to at least 2 kerbs.
1111698641,way,not appliable,not appliable,this crossing intersects fewer than 2 kerbs. Generally each crossing should connect to at least 2 kerbs.
1111698655,way,not appliable,not appliable,this crossing intersects fewer than 2 kerbs. Generally each crossing should connect to at least 2 kerbs.
1111718246,way,not appliable,not appliable,this crossing intersects fewer than 2 kerbs. Generally each crossing should connect to at least 2 kerbs.
1111718248,way,not appliable,not appliable,this crossing intersects fewer than 2 kerbs. Generally each crossing should connect to at least 2 kerbs.
1111718250,way,not appliable,not appliable,this crossing intersects fewer than 2 kerbs. Generally each crossing should connect to at least 2 kerbs.
1111782894,way,not appliable,not appliable,this crossing intersects fewer than 2 kerbs. Generally each crossing should connect to at least 2 kerbs.
1111782899,way,not appliable,not appliable,this crossing intersects fewer than 2 kerbs. Generally each crossing should connect to at least 2 kerbs.
1111908077,way,not appliable,not appliable,this crossing intersects fewer than 2 kerbs. Generally each crossing should connect to at least 2 kerbs.
1111908081,way,not appliable,not appliable,this crossing intersects fewer than 2 kerbs. Generally each crossing should connect to at least 2 kerbs.
1111908083,way,not appliable,not appliable,this crossing intersects fewer than 2 kerbs. Generally each crossing should connect to at least 2 kerbs.
1111908982,way,not appliable,not appliable,this crossing intersects fewer than 2 kerbs. Generally each crossing should connect to at least 2 kerbs.
1111908985,way,not appliable,not appliable,this crossing intersects fewer than 2 kerbs. Generally each crossing should connect to at least 2 kerbs.
1112264665,way,not appliable,not appliable,this crossing intersects fewer than 2 kerbs. Generally each crossing should connect to at least 2 kerbs.
1112651134,way,not appliable,not appliable,this crossing intersects fewer than 2 kerbs. Generally each crossing should connect to at least 2 kerbs.
1112651137,way,not appliable,not appliable,this crossing intersects fewer than 2 kerbs. Generally each crossing should connect to at least 2 kerbs.
1112651143,way,not appliable,not appliable,this crossing intersects fewer than 2 kerbs. Generally each crossing should connect to at least 2 kerbs.
1112651144,way,not appliable,not appliable,this crossing intersects fewer than 2 kerbs. Generally each crossing should connect to at least 2 kerbs.
1112651147,way,not appliable,not appliable,this crossing intersects fewer than 2 kerbs. Generally each crossing should connect to at least 2 kerbs.
1112651152,way,not appliable,not appliable,this crossing intersects fewer than 2 kerbs. Generally each crossing should connect to at least 2 kerbs.
1112651165,way,not appliable,not appliable,this crossing intersects fewer than 2 kerbs. Generally each crossing should connect to at least 2 kerbs.
1112654762,way,not appliable,not appliable,this crossing intersects fewer than 2 kerbs. Generally each crossing should connect to at least 2 kerbs.
1112654766,way,not appliable,not appliable,this crossing intersects fewer than 2 kerbs. Generally each crossing should connect to at least 2 kerbs.
1112654774,way,not appliable,not appliable,this crossing intersects fewer than 2 kerbs. Generally each crossing should connect to at least 2 kerbs.
1112654776,way,not appliable,not appliable,this crossing intersects fewer than 2 kerbs. Generally each crossing should connect to at least 2 kerbs.
1115131629,way,not appliable,not appliable,this crossing intersects fewer than 2 kerbs. Generally each crossing should connect to at least 2 kerbs.
1115131630,way,not appliable,not appliable,this crossing intersects fewer than 2 kerbs. Generally each crossing should connect to at least 2 kerbs.
1115131632,way,not appliable,not appliable,this crossing intersects fewer than 2 kerbs. Generally each crossing should connect to at least 2 kerbs.
1115131635,way,not appliable,not appliable,this crossing intersects fewer than 2 kerbs. Generally each crossing should connect to at least 2 kerbs.
1115131636,way,not appliable,not appliable,this crossing intersects fewer than 2 kerbs. Generally each crossing should connect to at least 2 kerbs.
1115131643,way,not appliable,not appliable,this crossing intersects fewer than 2 kerbs. Generally each crossing should connect to at least 2 kerbs.
1115131647,way,not appliable,not appliable,this crossing intersects fewer than 2 kerbs. Generally each crossing should connect to at least 2 kerbs.
1115133109,way,not appliable,not appliable,this crossing intersects fewer than 2 kerbs. Generally each crossing should connect to at least 2 kerbs.
1115133110,way,not appliable,not appliable,this crossing intersects fewer than 2 kerbs. Generally each crossing should connect to at least 2 kerbs.
1115133118,way,not appliable,not appliable,this crossing intersects fewer than 2 kerbs. Generally each crossing should connect to at least 2 kerbs.
1115133120,way,not appliable,not appliable,this crossing intersects fewer than 2 kerbs. Generally each crossing should connect to at least 2 kerbs.
1115411802,way,not appliable,not appliable,this crossing intersects fewer than 2 kerbs. Generally each crossing should connect to at least 2 kerbs.
1115411804,way,not appliable,not appliable,this crossing intersects fewer than 2 kerbs. Generally each crossing should connect to at least 2 kerbs.
1115411805,way,not appliable,not appliable,this crossing intersects fewer than 2 kerbs. Generally each crossing should connect to at least 2 kerbs.
1115411807,way,not appliable,not appliable,this crossing intersects fewer than 2 kerbs. Generally each crossing should connect to at least 2 kerbs.
1115411809,way,not appliable,not appliable,this crossing intersects fewer than 2 kerbs. Generally each crossing should connect to at least 2 kerbs.
1115411811,way,not appliable,not appliable,this crossing intersects fewer than 2 kerbs. Generally each crossing should connect to at least 2 kerbs.
1115411813,way,not appliable,not appliable,this crossing intersects fewer than 2 kerbs. Generally each crossing should connect to at least 2 kerbs.
1115793106,way,not appliable,not appliable,this crossing intersects fewer than 2 kerbs. Generally each crossing should connect to at least 2 kerbs.
1115793113,way,not appliable,not appliable,this crossing intersects fewer than 2 kerbs. Generally each crossing should connect to at least 2 kerbs.
1115921577,way,not appliable,not appliable,this crossing intersects fewer than 2 kerbs. Generally each crossing should connect to at least 2 kerbs.
1115921579,way,not appliable,not appliable,this crossing intersects fewer than 2 kerbs. Generally each crossing should connect to at least 2 kerbs.
1117725349,way,not appliable,not appliable,this crossing intersects fewer than 2 kerbs. Generally each crossing should connect to at least 2 kerbs.
1117966389,way,not appliable,not appliable,this crossing intersects fewer than 2 kerbs. Generally each crossing should connect to at least 2 kerbs.
1118195695,way,not appliable,not appliable,this crossing intersects fewer than 2 kerbs. Generally each crossing should connect to at least 2 kerbs.
1118195696,way,not appliable,not appliable,this crossing intersects fewer than 2 kerbs. Generally each crossing should connect to at least 2 kerbs.
1118195697,way,not appliable,not appliable,this crossing intersects fewer than 2 kerbs. Generally each crossing should connect to at least 2 kerbs.
1118195698,way,not appliable,not appliable,this crossing intersects fewer than 2 kerbs. Generally each crossing should connect to at least 2 kerbs.
1118195699,way,not appliable,not appliable,this crossing intersects fewer than 2 kerbs. Generally each crossing should connect to at least 2 kerbs.
1118195701,way,not appliable,not appliable,this crossing intersects fewer than 2 kerbs. Generally each crossing should connect to at least 2 kerbs.
1118195703,way,not appliable,not appliable,this crossing intersects fewer than 2 kerbs. Generally each crossing should connect to at least 2 kerbs.
1118195704,way,not appliable,not appliable,this crossing intersects fewer than 2 kerbs. Generally each crossing should connect to at least 2 kerbs.
1118195706,way,not appliable,not appliable,this crossing intersects fewer than 2 kerbs. Generally each crossing should connect to at least 2 kerbs.
1118197413,way,not appliable,not appliable,this crossing intersects fewer than 2 kerbs. Generally each crossing should connect to at least 2 kerbs.
1118222529,way,not appliable,not appliable,this crossing intersects fewer than 2 kerbs. Generally each crossing should connect to at least 2 kerbs.
1118810490,way,not appliable,not appliable,this crossing intersects fewer than 2 kerbs. Generally each crossing should connect to at least 2 kerbs.
1118810491,way,not appliable,not appliable,this crossing intersects fewer than 2 kerbs. Generally each crossing should connect to at least 2 kerbs.
1118810503,way,not appliable,not appliable,this crossing intersects fewer than 2 kerbs. Generally each crossing should connect to at least 2 kerbs.
1118810504,way,not appliable,not appliable,this crossing intersects fewer than 2 kerbs. Generally each crossing should connect to at least 2 kerbs.
1118810513,way,not appliable,not appliable,this crossing intersects fewer than 2 kerbs. Generally each crossing should connect to at least 2 kerbs.
1118810514,way,not appliable,not appliable,this crossing intersects fewer than 2 kerbs. Generally each crossing should connect to at least 2 kerbs.
1118957258,way,not appliable,not appliable,this crossing intersects fewer than 2 kerbs. Generally each crossing should connect to at least 2 kerbs.
1119998516,way,not appliable,not appliable,this crossing intersects fewer than 2 kerbs. Generally each crossing should connect to at least 2 kerbs.
1119998517,way,not appliable,not appliable,this crossing intersects fewer than 2 kerbs. Generally each crossing should connect to at least 2 kerbs.
1119998518,way,not appliable,not appliable,this crossing intersects fewer than 2 kerbs. Generally each crossing should connect to at least 2 kerbs.
1119998523,way,not appliable,not appliable,this crossing intersects fewer than 2 kerbs. Generally each crossing should connect to at least 2 kerbs.
1120235436,way,not appliable,not appliable,this crossing intersects fewer than 2 kerbs. Generally each crossing should connect to at least 2 kerbs.
1120235439,way,not appliable,not appliable,this crossing intersects fewer than 2 kerbs. Generally each crossing should connect to at least 2 kerbs.
1120235441,way,not appliable,not appliable,this crossing intersects fewer than 2 kerbs. Generally each crossing should connect to at least 2 kerbs.
1120255855,way,not appliable,not appliable,this crossing intersects fewer than 2 kerbs. Generally each crossing should connect to at least 2 kerbs.
1120255857,way,not appliable,not appliable,this crossing intersects fewer than 2 kerbs. Generally each crossing should connect to at least 2 kerbs.
1120255858,way,not appliable,not appliable,this crossing intersects fewer than 2 kerbs. Generally each crossing should connect to at least 2 kerbs.
1120255859,way,not appliable,not appliable,this crossing intersects fewer than 2 kerbs. Generally each crossing should connect to at least 2 kerbs.
1120255862,way,not appliable,not appliable,this crossing intersects fewer than 2 kerbs. Generally each crossing should connect to at least 2 kerbs.
1120255863,way,not appliable,not appliable,this crossing intersects fewer than 2 kerbs. Generally each crossing should connect to at least 2 kerbs.
1120255868,way,not appliable,not appliable,this crossing intersects fewer than 2 kerbs. Generally each crossing should connect to at least 2 kerbs.
1120255871,way,not appliable,not appliable,this crossing intersects fewer than 2 kerbs. Generally each crossing should connect to at least 2 kerbs.
1120255873,way,not appliable,not appliable,this crossing intersects fewer than 2 kerbs. Generally each crossing should connect to at least 2 kerbs.
1120258762,way,not appliable,not appliable,this crossing intersects fewer than 2 kerbs. Generally each crossing should connect to at least 2 kerbs.
1120258765,way,not appliable,not appliable,this crossing intersects fewer than 2 kerbs. Generally each crossing should connect to at least 2 kerbs.
1120258768,way,not appliable,not appliable,this crossing intersects fewer than 2 kerbs. Generally each crossing should connect to at least 2 kerbs.
1120258769,way,not appliable,not appliable,this crossing intersects fewer than 2 kerbs. Generally each crossing should connect to at least 2 kerbs.
1120258773,way,not appliable,not appliable,this crossing intersects fewer than 2 kerbs. Generally each crossing should connect to at least 2 kerbs.
1120258775,way,not appliable,not appliable,this crossing intersects fewer than 2 kerbs. Generally each crossing should connect to at least 2 kerbs.
1120258776,way,not appliable,not appliable,this crossing intersects fewer than 2 kerbs. Generally each crossing should connect to at least 2 kerbs.
1120258777,way,not appliable,not appliable,this crossing intersects fewer than 2 kerbs. Generally each crossing should connect to at least 2 kerbs.
1120258779,way,not appliable,not appliable,this crossing intersects fewer than 2 kerbs. Generally each crossing should connect to at least 2 kerbs.
1120258781,way,not appliable,not appliable,this crossing intersects fewer than 2 kerbs. Generally each crossing should connect to at least 2 kerbs.
1121542581,way,not appliable,not appliable,this crossing intersects fewer than 2 kerbs. Generally each crossing should connect to at least 2 kerbs.
1121542582,way,not appliable,not appliable,this crossing intersects fewer than 2 kerbs. Generally each crossing should connect to at least 2 kerbs.
1121542584,way,not appliable,not appliable,this crossing intersects fewer than 2 kerbs. Generally each crossing should connect to at least 2 kerbs.
1121542587,way,not appliable,not appliable,this crossing intersects fewer than 2 kerbs. Generally each crossing should connect to at least 2 kerbs.
1121542591,way,not appliable,not appliable,this crossing intersects fewer than 2 kerbs. Generally each crossing should connect to at least 2 kerbs.
1121542594,way,not appliable,not appliable,this crossing intersects fewer than 2 kerbs. Generally each crossing should connect to at least 2 kerbs.
1121554580,way,not appliable,not appliable,this crossing intersects fewer than 2 kerbs. Generally each crossing should connect to at least 2 kerbs.
1121554585,way,not appliable,not appliable,this crossing intersects fewer than 2 kerbs. Generally each crossing should connect to at least 2 kerbs.
1121554588,way,not appliable,not appliable,this crossing intersects fewer than 2 kerbs. Generally each crossing should connect to at least 2 kerbs.
1121554589,way,not appliable,not appliable,this crossing intersects fewer than 2 kerbs. Generally each crossing should connect to at least 2 kerbs.
1121554591,way,not appliable,not appliable,this crossing intersects fewer than 2 kerbs. Generally each crossing should connect to at least 2 kerbs.
1121554596,way,not appliable,not appliable,this crossing intersects fewer than 2 kerbs. Generally each crossing should connect to at least 2 kerbs.
1121554597,way,not appliable,not appliable,this crossing intersects fewer than 2 kerbs. Generally each crossing should connect to at least 2 kerbs.
1121554599,way,not appliable,not appliable,this crossing intersects fewer than 2 kerbs. Generally each crossing should connect to at least 2 kerbs.
1121554601,way,not appliable,not appliable,this crossing intersects fewer than 2 kerbs. Generally each crossing should connect to at least 2 kerbs.
1121554603,way,not appliable,not appliable,this crossing intersects fewer than 2 kerbs. Generally each crossing should connect to at least 2 kerbs.
1121554607,way,not appliable,not appliable,this crossing intersects fewer than 2 kerbs. Generally each crossing should connect to at least 2 kerbs.
1121554609,way,not appliable,not appliable,this crossing intersects fewer than 2 kerbs. Generally each crossing should connect to at least 2 kerbs.
1121554610,way,not appliable,not appliable,this crossing intersects fewer than 2 kerbs. Generally each crossing should connect to at least 2 kerbs.
1121584378,way,not appliable,not appliable,this crossing intersects fewer than 2 kerbs. Generally each crossing should connect to at least 2 kerbs.
1121584383,way,not appliable,not appliable,this crossing intersects fewer than 2 kerbs. Generally each crossing should connect to at least 2 kerbs.
1121584385,way,not appliable,not appliable,this crossing intersects fewer than 2 kerbs. Generally each crossing should connect to at least 2 kerbs.
1121912754,way,not appliable,not appliable,this crossing intersects fewer than 2 kerbs. Generally each crossing should connect to at least 2 kerbs.
1121935021,way,not appliable,not appliable,this crossing intersects fewer than 2 kerbs. Generally each crossing should connect to at least 2 kerbs.
1122160891,way,not appliable,not appliable,this crossing intersects fewer than 2 kerbs. Generally each crossing should connect to at least 2 kerbs.
1122160893,way,not appliable,not appliable,this crossing intersects fewer than 2 kerbs. Generally each crossing should connect to at least 2 kerbs.
1122169923,way,not appliable,not appliable,this crossing intersects fewer than 2 kerbs. Generally each crossing should connect to at least 2 kerbs.
1122174177,way,not appliable,not appliable,this crossing intersects fewer than 2 kerbs. Generally each crossing should connect to at least 2 kerbs.
1122191701,way,not appliable,not appliable,this crossing intersects fewer than 2 kerbs. Generally each crossing should connect to at least 2 kerbs.
1122219559,way,not appliable,not appliable,this crossing intersects fewer than 2 kerbs. Generally each crossing should connect to at least 2 kerbs.
1122219566,way,not appliable,not appliable,this crossing intersects fewer than 2 kerbs. Generally each crossing should connect to at least 2 kerbs.
1122219573,way,not appliable,not appliable,this crossing intersects fewer than 2 kerbs. Generally each crossing should connect to at least 2 kerbs.
1122219577,way,not appliable,not appliable,this crossing intersects fewer than 2 kerbs. Generally each crossing should connect to at least 2 kerbs.
1122512848,way,not appliable,not appliable,this crossing intersects fewer than 2 kerbs. Generally each crossing should connect to at least 2 kerbs.
1122512849,way,not appliable,not appliable,this crossing intersects fewer than 2 kerbs. Generally each crossing should connect to at least 2 kerbs.
1122512851,way,not appliable,not appliable,this crossing intersects fewer than 2 kerbs. Generally each crossing should connect to at least 2 kerbs.
1122512852,way,not appliable,not appliable,this crossing intersects fewer than 2 kerbs. Generally each crossing should connect to at least 2 kerbs.
1122517089,way,not appliable,not appliable,this crossing intersects fewer than 2 kerbs. Generally each crossing should connect to at least 2 kerbs.
1122517090,way,not appliable,not appliable,this crossing intersects fewer than 2 kerbs. Generally each crossing should connect to at least 2 kerbs.
1122517092,way,not appliable,not appliable,this crossing intersects fewer than 2 kerbs. Generally each crossing should connect to at least 2 kerbs.
1122517095,way,not appliable,not appliable,this crossing intersects fewer than 2 kerbs. Generally each crossing should connect to at least 2 kerbs.
1122517099,way,not appliable,not appliable,this crossing intersects fewer than 2 kerbs. Generally each crossing should connect to at least 2 kerbs.
1122517100,way,not appliable,not appliable,this crossing intersects fewer than 2 kerbs. Generally each crossing should connect to at least 2 kerbs.
1122517103,way,not appliable,not appliable,this crossing intersects fewer than 2 kerbs. Generally each crossing should connect to at least 2 kerbs.
1122517104,way,not appliable,not appliable,this crossing intersects fewer than 2 kerbs. Generally each crossing should connect to at least 2 kerbs.
1122517106,way,not appliable,not appliable,this crossing intersects fewer than 2 kerbs. Generally each crossing should connect to at least 2 kerbs.
1122517108,way,not appliable,not appliable,this crossing intersects fewer than 2 kerbs. Generally each crossing should connect to at least 2 kerbs.
1122524116,way,not appliable,not appliable,this crossing intersects fewer than 2 kerbs. Generally each crossing should connect to at least 2 kerbs.
1122524118,way,not appliable,not appliable,this crossing intersects fewer than 2 kerbs. Generally each crossing should connect to at least 2 kerbs.
1122524119,way,not appliable,not appliable,this crossing intersects fewer than 2 kerbs. Generally each crossing should connect to at least 2 kerbs.
1122524729,way,not appliable,not appliable,this crossing intersects fewer than 2 kerbs. Generally each crossing should connect to at least 2 kerbs.
1122524730,way,not appliable,not appliable,this crossing intersects fewer than 2 kerbs. Generally each crossing should connect to at least 2 kerbs.
1122524974,way,not appliable,not appliable,this crossing intersects fewer than 2 kerbs. Generally each crossing should connect to at least 2 kerbs.
1122524978,way,not appliable,not appliable,this crossing intersects fewer than 2 kerbs. Generally each crossing should connect to at least 2 kerbs.
1122524979,way,not appliable,not appliable,this crossing intersects fewer than 2 kerbs. Generally each crossing should connect to at least 2 kerbs.
1122524980,way,not appliable,not appliable,this crossing intersects fewer than 2 kerbs. Generally each crossing should connect to at least 2 kerbs.
1122525357,way,not appliable,not appliable,this crossing intersects fewer than 2 kerbs. Generally each crossing should connect to at least 2 kerbs.
1122525743,way,not appliable,not appliable,this crossing intersects fewer than 2 kerbs. Generally each crossing should connect to at least 2 kerbs.
1122525744,way,not appliable,not appliable,this crossing intersects fewer than 2 kerbs. Generally each crossing should connect to at least 2 kerbs.
1122525745,way,not appliable,not appliable,this crossing intersects fewer than 2 kerbs. Generally each crossing should connect to at least 2 kerbs.
1122525746,way,not appliable,not appliable,this crossing intersects fewer than 2 kerbs. Generally each crossing should connect to at least 2 kerbs.
1122525979,way,not appliable,not appliable,this crossing intersects fewer than 2 kerbs. Generally each crossing should connect to at least 2 kerbs.
1122525980,way,not appliable,not appliable,this crossing intersects fewer than 2 kerbs. Generally each crossing should connect to at least 2 kerbs.
1122525981,way,not appliable,not appliable,this crossing intersects fewer than 2 kerbs. Generally each crossing should connect to at least 2 kerbs.
1122525982,way,not appliable,not appliable,this crossing intersects fewer than 2 kerbs. Generally each crossing should connect to at least 2 kerbs.
1122526740,way,not appliable,not appliable,this crossing intersects fewer than 2 kerbs. Generally each crossing should connect to at least 2 kerbs.
1122526741,way,not appliable,not appliable,this crossing intersects fewer than 2 kerbs. Generally each crossing should connect to at least 2 kerbs.
1122526743,way,not appliable,not appliable,this crossing intersects fewer than 2 kerbs. Generally each crossing should connect to at least 2 kerbs.
1122528964,way,not appliable,not appliable,this crossing intersects fewer than 2 kerbs. Generally each crossing should connect to at least 2 kerbs.
1123489171,way,not appliable,not appliable,this crossing intersects fewer than 2 kerbs. Generally each crossing should connect to at least 2 kerbs.
1123507048,way,not appliable,not appliable,this crossing intersects fewer than 2 kerbs. Generally each crossing should connect to at least 2 kerbs.
1124017763,way,not appliable,not appliable,this crossing intersects fewer than 2 kerbs. Generally each crossing should connect to at least 2 kerbs.
1124028916,way,not appliable,not appliable,this crossing intersects fewer than 2 kerbs. Generally each crossing should connect to at least 2 kerbs.
1124032719,way,not appliable,not appliable,this crossing intersects fewer than 2 kerbs. Generally each crossing should connect to at least 2 kerbs.
1124032720,way,not appliable,not appliable,this crossing intersects fewer than 2 kerbs. Generally each crossing should connect to at least 2 kerbs.
1124032721,way,not appliable,not appliable,this crossing intersects fewer than 2 kerbs. Generally each crossing should connect to at least 2 kerbs.
1124032722,way,not appliable,not appliable,this crossing intersects fewer than 2 kerbs. Generally each crossing should connect to at least 2 kerbs.
1124032723,way,not appliable,not appliable,this crossing intersects fewer than 2 kerbs. Generally each crossing should connect to at least 2 kerbs.
1124032724,way,not appliable,not appliable,this crossing intersects fewer than 2 kerbs. Generally each crossing should connect to at least 2 kerbs.
1124032725,way,not appliable,not appliable,this crossing intersects fewer than 2 kerbs. Generally each crossing should connect to at least 2 kerbs.
1124032726,way,not appliable,not appliable,this crossing intersects fewer than 2 kerbs. Generally each crossing should connect to at least 2 kerbs.
1124032727,way,not appliable,not appliable,this crossing intersects fewer than 2 kerbs. Generally each crossing should connect to at least 2 kerbs.
1124032728,way,not appliable,not appliable,this crossing intersects fewer than 2 kerbs. Generally each crossing should connect to at least 2 kerbs.
1124032729,way,not appliable,not appliable,this crossing intersects fewer than 2 kerbs. Generally each crossing should connect to at least 2 kerbs.
1124032730,way,not appliable,not appliable,this crossing intersects fewer than 2 kerbs. Generally each crossing should connect to at least 2 kerbs.
1124309918,way,not appliable,not appliable,this crossing intersects fewer than 2 kerbs. Generally each crossing should connect to at least 2 kerbs.
1124309919,way,not appliable,not appliable,this crossing intersects fewer than 2 kerbs. Generally each crossing should connect to at least 2 kerbs.
1124309920,way,not appliable,not appliable,this crossing intersects fewer than 2 kerbs. Generally each crossing should connect to at least 2 kerbs.
1124309921,way,not appliable,not appliable,this crossing intersects fewer than 2 kerbs. Generally each crossing should connect to at least 2 kerbs.
1124309924,way,not appliable,not appliable,this crossing intersects fewer than 2 kerbs. Generally each crossing should connect to at least 2 kerbs.
1124309926,way,not appliable,not appliable,this crossing intersects fewer than 2 kerbs. Generally each crossing should connect to at least 2 kerbs.
1124309928,way,not appliable,not appliable,this crossing intersects fewer than 2 kerbs. Generally each crossing should connect to at least 2 kerbs.
1124317780,way,not appliable,not appliable,this crossing intersects fewer than 2 kerbs. Generally each crossing should connect to at least 2 kerbs.
1124317781,way,not appliable,not appliable,this crossing intersects fewer than 2 kerbs. Generally each crossing should connect to at least 2 kerbs.
1124317783,way,not appliable,not appliable,this crossing intersects fewer than 2 kerbs. Generally each crossing should connect to at least 2 kerbs.
1124324488,way,not appliable,not appliable,this crossing intersects fewer than 2 kerbs. Generally each crossing should connect to at least 2 kerbs.
1124324490,way,not appliable,not appliable,this crossing intersects fewer than 2 kerbs. Generally each crossing should connect to at least 2 kerbs.
1124324491,way,not appliable,not appliable,this crossing intersects fewer than 2 kerbs. Generally each crossing should connect to at least 2 kerbs.
1124324492,way,not appliable,not appliable,this crossing intersects fewer than 2 kerbs. Generally each crossing should connect to at least 2 kerbs.
1124324493,way,not appliable,not appliable,this crossing intersects fewer than 2 kerbs. Generally each crossing should connect to at least 2 kerbs.
1125111986,way,not appliable,not appliable,this crossing intersects fewer than 2 kerbs. Generally each crossing should connect to at least 2 kerbs.
1125111989,way,not appliable,not appliable,this crossing intersects fewer than 2 kerbs. Generally each crossing should connect to at least 2 kerbs.
1125111990,way,not appliable,not appliable,this crossing intersects fewer than 2 kerbs. Generally each crossing should connect to at least 2 kerbs.
1125111992,way,not appliable,not appliable,this crossing intersects fewer than 2 kerbs. Generally each crossing should connect to at least 2 kerbs.
1125111995,way,not appliable,not appliable,this crossing intersects fewer than 2 kerbs. Generally each crossing should connect to at least 2 kerbs.
1125111998,way,not appliable,not appliable,this crossing intersects fewer than 2 kerbs. Generally each crossing should connect to at least 2 kerbs.
1125111999,way,not appliable,not appliable,this crossing intersects fewer than 2 kerbs. Generally each crossing should connect to at least 2 kerbs.
1125530246,way,not appliable,not appliable,this crossing intersects fewer than 2 kerbs. Generally each crossing should connect to at least 2 kerbs.
1125530256,way,not appliable,not appliable,this crossing intersects fewer than 2 kerbs. Generally each crossing should connect to at least 2 kerbs.
1125530267,way,not appliable,not appliable,this crossing intersects fewer than 2 kerbs. Generally each crossing should connect to at least 2 kerbs.
1125754608,way,not appliable,not appliable,this crossing intersects fewer than 2 kerbs. Generally each crossing should connect to at least 2 kerbs.
1127375787,way,not appliable,not appliable,this crossing intersects fewer than 2 kerbs. Generally each crossing should connect to at least 2 kerbs.
1127375788,way,not appliable,not appliable,this crossing intersects fewer than 2 kerbs. Generally each crossing should connect to at least 2 kerbs.
1127375790,way,not appliable,not appliable,this crossing intersects fewer than 2 kerbs. Generally each crossing should connect to at least 2 kerbs.
1127375792,way,not appliable,not appliable,this crossing intersects fewer than 2 kerbs. Generally each crossing should connect to at least 2 kerbs.
1127375795,way,not appliable,not appliable,this crossing intersects fewer than 2 kerbs. Generally each crossing should connect to at least 2 kerbs.
1127375797,way,not appliable,not appliable,this crossing intersects fewer than 2 kerbs. Generally each crossing should connect to at least 2 kerbs.
1127375799,way,not appliable,not appliable,this crossing intersects fewer than 2 kerbs. Generally each crossing should connect to at least 2 kerbs.
1127378947,way,not appliable,not appliable,this crossing intersects fewer than 2 kerbs. Generally each crossing should connect to at least 2 kerbs.
1127378952,way,not appliable,not appliable,this crossing intersects fewer than 2 kerbs. Generally each crossing should connect to at least 2 kerbs.
1127378958,way,not appliable,not appliable,this crossing intersects fewer than 2 kerbs. Generally each crossing should connect to at least 2 kerbs.
1127378960,way,not appliable,not appliable,this crossing intersects fewer than 2 kerbs. Generally each crossing should connect to at least 2 kerbs.
1127378963,way,not appliable,not appliable,this crossing intersects fewer than 2 kerbs. Generally each crossing should connect to at least 2 kerbs.
1127378965,way,not appliable,not appliable,this crossing intersects fewer than 2 kerbs. Generally each crossing should connect to at least 2 kerbs.
1127378968,way,not appliable,not appliable,this crossing intersects fewer than 2 kerbs. Generally each crossing should connect to at least 2 kerbs.
1127378970,way,not appliable,not appliable,this crossing intersects fewer than 2 kerbs. Generally each crossing should connect to at least 2 kerbs.
1127378971,way,not appliable,not appliable,this crossing intersects fewer than 2 kerbs. Generally each crossing should connect to at least 2 kerbs.
1127378972,way,not appliable,not appliable,this crossing intersects fewer than 2 kerbs. Generally each crossing should connect to at least 2 kerbs.
1127378974,way,not appliable,not appliable,this crossing intersects fewer than 2 kerbs. Generally each crossing should connect to at least 2 kerbs.
1127380488,way,not appliable,not appliable,this crossing intersects fewer than 2 kerbs. Generally each crossing should connect to at least 2 kerbs.
1127380490,way,not appliable,not appliable,this crossing intersects fewer than 2 kerbs. Generally each crossing should connect to at least 2 kerbs.
1127621745,way,not appliable,not appliable,this crossing intersects fewer than 2 kerbs. Generally each crossing should connect to at least 2 kerbs.
1127621746,way,not appliable,not appliable,this crossing intersects fewer than 2 kerbs. Generally each crossing should connect to at least 2 kerbs.
1127924924,way,not appliable,not appliable,this crossing intersects fewer than 2 kerbs. Generally each crossing should connect to at least 2 kerbs.
1127924932,way,not appliable,not appliable,this crossing intersects fewer than 2 kerbs. Generally each crossing should connect to at least 2 kerbs.
1127924934,way,not appliable,not appliable,this crossing intersects fewer than 2 kerbs. Generally each crossing should connect to at least 2 kerbs.
1127924936,way,not appliable,not appliable,this crossing intersects fewer than 2 kerbs. Generally each crossing should connect to at least 2 kerbs.
1127924938,way,not appliable,not appliable,this crossing intersects fewer than 2 kerbs. Generally each crossing should connect to at least 2 kerbs.
1127924940,way,not appliable,not appliable,this crossing intersects fewer than 2 kerbs. Generally each crossing should connect to at least 2 kerbs.
1127924949,way,not appliable,not appliable,this crossing intersects fewer than 2 kerbs. Generally each crossing should connect to at least 2 kerbs.
1127924956,way,not appliable,not appliable,this crossing intersects fewer than 2 kerbs. Generally each crossing should connect to at least 2 kerbs.
1127929765,way,not appliable,not appliable,this crossing intersects fewer than 2 kerbs. Generally each crossing should connect to at least 2 kerbs.
1127929766,way,not appliable,not appliable,this crossing intersects fewer than 2 kerbs. Generally each crossing should connect to at least 2 kerbs.
1127929774,way,not appliable,not appliable,this crossing intersects fewer than 2 kerbs. Generally each crossing should connect to at least 2 kerbs.
1127929775,way,not appliable,not appliable,this crossing intersects fewer than 2 kerbs. Generally each crossing should connect to at least 2 kerbs.
1127929776,way,not appliable,not appliable,this crossing intersects fewer than 2 kerbs. Generally each crossing should connect to at least 2 kerbs.
1127929777,way,not appliable,not appliable,this crossing intersects fewer than 2 kerbs. Generally each crossing should connect to at least 2 kerbs.
1127929778,way,not appliable,not appliable,this crossing intersects fewer than 2 kerbs. Generally each crossing should connect to at least 2 kerbs.
1127929779,way,not appliable,not appliable,this crossing intersects fewer than 2 kerbs. Generally each crossing should connect to at least 2 kerbs.
1127929780,way,not appliable,not appliable,this crossing intersects fewer than 2 kerbs. Generally each crossing should connect to at least 2 kerbs.
1127929781,way,not appliable,not appliable,this crossing intersects fewer than 2 kerbs. Generally each crossing should connect to at least 2 kerbs.
1127929782,way,not appliable,not appliable,this crossing intersects fewer than 2 kerbs. Generally each crossing should connect to at least 2 kerbs.
1127929784,way,not appliable,not appliable,this crossing intersects fewer than 2 kerbs. Generally each crossing should connect to at least 2 kerbs.
1127929785,way,not appliable,not appliable,this crossing intersects fewer than 2 kerbs. Generally each crossing should connect to at least 2 kerbs.
1127929786,way,not appliable,not appliable,this crossing intersects fewer than 2 kerbs. Generally each crossing should connect to at least 2 kerbs.
1127929787,way,not appliable,not appliable,this crossing intersects fewer than 2 kerbs. Generally each crossing should connect to at least 2 kerbs.
1127929788,way,not appliable,not appliable,this crossing intersects fewer than 2 kerbs. Generally each crossing should connect to at least 2 kerbs.
1127929789,way,not appliable,not appliable,this crossing intersects fewer than 2 kerbs. Generally each crossing should connect to at least 2 kerbs.
1127929827,way,not appliable,not appliable,this crossing intersects fewer than 2 kerbs. Generally each crossing should connect to at least 2 kerbs.
1127929852,way,not appliable,not appliable,this crossing intersects fewer than 2 kerbs. Generally each crossing should connect to at least 2 kerbs.
1130102584,way,not appliable,not appliable,this crossing intersects fewer than 2 kerbs. Generally each crossing should connect to at least 2 kerbs.
1130761531,way,not appliable,not appliable,this crossing intersects fewer than 2 kerbs. Generally each crossing should connect to at least 2 kerbs.
1130761533,way,not appliable,not appliable,this crossing intersects fewer than 2 kerbs. Generally each crossing should connect to at least 2 kerbs.
1130761536,way,not appliable,not appliable,this crossing intersects fewer than 2 kerbs. Generally each crossing should connect to at least 2 kerbs.
1130761539,way,not appliable,not appliable,this crossing intersects fewer than 2 kerbs. Generally each crossing should connect to at least 2 kerbs.
1130761540,way,not appliable,not appliable,this crossing intersects fewer than 2 kerbs. Generally each crossing should connect to at least 2 kerbs.
1130761542,way,not appliable,not appliable,this crossing intersects fewer than 2 kerbs. Generally each crossing should connect to at least 2 kerbs.
1130761543,way,not appliable,not appliable,this crossing intersects fewer than 2 kerbs. Generally each crossing should connect to at least 2 kerbs.
1130761544,way,not appliable,not appliable,this crossing intersects fewer than 2 kerbs. Generally each crossing should connect to at least 2 kerbs.
1130761790,way,not appliable,not appliable,this crossing intersects fewer than 2 kerbs. Generally each crossing should connect to at least 2 kerbs.
1130761792,way,not appliable,not appliable,this crossing intersects fewer than 2 kerbs. Generally each crossing should connect to at least 2 kerbs.
1130761794,way,not appliable,not appliable,this crossing intersects fewer than 2 kerbs. Generally each crossing should connect to at least 2 kerbs.
1130761795,way,not appliable,not appliable,this crossing intersects fewer than 2 kerbs. Generally each crossing should connect to at least 2 kerbs.
1130764707,way,not appliable,not appliable,this crossing intersects fewer than 2 kerbs. Generally each crossing should connect to at least 2 kerbs.
1130764709,way,not appliable,not appliable,this crossing intersects fewer than 2 kerbs. Generally each crossing should connect to at least 2 kerbs.
1130764712,way,not appliable,not appliable,this crossing intersects fewer than 2 kerbs. Generally each crossing should connect to at least 2 kerbs.
1130764713,way,not appliable,not appliable,this crossing intersects fewer than 2 kerbs. Generally each crossing should connect to at least 2 kerbs.
1130764715,way,not appliable,not appliable,this crossing intersects fewer than 2 kerbs. Generally each crossing should connect to at least 2 kerbs.
1130764718,way,not appliable,not appliable,this crossing intersects fewer than 2 kerbs. Generally each crossing should connect to at least 2 kerbs.
1130765812,way,not appliable,not appliable,this crossing intersects fewer than 2 kerbs. Generally each crossing should connect to at least 2 kerbs.
1130766398,way,not appliable,not appliable,this crossing intersects fewer than 2 kerbs. Generally each crossing should connect to at least 2 kerbs.
1130766400,way,not appliable,not appliable,this crossing intersects fewer than 2 kerbs. Generally each crossing should connect to at least 2 kerbs.
1130766401,way,not appliable,not appliable,this crossing intersects fewer than 2 kerbs. Generally each crossing should connect to at least 2 kerbs.
1130766403,way,not appliable,not appliable,this crossing intersects fewer than 2 kerbs. Generally each crossing should connect to at least 2 kerbs.
1130766404,way,not appliable,not appliable,this crossing intersects fewer than 2 kerbs. Generally each crossing should connect to at least 2 kerbs.
1130766406,way,not appliable,not appliable,this crossing intersects fewer than 2 kerbs. Generally each crossing should connect to at least 2 kerbs.
1130766408,way,not appliable,not appliable,this crossing intersects fewer than 2 kerbs. Generally each crossing should connect to at least 2 kerbs.
1130768653,way,not appliable,not appliable,this crossing intersects fewer than 2 kerbs. Generally each crossing should connect to at least 2 kerbs.
1130768655,way,not appliable,not appliable,this crossing intersects fewer than 2 kerbs. Generally each crossing should connect to at least 2 kerbs.
1130773006,way,not appliable,not appliable,this crossing intersects fewer than 2 kerbs. Generally each crossing should connect to at least 2 kerbs.
1130773008,way,not appliable,not appliable,this crossing intersects fewer than 2 kerbs. Generally each crossing should connect to at least 2 kerbs.
1130773010,way,not appliable,not appliable,this crossing intersects fewer than 2 kerbs. Generally each crossing should connect to at least 2 kerbs.
1130773011,way,not appliable,not appliable,this crossing intersects fewer than 2 kerbs. Generally each crossing should connect to at least 2 kerbs.
1130773015,way,not appliable,not appliable,this crossing intersects fewer than 2 kerbs. Generally each crossing should connect to at least 2 kerbs.
1130773017,way,not appliable,not appliable,this crossing intersects fewer than 2 kerbs. Generally each crossing should connect to at least 2 kerbs.
1130829428,way,not appliable,not appliable,this crossing intersects fewer than 2 kerbs. Generally each crossing should connect to at least 2 kerbs.
1130829430,way,not appliable,not appliable,this crossing intersects fewer than 2 kerbs. Generally each crossing should connect to at least 2 kerbs.
1130829432,way,not appliable,not appliable,this crossing intersects fewer than 2 kerbs. Generally each crossing should connect to at least 2 kerbs.
1130829434,way,not appliable,not appliable,this crossing intersects fewer than 2 kerbs. Generally each crossing should connect to at least 2 kerbs.
1130829435,way,not appliable,not appliable,this crossing intersects fewer than 2 kerbs. Generally each crossing should connect to at least 2 kerbs.
1130829438,way,not appliable,not appliable,this crossing intersects fewer than 2 kerbs. Generally each crossing should connect to at least 2 kerbs.
1130829440,way,not appliable,not appliable,this crossing intersects fewer than 2 kerbs. Generally each crossing should connect to at least 2 kerbs.
1130829442,way,not appliable,not appliable,this crossing intersects fewer than 2 kerbs. Generally each crossing should connect to at least 2 kerbs.
1130829443,way,not appliable,not appliable,this crossing intersects fewer than 2 kerbs. Generally each crossing should connect to at least 2 kerbs.
1131830630,way,not appliable,not appliable,this crossing intersects fewer than 2 kerbs. Generally each crossing should connect to at least 2 kerbs.
1131855242,way,not appliable,not appliable,this crossing intersects fewer than 2 kerbs. Generally each crossing should connect to at least 2 kerbs.
1131855245,way,not appliable,not appliable,this crossing intersects fewer than 2 kerbs. Generally each crossing should connect to at least 2 kerbs.
1131855249,way,not appliable,not appliable,this crossing intersects fewer than 2 kerbs. Generally each crossing should connect to at least 2 kerbs.
1131855250,way,not appliable,not appliable,this crossing intersects fewer than 2 kerbs. Generally each crossing should connect to at least 2 kerbs.
1135817348,way,not appliable,not appliable,this crossing intersects fewer than 2 kerbs. Generally each crossing should connect to at least 2 kerbs.
1135817350,way,not appliable,not appliable,this crossing intersects fewer than 2 kerbs. Generally each crossing should connect to at least 2 kerbs.
1135817352,way,not appliable,not appliable,this crossing intersects fewer than 2 kerbs. Generally each crossing should connect to at least 2 kerbs.
1135849759,way,not appliable,not appliable,this crossing intersects fewer than 2 kerbs. Generally each crossing should connect to at least 2 kerbs.
1135849763,way,not appliable,not appliable,this crossing intersects fewer than 2 kerbs. Generally each crossing should connect to at least 2 kerbs.
1135849765,way,not appliable,not appliable,this crossing intersects fewer than 2 kerbs. Generally each crossing should connect to at least 2 kerbs.
1135849766,way,not appliable,not appliable,this crossing intersects fewer than 2 kerbs. Generally each crossing should connect to at least 2 kerbs.
1135850275,way,not appliable,not appliable,this crossing intersects fewer than 2 kerbs. Generally each crossing should connect to at least 2 kerbs.
1136858966,way,not appliable,not appliable,this crossing intersects fewer than 2 kerbs. Generally each crossing should connect to at least 2 kerbs.
1136899027,way,not appliable,not appliable,this crossing intersects fewer than 2 kerbs. Generally each crossing should connect to at least 2 kerbs.
1136899030,way,not appliable,not appliable,this crossing intersects fewer than 2 kerbs. Generally each crossing should connect to at least 2 kerbs.
1136899035,way,not appliable,not appliable,this crossing intersects fewer than 2 kerbs. Generally each crossing should connect to at least 2 kerbs.
1136899036,way,not appliable,not appliable,this crossing intersects fewer than 2 kerbs. Generally each crossing should connect to at least 2 kerbs.
1136905571,way,not appliable,not appliable,this crossing intersects fewer than 2 kerbs. Generally each crossing should connect to at least 2 kerbs.
1138584189,way,not appliable,not appliable,this crossing intersects fewer than 2 kerbs. Generally each crossing should connect to at least 2 kerbs.
1138584190,way,not appliable,not appliable,this crossing intersects fewer than 2 kerbs. Generally each crossing should connect to at least 2 kerbs.
1138584193,way,not appliable,not appliable,this crossing intersects fewer than 2 kerbs. Generally each crossing should connect to at least 2 kerbs.
1138584195,way,not appliable,not appliable,this crossing intersects fewer than 2 kerbs. Generally each crossing should connect to at least 2 kerbs.
1138588508,way,not appliable,not appliable,this crossing intersects fewer than 2 kerbs. Generally each crossing should connect to at least 2 kerbs.
1138588509,way,not appliable,not appliable,this crossing intersects fewer than 2 kerbs. Generally each crossing should connect to at least 2 kerbs.
1138588510,way,not appliable,not appliable,this crossing intersects fewer than 2 kerbs. Generally each crossing should connect to at least 2 kerbs.
1138588511,way,not appliable,not appliable,this crossing intersects fewer than 2 kerbs. Generally each crossing should connect to at least 2 kerbs.
1138588512,way,not appliable,not appliable,this crossing intersects fewer than 2 kerbs. Generally each crossing should connect to at least 2 kerbs.
1138589523,way,not appliable,not appliable,this crossing intersects fewer than 2 kerbs. Generally each crossing should connect to at least 2 kerbs.
1138589525,way,not appliable,not appliable,this crossing intersects fewer than 2 kerbs. Generally each crossing should connect to at least 2 kerbs.
1138592696,way,not appliable,not appliable,this crossing intersects fewer than 2 kerbs. Generally each crossing should connect to at least 2 kerbs.
1138592699,way,not appliable,not appliable,this crossing intersects fewer than 2 kerbs. Generally each crossing should connect to at least 2 kerbs.
1139076638,way,not appliable,not appliable,this crossing intersects fewer than 2 kerbs. Generally each crossing should connect to at least 2 kerbs.
1139076639,way,not appliable,not appliable,this crossing intersects fewer than 2 kerbs. Generally each crossing should connect to at least 2 kerbs.
1139078157,way,not appliable,not appliable,this crossing intersects fewer than 2 kerbs. Generally each crossing should connect to at least 2 kerbs.
1139078158,way,not appliable,not appliable,this crossing intersects fewer than 2 kerbs. Generally each crossing should connect to at least 2 kerbs.
1139078161,way,not appliable,not appliable,this crossing intersects fewer than 2 kerbs. Generally each crossing should connect to at least 2 kerbs.
1139078162,way,not appliable,not appliable,this crossing intersects fewer than 2 kerbs. Generally each crossing should connect to at least 2 kerbs.
1139078169,way,not appliable,not appliable,this crossing intersects fewer than 2 kerbs. Generally each crossing should connect to at least 2 kerbs.
1139078170,way,not appliable,not appliable,this crossing intersects fewer than 2 kerbs. Generally each crossing should connect to at least 2 kerbs.
1139080813,way,not appliable,not appliable,this crossing intersects fewer than 2 kerbs. Generally each crossing should connect to at least 2 kerbs.
1139080814,way,not appliable,not appliable,this crossing intersects fewer than 2 kerbs. Generally each crossing should connect to at least 2 kerbs.
1139080815,way,not appliable,not appliable,this crossing intersects fewer than 2 kerbs. Generally each crossing should connect to at least 2 kerbs.
1139080816,way,not appliable,not appliable,this crossing intersects fewer than 2 kerbs. Generally each crossing should connect to at least 2 kerbs.
1139080817,way,not appliable,not appliable,this crossing intersects fewer than 2 kerbs. Generally each crossing should connect to at least 2 kerbs.
1139080818,way,not appliable,not appliable,this crossing intersects fewer than 2 kerbs. Generally each crossing should connect to at least 2 kerbs.
1139080820,way,not appliable,not appliable,this crossing intersects fewer than 2 kerbs. Generally each crossing should connect to at least 2 kerbs.
1139080825,way,not appliable,not appliable,this crossing intersects fewer than 2 kerbs. Generally each crossing should connect to at least 2 kerbs.
1139080829,way,not appliable,not appliable,this crossing intersects fewer than 2 kerbs. Generally each crossing should connect to at least 2 kerbs.
1139080830,way,not appliable,not appliable,this crossing intersects fewer than 2 kerbs. Generally each crossing should connect to at least 2 kerbs.
1139080832,way,not appliable,not appliable,this crossing intersects fewer than 2 kerbs. Generally each crossing should connect to at least 2 kerbs.
1139080834,way,not appliable,not appliable,this crossing intersects fewer than 2 kerbs. Generally each crossing should connect to at least 2 kerbs.
1139084068,way,not appliable,not appliable,this crossing intersects fewer than 2 kerbs. Generally each crossing should connect to at least 2 kerbs.
1139084069,way,not appliable,not appliable,this crossing intersects fewer than 2 kerbs. Generally each crossing should connect to at least 2 kerbs.
1139084071,way,not appliable,not appliable,this crossing intersects fewer than 2 kerbs. Generally each crossing should connect to at least 2 kerbs.
1139084073,way,not appliable,not appliable,this crossing intersects fewer than 2 kerbs. Generally each crossing should connect to at least 2 kerbs.
1139084074,way,not appliable,not appliable,this crossing intersects fewer than 2 kerbs. Generally each crossing should connect to at least 2 kerbs.
1139084764,way,not appliable,not appliable,this crossing intersects fewer than 2 kerbs. Generally each crossing should connect to at least 2 kerbs.
1139084766,way,not appliable,not appliable,this crossing intersects fewer than 2 kerbs. Generally each crossing should connect to at least 2 kerbs.
1139084770,way,not appliable,not appliable,this crossing intersects fewer than 2 kerbs. Generally each crossing should connect to at least 2 kerbs.
1139084773,way,not appliable,not appliable,this crossing intersects fewer than 2 kerbs. Generally each crossing should connect to at least 2 kerbs.
1139084775,way,not appliable,not appliable,this crossing intersects fewer than 2 kerbs. Generally each crossing should connect to at least 2 kerbs.
1139084776,way,not appliable,not appliable,this crossing intersects fewer than 2 kerbs. Generally each crossing should connect to at least 2 kerbs.
1139084777,way,not appliable,not appliable,this crossing intersects fewer than 2 kerbs. Generally each crossing should connect to at least 2 kerbs.
1139084778,way,not appliable,not appliable,this crossing intersects fewer than 2 kerbs. Generally each crossing should connect to at least 2 kerbs.
1139084941,way,not appliable,not appliable,this crossing intersects fewer than 2 kerbs. Generally each crossing should connect to at least 2 kerbs.
1139084948,way,not appliable,not appliable,this crossing intersects fewer than 2 kerbs. Generally each crossing should connect to at least 2 kerbs.
1144549625,way,not appliable,not appliable,this crossing intersects fewer than 2 kerbs. Generally each crossing should connect to at least 2 kerbs.
1144549627,way,not appliable,not appliable,this crossing intersects fewer than 2 kerbs. Generally each crossing should connect to at least 2 kerbs.
1144549637,way,not appliable,not appliable,this crossing intersects fewer than 2 kerbs. Generally each crossing should connect to at least 2 kerbs.
1144549638,way,not appliable,not appliable,this crossing intersects fewer than 2 kerbs. Generally each crossing should connect to at least 2 kerbs.
1144555769,way,not appliable,not appliable,this crossing intersects fewer than 2 kerbs. Generally each crossing should connect to at least 2 kerbs.
1144555770,way,not appliable,not appliable,this crossing intersects fewer than 2 kerbs. Generally each crossing should connect to at least 2 kerbs.
1144555774,way,not appliable,not appliable,this crossing intersects fewer than 2 kerbs. Generally each crossing should connect to at least 2 kerbs.
1144555778,way,not appliable,not appliable,this crossing intersects fewer than 2 kerbs. Generally each crossing should connect to at least 2 kerbs.
1144555780,way,not appliable,not appliable,this crossing intersects fewer than 2 kerbs. Generally each crossing should connect to at least 2 kerbs.
1144555795,way,not appliable,not appliable,this crossing intersects fewer than 2 kerbs. Generally each crossing should connect to at least 2 kerbs.
1144555796,way,not appliable,not appliable,this crossing intersects fewer than 2 kerbs. Generally each crossing should connect to at least 2 kerbs.
1144555797,way,not appliable,not appliable,this crossing intersects fewer than 2 kerbs. Generally each crossing should connect to at least 2 kerbs.
1144555798,way,not appliable,not appliable,this crossing intersects fewer than 2 kerbs. Generally each crossing should connect to at least 2 kerbs.
1146809275,way,not appliable,not appliable,this crossing intersects fewer than 2 kerbs. Generally each crossing should connect to at least 2 kerbs.
1146809276,way,not appliable,not appliable,this crossing intersects fewer than 2 kerbs. Generally each crossing should connect to at least 2 kerbs.
1146813875,way,not appliable,not appliable,this crossing intersects fewer than 2 kerbs. Generally each crossing should connect to at least 2 kerbs.
1148071731,way,not appliable,not appliable,this crossing intersects fewer than 2 kerbs. Generally each crossing should connect to at least 2 kerbs.
1148280708,way,not appliable,not appliable,this crossing intersects fewer than 2 kerbs. Generally each crossing should connect to at least 2 kerbs.
1148280709,way,not appliable,not appliable,this crossing intersects fewer than 2 kerbs. Generally each crossing should connect to at least 2 kerbs.
1148289279,way,not appliable,not appliable,this crossing intersects fewer than 2 kerbs. Generally each crossing should connect to at least 2 kerbs.
1148578291,way,not appliable,not appliable,this crossing intersects fewer than 2 kerbs. Generally each crossing should connect to at least 2 kerbs.
1148660753,way,not appliable,not appliable,this crossing intersects fewer than 2 kerbs. Generally each crossing should connect to at least 2 kerbs.
1148674165,way,not appliable,not appliable,this crossing intersects fewer than 2 kerbs. Generally each crossing should connect to at least 2 kerbs.
1148877862,way,not appliable,not appliable,this crossing intersects fewer than 2 kerbs. Generally each crossing should connect to at least 2 kerbs.
1148877864,way,not appliable,not appliable,this crossing intersects fewer than 2 kerbs. Generally each crossing should connect to at least 2 kerbs.
1148897171,way,not appliable,not appliable,this crossing intersects fewer than 2 kerbs. Generally each crossing should connect to at least 2 kerbs.
1148897172,way,not appliable,not appliable,this crossing intersects fewer than 2 kerbs. Generally each crossing should connect to at least 2 kerbs.
1148897173,way,not appliable,not appliable,this crossing intersects fewer than 2 kerbs. Generally each crossing should connect to at least 2 kerbs.
1148901941,way,not appliable,not appliable,this crossing intersects fewer than 2 kerbs. Generally each crossing should connect to at least 2 kerbs.
1148901942,way,not appliable,not appliable,this crossing intersects fewer than 2 kerbs. Generally each crossing should connect to at least 2 kerbs.
1148901943,way,not appliable,not appliable,this crossing intersects fewer than 2 kerbs. Generally each crossing should connect to at least 2 kerbs.
1148928108,way,not appliable,not appliable,this crossing intersects fewer than 2 kerbs. Generally each crossing should connect to at least 2 kerbs.
1148928112,way,not appliable,not appliable,this crossing intersects fewer than 2 kerbs. Generally each crossing should connect to at least 2 kerbs.
1148928113,way,not appliable,not appliable,this crossing intersects fewer than 2 kerbs. Generally each crossing should connect to at least 2 kerbs.
1148928115,way,not appliable,not appliable,this crossing intersects fewer than 2 kerbs. Generally each crossing should connect to at least 2 kerbs.
1148928116,way,not appliable,not appliable,this crossing intersects fewer than 2 kerbs. Generally each crossing should connect to at least 2 kerbs.
1148930606,way,not appliable,not appliable,this crossing intersects fewer than 2 kerbs. Generally each crossing should connect to at least 2 kerbs.
1148932390,way,not appliable,not appliable,this crossing intersects fewer than 2 kerbs. Generally each crossing should connect to at least 2 kerbs.
1148935095,way,not appliable,not appliable,this crossing intersects fewer than 2 kerbs. Generally each crossing should connect to at least 2 kerbs.
1148935096,way,not appliable,not appliable,this crossing intersects fewer than 2 kerbs. Generally each crossing should connect to at least 2 kerbs.
1148939024,way,not appliable,not appliable,this crossing intersects fewer than 2 kerbs. Generally each crossing should connect to at least 2 kerbs.
1148939026,way,not appliable,not appliable,this crossing intersects fewer than 2 kerbs. Generally each crossing should connect to at least 2 kerbs.
1148965998,way,not appliable,not appliable,this crossing intersects fewer than 2 kerbs. Generally each crossing should connect to at least 2 kerbs.
1148966001,way,not appliable,not appliable,this crossing intersects fewer than 2 kerbs. Generally each crossing should connect to at least 2 kerbs.
1148968682,way,not appliable,not appliable,this crossing intersects fewer than 2 kerbs. Generally each crossing should connect to at least 2 kerbs.
1148968684,way,not appliable,not appliable,this crossing intersects fewer than 2 kerbs. Generally each crossing should connect to at least 2 kerbs.
1148968685,way,not appliable,not appliable,this crossing intersects fewer than 2 kerbs. Generally each crossing should connect to at least 2 kerbs.
1148986833,way,not appliable,not appliable,this crossing intersects fewer than 2 kerbs. Generally each crossing should connect to at least 2 kerbs.
1149167971,way,not appliable,not appliable,this crossing intersects fewer than 2 kerbs. Generally each crossing should connect to at least 2 kerbs.
1149173593,way,not appliable,not appliable,this crossing intersects fewer than 2 kerbs. Generally each crossing should connect to at least 2 kerbs.
1149239319,way,not appliable,not appliable,this crossing intersects fewer than 2 kerbs. Generally each crossing should connect to at least 2 kerbs.
1149910494,way,not appliable,not appliable,this crossing intersects fewer than 2 kerbs. Generally each crossing should connect to at least 2 kerbs.
1149919270,way,not appliable,not appliable,this crossing intersects fewer than 2 kerbs. Generally each crossing should connect to at least 2 kerbs.
1149919271,way,not appliable,not appliable,this crossing intersects fewer than 2 kerbs. Generally each crossing should connect to at least 2 kerbs.
1149920432,way,not appliable,not appliable,this crossing intersects fewer than 2 kerbs. Generally each crossing should connect to at least 2 kerbs.
1149920434,way,not appliable,not appliable,this crossing intersects fewer than 2 kerbs. Generally each crossing should connect to at least 2 kerbs.
1149920437,way,not appliable,not appliable,this crossing intersects fewer than 2 kerbs. Generally each crossing should connect to at least 2 kerbs.
1149920929,way,not appliable,not appliable,this crossing intersects fewer than 2 kerbs. Generally each crossing should connect to at least 2 kerbs.
1149920931,way,not appliable,not appliable,this crossing intersects fewer than 2 kerbs. Generally each crossing should connect to at least 2 kerbs.
1149957005,way,not appliable,not appliable,this crossing intersects fewer than 2 kerbs. Generally each crossing should connect to at least 2 kerbs.
1149957008,way,not appliable,not appliable,this crossing intersects fewer than 2 kerbs. Generally each crossing should connect to at least 2 kerbs.
1149957009,way,not appliable,not appliable,this crossing intersects fewer than 2 kerbs. Generally each crossing should connect to at least 2 kerbs.
1149999304,way,not appliable,not appliable,this crossing intersects fewer than 2 kerbs. Generally each crossing should connect to at least 2 kerbs.
1150015344,way,not appliable,not appliable,this crossing intersects fewer than 2 kerbs. Generally each crossing should connect to at least 2 kerbs.
1150214822,way,not appliable,not appliable,this crossing intersects fewer than 2 kerbs. Generally each crossing should connect to at least 2 kerbs.
1150485331,way,not appliable,not appliable,this crossing intersects fewer than 2 kerbs. Generally each crossing should connect to at least 2 kerbs.
1150497031,way,not appliable,not appliable,this crossing intersects fewer than 2 kerbs. Generally each crossing should connect to at least 2 kerbs.
1150578753,way,not appliable,not appliable,this crossing intersects fewer than 2 kerbs. Generally each crossing should connect to at least 2 kerbs.
1150578754,way,not appliable,not appliable,this crossing intersects fewer than 2 kerbs. Generally each crossing should connect to at least 2 kerbs.
1150578755,way,not appliable,not appliable,this crossing intersects fewer than 2 kerbs. Generally each crossing should connect to at least 2 kerbs.
1150578756,way,not appliable,not appliable,this crossing intersects fewer than 2 kerbs. Generally each crossing should connect to at least 2 kerbs.
1150578757,way,not appliable,not appliable,this crossing intersects fewer than 2 kerbs. Generally each crossing should connect to at least 2 kerbs.
1150753358,way,not appliable,not appliable,this crossing intersects fewer than 2 kerbs. Generally each crossing should connect to at least 2 kerbs.
1150779158,way,not appliable,not appliable,this crossing intersects fewer than 2 kerbs. Generally each crossing should connect to at least 2 kerbs.
1150779160,way,not appliable,not appliable,this crossing intersects fewer than 2 kerbs. Generally each crossing should connect to at least 2 kerbs.
1150779162,way,not appliable,not appliable,this crossing intersects fewer than 2 kerbs. Generally each crossing should connect to at least 2 kerbs.
1150783767,way,not appliable,not appliable,this crossing intersects fewer than 2 kerbs. Generally each crossing should connect to at least 2 kerbs.
1150813837,way,not appliable,not appliable,this crossing intersects fewer than 2 kerbs. Generally each crossing should connect to at least 2 kerbs.
1150825129,way,not appliable,not appliable,this crossing intersects fewer than 2 kerbs. Generally each crossing should connect to at least 2 kerbs.
1150825130,way,not appliable,not appliable,this crossing intersects fewer than 2 kerbs. Generally each crossing should connect to at least 2 kerbs.
1150827452,way,not appliable,not appliable,this crossing intersects fewer than 2 kerbs. Generally each crossing should connect to at least 2 kerbs.
1150827454,way,not appliable,not appliable,this crossing intersects fewer than 2 kerbs. Generally each crossing should connect to at least 2 kerbs.
1151028432,way,not appliable,not appliable,this crossing intersects fewer than 2 kerbs. Generally each crossing should connect to at least 2 kerbs.
1151035697,way,not appliable,not appliable,this crossing intersects fewer than 2 kerbs. Generally each crossing should connect to at least 2 kerbs.
1151038391,way,not appliable,not appliable,this crossing intersects fewer than 2 kerbs. Generally each crossing should connect to at least 2 kerbs.
1151043271,way,not appliable,not appliable,this crossing intersects fewer than 2 kerbs. Generally each crossing should connect to at least 2 kerbs.
1151076303,way,not appliable,not appliable,this crossing intersects fewer than 2 kerbs. Generally each crossing should connect to at least 2 kerbs.
1151126642,way,not appliable,not appliable,this crossing intersects fewer than 2 kerbs. Generally each crossing should connect to at least 2 kerbs.
1151126643,way,not appliable,not appliable,this crossing intersects fewer than 2 kerbs. Generally each crossing should connect to at least 2 kerbs.
1151126647,way,not appliable,not appliable,this crossing intersects fewer than 2 kerbs. Generally each crossing should connect to at least 2 kerbs.
1151126649,way,not appliable,not appliable,this crossing intersects fewer than 2 kerbs. Generally each crossing should connect to at least 2 kerbs.
1152252221,way,not appliable,not appliable,this crossing intersects fewer than 2 kerbs. Generally each crossing should connect to at least 2 kerbs.
1152269380,way,not appliable,not appliable,this crossing intersects fewer than 2 kerbs. Generally each crossing should connect to at least 2 kerbs.
1152422009,way,not appliable,not appliable,this crossing intersects fewer than 2 kerbs. Generally each crossing should connect to at least 2 kerbs.
1152422010,way,not appliable,not appliable,this crossing intersects fewer than 2 kerbs. Generally each crossing should connect to at least 2 kerbs.
1152482142,way,not appliable,not appliable,this crossing intersects fewer than 2 kerbs. Generally each crossing should connect to at least 2 kerbs.
1152499300,way,not appliable,not appliable,this crossing intersects fewer than 2 kerbs. Generally each crossing should connect to at least 2 kerbs.
1152534682,way,not appliable,not appliable,this crossing intersects fewer than 2 kerbs. Generally each crossing should connect to at least 2 kerbs.
1152536679,way,not appliable,not appliable,this crossing intersects fewer than 2 kerbs. Generally each crossing should connect to at least 2 kerbs.
1152775347,way,not appliable,not appliable,this crossing intersects fewer than 2 kerbs. Generally each crossing should connect to at least 2 kerbs.
1152800600,way,not appliable,not appliable,this crossing intersects fewer than 2 kerbs. Generally each crossing should connect to at least 2 kerbs.
1152800603,way,not appliable,not appliable,this crossing intersects fewer than 2 kerbs. Generally each crossing should connect to at least 2 kerbs.
1152800604,way,not appliable,not appliable,this crossing intersects fewer than 2 kerbs. Generally each crossing should connect to at least 2 kerbs.
1152801365,way,not appliable,not appliable,this crossing intersects fewer than 2 kerbs. Generally each crossing should connect to at least 2 kerbs.
1152801534,way,not appliable,not appliable,this crossing intersects fewer than 2 kerbs. Generally each crossing should connect to at least 2 kerbs.
1152801538,way,not appliable,not appliable,this crossing intersects fewer than 2 kerbs. Generally each crossing should connect to at least 2 kerbs.
1152801539,way,not appliable,not appliable,this crossing intersects fewer than 2 kerbs. Generally each crossing should connect to at least 2 kerbs.
1152801542,way,not appliable,not appliable,this crossing intersects fewer than 2 kerbs. Generally each crossing should connect to at least 2 kerbs.
1153380295,way,not appliable,not appliable,this crossing intersects fewer than 2 kerbs. Generally each crossing should connect to at least 2 kerbs.
1154089783,way,not appliable,not appliable,this crossing intersects fewer than 2 kerbs. Generally each crossing should connect to at least 2 kerbs.
1154390526,way,not appliable,not appliable,this crossing intersects fewer than 2 kerbs. Generally each crossing should connect to at least 2 kerbs.
1154444800,way,not appliable,not appliable,this crossing intersects fewer than 2 kerbs. Generally each crossing should connect to at least 2 kerbs.
1154812419,way,not appliable,not appliable,this crossing intersects fewer than 2 kerbs. Generally each crossing should connect to at least 2 kerbs.
1154812420,way,not appliable,not appliable,this crossing intersects fewer than 2 kerbs. Generally each crossing should connect to at least 2 kerbs.
1154812421,way,not appliable,not appliable,this crossing intersects fewer than 2 kerbs. Generally each crossing should connect to at least 2 kerbs.
1155052133,way,not appliable,not appliable,this crossing intersects fewer than 2 kerbs. Generally each crossing should connect to at least 2 kerbs.
1155900745,way,not appliable,not appliable,this crossing intersects fewer than 2 kerbs. Generally each crossing should connect to at least 2 kerbs.
1156161934,way,not appliable,not appliable,this crossing intersects fewer than 2 kerbs. Generally each crossing should connect to at least 2 kerbs.
1156762512,way,not appliable,not appliable,this crossing intersects fewer than 2 kerbs. Generally each crossing should connect to at least 2 kerbs.
1156792605,way,not appliable,not appliable,this crossing intersects fewer than 2 kerbs. Generally each crossing should connect to at least 2 kerbs.
1156976252,way,not appliable,not appliable,this crossing intersects fewer than 2 kerbs. Generally each crossing should connect to at least 2 kerbs.
1157086548,way,not appliable,not appliable,this crossing intersects fewer than 2 kerbs. Generally each crossing should connect to at least 2 kerbs.
1157086550,way,not appliable,not appliable,this crossing intersects fewer than 2 kerbs. Generally each crossing should connect to at least 2 kerbs.
1157086551,way,not appliable,not appliable,this crossing intersects fewer than 2 kerbs. Generally each crossing should connect to at least 2 kerbs.
1157086553,way,not appliable,not appliable,this crossing intersects fewer than 2 kerbs. Generally each crossing should connect to at least 2 kerbs.
1157086554,way,not appliable,not appliable,this crossing intersects fewer than 2 kerbs. Generally each crossing should connect to at least 2 kerbs.
1157086557,way,not appliable,not appliable,this crossing intersects fewer than 2 kerbs. Generally each crossing should connect to at least 2 kerbs.
1157086564,way,not appliable,not appliable,this crossing intersects fewer than 2 kerbs. Generally each crossing should connect to at least 2 kerbs.
1157086565,way,not appliable,not appliable,this crossing intersects fewer than 2 kerbs. Generally each crossing should connect to at least 2 kerbs.
1157086566,way,not appliable,not appliable,this crossing intersects fewer than 2 kerbs. Generally each crossing should connect to at least 2 kerbs.
1157776555,way,not appliable,not appliable,this crossing intersects fewer than 2 kerbs. Generally each crossing should connect to at least 2 kerbs.
1159303711,way,not appliable,not appliable,this crossing intersects fewer than 2 kerbs. Generally each crossing should connect to at least 2 kerbs.
1159303712,way,not appliable,not appliable,this crossing intersects fewer than 2 kerbs. Generally each crossing should connect to at least 2 kerbs.
1159303722,way,not appliable,not appliable,this crossing intersects fewer than 2 kerbs. Generally each crossing should connect to at least 2 kerbs.
1159305241,way,not appliable,not appliable,this crossing intersects fewer than 2 kerbs. Generally each crossing should connect to at least 2 kerbs.
1159305242,way,not appliable,not appliable,this crossing intersects fewer than 2 kerbs. Generally each crossing should connect to at least 2 kerbs.
1159305248,way,not appliable,not appliable,this crossing intersects fewer than 2 kerbs. Generally each crossing should connect to at least 2 kerbs.
1159305249,way,not appliable,not appliable,this crossing intersects fewer than 2 kerbs. Generally each crossing should connect to at least 2 kerbs.
1159305612,way,not appliable,not appliable,this crossing intersects fewer than 2 kerbs. Generally each crossing should connect to at least 2 kerbs.
1159305615,way,not appliable,not appliable,this crossing intersects fewer than 2 kerbs. Generally each crossing should connect to at least 2 kerbs.
1159308723,way,not appliable,not appliable,this crossing intersects fewer than 2 kerbs. Generally each crossing should connect to at least 2 kerbs.
1159308728,way,not appliable,not appliable,this crossing intersects fewer than 2 kerbs. Generally each crossing should connect to at least 2 kerbs.
1159308737,way,not appliable,not appliable,this crossing intersects fewer than 2 kerbs. Generally each crossing should connect to at least 2 kerbs.
1159308741,way,not appliable,not appliable,this crossing intersects fewer than 2 kerbs. Generally each crossing should connect to at least 2 kerbs.
1159308743,way,not appliable,not appliable,this crossing intersects fewer than 2 kerbs. Generally each crossing should connect to at least 2 kerbs.
1159308744,way,not appliable,not appliable,this crossing intersects fewer than 2 kerbs. Generally each crossing should connect to at least 2 kerbs.
1159308752,way,not appliable,not appliable,this crossing intersects fewer than 2 kerbs. Generally each crossing should connect to at least 2 kerbs.
1159538312,way,not appliable,not appliable,this crossing intersects fewer than 2 kerbs. Generally each crossing should connect to at least 2 kerbs.
1159538313,way,not appliable,not appliable,this crossing intersects fewer than 2 kerbs. Generally each crossing should connect to at least 2 kerbs.
1159538315,way,not appliable,not appliable,this crossing intersects fewer than 2 kerbs. Generally each crossing should connect to at least 2 kerbs.
1159538316,way,not appliable,not appliable,this crossing intersects fewer than 2 kerbs. Generally each crossing should connect to at least 2 kerbs.
1159538788,way,not appliable,not appliable,this crossing intersects fewer than 2 kerbs. Generally each crossing should connect to at least 2 kerbs.
1159538789,way,not appliable,not appliable,this crossing intersects fewer than 2 kerbs. Generally each crossing should connect to at least 2 kerbs.
1159538792,way,not appliable,not appliable,this crossing intersects fewer than 2 kerbs. Generally each crossing should connect to at least 2 kerbs.
1160268408,way,not appliable,not appliable,this crossing intersects fewer than 2 kerbs. Generally each crossing should connect to at least 2 kerbs.
1160268415,way,not appliable,not appliable,this crossing intersects fewer than 2 kerbs. Generally each crossing should connect to at least 2 kerbs.
1160301152,way,not appliable,not appliable,this crossing intersects fewer than 2 kerbs. Generally each crossing should connect to at least 2 kerbs.
1160819076,way,not appliable,not appliable,this crossing intersects fewer than 2 kerbs. Generally each crossing should connect to at least 2 kerbs.
1160819082,way,not appliable,not appliable,this crossing intersects fewer than 2 kerbs. Generally each crossing should connect to at least 2 kerbs.
1160819083,way,not appliable,not appliable,this crossing intersects fewer than 2 kerbs. Generally each crossing should connect to at least 2 kerbs.
1160819086,way,not appliable,not appliable,this crossing intersects fewer than 2 kerbs. Generally each crossing should connect to at least 2 kerbs.
1160819092,way,not appliable,not appliable,this crossing intersects fewer than 2 kerbs. Generally each crossing should connect to at least 2 kerbs.
1160819095,way,not appliable,not appliable,this crossing intersects fewer than 2 kerbs. Generally each crossing should connect to at least 2 kerbs.
1160819096,way,not appliable,not appliable,this crossing intersects fewer than 2 kerbs. Generally each crossing should connect to at least 2 kerbs.
1160819100,way,not appliable,not appliable,this crossing intersects fewer than 2 kerbs. Generally each crossing should connect to at least 2 kerbs.
1160819102,way,not appliable,not appliable,this crossing intersects fewer than 2 kerbs. Generally each crossing should connect to at least 2 kerbs.
1160819104,way,not appliable,not appliable,this crossing intersects fewer than 2 kerbs. Generally each crossing should connect to at least 2 kerbs.
1160819105,way,not appliable,not appliable,this crossing intersects fewer than 2 kerbs. Generally each crossing should connect to at least 2 kerbs.
1160819106,way,not appliable,not appliable,this crossing intersects fewer than 2 kerbs. Generally each crossing should connect to at least 2 kerbs.
1160819107,way,not appliable,not appliable,this crossing intersects fewer than 2 kerbs. Generally each crossing should connect to at least 2 kerbs.
1160819109,way,not appliable,not appliable,this crossing intersects fewer than 2 kerbs. Generally each crossing should connect to at least 2 kerbs.
1160819111,way,not appliable,not appliable,this crossing intersects fewer than 2 kerbs. Generally each crossing should connect to at least 2 kerbs.
1160819119,way,not appliable,not appliable,this crossing intersects fewer than 2 kerbs. Generally each crossing should connect to at least 2 kerbs.
1160819120,way,not appliable,not appliable,this crossing intersects fewer than 2 kerbs. Generally each crossing should connect to at least 2 kerbs.
1160819122,way,not appliable,not appliable,this crossing intersects fewer than 2 kerbs. Generally each crossing should connect to at least 2 kerbs.
1160819123,way,not appliable,not appliable,this crossing intersects fewer than 2 kerbs. Generally each crossing should connect to at least 2 kerbs.
1160819124,way,not appliable,not appliable,this crossing intersects fewer than 2 kerbs. Generally each crossing should connect to at least 2 kerbs.
1160819126,way,not appliable,not appliable,this crossing intersects fewer than 2 kerbs. Generally each crossing should connect to at least 2 kerbs.
1161015562,way,not appliable,not appliable,this crossing intersects fewer than 2 kerbs. Generally each crossing should connect to at least 2 kerbs.
1161015564,way,not appliable,not appliable,this crossing intersects fewer than 2 kerbs. Generally each crossing should connect to at least 2 kerbs.
1161016331,way,not appliable,not appliable,this crossing intersects fewer than 2 kerbs. Generally each crossing should connect to at least 2 kerbs.
1161016332,way,not appliable,not appliable,this crossing intersects fewer than 2 kerbs. Generally each crossing should connect to at least 2 kerbs.
1161016333,way,not appliable,not appliable,this crossing intersects fewer than 2 kerbs. Generally each crossing should connect to at least 2 kerbs.
1161256877,way,not appliable,not appliable,this crossing intersects fewer than 2 kerbs. Generally each crossing should connect to at least 2 kerbs.
1161256878,way,not appliable,not appliable,this crossing intersects fewer than 2 kerbs. Generally each crossing should connect to at least 2 kerbs.
1161256901,way,not appliable,not appliable,this crossing intersects fewer than 2 kerbs. Generally each crossing should connect to at least 2 kerbs.
1161256903,way,not appliable,not appliable,this crossing intersects fewer than 2 kerbs. Generally each crossing should connect to at least 2 kerbs.
1161256904,way,not appliable,not appliable,this crossing intersects fewer than 2 kerbs. Generally each crossing should connect to at least 2 kerbs.
1161256905,way,not appliable,not appliable,this crossing intersects fewer than 2 kerbs. Generally each crossing should connect to at least 2 kerbs.
1161260040,way,not appliable,not appliable,this crossing intersects fewer than 2 kerbs. Generally each crossing should connect to at least 2 kerbs.
1161260041,way,not appliable,not appliable,this crossing intersects fewer than 2 kerbs. Generally each crossing should connect to at least 2 kerbs.
1161260042,way,not appliable,not appliable,this crossing intersects fewer than 2 kerbs. Generally each crossing should connect to at least 2 kerbs.
1161260043,way,not appliable,not appliable,this crossing intersects fewer than 2 kerbs. Generally each crossing should connect to at least 2 kerbs.
1161260044,way,not appliable,not appliable,this crossing intersects fewer than 2 kerbs. Generally each crossing should connect to at least 2 kerbs.
1161260046,way,not appliable,not appliable,this crossing intersects fewer than 2 kerbs. Generally each crossing should connect to at least 2 kerbs.
1161260048,way,not appliable,not appliable,this crossing intersects fewer than 2 kerbs. Generally each crossing should connect to at least 2 kerbs.
1161260050,way,not appliable,not appliable,this crossing intersects fewer than 2 kerbs. Generally each crossing should connect to at least 2 kerbs.
1161260052,way,not appliable,not appliable,this crossing intersects fewer than 2 kerbs. Generally each crossing should connect to at least 2 kerbs.
1161260054,way,not appliable,not appliable,this crossing intersects fewer than 2 kerbs. Generally each crossing should connect to at least 2 kerbs.
1161260056,way,not appliable,not appliable,this crossing intersects fewer than 2 kerbs. Generally each crossing should connect to at least 2 kerbs.
1161260058,way,not appliable,not appliable,this crossing intersects fewer than 2 kerbs. Generally each crossing should connect to at least 2 kerbs.
1161260063,way,not appliable,not appliable,this crossing intersects fewer than 2 kerbs. Generally each crossing should connect to at least 2 kerbs.
1161260064,way,not appliable,not appliable,this crossing intersects fewer than 2 kerbs. Generally each crossing should connect to at least 2 kerbs.
1161260070,way,not appliable,not appliable,this crossing intersects fewer than 2 kerbs. Generally each crossing should connect to at least 2 kerbs.
1161260072,way,not appliable,not appliable,this crossing intersects fewer than 2 kerbs. Generally each crossing should connect to at least 2 kerbs.
1161260073,way,not appliable,not appliable,this crossing intersects fewer than 2 kerbs. Generally each crossing should connect to at least 2 kerbs.
1161260080,way,not appliable,not appliable,this crossing intersects fewer than 2 kerbs. Generally each crossing should connect to at least 2 kerbs.
1161260081,way,not appliable,not appliable,this crossing intersects fewer than 2 kerbs. Generally each crossing should connect to at least 2 kerbs.
1161260082,way,not appliable,not appliable,this crossing intersects fewer than 2 kerbs. Generally each crossing should connect to at least 2 kerbs.
1161260084,way,not appliable,not appliable,this crossing intersects fewer than 2 kerbs. Generally each crossing should connect to at least 2 kerbs.
1161260086,way,not appliable,not appliable,this crossing intersects fewer than 2 kerbs. Generally each crossing should connect to at least 2 kerbs.
1161260089,way,not appliable,not appliable,this crossing intersects fewer than 2 kerbs. Generally each crossing should connect to at least 2 kerbs.
1161260091,way,not appliable,not appliable,this crossing intersects fewer than 2 kerbs. Generally each crossing should connect to at least 2 kerbs.
1161260092,way,not appliable,not appliable,this crossing intersects fewer than 2 kerbs. Generally each crossing should connect to at least 2 kerbs.
1162725426,way,not appliable,not appliable,this crossing intersects fewer than 2 kerbs. Generally each crossing should connect to at least 2 kerbs.
1162725428,way,not appliable,not appliable,this crossing intersects fewer than 2 kerbs. Generally each crossing should connect to at least 2 kerbs.
1162725432,way,not appliable,not appliable,this crossing intersects fewer than 2 kerbs. Generally each crossing should connect to at least 2 kerbs.
1162725442,way,not appliable,not appliable,this crossing intersects fewer than 2 kerbs. Generally each crossing should connect to at least 2 kerbs.
1162725444,way,not appliable,not appliable,this crossing intersects fewer than 2 kerbs. Generally each crossing should connect to at least 2 kerbs.
1162725448,way,not appliable,not appliable,this crossing intersects fewer than 2 kerbs. Generally each crossing should connect to at least 2 kerbs.
1162725454,way,not appliable,not appliable,this crossing intersects fewer than 2 kerbs. Generally each crossing should connect to at least 2 kerbs.
1162725458,way,not appliable,not appliable,this crossing intersects fewer than 2 kerbs. Generally each crossing should connect to at least 2 kerbs.
1162725466,way,not appliable,not appliable,this crossing intersects fewer than 2 kerbs. Generally each crossing should connect to at least 2 kerbs.
1162725468,way,not appliable,not appliable,this crossing intersects fewer than 2 kerbs. Generally each crossing should connect to at least 2 kerbs.
1162725470,way,not appliable,not appliable,this crossing intersects fewer than 2 kerbs. Generally each crossing should connect to at least 2 kerbs.
1162735583,way,not appliable,not appliable,this crossing intersects fewer than 2 kerbs. Generally each crossing should connect to at least 2 kerbs.
1162735590,way,not appliable,not appliable,this crossing intersects fewer than 2 kerbs. Generally each crossing should connect to at least 2 kerbs.
1162735591,way,not appliable,not appliable,this crossing intersects fewer than 2 kerbs. Generally each crossing should connect to at least 2 kerbs.
1162735601,way,not appliable,not appliable,this crossing intersects fewer than 2 kerbs. Generally each crossing should connect to at least 2 kerbs.
1162735602,way,not appliable,not appliable,this crossing intersects fewer than 2 kerbs. Generally each crossing should connect to at least 2 kerbs.
1162735603,way,not appliable,not appliable,this crossing intersects fewer than 2 kerbs. Generally each crossing should connect to at least 2 kerbs.
1162735604,way,not appliable,not appliable,this crossing intersects fewer than 2 kerbs. Generally each crossing should connect to at least 2 kerbs.
1162735608,way,not appliable,not appliable,this crossing intersects fewer than 2 kerbs. Generally each crossing should connect to at least 2 kerbs.
1162735609,way,not appliable,not appliable,this crossing intersects fewer than 2 kerbs. Generally each crossing should connect to at least 2 kerbs.
1162735612,way,not appliable,not appliable,this crossing intersects fewer than 2 kerbs. Generally each crossing should connect to at least 2 kerbs.
1162735632,way,not appliable,not appliable,this crossing intersects fewer than 2 kerbs. Generally each crossing should connect to at least 2 kerbs.
1162735643,way,not appliable,not appliable,this crossing intersects fewer than 2 kerbs. Generally each crossing should connect to at least 2 kerbs.
1162735644,way,not appliable,not appliable,this crossing intersects fewer than 2 kerbs. Generally each crossing should connect to at least 2 kerbs.
1163758356,way,not appliable,not appliable,this crossing intersects fewer than 2 kerbs. Generally each crossing should connect to at least 2 kerbs.
1163758357,way,not appliable,not appliable,this crossing intersects fewer than 2 kerbs. Generally each crossing should connect to at least 2 kerbs.
1163758362,way,not appliable,not appliable,this crossing intersects fewer than 2 kerbs. Generally each crossing should connect to at least 2 kerbs.
1163758363,way,not appliable,not appliable,this crossing intersects fewer than 2 kerbs. Generally each crossing should connect to at least 2 kerbs.
1163758372,way,not appliable,not appliable,this crossing intersects fewer than 2 kerbs. Generally each crossing should connect to at least 2 kerbs.
1163758373,way,not appliable,not appliable,this crossing intersects fewer than 2 kerbs. Generally each crossing should connect to at least 2 kerbs.
1163758376,way,not appliable,not appliable,this crossing intersects fewer than 2 kerbs. Generally each crossing should connect to at least 2 kerbs.
1163758377,way,not appliable,not appliable,this crossing intersects fewer than 2 kerbs. Generally each crossing should connect to at least 2 kerbs.
1164064318,way,not appliable,not appliable,this crossing intersects fewer than 2 kerbs. Generally each crossing should connect to at least 2 kerbs.
1164064319,way,not appliable,not appliable,this crossing intersects fewer than 2 kerbs. Generally each crossing should connect to at least 2 kerbs.
1164064322,way,not appliable,not appliable,this crossing intersects fewer than 2 kerbs. Generally each crossing should connect to at least 2 kerbs.
1164064324,way,not appliable,not appliable,this crossing intersects fewer than 2 kerbs. Generally each crossing should connect to at least 2 kerbs.
1164064326,way,not appliable,not appliable,this crossing intersects fewer than 2 kerbs. Generally each crossing should connect to at least 2 kerbs.
1173185722,way,not appliable,not appliable,this crossing intersects fewer than 2 kerbs. Generally each crossing should connect to at least 2 kerbs.
1173185724,way,not appliable,not appliable,this crossing intersects fewer than 2 kerbs. Generally each crossing should connect to at least 2 kerbs.
1173185726,way,not appliable,not appliable,this crossing intersects fewer than 2 kerbs. Generally each crossing should connect to at least 2 kerbs.
1173185728,way,not appliable,not appliable,this crossing intersects fewer than 2 kerbs. Generally each crossing should connect to at least 2 kerbs.
1173185730,way,not appliable,not appliable,this crossing intersects fewer than 2 kerbs. Generally each crossing should connect to at least 2 kerbs.
1173185732,way,not appliable,not appliable,this crossing intersects fewer than 2 kerbs. Generally each crossing should connect to at least 2 kerbs.
1173185758,way,not appliable,not appliable,this crossing intersects fewer than 2 kerbs. Generally each crossing should connect to at least 2 kerbs.
1173185760,way,not appliable,not appliable,this crossing intersects fewer than 2 kerbs. Generally each crossing should connect to at least 2 kerbs.
1173865480,way,not appliable,not appliable,this crossing intersects fewer than 2 kerbs. Generally each crossing should connect to at least 2 kerbs.
1173865481,way,not appliable,not appliable,this crossing intersects fewer than 2 kerbs. Generally each crossing should connect to at least 2 kerbs.
1173865483,way,not appliable,not appliable,this crossing intersects fewer than 2 kerbs. Generally each crossing should connect to at least 2 kerbs.
1173865484,way,not appliable,not appliable,this crossing intersects fewer than 2 kerbs. Generally each crossing should connect to at least 2 kerbs.
1173866563,way,not appliable,not appliable,this crossing intersects fewer than 2 kerbs. Generally each crossing should connect to at least 2 kerbs.
1173866564,way,not appliable,not appliable,this crossing intersects fewer than 2 kerbs. Generally each crossing should connect to at least 2 kerbs.
1173866565,way,not appliable,not appliable,this crossing intersects fewer than 2 kerbs. Generally each crossing should connect to at least 2 kerbs.
1173866566,way,not appliable,not appliable,this crossing intersects fewer than 2 kerbs. Generally each crossing should connect to at least 2 kerbs.
1173866567,way,not appliable,not appliable,this crossing intersects fewer than 2 kerbs. Generally each crossing should connect to at least 2 kerbs.
1173866568,way,not appliable,not appliable,this crossing intersects fewer than 2 kerbs. Generally each crossing should connect to at least 2 kerbs.
1173866570,way,not appliable,not appliable,this crossing intersects fewer than 2 kerbs. Generally each crossing should connect to at least 2 kerbs.
1173866571,way,not appliable,not appliable,this crossing intersects fewer than 2 kerbs. Generally each crossing should connect to at least 2 kerbs.
1173866572,way,not appliable,not appliable,this crossing intersects fewer than 2 kerbs. Generally each crossing should connect to at least 2 kerbs.
1173866573,way,not appliable,not appliable,this crossing intersects fewer than 2 kerbs. Generally each crossing should connect to at least 2 kerbs.
1173866574,way,not appliable,not appliable,this crossing intersects fewer than 2 kerbs. Generally each crossing should connect to at least 2 kerbs.
1173866578,way,not appliable,not appliable,this crossing intersects fewer than 2 kerbs. Generally each crossing should connect to at least 2 kerbs.
1173866579,way,not appliable,not appliable,this crossing intersects fewer than 2 kerbs. Generally each crossing should connect to at least 2 kerbs.
1173866580,way,not appliable,not appliable,this crossing intersects fewer than 2 kerbs. Generally each crossing should connect to at least 2 kerbs.
1173866581,way,not appliable,not appliable,this crossing intersects fewer than 2 kerbs. Generally each crossing should connect to at least 2 kerbs.
1173866582,way,not appliable,not appliable,this crossing intersects fewer than 2 kerbs. Generally each crossing should connect to at least 2 kerbs.
1174678682,way,not appliable,not appliable,this crossing intersects fewer than 2 kerbs. Generally each crossing should connect to at least 2 kerbs.
1174924334,way,not appliable,not appliable,this crossing intersects fewer than 2 kerbs. Generally each crossing should connect to at least 2 kerbs.
1174924336,way,not appliable,not appliable,this crossing intersects fewer than 2 kerbs. Generally each crossing should connect to at least 2 kerbs.
1174924338,way,not appliable,not appliable,this crossing intersects fewer than 2 kerbs. Generally each crossing should connect to at least 2 kerbs.
1175506483,way,not appliable,not appliable,this crossing intersects fewer than 2 kerbs. Generally each crossing should connect to at least 2 kerbs.
1175506488,way,not appliable,not appliable,this crossing intersects fewer than 2 kerbs. Generally each crossing should connect to at least 2 kerbs.
1175506490,way,not appliable,not appliable,this crossing intersects fewer than 2 kerbs. Generally each crossing should connect to at least 2 kerbs.
1175506491,way,not appliable,not appliable,this crossing intersects fewer than 2 kerbs. Generally each crossing should connect to at least 2 kerbs.
1175525122,way,not appliable,not appliable,this crossing intersects fewer than 2 kerbs. Generally each crossing should connect to at least 2 kerbs.
1175525123,way,not appliable,not appliable,this crossing intersects fewer than 2 kerbs. Generally each crossing should connect to at least 2 kerbs.
1175525124,way,not appliable,not appliable,this crossing intersects fewer than 2 kerbs. Generally each crossing should connect to at least 2 kerbs.
1175525125,way,not appliable,not appliable,this crossing intersects fewer than 2 kerbs. Generally each crossing should connect to at least 2 kerbs.
1175525126,way,not appliable,not appliable,this crossing intersects fewer than 2 kerbs. Generally each crossing should connect to at least 2 kerbs.
1175525127,way,not appliable,not appliable,this crossing intersects fewer than 2 kerbs. Generally each crossing should connect to at least 2 kerbs.
1175525128,way,not appliable,not appliable,this crossing intersects fewer than 2 kerbs. Generally each crossing should connect to at least 2 kerbs.
1175525129,way,not appliable,not appliable,this crossing intersects fewer than 2 kerbs. Generally each crossing should connect to at least 2 kerbs.
1175525130,way,not appliable,not appliable,this crossing intersects fewer than 2 kerbs. Generally each crossing should connect to at least 2 kerbs.
1175525132,way,not appliable,not appliable,this crossing intersects fewer than 2 kerbs. Generally each crossing should connect to at least 2 kerbs.
1175525134,way,not appliable,not appliable,this crossing intersects fewer than 2 kerbs. Generally each crossing should connect to at least 2 kerbs.
1175525137,way,not appliable,not appliable,this crossing intersects fewer than 2 kerbs. Generally each crossing should connect to at least 2 kerbs.
1175525139,way,not appliable,not appliable,this crossing intersects fewer than 2 kerbs. Generally each crossing should connect to at least 2 kerbs.
1175525141,way,not appliable,not appliable,this crossing intersects fewer than 2 kerbs. Generally each crossing should connect to at least 2 kerbs.
1177715524,way,not appliable,not appliable,this crossing intersects fewer than 2 kerbs. Generally each crossing should connect to at least 2 kerbs.
1177715528,way,not appliable,not appliable,this crossing intersects fewer than 2 kerbs. Generally each crossing should connect to at least 2 kerbs.
1177715529,way,not appliable,not appliable,this crossing intersects fewer than 2 kerbs. Generally each crossing should connect to at least 2 kerbs.
1177715530,way,not appliable,not appliable,this crossing intersects fewer than 2 kerbs. Generally each crossing should connect to at least 2 kerbs.
1177716174,way,not appliable,not appliable,this crossing intersects fewer than 2 kerbs. Generally each crossing should connect to at least 2 kerbs.
1177716175,way,not appliable,not appliable,this crossing intersects fewer than 2 kerbs. Generally each crossing should connect to at least 2 kerbs.
1178708782,way,not appliable,not appliable,this crossing intersects fewer than 2 kerbs. Generally each crossing should connect to at least 2 kerbs.
1180372319,way,not appliable,not appliable,this crossing intersects fewer than 2 kerbs. Generally each crossing should connect to at least 2 kerbs.
1180372322,way,not appliable,not appliable,this crossing intersects fewer than 2 kerbs. Generally each crossing should connect to at least 2 kerbs.
1189549308,way,not appliable,not appliable,this crossing intersects fewer than 2 kerbs. Generally each crossing should connect to at least 2 kerbs.
1189549309,way,not appliable,not appliable,this crossing intersects fewer than 2 kerbs. Generally each crossing should connect to at least 2 kerbs.
1189549310,way,not appliable,not appliable,this crossing intersects fewer than 2 kerbs. Generally each crossing should connect to at least 2 kerbs.
1189549315,way,not appliable,not appliable,this crossing intersects fewer than 2 kerbs. Generally each crossing should connect to at least 2 kerbs.
1189549316,way,not appliable,not appliable,this crossing intersects fewer than 2 kerbs. Generally each crossing should connect to at least 2 kerbs.
1189549319,way,not appliable,not appliable,this crossing intersects fewer than 2 kerbs. Generally each crossing should connect to at least 2 kerbs.
1189549321,way,not appliable,not appliable,this crossing intersects fewer than 2 kerbs. Generally each crossing should connect to at least 2 kerbs.
1189549322,way,not appliable,not appliable,this crossing intersects fewer than 2 kerbs. Generally each crossing should connect to at least 2 kerbs.
1189549324,way,not appliable,not appliable,this crossing intersects fewer than 2 kerbs. Generally each crossing should connect to at least 2 kerbs.
1189549325,way,not appliable,not appliable,this crossing intersects fewer than 2 kerbs. Generally each crossing should connect to at least 2 kerbs.
1189549328,way,not appliable,not appliable,this crossing intersects fewer than 2 kerbs. Generally each crossing should connect to at least 2 kerbs.
1189549330,way,not appliable,not appliable,this crossing intersects fewer than 2 kerbs. Generally each crossing should connect to at least 2 kerbs.
1190527250,way,not appliable,not appliable,this crossing intersects fewer than 2 kerbs. Generally each crossing should connect to at least 2 kerbs.
1190527262,way,not appliable,not appliable,this crossing intersects fewer than 2 kerbs. Generally each crossing should connect to at least 2 kerbs.
1190527265,way,not appliable,not appliable,this crossing intersects fewer than 2 kerbs. Generally each crossing should connect to at least 2 kerbs.
1190527266,way,not appliable,not appliable,this crossing intersects fewer than 2 kerbs. Generally each crossing should connect to at least 2 kerbs.
1195446318,way,not appliable,not appliable,this crossing intersects fewer than 2 kerbs. Generally each crossing should connect to at least 2 kerbs.
1195446343,way,not appliable,not appliable,this crossing intersects fewer than 2 kerbs. Generally each crossing should connect to at least 2 kerbs.
1195450690,way,not appliable,not appliable,this crossing intersects fewer than 2 kerbs. Generally each crossing should connect to at least 2 kerbs.
1195942031,way,not appliable,not appliable,this crossing intersects fewer than 2 kerbs. Generally each crossing should connect to at least 2 kerbs.
1195942033,way,not appliable,not appliable,this crossing intersects fewer than 2 kerbs. Generally each crossing should connect to at least 2 kerbs.
1195942034,way,not appliable,not appliable,this crossing intersects fewer than 2 kerbs. Generally each crossing should connect to at least 2 kerbs.
1195942035,way,not appliable,not appliable,this crossing intersects fewer than 2 kerbs. Generally each crossing should connect to at least 2 kerbs.
1195942037,way,not appliable,not appliable,this crossing intersects fewer than 2 kerbs. Generally each crossing should connect to at least 2 kerbs.
1195942038,way,not appliable,not appliable,this crossing intersects fewer than 2 kerbs. Generally each crossing should connect to at least 2 kerbs.
1195950230,way,not appliable,not appliable,this crossing intersects fewer than 2 kerbs. Generally each crossing should connect to at least 2 kerbs.
1196108584,way,not appliable,not appliable,this crossing intersects fewer than 2 kerbs. Generally each crossing should connect to at least 2 kerbs.
1196173824,way,not appliable,not appliable,this crossing intersects fewer than 2 kerbs. Generally each crossing should connect to at least 2 kerbs.
1196174606,way,not appliable,not appliable,this crossing intersects fewer than 2 kerbs. Generally each crossing should connect to at least 2 kerbs.
1196193202,way,not appliable,not appliable,this crossing intersects fewer than 2 kerbs. Generally each crossing should connect to at least 2 kerbs.
1196193203,way,not appliable,not appliable,this crossing intersects fewer than 2 kerbs. Generally each crossing should connect to at least 2 kerbs.
1196214735,way,not appliable,not appliable,this crossing intersects fewer than 2 kerbs. Generally each crossing should connect to at least 2 kerbs.
1201198847,way,not appliable,not appliable,this crossing intersects fewer than 2 kerbs. Generally each crossing should connect to at least 2 kerbs.
1201593468,way,not appliable,not appliable,this crossing intersects fewer than 2 kerbs. Generally each crossing should connect to at least 2 kerbs.
1201843693,way,not appliable,not appliable,this crossing intersects fewer than 2 kerbs. Generally each crossing should connect to at least 2 kerbs.
1201843695,way,not appliable,not appliable,this crossing intersects fewer than 2 kerbs. Generally each crossing should connect to at least 2 kerbs.
1201843697,way,not appliable,not appliable,this crossing intersects fewer than 2 kerbs. Generally each crossing should connect to at least 2 kerbs.
1201843699,way,not appliable,not appliable,this crossing intersects fewer than 2 kerbs. Generally each crossing should connect to at least 2 kerbs.
1201843700,way,not appliable,not appliable,this crossing intersects fewer than 2 kerbs. Generally each crossing should connect to at least 2 kerbs.
1201843701,way,not appliable,not appliable,this crossing intersects fewer than 2 kerbs. Generally each crossing should connect to at least 2 kerbs.
1201843702,way,not appliable,not appliable,this crossing intersects fewer than 2 kerbs. Generally each crossing should connect to at least 2 kerbs.
1201843705,way,not appliable,not appliable,this crossing intersects fewer than 2 kerbs. Generally each crossing should connect to at least 2 kerbs.
1201843710,way,not appliable,not appliable,this crossing intersects fewer than 2 kerbs. Generally each crossing should connect to at least 2 kerbs.
1201843713,way,not appliable,not appliable,this crossing intersects fewer than 2 kerbs. Generally each crossing should connect to at least 2 kerbs.
1201843716,way,not appliable,not appliable,this crossing intersects fewer than 2 kerbs. Generally each crossing should connect to at least 2 kerbs.
1201843720,way,not appliable,not appliable,this crossing intersects fewer than 2 kerbs. Generally each crossing should connect to at least 2 kerbs.
1201843722,way,not appliable,not appliable,this crossing intersects fewer than 2 kerbs. Generally each crossing should connect to at least 2 kerbs.
1201843723,way,not appliable,not appliable,this crossing intersects fewer than 2 kerbs. Generally each crossing should connect to at least 2 kerbs.
1203330884,way,not appliable,not appliable,this crossing intersects fewer than 2 kerbs. Generally each crossing should connect to at least 2 kerbs.
1203760904,way,not appliable,not appliable,this crossing intersects fewer than 2 kerbs. Generally each crossing should connect to at least 2 kerbs.
1203760906,way,not appliable,not appliable,this crossing intersects fewer than 2 kerbs. Generally each crossing should connect to at least 2 kerbs.
1204055720,way,not appliable,not appliable,this crossing intersects fewer than 2 kerbs. Generally each crossing should connect to at least 2 kerbs.
1206293049,way,not appliable,not appliable,this crossing intersects fewer than 2 kerbs. Generally each crossing should connect to at least 2 kerbs.
1206294099,way,not appliable,not appliable,this crossing intersects fewer than 2 kerbs. Generally each crossing should connect to at least 2 kerbs.
1207050191,way,not appliable,not appliable,this crossing intersects fewer than 2 kerbs. Generally each crossing should connect to at least 2 kerbs.
1207050192,way,not appliable,not appliable,this crossing intersects fewer than 2 kerbs. Generally each crossing should connect to at least 2 kerbs.
1207818988,way,not appliable,not appliable,this crossing intersects fewer than 2 kerbs. Generally each crossing should connect to at least 2 kerbs.
1208143337,way,not appliable,not appliable,this crossing intersects fewer than 2 kerbs. Generally each crossing should connect to at least 2 kerbs.
1208697311,way,not appliable,not appliable,this crossing intersects fewer than 2 kerbs. Generally each crossing should connect to at least 2 kerbs.
1208924419,way,not appliable,not appliable,this crossing intersects fewer than 2 kerbs. Generally each crossing should connect to at least 2 kerbs.
1209235363,way,not appliable,not appliable,this crossing intersects fewer than 2 kerbs. Generally each crossing should connect to at least 2 kerbs.
1209235364,way,not appliable,not appliable,this crossing intersects fewer than 2 kerbs. Generally each crossing should connect to at least 2 kerbs.
1209943413,way,not appliable,not appliable,this crossing intersects fewer than 2 kerbs. Generally each crossing should connect to at least 2 kerbs.
1209943415,way,not appliable,not appliable,this crossing intersects fewer than 2 kerbs. Generally each crossing should connect to at least 2 kerbs.
1209943417,way,not appliable,not appliable,this crossing intersects fewer than 2 kerbs. Generally each crossing should connect to at least 2 kerbs.
1210656275,way,not appliable,not appliable,this crossing intersects fewer than 2 kerbs. Generally each crossing should connect to at least 2 kerbs.
1210656278,way,not appliable,not appliable,this crossing intersects fewer than 2 kerbs. Generally each crossing should connect to at least 2 kerbs.
1210656283,way,not appliable,not appliable,this crossing intersects fewer than 2 kerbs. Generally each crossing should connect to at least 2 kerbs.
1210656803,way,not appliable,not appliable,this crossing intersects fewer than 2 kerbs. Generally each crossing should connect to at least 2 kerbs.
1210656807,way,not appliable,not appliable,this crossing intersects fewer than 2 kerbs. Generally each crossing should connect to at least 2 kerbs.
1210656808,way,not appliable,not appliable,this crossing intersects fewer than 2 kerbs. Generally each crossing should connect to at least 2 kerbs.
1210656810,way,not appliable,not appliable,this crossing intersects fewer than 2 kerbs. Generally each crossing should connect to at least 2 kerbs.
1210656812,way,not appliable,not appliable,this crossing intersects fewer than 2 kerbs. Generally each crossing should connect to at least 2 kerbs.
1211465367,way,not appliable,not appliable,this crossing intersects fewer than 2 kerbs. Generally each crossing should connect to at least 2 kerbs.
1212396563,way,not appliable,not appliable,this crossing intersects fewer than 2 kerbs. Generally each crossing should connect to at least 2 kerbs.
1212396565,way,not appliable,not appliable,this crossing intersects fewer than 2 kerbs. Generally each crossing should connect to at least 2 kerbs.
1212396567,way,not appliable,not appliable,this crossing intersects fewer than 2 kerbs. Generally each crossing should connect to at least 2 kerbs.
1212396572,way,not appliable,not appliable,this crossing intersects fewer than 2 kerbs. Generally each crossing should connect to at least 2 kerbs.
1212396577,way,not appliable,not appliable,this crossing intersects fewer than 2 kerbs. Generally each crossing should connect to at least 2 kerbs.
1212396578,way,not appliable,not appliable,this crossing intersects fewer than 2 kerbs. Generally each crossing should connect to at least 2 kerbs.
1212396579,way,not appliable,not appliable,this crossing intersects fewer than 2 kerbs. Generally each crossing should connect to at least 2 kerbs.
1212396580,way,not appliable,not appliable,this crossing intersects fewer than 2 kerbs. Generally each crossing should connect to at least 2 kerbs.
1212396584,way,not appliable,not appliable,this crossing intersects fewer than 2 kerbs. Generally each crossing should connect to at least 2 kerbs.
1213541171,way,not appliable,not appliable,this crossing intersects fewer than 2 kerbs. Generally each crossing should connect to at least 2 kerbs.
1216376919,way,not appliable,not appliable,this crossing intersects fewer than 2 kerbs. Generally each crossing should connect to at least 2 kerbs.
1218652753,way,not appliable,not appliable,this crossing intersects fewer than 2 kerbs. Generally each crossing should connect to at least 2 kerbs.
1220558551,way,not appliable,not appliable,this crossing intersects fewer than 2 kerbs. Generally each crossing should connect to at least 2 kerbs.
1220558552,way,not appliable,not appliable,this crossing intersects fewer than 2 kerbs. Generally each crossing should connect to at least 2 kerbs.
1220642785,way,not appliable,not appliable,this crossing intersects fewer than 2 kerbs. Generally each crossing should connect to at least 2 kerbs.
1220642787,way,not appliable,not appliable,this crossing intersects fewer than 2 kerbs. Generally each crossing should connect to at least 2 kerbs.
1220642789,way,not appliable,not appliable,this crossing intersects fewer than 2 kerbs. Generally each crossing should connect to at least 2 kerbs.
1220642790,way,not appliable,not appliable,this crossing intersects fewer than 2 kerbs. Generally each crossing should connect to at least 2 kerbs.
1220642792,way,not appliable,not appliable,this crossing intersects fewer than 2 kerbs. Generally each crossing should connect to at least 2 kerbs.
1220642793,way,not appliable,not appliable,this crossing intersects fewer than 2 kerbs. Generally each crossing should connect to at least 2 kerbs.
1220642795,way,not appliable,not appliable,this crossing intersects fewer than 2 kerbs. Generally each crossing should connect to at least 2 kerbs.
1221568224,way,not appliable,not appliable,this crossing intersects fewer than 2 kerbs. Generally each crossing should connect to at least 2 kerbs.
1221650305,way,not appliable,not appliable,this crossing intersects fewer than 2 kerbs. Generally each crossing should connect to at least 2 kerbs.
1221650306,way,not appliable,not appliable,this crossing intersects fewer than 2 kerbs. Generally each crossing should connect to at least 2 kerbs.
1221888736,way,not appliable,not appliable,this crossing intersects fewer than 2 kerbs. Generally each crossing should connect to at least 2 kerbs.
1221888738,way,not appliable,not appliable,this crossing intersects fewer than 2 kerbs. Generally each crossing should connect to at least 2 kerbs.
1222377564,way,not appliable,not appliable,this crossing intersects fewer than 2 kerbs. Generally each crossing should connect to at least 2 kerbs.
1223267581,way,not appliable,not appliable,this crossing intersects fewer than 2 kerbs. Generally each crossing should connect to at least 2 kerbs.
1223267584,way,not appliable,not appliable,this crossing intersects fewer than 2 kerbs. Generally each crossing should connect to at least 2 kerbs.
1223267585,way,not appliable,not appliable,this crossing intersects fewer than 2 kerbs. Generally each crossing should connect to at least 2 kerbs.
1223267588,way,not appliable,not appliable,this crossing intersects fewer than 2 kerbs. Generally each crossing should connect to at least 2 kerbs.
1223267595,way,not appliable,not appliable,this crossing intersects fewer than 2 kerbs. Generally each crossing should connect to at least 2 kerbs.
1223267600,way,not appliable,not appliable,this crossing intersects fewer than 2 kerbs. Generally each crossing should connect to at least 2 kerbs.
1223267602,way,not appliable,not appliable,this crossing intersects fewer than 2 kerbs. Generally each crossing should connect to at least 2 kerbs.
1223267603,way,not appliable,not appliable,this crossing intersects fewer than 2 kerbs. Generally each crossing should connect to at least 2 kerbs.
1223275221,way,not appliable,not appliable,this crossing intersects fewer than 2 kerbs. Generally each crossing should connect to at least 2 kerbs.
1223275222,way,not appliable,not appliable,this crossing intersects fewer than 2 kerbs. Generally each crossing should connect to at least 2 kerbs.
1223275224,way,not appliable,not appliable,this crossing intersects fewer than 2 kerbs. Generally each crossing should connect to at least 2 kerbs.
1223356233,way,not appliable,not appliable,this crossing intersects fewer than 2 kerbs. Generally each crossing should connect to at least 2 kerbs.
1223356235,way,not appliable,not appliable,this crossing intersects fewer than 2 kerbs. Generally each crossing should connect to at least 2 kerbs.
1223356237,way,not appliable,not appliable,this crossing intersects fewer than 2 kerbs. Generally each crossing should connect to at least 2 kerbs.
1223356238,way,not appliable,not appliable,this crossing intersects fewer than 2 kerbs. Generally each crossing should connect to at least 2 kerbs.
1223356242,way,not appliable,not appliable,this crossing intersects fewer than 2 kerbs. Generally each crossing should connect to at least 2 kerbs.
1223356434,way,not appliable,not appliable,this crossing intersects fewer than 2 kerbs. Generally each crossing should connect to at least 2 kerbs.
1223994760,way,not appliable,not appliable,this crossing intersects fewer than 2 kerbs. Generally each crossing should connect to at least 2 kerbs.
1224668776,way,not appliable,not appliable,this crossing intersects fewer than 2 kerbs. Generally each crossing should connect to at least 2 kerbs.
1224668782,way,not appliable,not appliable,this crossing intersects fewer than 2 kerbs. Generally each crossing should connect to at least 2 kerbs.
1224668988,way,not appliable,not appliable,this crossing intersects fewer than 2 kerbs. Generally each crossing should connect to at least 2 kerbs.
1224677443,way,not appliable,not appliable,this crossing intersects fewer than 2 kerbs. Generally each crossing should connect to at least 2 kerbs.
1224677445,way,not appliable,not appliable,this crossing intersects fewer than 2 kerbs. Generally each crossing should connect to at least 2 kerbs.
1224677446,way,not appliable,not appliable,this crossing intersects fewer than 2 kerbs. Generally each crossing should connect to at least 2 kerbs.
1224701832,way,not appliable,not appliable,this crossing intersects fewer than 2 kerbs. Generally each crossing should connect to at least 2 kerbs.
1224701835,way,not appliable,not appliable,this crossing intersects fewer than 2 kerbs. Generally each crossing should connect to at least 2 kerbs.
1224701849,way,not appliable,not appliable,this crossing intersects fewer than 2 kerbs. Generally each crossing should connect to at least 2 kerbs.
1224701851,way,not appliable,not appliable,this crossing intersects fewer than 2 kerbs. Generally each crossing should connect to at least 2 kerbs.
1224701853,way,not appliable,not appliable,this crossing intersects fewer than 2 kerbs. Generally each crossing should connect to at least 2 kerbs.
1224701857,way,not appliable,not appliable,this crossing intersects fewer than 2 kerbs. Generally each crossing should connect to at least 2 kerbs.
1224701860,way,not appliable,not appliable,this crossing intersects fewer than 2 kerbs. Generally each crossing should connect to at least 2 kerbs.
1224701862,way,not appliable,not appliable,this crossing intersects fewer than 2 kerbs. Generally each crossing should connect to at least 2 kerbs.
1224701869,way,not appliable,not appliable,this crossing intersects fewer than 2 kerbs. Generally each crossing should connect to at least 2 kerbs.
1224701891,way,not appliable,not appliable,this crossing intersects fewer than 2 kerbs. Generally each crossing should connect to at least 2 kerbs.
1224701903,way,not appliable,not appliable,this crossing intersects fewer than 2 kerbs. Generally each crossing should connect to at least 2 kerbs.
1224701905,way,not appliable,not appliable,this crossing intersects fewer than 2 kerbs. Generally each crossing should connect to at least 2 kerbs.
1224701906,way,not appliable,not appliable,this crossing intersects fewer than 2 kerbs. Generally each crossing should connect to at least 2 kerbs.
1224701908,way,not appliable,not appliable,this crossing intersects fewer than 2 kerbs. Generally each crossing should connect to at least 2 kerbs.
1224701911,way,not appliable,not appliable,this crossing intersects fewer than 2 kerbs. Generally each crossing should connect to at least 2 kerbs.
1224701912,way,not appliable,not appliable,this crossing intersects fewer than 2 kerbs. Generally each crossing should connect to at least 2 kerbs.
1224701913,way,not appliable,not appliable,this crossing intersects fewer than 2 kerbs. Generally each crossing should connect to at least 2 kerbs.
1224701917,way,not appliable,not appliable,this crossing intersects fewer than 2 kerbs. Generally each crossing should connect to at least 2 kerbs.
1224701930,way,not appliable,not appliable,this crossing intersects fewer than 2 kerbs. Generally each crossing should connect to at least 2 kerbs.
1224701954,way,not appliable,not appliable,this crossing intersects fewer than 2 kerbs. Generally each crossing should connect to at least 2 kerbs.
1224701959,way,not appliable,not appliable,this crossing intersects fewer than 2 kerbs. Generally each crossing should connect to at least 2 kerbs.
1224701960,way,not appliable,not appliable,this crossing intersects fewer than 2 kerbs. Generally each crossing should connect to at least 2 kerbs.
1224701963,way,not appliable,not appliable,this crossing intersects fewer than 2 kerbs. Generally each crossing should connect to at least 2 kerbs.
1224701994,way,not appliable,not appliable,this crossing intersects fewer than 2 kerbs. Generally each crossing should connect to at least 2 kerbs.
1224701995,way,not appliable,not appliable,this crossing intersects fewer than 2 kerbs. Generally each crossing should connect to at least 2 kerbs.
1224701997,way,not appliable,not appliable,this crossing intersects fewer than 2 kerbs. Generally each crossing should connect to at least 2 kerbs.
1224811182,way,not appliable,not appliable,this crossing intersects fewer than 2 kerbs. Generally each crossing should connect to at least 2 kerbs.
1224822233,way,not appliable,not appliable,this crossing intersects fewer than 2 kerbs. Generally each crossing should connect to at least 2 kerbs.
1224920700,way,not appliable,not appliable,this crossing intersects fewer than 2 kerbs. Generally each crossing should connect to at least 2 kerbs.
1224920726,way,not appliable,not appliable,this crossing intersects fewer than 2 kerbs. Generally each crossing should connect to at least 2 kerbs.
1224921003,way,not appliable,not appliable,this crossing intersects fewer than 2 kerbs. Generally each crossing should connect to at least 2 kerbs.
1224921005,way,not appliable,not appliable,this crossing intersects fewer than 2 kerbs. Generally each crossing should connect to at least 2 kerbs.
1224921007,way,not appliable,not appliable,this crossing intersects fewer than 2 kerbs. Generally each crossing should connect to at least 2 kerbs.
1224921008,way,not appliable,not appliable,this crossing intersects fewer than 2 kerbs. Generally each crossing should connect to at least 2 kerbs.
1224921010,way,not appliable,not appliable,this crossing intersects fewer than 2 kerbs. Generally each crossing should connect to at least 2 kerbs.
1224921013,way,not appliable,not appliable,this crossing intersects fewer than 2 kerbs. Generally each crossing should connect to at least 2 kerbs.
1224921014,way,not appliable,not appliable,this crossing intersects fewer than 2 kerbs. Generally each crossing should connect to at least 2 kerbs.
1224921018,way,not appliable,not appliable,this crossing intersects fewer than 2 kerbs. Generally each crossing should connect to at least 2 kerbs.
1224921022,way,not appliable,not appliable,this crossing intersects fewer than 2 kerbs. Generally each crossing should connect to at least 2 kerbs.
1224921023,way,not appliable,not appliable,this crossing intersects fewer than 2 kerbs. Generally each crossing should connect to at least 2 kerbs.
1224921028,way,not appliable,not appliable,this crossing intersects fewer than 2 kerbs. Generally each crossing should connect to at least 2 kerbs.
1225124039,way,not appliable,not appliable,this crossing intersects fewer than 2 kerbs. Generally each crossing should connect to at least 2 kerbs.
1225124040,way,not appliable,not appliable,this crossing intersects fewer than 2 kerbs. Generally each crossing should connect to at least 2 kerbs.
1225124046,way,not appliable,not appliable,this crossing intersects fewer than 2 kerbs. Generally each crossing should connect to at least 2 kerbs.
1225124050,way,not appliable,not appliable,this crossing intersects fewer than 2 kerbs. Generally each crossing should connect to at least 2 kerbs.
1228280500,way,not appliable,not appliable,this crossing intersects fewer than 2 kerbs. Generally each crossing should connect to at least 2 kerbs.
1228280501,way,not appliable,not appliable,this crossing intersects fewer than 2 kerbs. Generally each crossing should connect to at least 2 kerbs.
1228876770,way,not appliable,not appliable,this crossing intersects fewer than 2 kerbs. Generally each crossing should connect to at least 2 kerbs.
1229841151,way,not appliable,not appliable,this crossing intersects fewer than 2 kerbs. Generally each crossing should connect to at least 2 kerbs.
1229841156,way,not appliable,not appliable,this crossing intersects fewer than 2 kerbs. Generally each crossing should connect to at least 2 kerbs.
1229841181,way,not appliable,not appliable,this crossing intersects fewer than 2 kerbs. Generally each crossing should connect to at least 2 kerbs.
1229841188,way,not appliable,not appliable,this crossing intersects fewer than 2 kerbs. Generally each crossing should connect to at least 2 kerbs.
1230425080,way,not appliable,not appliable,this crossing intersects fewer than 2 kerbs. Generally each crossing should connect to at least 2 kerbs.
1230425085,way,not appliable,not appliable,this crossing intersects fewer than 2 kerbs. Generally each crossing should connect to at least 2 kerbs.
1230425087,way,not appliable,not appliable,this crossing intersects fewer than 2 kerbs. Generally each crossing should connect to at least 2 kerbs.
1230425088,way,not appliable,not appliable,this crossing intersects fewer than 2 kerbs. Generally each crossing should connect to at least 2 kerbs.
1230425092,way,not appliable,not appliable,this crossing intersects fewer than 2 kerbs. Generally each crossing should connect to at least 2 kerbs.
1230425094,way,not appliable,not appliable,this crossing intersects fewer than 2 kerbs. Generally each crossing should connect to at least 2 kerbs.
1230425098,way,not appliable,not appliable,this crossing intersects fewer than 2 kerbs. Generally each crossing should connect to at least 2 kerbs.
1230425100,way,not appliable,not appliable,this crossing intersects fewer than 2 kerbs. Generally each crossing should connect to at least 2 kerbs.
1230425105,way,not appliable,not appliable,this crossing intersects fewer than 2 kerbs. Generally each crossing should connect to at least 2 kerbs.
1230425106,way,not appliable,not appliable,this crossing intersects fewer than 2 kerbs. Generally each crossing should connect to at least 2 kerbs.
1230425111,way,not appliable,not appliable,this crossing intersects fewer than 2 kerbs. Generally each crossing should connect to at least 2 kerbs.
1230438568,way,not appliable,not appliable,this crossing intersects fewer than 2 kerbs. Generally each crossing should connect to at least 2 kerbs.
1230643294,way,not appliable,not appliable,this crossing intersects fewer than 2 kerbs. Generally each crossing should connect to at least 2 kerbs.
1230643308,way,not appliable,not appliable,this crossing intersects fewer than 2 kerbs. Generally each crossing should connect to at least 2 kerbs.
1230643309,way,not appliable,not appliable,this crossing intersects fewer than 2 kerbs. Generally each crossing should connect to at least 2 kerbs.
1230905044,way,not appliable,not appliable,this crossing intersects fewer than 2 kerbs. Generally each crossing should connect to at least 2 kerbs.
1230905046,way,not appliable,not appliable,this crossing intersects fewer than 2 kerbs. Generally each crossing should connect to at least 2 kerbs.
1230905048,way,not appliable,not appliable,this crossing intersects fewer than 2 kerbs. Generally each crossing should connect to at least 2 kerbs.
1230905050,way,not appliable,not appliable,this crossing intersects fewer than 2 kerbs. Generally each crossing should connect to at least 2 kerbs.
1230905051,way,not appliable,not appliable,this crossing intersects fewer than 2 kerbs. Generally each crossing should connect to at least 2 kerbs.
1230905053,way,not appliable,not appliable,this crossing intersects fewer than 2 kerbs. Generally each crossing should connect to at least 2 kerbs.
1231942769,way,not appliable,not appliable,this crossing intersects fewer than 2 kerbs. Generally each crossing should connect to at least 2 kerbs.
1231942770,way,not appliable,not appliable,this crossing intersects fewer than 2 kerbs. Generally each crossing should connect to at least 2 kerbs.
1231942771,way,not appliable,not appliable,this crossing intersects fewer than 2 kerbs. Generally each crossing should connect to at least 2 kerbs.
1232081799,way,not appliable,not appliable,this crossing intersects fewer than 2 kerbs. Generally each crossing should connect to at least 2 kerbs.
1232081800,way,not appliable,not appliable,this crossing intersects fewer than 2 kerbs. Generally each crossing should connect to at least 2 kerbs.
1232081816,way,not appliable,not appliable,this crossing intersects fewer than 2 kerbs. Generally each crossing should connect to at least 2 kerbs.
1232081817,way,not appliable,not appliable,this crossing intersects fewer than 2 kerbs. Generally each crossing should connect to at least 2 kerbs.
1232081818,way,not appliable,not appliable,this crossing intersects fewer than 2 kerbs. Generally each crossing should connect to at least 2 kerbs.
1232081819,way,not appliable,not appliable,this crossing intersects fewer than 2 kerbs. Generally each crossing should connect to at least 2 kerbs.
1232081820,way,not appliable,not appliable,this crossing intersects fewer than 2 kerbs. Generally each crossing should connect to at least 2 kerbs.
1232081822,way,not appliable,not appliable,this crossing intersects fewer than 2 kerbs. Generally each crossing should connect to at least 2 kerbs.
1232528480,way,not appliable,not appliable,this crossing intersects fewer than 2 kerbs. Generally each crossing should connect to at least 2 kerbs.
1232528513,way,not appliable,not appliable,this crossing intersects fewer than 2 kerbs. Generally each crossing should connect to at least 2 kerbs.
1232697613,way,not appliable,not appliable,this crossing intersects fewer than 2 kerbs. Generally each crossing should connect to at least 2 kerbs.
1232794070,way,not appliable,not appliable,this crossing intersects fewer than 2 kerbs. Generally each crossing should connect to at least 2 kerbs.
1232794072,way,not appliable,not appliable,this crossing intersects fewer than 2 kerbs. Generally each crossing should connect to at least 2 kerbs.
1232794073,way,not appliable,not appliable,this crossing intersects fewer than 2 kerbs. Generally each crossing should connect to at least 2 kerbs.
1232794075,way,not appliable,not appliable,this crossing intersects fewer than 2 kerbs. Generally each crossing should connect to at least 2 kerbs.
1232794077,way,not appliable,not appliable,this crossing intersects fewer than 2 kerbs. Generally each crossing should connect to at least 2 kerbs.
1232794078,way,not appliable,not appliable,this crossing intersects fewer than 2 kerbs. Generally each crossing should connect to at least 2 kerbs.
1232794079,way,not appliable,not appliable,this crossing intersects fewer than 2 kerbs. Generally each crossing should connect to at least 2 kerbs.
1232794080,way,not appliable,not appliable,this crossing intersects fewer than 2 kerbs. Generally each crossing should connect to at least 2 kerbs.
1232794082,way,not appliable,not appliable,this crossing intersects fewer than 2 kerbs. Generally each crossing should connect to at least 2 kerbs.
1232794091,way,not appliable,not appliable,this crossing intersects fewer than 2 kerbs. Generally each crossing should connect to at least 2 kerbs.
1233649267,way,not appliable,not appliable,this crossing intersects fewer than 2 kerbs. Generally each crossing should connect to at least 2 kerbs.
1233649268,way,not appliable,not appliable,this crossing intersects fewer than 2 kerbs. Generally each crossing should connect to at least 2 kerbs.
1233649270,way,not appliable,not appliable,this crossing intersects fewer than 2 kerbs. Generally each crossing should connect to at least 2 kerbs.
1233649271,way,not appliable,not appliable,this crossing intersects fewer than 2 kerbs. Generally each crossing should connect to at least 2 kerbs.
1233649278,way,not appliable,not appliable,this crossing intersects fewer than 2 kerbs. Generally each crossing should connect to at least 2 kerbs.
1234744100,way,not appliable,not appliable,this crossing intersects fewer than 2 kerbs. Generally each crossing should connect to at least 2 kerbs.
1234744102,way,not appliable,not appliable,this crossing intersects fewer than 2 kerbs. Generally each crossing should connect to at least 2 kerbs.
1234744107,way,not appliable,not appliable,this crossing intersects fewer than 2 kerbs. Generally each crossing should connect to at least 2 kerbs.
1234954713,way,not appliable,not appliable,this crossing intersects fewer than 2 kerbs. Generally each crossing should connect to at least 2 kerbs.
1234954714,way,not appliable,not appliable,this crossing intersects fewer than 2 kerbs. Generally each crossing should connect to at least 2 kerbs.
1234954715,way,not appliable,not appliable,this crossing intersects fewer than 2 kerbs. Generally each crossing should connect to at least 2 kerbs.
1234954737,way,not appliable,not appliable,this crossing intersects fewer than 2 kerbs. Generally each crossing should connect to at least 2 kerbs.
1234954738,way,not appliable,not appliable,this crossing intersects fewer than 2 kerbs. Generally each crossing should connect to at least 2 kerbs.
1234954810,way,not appliable,not appliable,this crossing intersects fewer than 2 kerbs. Generally each crossing should connect to at least 2 kerbs.
1235231018,way,not appliable,not appliable,this crossing intersects fewer than 2 kerbs. Generally each crossing should connect to at least 2 kerbs.
1235231019,way,not appliable,not appliable,this crossing intersects fewer than 2 kerbs. Generally each crossing should connect to at least 2 kerbs.
1235231021,way,not appliable,not appliable,this crossing intersects fewer than 2 kerbs. Generally each crossing should connect to at least 2 kerbs.
1235249302,way,not appliable,not appliable,this crossing intersects fewer than 2 kerbs. Generally each crossing should connect to at least 2 kerbs.
1235249303,way,not appliable,not appliable,this crossing intersects fewer than 2 kerbs. Generally each crossing should connect to at least 2 kerbs.
1235249304,way,not appliable,not appliable,this crossing intersects fewer than 2 kerbs. Generally each crossing should connect to at least 2 kerbs.
1235548744,way,not appliable,not appliable,this crossing intersects fewer than 2 kerbs. Generally each crossing should connect to at least 2 kerbs.
1235548745,way,not appliable,not appliable,this crossing intersects fewer than 2 kerbs. Generally each crossing should connect to at least 2 kerbs.
1235548747,way,not appliable,not appliable,this crossing intersects fewer than 2 kerbs. Generally each crossing should connect to at least 2 kerbs.
1235548750,way,not appliable,not appliable,this crossing intersects fewer than 2 kerbs. Generally each crossing should connect to at least 2 kerbs.
1235548754,way,not appliable,not appliable,this crossing intersects fewer than 2 kerbs. Generally each crossing should connect to at least 2 kerbs.
1235548756,way,not appliable,not appliable,this crossing intersects fewer than 2 kerbs. Generally each crossing should connect to at least 2 kerbs.
1235548759,way,not appliable,not appliable,this crossing intersects fewer than 2 kerbs. Generally each crossing should connect to at least 2 kerbs.
1236954801,way,not appliable,not appliable,this crossing intersects fewer than 2 kerbs. Generally each crossing should connect to at least 2 kerbs.
1236954802,way,not appliable,not appliable,this crossing intersects fewer than 2 kerbs. Generally each crossing should connect to at least 2 kerbs.
1236954804,way,not appliable,not appliable,this crossing intersects fewer than 2 kerbs. Generally each crossing should connect to at least 2 kerbs.
1236954805,way,not appliable,not appliable,this crossing intersects fewer than 2 kerbs. Generally each crossing should connect to at least 2 kerbs.
1236954806,way,not appliable,not appliable,this crossing intersects fewer than 2 kerbs. Generally each crossing should connect to at least 2 kerbs.
1236954807,way,not appliable,not appliable,this crossing intersects fewer than 2 kerbs. Generally each crossing should connect to at least 2 kerbs.
1237581452,way,not appliable,not appliable,this crossing intersects fewer than 2 kerbs. Generally each crossing should connect to at least 2 kerbs.
1237581463,way,not appliable,not appliable,this crossing intersects fewer than 2 kerbs. Generally each crossing should connect to at least 2 kerbs.
1237581464,way,not appliable,not appliable,this crossing intersects fewer than 2 kerbs. Generally each crossing should connect to at least 2 kerbs.
1238699561,way,not appliable,not appliable,this crossing intersects fewer than 2 kerbs. Generally each crossing should connect to at least 2 kerbs.
1239981338,way,not appliable,not appliable,this crossing intersects fewer than 2 kerbs. Generally each crossing should connect to at least 2 kerbs.
1240201326,way,not appliable,not appliable,this crossing intersects fewer than 2 kerbs. Generally each crossing should connect to at least 2 kerbs.
1240201327,way,not appliable,not appliable,this crossing intersects fewer than 2 kerbs. Generally each crossing should connect to at least 2 kerbs.
1240201328,way,not appliable,not appliable,this crossing intersects fewer than 2 kerbs. Generally each crossing should connect to at least 2 kerbs.
1240201352,way,not appliable,not appliable,this crossing intersects fewer than 2 kerbs. Generally each crossing should connect to at least 2 kerbs.
1240201353,way,not appliable,not appliable,this crossing intersects fewer than 2 kerbs. Generally each crossing should connect to at least 2 kerbs.
1240222663,way,not appliable,not appliable,this crossing intersects fewer than 2 kerbs. Generally each crossing should connect to at least 2 kerbs.
1242348662,way,not appliable,not appliable,this crossing intersects fewer than 2 kerbs. Generally each crossing should connect to at least 2 kerbs.
1243039469,way,not appliable,not appliable,this crossing intersects fewer than 2 kerbs. Generally each crossing should connect to at least 2 kerbs.
1244649462,way,not appliable,not appliable,this crossing intersects fewer than 2 kerbs. Generally each crossing should connect to at least 2 kerbs.
1244649464,way,not appliable,not appliable,this crossing intersects fewer than 2 kerbs. Generally each crossing should connect to at least 2 kerbs.
1244649466,way,not appliable,not appliable,this crossing intersects fewer than 2 kerbs. Generally each crossing should connect to at least 2 kerbs.
1244649467,way,not appliable,not appliable,this crossing intersects fewer than 2 kerbs. Generally each crossing should connect to at least 2 kerbs.
1244649468,way,not appliable,not appliable,this crossing intersects fewer than 2 kerbs. Generally each crossing should connect to at least 2 kerbs.
1244969586,way,not appliable,not appliable,this crossing intersects fewer than 2 kerbs. Generally each crossing should connect to at least 2 kerbs.
1244969589,way,not appliable,not appliable,this crossing intersects fewer than 2 kerbs. Generally each crossing should connect to at least 2 kerbs.
1244969590,way,not appliable,not appliable,this crossing intersects fewer than 2 kerbs. Generally each crossing should connect to at least 2 kerbs.
1244969593,way,not appliable,not appliable,this crossing intersects fewer than 2 kerbs. Generally each crossing should connect to at least 2 kerbs.
1244969594,way,not appliable,not appliable,this crossing intersects fewer than 2 kerbs. Generally each crossing should connect to at least 2 kerbs.
1244969595,way,not appliable,not appliable,this crossing intersects fewer than 2 kerbs. Generally each crossing should connect to at least 2 kerbs.
1244969596,way,not appliable,not appliable,this crossing intersects fewer than 2 kerbs. Generally each crossing should connect to at least 2 kerbs.
1245309186,way,not appliable,not appliable,this crossing intersects fewer than 2 kerbs. Generally each crossing should connect to at least 2 kerbs.
1246423882,way,not appliable,not appliable,this crossing intersects fewer than 2 kerbs. Generally each crossing should connect to at least 2 kerbs.
1246423898,way,not appliable,not appliable,this crossing intersects fewer than 2 kerbs. Generally each crossing should connect to at least 2 kerbs.
1248858572,way,not appliable,not appliable,this crossing intersects fewer than 2 kerbs. Generally each crossing should connect to at least 2 kerbs.
1248858573,way,not appliable,not appliable,this crossing intersects fewer than 2 kerbs. Generally each crossing should connect to at least 2 kerbs.
1251657859,way,not appliable,not appliable,this crossing intersects fewer than 2 kerbs. Generally each crossing should connect to at least 2 kerbs.
1252914454,way,not appliable,not appliable,this crossing intersects fewer than 2 kerbs. Generally each crossing should connect to at least 2 kerbs.
1254341659,way,not appliable,not appliable,this crossing intersects fewer than 2 kerbs. Generally each crossing should connect to at least 2 kerbs.
1254341669,way,not appliable,not appliable,this crossing intersects fewer than 2 kerbs. Generally each crossing should connect to at least 2 kerbs.
1261918327,way,not appliable,not appliable,this crossing intersects fewer than 2 kerbs. Generally each crossing should connect to at least 2 kerbs.
1263238568,way,not appliable,not appliable,this crossing intersects fewer than 2 kerbs. Generally each crossing should connect to at least 2 kerbs.
1263778474,way,not appliable,not appliable,this crossing intersects fewer than 2 kerbs. Generally each crossing should connect to at least 2 kerbs.
1263819600,way,not appliable,not appliable,this crossing intersects fewer than 2 kerbs. Generally each crossing should connect to at least 2 kerbs.
1263819603,way,not appliable,not appliable,this crossing intersects fewer than 2 kerbs. Generally each crossing should connect to at least 2 kerbs.
1263819605,way,not appliable,not appliable,this crossing intersects fewer than 2 kerbs. Generally each crossing should connect to at least 2 kerbs.
1263819607,way,not appliable,not appliable,this crossing intersects fewer than 2 kerbs. Generally each crossing should connect to at least 2 kerbs.
1263819608,way,not appliable,not appliable,this crossing intersects fewer than 2 kerbs. Generally each crossing should connect to at least 2 kerbs.
1263819613,way,not appliable,not appliable,this crossing intersects fewer than 2 kerbs. Generally each crossing should connect to at least 2 kerbs.
1263819616,way,not appliable,not appliable,this crossing intersects fewer than 2 kerbs. Generally each crossing should connect to at least 2 kerbs.
1263819624,way,not appliable,not appliable,this crossing intersects fewer than 2 kerbs. Generally each crossing should connect to at least 2 kerbs.
1263819627,way,not appliable,not appliable,this crossing intersects fewer than 2 kerbs. Generally each crossing should connect to at least 2 kerbs.
1263819632,way,not appliable,not appliable,this crossing intersects fewer than 2 kerbs. Generally each crossing should connect to at least 2 kerbs.
1263819639,way,not appliable,not appliable,this crossing intersects fewer than 2 kerbs. Generally each crossing should connect to at least 2 kerbs.
1263819640,way,not appliable,not appliable,this crossing intersects fewer than 2 kerbs. Generally each crossing should connect to at least 2 kerbs.
1263819642,way,not appliable,not appliable,this crossing intersects fewer than 2 kerbs. Generally each crossing should connect to at least 2 kerbs.
1263819649,way,not appliable,not appliable,this crossing intersects fewer than 2 kerbs. Generally each crossing should connect to at least 2 kerbs.
1263819658,way,not appliable,not appliable,this crossing intersects fewer than 2 kerbs. Generally each crossing should connect to at least 2 kerbs.
1263819660,way,not appliable,not appliable,this crossing intersects fewer than 2 kerbs. Generally each crossing should connect to at least 2 kerbs.
1263819662,way,not appliable,not appliable,this crossing intersects fewer than 2 kerbs. Generally each crossing should connect to at least 2 kerbs.
1263819664,way,not appliable,not appliable,this crossing intersects fewer than 2 kerbs. Generally each crossing should connect to at least 2 kerbs.
1263819669,way,not appliable,not appliable,this crossing intersects fewer than 2 kerbs. Generally each crossing should connect to at least 2 kerbs.
1263819673,way,not appliable,not appliable,this crossing intersects fewer than 2 kerbs. Generally each crossing should connect to at least 2 kerbs.
1263819677,way,not appliable,not appliable,this crossing intersects fewer than 2 kerbs. Generally each crossing should connect to at least 2 kerbs.
1263819679,way,not appliable,not appliable,this crossing intersects fewer than 2 kerbs. Generally each crossing should connect to at least 2 kerbs.
1263819683,way,not appliable,not appliable,this crossing intersects fewer than 2 kerbs. Generally each crossing should connect to at least 2 kerbs.
1263819685,way,not appliable,not appliable,this crossing intersects fewer than 2 kerbs. Generally each crossing should connect to at least 2 kerbs.
1263819687,way,not appliable,not appliable,this crossing intersects fewer than 2 kerbs. Generally each crossing should connect to at least 2 kerbs.
1263819689,way,not appliable,not appliable,this crossing intersects fewer than 2 kerbs. Generally each crossing should connect to at least 2 kerbs.
1263819691,way,not appliable,not appliable,this crossing intersects fewer than 2 kerbs. Generally each crossing should connect to at least 2 kerbs.
1263819695,way,not appliable,not appliable,this crossing intersects fewer than 2 kerbs. Generally each crossing should connect to at least 2 kerbs.
1263819698,way,not appliable,not appliable,this crossing intersects fewer than 2 kerbs. Generally each crossing should connect to at least 2 kerbs.
1263819699,way,not appliable,not appliable,this crossing intersects fewer than 2 kerbs. Generally each crossing should connect to at least 2 kerbs.
1263819701,way,not appliable,not appliable,this crossing intersects fewer than 2 kerbs. Generally each crossing should connect to at least 2 kerbs.
1263819703,way,not appliable,not appliable,this crossing intersects fewer than 2 kerbs. Generally each crossing should connect to at least 2 kerbs.
1263819705,way,not appliable,not appliable,this crossing intersects fewer than 2 kerbs. Generally each crossing should connect to at least 2 kerbs.
1263819707,way,not appliable,not appliable,this crossing intersects fewer than 2 kerbs. Generally each crossing should connect to at least 2 kerbs.
1263819710,way,not appliable,not appliable,this crossing intersects fewer than 2 kerbs. Generally each crossing should connect to at least 2 kerbs.
1263819712,way,not appliable,not appliable,this crossing intersects fewer than 2 kerbs. Generally each crossing should connect to at least 2 kerbs.
1263819715,way,not appliable,not appliable,this crossing intersects fewer than 2 kerbs. Generally each crossing should connect to at least 2 kerbs.
1263819718,way,not appliable,not appliable,this crossing intersects fewer than 2 kerbs. Generally each crossing should connect to at least 2 kerbs.
1263819724,way,not appliable,not appliable,this crossing intersects fewer than 2 kerbs. Generally each crossing should connect to at least 2 kerbs.
1263819726,way,not appliable,not appliable,this crossing intersects fewer than 2 kerbs. Generally each crossing should connect to at least 2 kerbs.
1263819728,way,not appliable,not appliable,this crossing intersects fewer than 2 kerbs. Generally each crossing should connect to at least 2 kerbs.
1263819730,way,not appliable,not appliable,this crossing intersects fewer than 2 kerbs. Generally each crossing should connect to at least 2 kerbs.
1273125150,way,not appliable,not appliable,this crossing intersects fewer than 2 kerbs. Generally each crossing should connect to at least 2 kerbs.
1283425133,way,not appliable,not appliable,this crossing intersects fewer than 2 kerbs. Generally each crossing should connect to at least 2 kerbs.
1283425134,way,not appliable,not appliable,this crossing intersects fewer than 2 kerbs. Generally each crossing should connect to at least 2 kerbs.
1283425135,way,not appliable,not appliable,this crossing intersects fewer than 2 kerbs. Generally each crossing should connect to at least 2 kerbs.
1283425136,way,not appliable,not appliable,this crossing intersects fewer than 2 kerbs. Generally each crossing should connect to at least 2 kerbs.
1283425137,way,not appliable,not appliable,this crossing intersects fewer than 2 kerbs. Generally each crossing should connect to at least 2 kerbs.
1283425138,way,not appliable,not appliable,this crossing intersects fewer than 2 kerbs. Generally each crossing should connect to at least 2 kerbs.
1283425140,way,not appliable,not appliable,this crossing intersects fewer than 2 kerbs. Generally each crossing should connect to at least 2 kerbs.
1283425141,way,not appliable,not appliable,this crossing intersects fewer than 2 kerbs. Generally each crossing should connect to at least 2 kerbs.
1283425142,way,not appliable,not appliable,this crossing intersects fewer than 2 kerbs. Generally each crossing should connect to at least 2 kerbs.
1283425143,way,not appliable,not appliable,this crossing intersects fewer than 2 kerbs. Generally each crossing should connect to at least 2 kerbs.
1286408345,way,not appliable,not appliable,this crossing intersects fewer than 2 kerbs. Generally each crossing should connect to at least 2 kerbs.
1291623030,way,not appliable,not appliable,this crossing intersects fewer than 2 kerbs. Generally each crossing should connect to at least 2 kerbs.
1294572151,way,not appliable,not appliable,this crossing intersects fewer than 2 kerbs. Generally each crossing should connect to at least 2 kerbs.
1294572152,way,not appliable,not appliable,this crossing intersects fewer than 2 kerbs. Generally each crossing should connect to at least 2 kerbs.
1309190746,way,not appliable,not appliable,this crossing intersects fewer than 2 kerbs. Generally each crossing should connect to at least 2 kerbs.
1309190761,way,not appliable,not appliable,this crossing intersects fewer than 2 kerbs. Generally each crossing should connect to at least 2 kerbs.
1310771466,way,not appliable,not appliable,this crossing intersects fewer than 2 kerbs. Generally each crossing should connect to at least 2 kerbs.
1315023393,way,not appliable,not appliable,this crossing intersects fewer than 2 kerbs. Generally each crossing should connect to at least 2 kerbs.
1316065016,way,not appliable,not appliable,this crossing intersects fewer than 2 kerbs. Generally each crossing should connect to at least 2 kerbs.
1316065018,way,not appliable,not appliable,this crossing intersects fewer than 2 kerbs. Generally each crossing should connect to at least 2 kerbs.
1316556473,way,not appliable,not appliable,this crossing intersects fewer than 2 kerbs. Generally each crossing should connect to at least 2 kerbs.
1316556476,way,not appliable,not appliable,this crossing intersects fewer than 2 kerbs. Generally each crossing should connect to at least 2 kerbs.
1316556481,way,not appliable,not appliable,this crossing intersects fewer than 2 kerbs. Generally each crossing should connect to at least 2 kerbs.
1316556484,way,not appliable,not appliable,this crossing intersects fewer than 2 kerbs. Generally each crossing should connect to at least 2 kerbs.
1316556485,way,not appliable,not appliable,this crossing intersects fewer than 2 kerbs. Generally each crossing should connect to at least 2 kerbs.
1316556490,way,not appliable,not appliable,this crossing intersects fewer than 2 kerbs. Generally each crossing should connect to at least 2 kerbs.
1316556491,way,not appliable,not appliable,this crossing intersects fewer than 2 kerbs. Generally each crossing should connect to at least 2 kerbs.
1316556492,way,not appliable,not appliable,this crossing intersects fewer than 2 kerbs. Generally each crossing should connect to at least 2 kerbs.
1316556495,way,not appliable,not appliable,this crossing intersects fewer than 2 kerbs. Generally each crossing should connect to at least 2 kerbs.
1316556497,way,not appliable,not appliable,this crossing intersects fewer than 2 kerbs. Generally each crossing should connect to at least 2 kerbs.
1317034792,way,not appliable,not appliable,this crossing intersects fewer than 2 kerbs. Generally each crossing should connect to at least 2 kerbs.
1317034793,way,not appliable,not appliable,this crossing intersects fewer than 2 kerbs. Generally each crossing should connect to at least 2 kerbs.
1317034794,way,not appliable,not appliable,this crossing intersects fewer than 2 kerbs. Generally each crossing should connect to at least 2 kerbs.
1317034803,way,not appliable,not appliable,this crossing intersects fewer than 2 kerbs. Generally each crossing should connect to at least 2 kerbs.
1317034804,way,not appliable,not appliable,this crossing intersects fewer than 2 kerbs. Generally each crossing should connect to at least 2 kerbs.
1318006305,way,not appliable,not appliable,this crossing intersects fewer than 2 kerbs. Generally each crossing should connect to at least 2 kerbs.
1319770195,way,not appliable,not appliable,this crossing intersects fewer than 2 kerbs. Generally each crossing should connect to at least 2 kerbs.
1319770196,way,not appliable,not appliable,this crossing intersects fewer than 2 kerbs. Generally each crossing should connect to at least 2 kerbs.
1319770198,way,not appliable,not appliable,this crossing intersects fewer than 2 kerbs. Generally each crossing should connect to at least 2 kerbs.
1324232786,way,not appliable,not appliable,this crossing intersects fewer than 2 kerbs. Generally each crossing should connect to at least 2 kerbs.
1327114019,way,not appliable,not appliable,this crossing intersects fewer than 2 kerbs. Generally each crossing should connect to at least 2 kerbs.
1327114023,way,not appliable,not appliable,this crossing intersects fewer than 2 kerbs. Generally each crossing should connect to at least 2 kerbs.
1333111593,way,not appliable,not appliable,this crossing intersects fewer than 2 kerbs. Generally each crossing should connect to at least 2 kerbs.
1333111594,way,not appliable,not appliable,this crossing intersects fewer than 2 kerbs. Generally each crossing should connect to at least 2 kerbs.
1334262081,way,not appliable,not appliable,this crossing intersects fewer than 2 kerbs. Generally each crossing should connect to at least 2 kerbs.
1335320233,way,not appliable,not appliable,this crossing intersects fewer than 2 kerbs. Generally each crossing should connect to at least 2 kerbs.
1335320234,way,not appliable,not appliable,this crossing intersects fewer than 2 kerbs. Generally each crossing should connect to at least 2 kerbs.
1335320235,way,not appliable,not appliable,this crossing intersects fewer than 2 kerbs. Generally each crossing should connect to at least 2 kerbs.
1335702544,way,not appliable,not appliable,this crossing intersects fewer than 2 kerbs. Generally each crossing should connect to at least 2 kerbs.
1336345338,way,not appliable,not appliable,this crossing intersects fewer than 2 kerbs. Generally each crossing should connect to at least 2 kerbs.
1336369581,way,not appliable,not appliable,this crossing intersects fewer than 2 kerbs. Generally each crossing should connect to at least 2 kerbs.
1336369587,way,not appliable,not appliable,this crossing intersects fewer than 2 kerbs. Generally each crossing should connect to at least 2 kerbs.
1336517498,way,not appliable,not appliable,this crossing intersects fewer than 2 kerbs. Generally each crossing should connect to at least 2 kerbs.
1336675567,way,not appliable,not appliable,this crossing intersects fewer than 2 kerbs. Generally each crossing should connect to at least 2 kerbs.
1336675571,way,not appliable,not appliable,this crossing intersects fewer than 2 kerbs. Generally each crossing should connect to at least 2 kerbs.
1337753021,way,not appliable,not appliable,this crossing intersects fewer than 2 kerbs. Generally each crossing should connect to at least 2 kerbs.
1337753024,way,not appliable,not appliable,this crossing intersects fewer than 2 kerbs. Generally each crossing should connect to at least 2 kerbs.
1337753025,way,not appliable,not appliable,this crossing intersects fewer than 2 kerbs. Generally each crossing should connect to at least 2 kerbs.
1337753026,way,not appliable,not appliable,this crossing intersects fewer than 2 kerbs. Generally each crossing should connect to at least 2 kerbs.
1337792208,way,not appliable,not appliable,this crossing intersects fewer than 2 kerbs. Generally each crossing should connect to at least 2 kerbs.
1337792209,way,not appliable,not appliable,this crossing intersects fewer than 2 kerbs. Generally each crossing should connect to at least 2 kerbs.
1337810763,way,not appliable,not appliable,this crossing intersects fewer than 2 kerbs. Generally each crossing should connect to at least 2 kerbs.
1338127024,way,not appliable,not appliable,this crossing intersects fewer than 2 kerbs. Generally each crossing should connect to at least 2 kerbs.
1339879570,way,not appliable,not appliable,this crossing intersects fewer than 2 kerbs. Generally each crossing should connect to at least 2 kerbs.
1339927511,way,not appliable,not appliable,this crossing intersects fewer than 2 kerbs. Generally each crossing should connect to at least 2 kerbs.
1340238250,way,not appliable,not appliable,this crossing intersects fewer than 2 kerbs. Generally each crossing should connect to at least 2 kerbs.
1340238253,way,not appliable,not appliable,this crossing intersects fewer than 2 kerbs. Generally each crossing should connect to at least 2 kerbs.
1340240325,way,not appliable,not appliable,this crossing intersects fewer than 2 kerbs. Generally each crossing should connect to at least 2 kerbs.
1340344429,way,not appliable,not appliable,this crossing intersects fewer than 2 kerbs. Generally each crossing should connect to at least 2 kerbs.
1340403864,way,not appliable,not appliable,this crossing intersects fewer than 2 kerbs. Generally each crossing should connect to at least 2 kerbs.
1340472788,way,not appliable,not appliable,this crossing intersects fewer than 2 kerbs. Generally each crossing should connect to at least 2 kerbs.
1340502785,way,not appliable,not appliable,this crossing intersects fewer than 2 kerbs. Generally each crossing should connect to at least 2 kerbs.
1340612142,way,not appliable,not appliable,this crossing intersects fewer than 2 kerbs. Generally each crossing should connect to at least 2 kerbs.
1341198552,way,not appliable,not appliable,this crossing intersects fewer than 2 kerbs. Generally each crossing should connect to at least 2 kerbs.
1341232422,way,not appliable,not appliable,this crossing intersects fewer than 2 kerbs. Generally each crossing should connect to at least 2 kerbs.
1341232423,way,not appliable,not appliable,this crossing intersects fewer than 2 kerbs. Generally each crossing should connect to at least 2 kerbs.
1341232424,way,not appliable,not appliable,this crossing intersects fewer than 2 kerbs. Generally each crossing should connect to at least 2 kerbs.
1341232425,way,not appliable,not appliable,this crossing intersects fewer than 2 kerbs. Generally each crossing should connect to at least 2 kerbs.
1341448260,way,not appliable,not appliable,this crossing intersects fewer than 2 kerbs. Generally each crossing should connect to at least 2 kerbs.
1341451369,way,not appliable,not appliable,this crossing intersects fewer than 2 kerbs. Generally each crossing should connect to at least 2 kerbs.
1341451370,way,not appliable,not appliable,this crossing intersects fewer than 2 kerbs. Generally each crossing should connect to at least 2 kerbs.
1341456576,way,not appliable,not appliable,this crossing intersects fewer than 2 kerbs. Generally each crossing should connect to at least 2 kerbs.
1341456577,way,not appliable,not appliable,this crossing intersects fewer than 2 kerbs. Generally each crossing should connect to at least 2 kerbs.
1341470124,way,not appliable,not appliable,this crossing intersects fewer than 2 kerbs. Generally each crossing should connect to at least 2 kerbs.
1341470125,way,not appliable,not appliable,this crossing intersects fewer than 2 kerbs. Generally each crossing should connect to at least 2 kerbs.
1341478777,way,not appliable,not appliable,this crossing intersects fewer than 2 kerbs. Generally each crossing should connect to at least 2 kerbs.
1341478778,way,not appliable,not appliable,this crossing intersects fewer than 2 kerbs. Generally each crossing should connect to at least 2 kerbs.
1341478779,way,not appliable,not appliable,this crossing intersects fewer than 2 kerbs. Generally each crossing should connect to at least 2 kerbs.
1341491042,way,not appliable,not appliable,this crossing intersects fewer than 2 kerbs. Generally each crossing should connect to at least 2 kerbs.
1341662428,way,not appliable,not appliable,this crossing intersects fewer than 2 kerbs. Generally each crossing should connect to at least 2 kerbs.
1341662429,way,not appliable,not appliable,this crossing intersects fewer than 2 kerbs. Generally each crossing should connect to at least 2 kerbs.
1341663335,way,not appliable,not appliable,this crossing intersects fewer than 2 kerbs. Generally each crossing should connect to at least 2 kerbs.
1341664012,way,not appliable,not appliable,this crossing intersects fewer than 2 kerbs. Generally each crossing should connect to at least 2 kerbs.
1341664014,way,not appliable,not appliable,this crossing intersects fewer than 2 kerbs. Generally each crossing should connect to at least 2 kerbs.
1341664777,way,not appliable,not appliable,this crossing intersects fewer than 2 kerbs. Generally each crossing should connect to at least 2 kerbs.
1341664778,way,not appliable,not appliable,this crossing intersects fewer than 2 kerbs. Generally each crossing should connect to at least 2 kerbs.
1341682960,way,not appliable,not appliable,this crossing intersects fewer than 2 kerbs. Generally each crossing should connect to at least 2 kerbs.
1341682961,way,not appliable,not appliable,this crossing intersects fewer than 2 kerbs. Generally each crossing should connect to at least 2 kerbs.
1341682962,way,not appliable,not appliable,this crossing intersects fewer than 2 kerbs. Generally each crossing should connect to at least 2 kerbs.
1341682963,way,not appliable,not appliable,this crossing intersects fewer than 2 kerbs. Generally each crossing should connect to at least 2 kerbs.
1341691346,way,not appliable,not appliable,this crossing intersects fewer than 2 kerbs. Generally each crossing should connect to at least 2 kerbs.
1341691347,way,not appliable,not appliable,this crossing intersects fewer than 2 kerbs. Generally each crossing should connect to at least 2 kerbs.
1341749380,way,not appliable,not appliable,this crossing intersects fewer than 2 kerbs. Generally each crossing should connect to at least 2 kerbs.
1341755953,way,not appliable,not appliable,this crossing intersects fewer than 2 kerbs. Generally each crossing should connect to at least 2 kerbs.
1341972956,way,not appliable,not appliable,this crossing intersects fewer than 2 kerbs. Generally each crossing should connect to at least 2 kerbs.
1341982469,way,not appliable,not appliable,this crossing intersects fewer than 2 kerbs. Generally each crossing should connect to at least 2 kerbs.
1342035963,way,not appliable,not appliable,this crossing intersects fewer than 2 kerbs. Generally each crossing should connect to at least 2 kerbs.
1342051561,way,not appliable,not appliable,this crossing intersects fewer than 2 kerbs. Generally each crossing should connect to at least 2 kerbs.
1342054607,way,not appliable,not appliable,this crossing intersects fewer than 2 kerbs. Generally each crossing should connect to at least 2 kerbs.
1342058406,way,not appliable,not appliable,this crossing intersects fewer than 2 kerbs. Generally each crossing should connect to at least 2 kerbs.
1342058408,way,not appliable,not appliable,this crossing intersects fewer than 2 kerbs. Generally each crossing should connect to at least 2 kerbs.
1342059450,way,not appliable,not appliable,this crossing intersects fewer than 2 kerbs. Generally each crossing should connect to at least 2 kerbs.
1342059451,way,not appliable,not appliable,this crossing intersects fewer than 2 kerbs. Generally each crossing should connect to at least 2 kerbs.
1342284676,way,not appliable,not appliable,this crossing intersects fewer than 2 kerbs. Generally each crossing should connect to at least 2 kerbs.
1342284702,way,not appliable,not appliable,this crossing intersects fewer than 2 kerbs. Generally each crossing should connect to at least 2 kerbs.
1342294990,way,not appliable,not appliable,this crossing intersects fewer than 2 kerbs. Generally each crossing should connect to at least 2 kerbs.
1342298805,way,not appliable,not appliable,this crossing intersects fewer than 2 kerbs. Generally each crossing should connect to at least 2 kerbs.
1342311786,way,not appliable,not appliable,this crossing intersects fewer than 2 kerbs. Generally each crossing should connect to at least 2 kerbs.
1342323053,way,not appliable,not appliable,this crossing intersects fewer than 2 kerbs. Generally each crossing should connect to at least 2 kerbs.
1342359816,way,not appliable,not appliable,this crossing intersects fewer than 2 kerbs. Generally each crossing should connect to at least 2 kerbs.
1342359821,way,not appliable,not appliable,this crossing intersects fewer than 2 kerbs. Generally each crossing should connect to at least 2 kerbs.
1342359879,way,not appliable,not appliable,this crossing intersects fewer than 2 kerbs. Generally each crossing should connect to at least 2 kerbs.
1342361328,way,not appliable,not appliable,this crossing intersects fewer than 2 kerbs. Generally each crossing should connect to at least 2 kerbs.
1342361329,way,not appliable,not appliable,this crossing intersects fewer than 2 kerbs. Generally each crossing should connect to at least 2 kerbs.
1342361330,way,not appliable,not appliable,this crossing intersects fewer than 2 kerbs. Generally each crossing should connect to at least 2 kerbs.
1342373096,way,not appliable,not appliable,this crossing intersects fewer than 2 kerbs. Generally each crossing should connect to at least 2 kerbs.
1343266388,way,not appliable,not appliable,this crossing intersects fewer than 2 kerbs. Generally each crossing should connect to at least 2 kerbs.
1343267540,way,not appliable,not appliable,this crossing intersects fewer than 2 kerbs. Generally each crossing should connect to at least 2 kerbs.
1343270407,way,not appliable,not appliable,this crossing intersects fewer than 2 kerbs. Generally each crossing should connect to at least 2 kerbs.
1343273540,way,not appliable,not appliable,this crossing intersects fewer than 2 kerbs. Generally each crossing should connect to at least 2 kerbs.
1343296858,way,not appliable,not appliable,this crossing intersects fewer than 2 kerbs. Generally each crossing should connect to at least 2 kerbs.
1343337931,way,not appliable,not appliable,this crossing intersects fewer than 2 kerbs. Generally each crossing should connect to at least 2 kerbs.
1343337932,way,not appliable,not appliable,this crossing intersects fewer than 2 kerbs. Generally each crossing should connect to at least 2 kerbs.
1343339689,way,not appliable,not appliable,this crossing intersects fewer than 2 kerbs. Generally each crossing should connect to at least 2 kerbs.
1343344996,way,not appliable,not appliable,this crossing intersects fewer than 2 kerbs. Generally each crossing should connect to at least 2 kerbs.
1343350862,way,not appliable,not appliable,this crossing intersects fewer than 2 kerbs. Generally each crossing should connect to at least 2 kerbs.
1343372765,way,not appliable,not appliable,this crossing intersects fewer than 2 kerbs. Generally each crossing should connect to at least 2 kerbs.
1343372766,way,not appliable,not appliable,this crossing intersects fewer than 2 kerbs. Generally each crossing should connect to at least 2 kerbs.
1343376508,way,not appliable,not appliable,this crossing intersects fewer than 2 kerbs. Generally each crossing should connect to at least 2 kerbs.
1343376509,way,not appliable,not appliable,this crossing intersects fewer than 2 kerbs. Generally each crossing should connect to at least 2 kerbs.
1343376885,way,not appliable,not appliable,this crossing intersects fewer than 2 kerbs. Generally each crossing should connect to at least 2 kerbs.
1343376886,way,not appliable,not appliable,this crossing intersects fewer than 2 kerbs. Generally each crossing should connect to at least 2 kerbs.
1343377019,way,not appliable,not appliable,this crossing intersects fewer than 2 kerbs. Generally each crossing should connect to at least 2 kerbs.
1343388393,way,not appliable,not appliable,this crossing intersects fewer than 2 kerbs. Generally each crossing should connect to at least 2 kerbs.
1343388394,way,not appliable,not appliable,this crossing intersects fewer than 2 kerbs. Generally each crossing should connect to at least 2 kerbs.
1343388395,way,not appliable,not appliable,this crossing intersects fewer than 2 kerbs. Generally each crossing should connect to at least 2 kerbs.
1343400955,way,not appliable,not appliable,this crossing intersects fewer than 2 kerbs. Generally each crossing should connect to at least 2 kerbs.
1343403378,way,not appliable,not appliable,this crossing intersects fewer than 2 kerbs. Generally each crossing should connect to at least 2 kerbs.
1343403380,way,not appliable,not appliable,this crossing intersects fewer than 2 kerbs. Generally each crossing should connect to at least 2 kerbs.
1343403381,way,not appliable,not appliable,this crossing intersects fewer than 2 kerbs. Generally each crossing should connect to at least 2 kerbs.
1343415912,way,not appliable,not appliable,this crossing intersects fewer than 2 kerbs. Generally each crossing should connect to at least 2 kerbs.
1343415913,way,not appliable,not appliable,this crossing intersects fewer than 2 kerbs. Generally each crossing should connect to at least 2 kerbs.
1343437442,way,not appliable,not appliable,this crossing intersects fewer than 2 kerbs. Generally each crossing should connect to at least 2 kerbs.
1343438054,way,not appliable,not appliable,this crossing intersects fewer than 2 kerbs. Generally each crossing should connect to at least 2 kerbs.
1343440387,way,not appliable,not appliable,this crossing intersects fewer than 2 kerbs. Generally each crossing should connect to at least 2 kerbs.
1343450145,way,not appliable,not appliable,this crossing intersects fewer than 2 kerbs. Generally each crossing should connect to at least 2 kerbs.
1343464848,way,not appliable,not appliable,this crossing intersects fewer than 2 kerbs. Generally each crossing should connect to at least 2 kerbs.
1343464850,way,not appliable,not appliable,this crossing intersects fewer than 2 kerbs. Generally each crossing should connect to at least 2 kerbs.
1343466023,way,not appliable,not appliable,this crossing intersects fewer than 2 kerbs. Generally each crossing should connect to at least 2 kerbs.
1343466026,way,not appliable,not appliable,this crossing intersects fewer than 2 kerbs. Generally each crossing should connect to at least 2 kerbs.
1343472405,way,not appliable,not appliable,this crossing intersects fewer than 2 kerbs. Generally each crossing should connect to at least 2 kerbs.
1343472406,way,not appliable,not appliable,this crossing intersects fewer than 2 kerbs. Generally each crossing should connect to at least 2 kerbs.
1343475005,way,not appliable,not appliable,this crossing intersects fewer than 2 kerbs. Generally each crossing should connect to at least 2 kerbs.
1343475521,way,not appliable,not appliable,this crossing intersects fewer than 2 kerbs. Generally each crossing should connect to at least 2 kerbs.
1343476233,way,not appliable,not appliable,this crossing intersects fewer than 2 kerbs. Generally each crossing should connect to at least 2 kerbs.
1343481116,way,not appliable,not appliable,this crossing intersects fewer than 2 kerbs. Generally each crossing should connect to at least 2 kerbs.
1343486409,way,not appliable,not appliable,this crossing intersects fewer than 2 kerbs. Generally each crossing should connect to at least 2 kerbs.
1343486449,way,not appliable,not appliable,this crossing intersects fewer than 2 kerbs. Generally each crossing should connect to at least 2 kerbs.
1343486450,way,not appliable,not appliable,this crossing intersects fewer than 2 kerbs. Generally each crossing should connect to at least 2 kerbs.
1343486451,way,not appliable,not appliable,this crossing intersects fewer than 2 kerbs. Generally each crossing should connect to at least 2 kerbs.
1343487096,way,not appliable,not appliable,this crossing intersects fewer than 2 kerbs. Generally each crossing should connect to at least 2 kerbs.
1343487097,way,not appliable,not appliable,this crossing intersects fewer than 2 kerbs. Generally each crossing should connect to at least 2 kerbs.
1343487676,way,not appliable,not appliable,this crossing intersects fewer than 2 kerbs. Generally each crossing should connect to at least 2 kerbs.
1343489097,way,not appliable,not appliable,this crossing intersects fewer than 2 kerbs. Generally each crossing should connect to at least 2 kerbs.
1343489548,way,not appliable,not appliable,this crossing intersects fewer than 2 kerbs. Generally each crossing should connect to at least 2 kerbs.
1343489550,way,not appliable,not appliable,this crossing intersects fewer than 2 kerbs. Generally each crossing should connect to at least 2 kerbs.
1343490181,way,not appliable,not appliable,this crossing intersects fewer than 2 kerbs. Generally each crossing should connect to at least 2 kerbs.
1343490429,way,not appliable,not appliable,this crossing intersects fewer than 2 kerbs. Generally each crossing should connect to at least 2 kerbs.
1343505239,way,not appliable,not appliable,this crossing intersects fewer than 2 kerbs. Generally each crossing should connect to at least 2 kerbs.
1343507557,way,not appliable,not appliable,this crossing intersects fewer than 2 kerbs. Generally each crossing should connect to at least 2 kerbs.
1343507558,way,not appliable,not appliable,this crossing intersects fewer than 2 kerbs. Generally each crossing should connect to at least 2 kerbs.
1343507559,way,not appliable,not appliable,this crossing intersects fewer than 2 kerbs. Generally each crossing should connect to at least 2 kerbs.
1343517405,way,not appliable,not appliable,this crossing intersects fewer than 2 kerbs. Generally each crossing should connect to at least 2 kerbs.
1343519024,way,not appliable,not appliable,this crossing intersects fewer than 2 kerbs. Generally each crossing should connect to at least 2 kerbs.
1343521451,way,not appliable,not appliable,this crossing intersects fewer than 2 kerbs. Generally each crossing should connect to at least 2 kerbs.
1343521452,way,not appliable,not appliable,this crossing intersects fewer than 2 kerbs. Generally each crossing should connect to at least 2 kerbs.
1343522364,way,not appliable,not appliable,this crossing intersects fewer than 2 kerbs. Generally each crossing should connect to at least 2 kerbs.
1343539059,way,not appliable,not appliable,this crossing intersects fewer than 2 kerbs. Generally each crossing should connect to at least 2 kerbs.
1343539069,way,not appliable,not appliable,this crossing intersects fewer than 2 kerbs. Generally each crossing should connect to at least 2 kerbs.
1343549553,way,not appliable,not appliable,this crossing intersects fewer than 2 kerbs. Generally each crossing should connect to at least 2 kerbs.
1343551207,way,not appliable,not appliable,this crossing intersects fewer than 2 kerbs. Generally each crossing should connect to at least 2 kerbs.
1343551208,way,not appliable,not appliable,this crossing intersects fewer than 2 kerbs. Generally each crossing should connect to at least 2 kerbs.
1343551247,way,not appliable,not appliable,this crossing intersects fewer than 2 kerbs. Generally each crossing should connect to at least 2 kerbs.
1343551248,way,not appliable,not appliable,this crossing intersects fewer than 2 kerbs. Generally each crossing should connect to at least 2 kerbs.
1343555885,way,not appliable,not appliable,this crossing intersects fewer than 2 kerbs. Generally each crossing should connect to at least 2 kerbs.
1343615199,way,not appliable,not appliable,this crossing intersects fewer than 2 kerbs. Generally each crossing should connect to at least 2 kerbs.
1343622902,way,not appliable,not appliable,this crossing intersects fewer than 2 kerbs. Generally each crossing should connect to at least 2 kerbs.
1343956574,way,not appliable,not appliable,this crossing intersects fewer than 2 kerbs. Generally each crossing should connect to at least 2 kerbs.
1346516741,way,not appliable,not appliable,this crossing intersects fewer than 2 kerbs. Generally each crossing should connect to at least 2 kerbs.
1357861279,way,not appliable,not appliable,this crossing intersects fewer than 2 kerbs. Generally each crossing should connect to at least 2 kerbs.
1357880686,way,not appliable,not appliable,this crossing intersects fewer than 2 kerbs. Generally each crossing should connect to at least 2 kerbs.
1358890875,way,not appliable,not appliable,this crossing intersects fewer than 2 kerbs. Generally each crossing should connect to at least 2 kerbs.
1358890876,way,not appliable,not appliable,this crossing intersects fewer than 2 kerbs. Generally each crossing should connect to at least 2 kerbs.
1360683264,way,not appliable,not appliable,this crossing intersects fewer than 2 kerbs. Generally each crossing should connect to at least 2 kerbs.
1360688012,way,not appliable,not appliable,this crossing intersects fewer than 2 kerbs. Generally each crossing should connect to at least 2 kerbs.
1360717580,way,not appliable,not appliable,this crossing intersects fewer than 2 kerbs. Generally each crossing should connect to at least 2 kerbs.
1360717583,way,not appliable,not appliable,this crossing intersects fewer than 2 kerbs. Generally each crossing should connect to at least 2 kerbs.
1360717585,way,not appliable,not appliable,this crossing intersects fewer than 2 kerbs. Generally each crossing should connect to at least 2 kerbs.
1374206559,way,not appliable,not appliable,this crossing intersects fewer than 2 kerbs. Generally each crossing should connect to at least 2 kerbs.
1374215311,way,not appliable,not appliable,this crossing intersects fewer than 2 kerbs. Generally each crossing should connect to at least 2 kerbs.
1374215312,way,not appliable,not appliable,this crossing intersects fewer than 2 kerbs. Generally each crossing should connect to at least 2 kerbs.
1374215313,way,not appliable,not appliable,this crossing intersects fewer than 2 kerbs. Generally each crossing should connect to at least 2 kerbs.
1374215314,way,not appliable,not appliable,this crossing intersects fewer than 2 kerbs. Generally each crossing should connect to at least 2 kerbs.
1374215321,way,not appliable,not appliable,this crossing intersects fewer than 2 kerbs. Generally each crossing should connect to at least 2 kerbs.
1374215322,way,not appliable,not appliable,this crossing intersects fewer than 2 kerbs. Generally each crossing should connect to at least 2 kerbs.
1374215323,way,not appliable,not appliable,this crossing intersects fewer than 2 kerbs. Generally each crossing should connect to at least 2 kerbs.
1374215324,way,not appliable,not appliable,this crossing intersects fewer than 2 kerbs. Generally each crossing should connect to at least 2 kerbs.
1374215325,way,not appliable,not appliable,this crossing intersects fewer than 2 kerbs. Generally each crossing should connect to at least 2 kerbs.
1374215326,way,not appliable,not appliable,this crossing intersects fewer than 2 kerbs. Generally each crossing should connect to at least 2 kerbs.
1374215327,way,not appliable,not appliable,this crossing intersects fewer than 2 kerbs. Generally each crossing should connect to at least 2 kerbs.
1374215328,way,not appliable,not appliable,this crossing intersects fewer than 2 kerbs. Generally each crossing should connect to at least 2 kerbs.
1374897600,way,not appliable,not appliable,this crossing intersects fewer than 2 kerbs. Generally each crossing should connect to at least 2 kerbs.
1374897602,way,not appliable,not appliable,this crossing intersects fewer than 2 kerbs. Generally each crossing should connect to at least 2 kerbs.
1374897604,way,not appliable,not appliable,this crossing intersects fewer than 2 kerbs. Generally each crossing should connect to at least 2 kerbs.
1375938838,way,not appliable,not appliable,this crossing intersects fewer than 2 kerbs. Generally each crossing should connect to at least 2 kerbs.
1375938840,way,not appliable,not appliable,this crossing intersects fewer than 2 kerbs. Generally each crossing should connect to at least 2 kerbs.
1375938841,way,not appliable,not appliable,this crossing intersects fewer than 2 kerbs. Generally each crossing should connect to at least 2 kerbs.
1375938842,way,not appliable,not appliable,this crossing intersects fewer than 2 kerbs. Generally each crossing should connect to at least 2 kerbs.
1375938843,way,not appliable,not appliable,this crossing intersects fewer than 2 kerbs. Generally each crossing should connect to at least 2 kerbs.
1375946549,way,not appliable,not appliable,this crossing intersects fewer than 2 kerbs. Generally each crossing should connect to at least 2 kerbs.
1375946551,way,not appliable,not appliable,this crossing intersects fewer than 2 kerbs. Generally each crossing should connect to at least 2 kerbs.
1375946552,way,not appliable,not appliable,this crossing intersects fewer than 2 kerbs. Generally each crossing should connect to at least 2 kerbs.
1375946553,way,not appliable,not appliable,this crossing intersects fewer than 2 kerbs. Generally each crossing should connect to at least 2 kerbs.
1378112922,way,not appliable,not appliable,this crossing intersects fewer than 2 kerbs. Generally each crossing should connect to at least 2 kerbs.
1378424484,way,not appliable,not appliable,this crossing intersects fewer than 2 kerbs. Generally each crossing should connect to at least 2 kerbs.
1378424485,way,not appliable,not appliable,this crossing intersects fewer than 2 kerbs. Generally each crossing should connect to at least 2 kerbs.
1384427758,way,not appliable,not appliable,this crossing intersects fewer than 2 kerbs. Generally each crossing should connect to at least 2 kerbs.
1384427759,way,not appliable,not appliable,this crossing intersects fewer than 2 kerbs. Generally each crossing should connect to at least 2 kerbs.
1384427762,way,not appliable,not appliable,this crossing intersects fewer than 2 kerbs. Generally each crossing should connect to at least 2 kerbs.
1384427763,way,not appliable,not appliable,this crossing intersects fewer than 2 kerbs. Generally each crossing should connect to at least 2 kerbs.
1385132630,way,not appliable,not appliable,this crossing intersects fewer than 2 kerbs. Generally each crossing should connect to at least 2 kerbs.
1385178902,way,not appliable,not appliable,this crossing intersects fewer than 2 kerbs. Generally each crossing should connect to at least 2 kerbs.
1385178903,way,not appliable,not appliable,this crossing intersects fewer than 2 kerbs. Generally each crossing should connect to at least 2 kerbs.
1385178905,way,not appliable,not appliable,this crossing intersects fewer than 2 kerbs. Generally each crossing should connect to at least 2 kerbs.
1385178906,way,not appliable,not appliable,this crossing intersects fewer than 2 kerbs. Generally each crossing should connect to at least 2 kerbs.
1386281773,way,not appliable,not appliable,this crossing intersects fewer than 2 kerbs. Generally each crossing should connect to at least 2 kerbs.
1386315533,way,not appliable,not appliable,this crossing intersects fewer than 2 kerbs. Generally each crossing should connect to at least 2 kerbs.
1386315534,way,not appliable,not appliable,this crossing intersects fewer than 2 kerbs. Generally each crossing should connect to at least 2 kerbs.
1386315535,way,not appliable,not appliable,this crossing intersects fewer than 2 kerbs. Generally each crossing should connect to at least 2 kerbs.
1386315539,way,not appliable,not appliable,this crossing intersects fewer than 2 kerbs. Generally each crossing should connect to at least 2 kerbs.
1386673969,way,not appliable,not appliable,this crossing intersects fewer than 2 kerbs. Generally each crossing should connect to at least 2 kerbs.
1387106427,way,not appliable,not appliable,this crossing intersects fewer than 2 kerbs. Generally each crossing should connect to at least 2 kerbs.
1387108879,way,not appliable,not appliable,this crossing intersects fewer than 2 kerbs. Generally each crossing should connect to at least 2 kerbs.
1391879846,way,not appliable,not appliable,this crossing intersects fewer than 2 kerbs. Generally each crossing should connect to at least 2 kerbs.
1391879849,way,not appliable,not appliable,this crossing intersects fewer than 2 kerbs. Generally each crossing should connect to at least 2 kerbs.
1391879851,way,not appliable,not appliable,this crossing intersects fewer than 2 kerbs. Generally each crossing should connect to at least 2 kerbs.
1391879853,way,not appliable,not appliable,this crossing intersects fewer than 2 kerbs. Generally each crossing should connect to at least 2 kerbs.
1391917659,way,not appliable,not appliable,this crossing intersects fewer than 2 kerbs. Generally each crossing should connect to at least 2 kerbs.
1393140194,way,not appliable,not appliable,this crossing intersects fewer than 2 kerbs. Generally each crossing should connect to at least 2 kerbs.
1393140196,way,not appliable,not appliable,this crossing intersects fewer than 2 kerbs. Generally each crossing should connect to at least 2 kerbs.
1393435582,way,not appliable,not appliable,this crossing intersects fewer than 2 kerbs. Generally each crossing should connect to at least 2 kerbs.
1410439064,way,not appliable,not appliable,this crossing intersects fewer than 2 kerbs. Generally each crossing should connect to at least 2 kerbs.
1410439068,way,not appliable,not appliable,this crossing intersects fewer than 2 kerbs. Generally each crossing should connect to at least 2 kerbs.
1410439069,way,not appliable,not appliable,this crossing intersects fewer than 2 kerbs. Generally each crossing should connect to at least 2 kerbs.
1410439862,way,not appliable,not appliable,this crossing intersects fewer than 2 kerbs. Generally each crossing should connect to at least 2 kerbs.
1410712764,way,not appliable,not appliable,this crossing intersects fewer than 2 kerbs. Generally each crossing should connect to at least 2 kerbs.
1410712766,way,not appliable,not appliable,this crossing intersects fewer than 2 kerbs. Generally each crossing should connect to at least 2 kerbs.
1410712767,way,not appliable,not appliable,this crossing intersects fewer than 2 kerbs. Generally each crossing should connect to at least 2 kerbs.
1410712768,way,not appliable,not appliable,this crossing intersects fewer than 2 kerbs. Generally each crossing should connect to at least 2 kerbs.
1410712772,way,not appliable,not appliable,this crossing intersects fewer than 2 kerbs. Generally each crossing should connect to at least 2 kerbs.
1410712774,way,not appliable,not appliable,this crossing intersects fewer than 2 kerbs. Generally each crossing should connect to at least 2 kerbs.
1410712775,way,not appliable,not appliable,this crossing intersects fewer than 2 kerbs. Generally each crossing should connect to at least 2 kerbs.
1410712777,way,not appliable,not appliable,this crossing intersects fewer than 2 kerbs. Generally each crossing should connect to at least 2 kerbs.
1410712778,way,not appliable,not appliable,this crossing intersects fewer than 2 kerbs. Generally each crossing should connect to at least 2 kerbs.
1410712780,way,not appliable,not appliable,this crossing intersects fewer than 2 kerbs. Generally each crossing should connect to at least 2 kerbs.
1410712781,way,not appliable,not appliable,this crossing intersects fewer than 2 kerbs. Generally each crossing should connect to at least 2 kerbs.
1410712782,way,not appliable,not appliable,this crossing intersects fewer than 2 kerbs. Generally each crossing should connect to at least 2 kerbs.
1410712783,way,not appliable,not appliable,this crossing intersects fewer than 2 kerbs. Generally each crossing should connect to at least 2 kerbs.
1410712784,way,not appliable,not appliable,this crossing intersects fewer than 2 kerbs. Generally each crossing should connect to at least 2 kerbs.
1410712785,way,not appliable,not appliable,this crossing intersects fewer than 2 kerbs. Generally each crossing should connect to at least 2 kerbs.
1410712786,way,not appliable,not appliable,this crossing intersects fewer than 2 kerbs. Generally each crossing should connect to at least 2 kerbs.
1410712787,way,not appliable,not appliable,this crossing intersects fewer than 2 kerbs. Generally each crossing should connect to at least 2 kerbs.
1410712788,way,not appliable,not appliable,this crossing intersects fewer than 2 kerbs. Generally each crossing should connect to at least 2 kerbs.
1410712789,way,not appliable,not appliable,this crossing intersects fewer than 2 kerbs. Generally each crossing should connect to at least 2 kerbs.
1410712790,way,not appliable,not appliable,this crossing intersects fewer than 2 kerbs. Generally each crossing should connect to at least 2 kerbs.
1410712792,way,not appliable,not appliable,this crossing intersects fewer than 2 kerbs. Generally each crossing should connect to at least 2 kerbs.
1410809479,way,not appliable,not appliable,this crossing intersects fewer than 2 kerbs. Generally each crossing should connect to at least 2 kerbs.
1410809480,way,not appliable,not appliable,this crossing intersects fewer than 2 kerbs. Generally each crossing should connect to at least 2 kerbs.
1410839894,way,not appliable,not appliable,this crossing intersects fewer than 2 kerbs. Generally each crossing should connect to at least 2 kerbs.
1410839895,way,not appliable,not appliable,this crossing intersects fewer than 2 kerbs. Generally each crossing should connect to at least 2 kerbs.
1410839896,way,not appliable,not appliable,this crossing intersects fewer than 2 kerbs. Generally each crossing should connect to at least 2 kerbs.
1411060943,way,not appliable,not appliable,this crossing intersects fewer than 2 kerbs. Generally each crossing should connect to at least 2 kerbs.
1411069453,way,not appliable,not appliable,this crossing intersects fewer than 2 kerbs. Generally each crossing should connect to at least 2 kerbs.
1411071484,way,not appliable,not appliable,this crossing intersects fewer than 2 kerbs. Generally each crossing should connect to at least 2 kerbs.
1411073947,way,not appliable,not appliable,this crossing intersects fewer than 2 kerbs. Generally each crossing should connect to at least 2 kerbs.
1411073948,way,not appliable,not appliable,this crossing intersects fewer than 2 kerbs. Generally each crossing should connect to at least 2 kerbs.
1411073949,way,not appliable,not appliable,this crossing intersects fewer than 2 kerbs. Generally each crossing should connect to at least 2 kerbs.
1411080412,way,not appliable,not appliable,this crossing intersects fewer than 2 kerbs. Generally each crossing should connect to at least 2 kerbs.
1411361540,way,not appliable,not appliable,this crossing intersects fewer than 2 kerbs. Generally each crossing should connect to at least 2 kerbs.
1411361541,way,not appliable,not appliable,this crossing intersects fewer than 2 kerbs. Generally each crossing should connect to at least 2 kerbs.
1411361546,way,not appliable,not appliable,this crossing intersects fewer than 2 kerbs. Generally each crossing should connect to at least 2 kerbs.
1411756572,way,not appliable,not appliable,this crossing intersects fewer than 2 kerbs. Generally each crossing should connect to at least 2 kerbs.
1411756573,way,not appliable,not appliable,this crossing intersects fewer than 2 kerbs. Generally each crossing should connect to at least 2 kerbs.
1411756574,way,not appliable,not appliable,this crossing intersects fewer than 2 kerbs. Generally each crossing should connect to at least 2 kerbs.
1411756577,way,not appliable,not appliable,this crossing intersects fewer than 2 kerbs. Generally each crossing should connect to at least 2 kerbs.
1411756579,way,not appliable,not appliable,this crossing intersects fewer than 2 kerbs. Generally each crossing should connect to at least 2 kerbs.
1411756585,way,not appliable,not appliable,this crossing intersects fewer than 2 kerbs. Generally each crossing should connect to at least 2 kerbs.
1411756586,way,not appliable,not appliable,this crossing intersects fewer than 2 kerbs. Generally each crossing should connect to at least 2 kerbs.
1411756587,way,not appliable,not appliable,this crossing intersects fewer than 2 kerbs. Generally each crossing should connect to at least 2 kerbs.
1411756588,way,not appliable,not appliable,this crossing intersects fewer than 2 kerbs. Generally each crossing should connect to at least 2 kerbs.
1411756589,way,not appliable,not appliable,this crossing intersects fewer than 2 kerbs. Generally each crossing should connect to at least 2 kerbs.
1413368426,way,not appliable,not appliable,this crossing intersects fewer than 2 kerbs. Generally each crossing should connect to at least 2 kerbs.
1413368427,way,not appliable,not appliable,this crossing intersects fewer than 2 kerbs. Generally each crossing should connect to at least 2 kerbs.
1413368432,way,not appliable,not appliable,this crossing intersects fewer than 2 kerbs. Generally each crossing should connect to at least 2 kerbs.
1413368433,way,not appliable,not appliable,this crossing intersects fewer than 2 kerbs. Generally each crossing should connect to at least 2 kerbs.
1413368434,way,not appliable,not appliable,this crossing intersects fewer than 2 kerbs. Generally each crossing should connect to at least 2 kerbs.
1413368435,way,not appliable,not appliable,this crossing intersects fewer than 2 kerbs. Generally each crossing should connect to at least 2 kerbs.
1413970983,way,not appliable,not appliable,this crossing intersects fewer than 2 kerbs. Generally each crossing should connect to at least 2 kerbs.
1413970985,way,not appliable,not appliable,this crossing intersects fewer than 2 kerbs. Generally each crossing should connect to at least 2 kerbs.
1415299752,way,not appliable,not appliable,this crossing intersects fewer than 2 kerbs. Generally each crossing should connect to at least 2 kerbs.
1415299754,way,not appliable,not appliable,this crossing intersects fewer than 2 kerbs. Generally each crossing should connect to at least 2 kerbs.
1415299755,way,not appliable,not appliable,this crossing intersects fewer than 2 kerbs. Generally each crossing should connect to at least 2 kerbs.
1415727145,way,not appliable,not appliable,this crossing intersects fewer than 2 kerbs. Generally each crossing should connect to at least 2 kerbs.
1415727146,way,not appliable,not appliable,this crossing intersects fewer than 2 kerbs. Generally each crossing should connect to at least 2 kerbs.
1415727148,way,not appliable,not appliable,this crossing intersects fewer than 2 kerbs. Generally each crossing should connect to at least 2 kerbs.
1416649235,way,not appliable,not appliable,this crossing intersects fewer than 2 kerbs. Generally each crossing should connect to at least 2 kerbs.
1416649236,way,not appliable,not appliable,this crossing intersects fewer than 2 kerbs. Generally each crossing should connect to at least 2 kerbs.
1416649237,way,not appliable,not appliable,this crossing intersects fewer than 2 kerbs. Generally each crossing should connect to at least 2 kerbs.
1416649238,way,not appliable,not appliable,this crossing intersects fewer than 2 kerbs. Generally each crossing should connect to at least 2 kerbs.
1416649239,way,not appliable,not appliable,this crossing intersects fewer than 2 kerbs. Generally each crossing should connect to at least 2 kerbs.
1416649240,way,not appliable,not appliable,this crossing intersects fewer than 2 kerbs. Generally each crossing should connect to at least 2 kerbs.
1418811394,way,not appliable,not appliable,this crossing intersects fewer than 2 kerbs. Generally each crossing should connect to at least 2 kerbs.
1418811395,way,not appliable,not appliable,this crossing intersects fewer than 2 kerbs. Generally each crossing should connect to at least 2 kerbs.
1418811423,way,not appliable,not appliable,this crossing intersects fewer than 2 kerbs. Generally each crossing should connect to at least 2 kerbs.
1420098931,way,not appliable,not appliable,this crossing intersects fewer than 2 kerbs. Generally each crossing should connect to at least 2 kerbs.
1420098932,way,not appliable,not appliable,this crossing intersects fewer than 2 kerbs. Generally each crossing should connect to at least 2 kerbs.
1423361359,way,not appliable,not appliable,this crossing intersects fewer than 2 kerbs. Generally each crossing should connect to at least 2 kerbs.
1423361360,way,not appliable,not appliable,this crossing intersects fewer than 2 kerbs. Generally each crossing should connect to at least 2 kerbs.
1423558110,way,not appliable,not appliable,this crossing intersects fewer than 2 kerbs. Generally each crossing should connect to at least 2 kerbs.
1423609101,way,not appliable,not appliable,this crossing intersects fewer than 2 kerbs. Generally each crossing should connect to at least 2 kerbs.
1423635298,way,not appliable,not appliable,this crossing intersects fewer than 2 kerbs. Generally each crossing should connect to at least 2 kerbs.
1423636031,way,not appliable,not appliable,this crossing intersects fewer than 2 kerbs. Generally each crossing should connect to at least 2 kerbs.
1423865089,way,not appliable,not appliable,this crossing intersects fewer than 2 kerbs. Generally each crossing should connect to at least 2 kerbs.
1423888794,way,not appliable,not appliable,this crossing intersects fewer than 2 kerbs. Generally each crossing should connect to at least 2 kerbs.
1423897715,way,not appliable,not appliable,this crossing intersects fewer than 2 kerbs. Generally each crossing should connect to at least 2 kerbs.
1423897737,way,not appliable,not appliable,this crossing intersects fewer than 2 kerbs. Generally each crossing should connect to at least 2 kerbs.
1427247496,way,not appliable,not appliable,this crossing intersects fewer than 2 kerbs. Generally each crossing should connect to at least 2 kerbs.
1427247498,way,not appliable,not appliable,this crossing intersects fewer than 2 kerbs. Generally each crossing should connect to at least 2 kerbs.
1435778925,way,not appliable,not appliable,this crossing intersects fewer than 2 kerbs. Generally each crossing should connect to at least 2 kerbs.
1435778927,way,not appliable,not appliable,this crossing intersects fewer than 2 kerbs. Generally each crossing should connect to at least 2 kerbs.
1435778932,way,not appliable,not appliable,this crossing intersects fewer than 2 kerbs. Generally each crossing should connect to at least 2 kerbs.
1435778945,way,not appliable,not appliable,this crossing intersects fewer than 2 kerbs. Generally each crossing should connect to at least 2 kerbs.
1435778953,way,not appliable,not appliable,this crossing intersects fewer than 2 kerbs. Generally each crossing should connect to at least 2 kerbs.
1441954080,way,not appliable,not appliable,this crossing intersects fewer than 2 kerbs. Generally each crossing should connect to at least 2 kerbs.
1441954081,way,not appliable,not appliable,this crossing intersects fewer than 2 kerbs. Generally each crossing should connect to at least 2 kerbs.
1442213091,way,not appliable,not appliable,this crossing intersects fewer than 2 kerbs. Generally each crossing should connect to at least 2 kerbs.
1442213097,way,not appliable,not appliable,this crossing intersects fewer than 2 kerbs. Generally each crossing should connect to at least 2 kerbs.
1442213102,way,not appliable,not appliable,this crossing intersects fewer than 2 kerbs. Generally each crossing should connect to at least 2 kerbs.
1442213103,way,not appliable,not appliable,this crossing intersects fewer than 2 kerbs. Generally each crossing should connect to at least 2 kerbs.
1442213105,way,not appliable,not appliable,this crossing intersects fewer than 2 kerbs. Generally each crossing should connect to at least 2 kerbs.
1442753179,way,not appliable,not appliable,this crossing intersects fewer than 2 kerbs. Generally each crossing should connect to at least 2 kerbs.
1442753181,way,not appliable,not appliable,this crossing intersects fewer than 2 kerbs. Generally each crossing should connect to at least 2 kerbs.
1442753182,way,not appliable,not appliable,this crossing intersects fewer than 2 kerbs. Generally each crossing should connect to at least 2 kerbs.
1442753184,way,not appliable,not appliable,this crossing intersects fewer than 2 kerbs. Generally each crossing should connect to at least 2 kerbs.
1442753185,way,not appliable,not appliable,this crossing intersects fewer than 2 kerbs. Generally each crossing should connect to at least 2 kerbs.
1442753187,way,not appliable,not appliable,this crossing intersects fewer than 2 kerbs. Generally each crossing should connect to at least 2 kerbs.
1442753189,way,not appliable,not appliable,this crossing intersects fewer than 2 kerbs. Generally each crossing should connect to at least 2 kerbs.
1442753191,way,not appliable,not appliable,this crossing intersects fewer than 2 kerbs. Generally each crossing should connect to at least 2 kerbs.
1442768728,way,not appliable,not appliable,this crossing intersects fewer than 2 kerbs. Generally each crossing should connect to at least 2 kerbs.
1443331423,way,not appliable,not appliable,this crossing intersects fewer than 2 kerbs. Generally each crossing should connect to at least 2 kerbs.
1443331424,way,not appliable,not appliable,this crossing intersects fewer than 2 kerbs. Generally each crossing should connect to at least 2 kerbs.
1443331425,way,not appliable,not appliable,this crossing intersects fewer than 2 kerbs. Generally each crossing should connect to at least 2 kerbs.
1443331426,way,not appliable,not appliable,this crossing intersects fewer than 2 kerbs. Generally each crossing should connect to at least 2 kerbs.
1443331438,way,not appliable,not appliable,this crossing intersects fewer than 2 kerbs. Generally each crossing should connect to at least 2 kerbs.
1443331439,way,not appliable,not appliable,this crossing intersects fewer than 2 kerbs. Generally each crossing should connect to at least 2 kerbs.
1443331440,way,not appliable,not appliable,this crossing intersects fewer than 2 kerbs. Generally each crossing should connect to at least 2 kerbs.
1443331441,way,not appliable,not appliable,this crossing intersects fewer than 2 kerbs. Generally each crossing should connect to at least 2 kerbs.
1443331442,way,not appliable,not appliable,this crossing intersects fewer than 2 kerbs. Generally each crossing should connect to at least 2 kerbs.
1443331443,way,not appliable,not appliable,this crossing intersects fewer than 2 kerbs. Generally each crossing should connect to at least 2 kerbs.
1443331444,way,not appliable,not appliable,this crossing intersects fewer than 2 kerbs. Generally each crossing should connect to at least 2 kerbs.
1443331447,way,not appliable,not appliable,this crossing intersects fewer than 2 kerbs. Generally each crossing should connect to at least 2 kerbs.
1443331449,way,not appliable,not appliable,this crossing intersects fewer than 2 kerbs. Generally each crossing should connect to at least 2 kerbs.
1443360094,way,not appliable,not appliable,this crossing intersects fewer than 2 kerbs. Generally each crossing should connect to at least 2 kerbs.
1443589473,way,not appliable,not appliable,this crossing intersects fewer than 2 kerbs. Generally each crossing should connect to at least 2 kerbs.
1443589476,way,not appliable,not appliable,this crossing intersects fewer than 2 kerbs. Generally each crossing should connect to at least 2 kerbs.
1443589477,way,not appliable,not appliable,this crossing intersects fewer than 2 kerbs. Generally each crossing should connect to at least 2 kerbs.
1443589479,way,not appliable,not appliable,this crossing intersects fewer than 2 kerbs. Generally each crossing should connect to at least 2 kerbs.
1443589486,way,not appliable,not appliable,this crossing intersects fewer than 2 kerbs. Generally each crossing should connect to at least 2 kerbs.
1443589490,way,not appliable,not appliable,this crossing intersects fewer than 2 kerbs. Generally each crossing should connect to at least 2 kerbs.
1445309718,way,not appliable,not appliable,this crossing intersects fewer than 2 kerbs. Generally each crossing should connect to at least 2 kerbs.
1445312270,way,not appliable,not appliable,this crossing intersects fewer than 2 kerbs. Generally each crossing should connect to at least 2 kerbs.
1445312271,way,not appliable,not appliable,this crossing intersects fewer than 2 kerbs. Generally each crossing should connect to at least 2 kerbs.
1445312274,way,not appliable,not appliable,this crossing intersects fewer than 2 kerbs. Generally each crossing should connect to at least 2 kerbs.
1445312275,way,not appliable,not appliable,this crossing intersects fewer than 2 kerbs. Generally each crossing should connect to at least 2 kerbs.
1445312276,way,not appliable,not appliable,this crossing intersects fewer than 2 kerbs. Generally each crossing should connect to at least 2 kerbs.
1445312277,way,not appliable,not appliable,this crossing intersects fewer than 2 kerbs. Generally each crossing should connect to at least 2 kerbs.
1445312281,way,not appliable,not appliable,this crossing intersects fewer than 2 kerbs. Generally each crossing should connect to at least 2 kerbs.
1445312282,way,not appliable,not appliable,this crossing intersects fewer than 2 kerbs. Generally each crossing should connect to at least 2 kerbs.
1445312284,way,not appliable,not appliable,this crossing intersects fewer than 2 kerbs. Generally each crossing should connect to at least 2 kerbs.
1445312285,way,not appliable,not appliable,this crossing intersects fewer than 2 kerbs. Generally each crossing should connect to at least 2 kerbs.
1445312305,way,not appliable,not appliable,this crossing intersects fewer than 2 kerbs. Generally each crossing should connect to at least 2 kerbs.
1445312306,way,not appliable,not appliable,this crossing intersects fewer than 2 kerbs. Generally each crossing should connect to at least 2 kerbs.
1445312307,way,not appliable,not appliable,this crossing intersects fewer than 2 kerbs. Generally each crossing should connect to at least 2 kerbs.
1445312309,way,not appliable,not appliable,this crossing intersects fewer than 2 kerbs. Generally each crossing should connect to at least 2 kerbs.
1445312314,way,not appliable,not appliable,this crossing intersects fewer than 2 kerbs. Generally each crossing should connect to at least 2 kerbs.
1445312316,way,not appliable,not appliable,this crossing intersects fewer than 2 kerbs. Generally each crossing should connect to at least 2 kerbs.
1445462002,way,not appliable,not appliable,this crossing intersects fewer than 2 kerbs. Generally each crossing should connect to at least 2 kerbs.
1445462004,way,not appliable,not appliable,this crossing intersects fewer than 2 kerbs. Generally each crossing should connect to at least 2 kerbs.
1445462006,way,not appliable,not appliable,this crossing intersects fewer than 2 kerbs. Generally each crossing should connect to at least 2 kerbs.
1445462008,way,not appliable,not appliable,this crossing intersects fewer than 2 kerbs. Generally each crossing should connect to at least 2 kerbs.
1445462009,way,not appliable,not appliable,this crossing intersects fewer than 2 kerbs. Generally each crossing should connect to at least 2 kerbs.
1445462013,way,not appliable,not appliable,this crossing intersects fewer than 2 kerbs. Generally each crossing should connect to at least 2 kerbs.
1445462015,way,not appliable,not appliable,this crossing intersects fewer than 2 kerbs. Generally each crossing should connect to at least 2 kerbs.
1445462016,way,not appliable,not appliable,this crossing intersects fewer than 2 kerbs. Generally each crossing should connect to at least 2 kerbs.
1445462017,way,not appliable,not appliable,this crossing intersects fewer than 2 kerbs. Generally each crossing should connect to at least 2 kerbs.
1445462018,way,not appliable,not appliable,this crossing intersects fewer than 2 kerbs. Generally each crossing should connect to at least 2 kerbs.
1445462019,way,not appliable,not appliable,this crossing intersects fewer than 2 kerbs. Generally each crossing should connect to at least 2 kerbs.
1445462021,way,not appliable,not appliable,this crossing intersects fewer than 2 kerbs. Generally each crossing should connect to at least 2 kerbs.
1445462022,way,not appliable,not appliable,this crossing intersects fewer than 2 kerbs. Generally each crossing should connect to at least 2 kerbs.
1445462024,way,not appliable,not appliable,this crossing intersects fewer than 2 kerbs. Generally each crossing should connect to at least 2 kerbs.
1445462026,way,not appliable,not appliable,this crossing intersects fewer than 2 kerbs. Generally each crossing should connect to at least 2 kerbs.
1445462029,way,not appliable,not appliable,this crossing intersects fewer than 2 kerbs. Generally each crossing should connect to at least 2 kerbs.
1445807020,way,not appliable,not appliable,this crossing intersects fewer than 2 kerbs. Generally each crossing should connect to at least 2 kerbs.
1446767770,way,not appliable,not appliable,this crossing intersects fewer than 2 kerbs. Generally each crossing should connect to at least 2 kerbs.
1446767777,way,not appliable,not appliable,this crossing intersects fewer than 2 kerbs. Generally each crossing should connect to at least 2 kerbs.
1446767778,way,not appliable,not appliable,this crossing intersects fewer than 2 kerbs. Generally each crossing should connect to at least 2 kerbs.
1446767779,way,not appliable,not appliable,this crossing intersects fewer than 2 kerbs. Generally each crossing should connect to at least 2 kerbs.
1447836694,way,not appliable,not appliable,this crossing intersects fewer than 2 kerbs. Generally each crossing should connect to at least 2 kerbs.
1447836697,way,not appliable,not appliable,this crossing intersects fewer than 2 kerbs. Generally each crossing should connect to at least 2 kerbs.
1450166190,way,not appliable,not appliable,this crossing intersects fewer than 2 kerbs. Generally each crossing should connect to at least 2 kerbs.
1451583751,way,not appliable,not appliable,this crossing intersects fewer than 2 kerbs. Generally each crossing should connect to at least 2 kerbs.
1451583752,way,not appliable,not appliable,this crossing intersects fewer than 2 kerbs. Generally each crossing should connect to at least 2 kerbs.
1451583753,way,not appliable,not appliable,this crossing intersects fewer than 2 kerbs. Generally each crossing should connect to at least 2 kerbs.
1451583754,way,not appliable,not appliable,this crossing intersects fewer than 2 kerbs. Generally each crossing should connect to at least 2 kerbs.
1451583755,way,not appliable,not appliable,this crossing intersects fewer than 2 kerbs. Generally each crossing should connect to at least 2 kerbs.
1452255090,way,not appliable,not appliable,this crossing intersects fewer than 2 kerbs. Generally each crossing should connect to at least 2 kerbs.
1452492159,way,not appliable,not appliable,this crossing intersects fewer than 2 kerbs. Generally each crossing should connect to at least 2 kerbs.
1452492161,way,not appliable,not appliable,this crossing intersects fewer than 2 kerbs. Generally each crossing should connect to at least 2 kerbs.
1454300943,way,not appliable,not appliable,this crossing intersects fewer than 2 kerbs. Generally each crossing should connect to at least 2 kerbs.
1456334008,way,not appliable,not appliable,this crossing intersects fewer than 2 kerbs. Generally each crossing should connect to at least 2 kerbs.
1456334009,way,not appliable,not appliable,this crossing intersects fewer than 2 kerbs. Generally each crossing should connect to at least 2 kerbs.
1456334011,way,not appliable,not appliable,this crossing intersects fewer than 2 kerbs. Generally each crossing should connect to at least 2 kerbs.
1456334012,way,not appliable,not appliable,this crossing intersects fewer than 2 kerbs. Generally each crossing should connect to at least 2 kerbs.
1456334014,way,not appliable,not appliable,this crossing intersects fewer than 2 kerbs. Generally each crossing should connect to at least 2 kerbs.
1456334017,way,not appliable,not appliable,this crossing intersects fewer than 2 kerbs. Generally each crossing should connect to at least 2 kerbs.
1456334019,way,not appliable,not appliable,this crossing intersects fewer than 2 kerbs. Generally each crossing should connect to at least 2 kerbs.
1456334023,way,not appliable,not appliable,this crossing intersects fewer than 2 kerbs. Generally each crossing should connect to at least 2 kerbs.
1456334024,way,not appliable,not appliable,this crossing intersects fewer than 2 kerbs. Generally each crossing should connect to at least 2 kerbs.
1456334025,way,not appliable,not appliable,this crossing intersects fewer than 2 kerbs. Generally each crossing should connect to at least 2 kerbs.
1456334026,way,not appliable,not appliable,this crossing intersects fewer than 2 kerbs. Generally each crossing should connect to at least 2 kerbs.
1456334027,way,not appliable,not appliable,this crossing intersects fewer than 2 kerbs. Generally each crossing should connect to at least 2 kerbs.
1456334028,way,not appliable,not appliable,this crossing intersects fewer than 2 kerbs. Generally each crossing should connect to at least 2 kerbs.
1456334029,way,not appliable,not appliable,this crossing intersects fewer than 2 kerbs. Generally each crossing should connect to at least 2 kerbs.
1456334030,way,not appliable,not appliable,this crossing intersects fewer than 2 kerbs. Generally each crossing should connect to at least 2 kerbs.
1456334031,way,not appliable,not appliable,this crossing intersects fewer than 2 kerbs. Generally each crossing should connect to at least 2 kerbs.
1456334032,way,not appliable,not appliable,this crossing intersects fewer than 2 kerbs. Generally each crossing should connect to at least 2 kerbs.
1456334033,way,not appliable,not appliable,this crossing intersects fewer than 2 kerbs. Generally each crossing should connect to at least 2 kerbs.
1456334039,way,not appliable,not appliable,this crossing intersects fewer than 2 kerbs. Generally each crossing should connect to at least 2 kerbs.
1456334042,way,not appliable,not appliable,this crossing intersects fewer than 2 kerbs. Generally each crossing should connect to at least 2 kerbs.
1456334043,way,not appliable,not appliable,this crossing intersects fewer than 2 kerbs. Generally each crossing should connect to at least 2 kerbs.
1456334044,way,not appliable,not appliable,this crossing intersects fewer than 2 kerbs. Generally each crossing should connect to at least 2 kerbs.
1456334045,way,not appliable,not appliable,this crossing intersects fewer than 2 kerbs. Generally each crossing should connect to at least 2 kerbs.
1456334049,way,not appliable,not appliable,this crossing intersects fewer than 2 kerbs. Generally each crossing should connect to at least 2 kerbs.
1456334050,way,not appliable,not appliable,this crossing intersects fewer than 2 kerbs. Generally each crossing should connect to at least 2 kerbs.
1456334051,way,not appliable,not appliable,this crossing intersects fewer than 2 kerbs. Generally each crossing should connect to at least 2 kerbs.
1456334052,way,not appliable,not appliable,this crossing intersects fewer than 2 kerbs. Generally each crossing should connect to at least 2 kerbs.
1456334053,way,not appliable,not appliable,this crossing intersects fewer than 2 kerbs. Generally each crossing should connect to at least 2 kerbs.
1456334054,way,not appliable,not appliable,this crossing intersects fewer than 2 kerbs. Generally each crossing should connect to at least 2 kerbs.
1456334055,way,not appliable,not appliable,this crossing intersects fewer than 2 kerbs. Generally each crossing should connect to at least 2 kerbs.
1456334056,way,not appliable,not appliable,this crossing intersects fewer than 2 kerbs. Generally each crossing should connect to at least 2 kerbs.
1456334057,way,not appliable,not appliable,this crossing intersects fewer than 2 kerbs. Generally each crossing should connect to at least 2 kerbs.
1456334058,way,not appliable,not appliable,this crossing intersects fewer than 2 kerbs. Generally each crossing should connect to at least 2 kerbs.
1456334059,way,not appliable,not appliable,this crossing intersects fewer than 2 kerbs. Generally each crossing should connect to at least 2 kerbs.
1456373703,way,not appliable,not appliable,this crossing intersects fewer than 2 kerbs. Generally each crossing should connect to at least 2 kerbs.
1456395320,way,not appliable,not appliable,this crossing intersects fewer than 2 kerbs. Generally each crossing should connect to at least 2 kerbs.
1456395322,way,not appliable,not appliable,this crossing intersects fewer than 2 kerbs. Generally each crossing should connect to at least 2 kerbs.
1456395323,way,not appliable,not appliable,this crossing intersects fewer than 2 kerbs. Generally each crossing should connect to at least 2 kerbs.
1456395324,way,not appliable,not appliable,this crossing intersects fewer than 2 kerbs. Generally each crossing should connect to at least 2 kerbs.
1456395325,way,not appliable,not appliable,this crossing intersects fewer than 2 kerbs. Generally each crossing should connect to at least 2 kerbs.
1456395326,way,not appliable,not appliable,this crossing intersects fewer than 2 kerbs. Generally each crossing should connect to at least 2 kerbs.
1456395330,way,not appliable,not appliable,this crossing intersects fewer than 2 kerbs. Generally each crossing should connect to at least 2 kerbs.
1456395331,way,not appliable,not appliable,this crossing intersects fewer than 2 kerbs. Generally each crossing should connect to at least 2 kerbs.
1456395333,way,not appliable,not appliable,this crossing intersects fewer than 2 kerbs. Generally each crossing should connect to at least 2 kerbs.
1456395334,way,not appliable,not appliable,this crossing intersects fewer than 2 kerbs. Generally each crossing should connect to at least 2 kerbs.
1456395336,way,not appliable,not appliable,this crossing intersects fewer than 2 kerbs. Generally each crossing should connect to at least 2 kerbs.
1456395337,way,not appliable,not appliable,this crossing intersects fewer than 2 kerbs. Generally each crossing should connect to at least 2 kerbs.
1456398358,way,not appliable,not appliable,this crossing intersects fewer than 2 kerbs. Generally each crossing should connect to at least 2 kerbs.
1456412272,way,not appliable,not appliable,this crossing intersects fewer than 2 kerbs. Generally each crossing should connect to at least 2 kerbs.
1456412277,way,not appliable,not appliable,this crossing intersects fewer than 2 kerbs. Generally each crossing should connect to at least 2 kerbs.
1456412278,way,not appliable,not appliable,this crossing intersects fewer than 2 kerbs. Generally each crossing should connect to at least 2 kerbs.
1456412279,way,not appliable,not appliable,this crossing intersects fewer than 2 kerbs. Generally each crossing should connect to at least 2 kerbs.
1456412280,way,not appliable,not appliable,this crossing intersects fewer than 2 kerbs. Generally each crossing should connect to at least 2 kerbs.
1456412281,way,not appliable,not appliable,this crossing intersects fewer than 2 kerbs. Generally each crossing should connect to at least 2 kerbs.
1456412282,way,not appliable,not appliable,this crossing intersects fewer than 2 kerbs. Generally each crossing should connect to at least 2 kerbs.
1456412283,way,not appliable,not appliable,this crossing intersects fewer than 2 kerbs. Generally each crossing should connect to at least 2 kerbs.
1456412284,way,not appliable,not appliable,this crossing intersects fewer than 2 kerbs. Generally each crossing should connect to at least 2 kerbs.
1456412285,way,not appliable,not appliable,this crossing intersects fewer than 2 kerbs. Generally each crossing should connect to at least 2 kerbs.
1456412286,way,not appliable,not appliable,this crossing intersects fewer than 2 kerbs. Generally each crossing should connect to at least 2 kerbs.
1456412287,way,not appliable,not appliable,this crossing intersects fewer than 2 kerbs. Generally each crossing should connect to at least 2 kerbs.
1456414554,way,not appliable,not appliable,this crossing intersects fewer than 2 kerbs. Generally each crossing should connect to at least 2 kerbs.
1456414555,way,not appliable,not appliable,this crossing intersects fewer than 2 kerbs. Generally each crossing should connect to at least 2 kerbs.
1456414556,way,not appliable,not appliable,this crossing intersects fewer than 2 kerbs. Generally each crossing should connect to at least 2 kerbs.
1456414557,way,not appliable,not appliable,this crossing intersects fewer than 2 kerbs. Generally each crossing should connect to at least 2 kerbs.
1456414558,way,not appliable,not appliable,this crossing intersects fewer than 2 kerbs. Generally each crossing should connect to at least 2 kerbs.
1456414559,way,not appliable,not appliable,this crossing intersects fewer than 2 kerbs. Generally each crossing should connect to at least 2 kerbs.
1456414560,way,not appliable,not appliable,this crossing intersects fewer than 2 kerbs. Generally each crossing should connect to at least 2 kerbs.
1456799757,way,not appliable,not appliable,this crossing intersects fewer than 2 kerbs. Generally each crossing should connect to at least 2 kerbs.
1456799758,way,not appliable,not appliable,this crossing intersects fewer than 2 kerbs. Generally each crossing should connect to at least 2 kerbs.
1456799759,way,not appliable,not appliable,this crossing intersects fewer than 2 kerbs. Generally each crossing should connect to at least 2 kerbs.
1456799762,way,not appliable,not appliable,this crossing intersects fewer than 2 kerbs. Generally each crossing should connect to at least 2 kerbs.
1456799763,way,not appliable,not appliable,this crossing intersects fewer than 2 kerbs. Generally each crossing should connect to at least 2 kerbs.
1456805422,way,not appliable,not appliable,this crossing intersects fewer than 2 kerbs. Generally each crossing should connect to at least 2 kerbs.
1456805423,way,not appliable,not appliable,this crossing intersects fewer than 2 kerbs. Generally each crossing should connect to at least 2 kerbs.
1456805424,way,not appliable,not appliable,this crossing intersects fewer than 2 kerbs. Generally each crossing should connect to at least 2 kerbs.
1456805425,way,not appliable,not appliable,this crossing intersects fewer than 2 kerbs. Generally each crossing should connect to at least 2 kerbs.
1456805427,way,not appliable,not appliable,this crossing intersects fewer than 2 kerbs. Generally each crossing should connect to at least 2 kerbs.
1460568371,way,not appliable,not appliable,this crossing intersects fewer than 2 kerbs. Generally each crossing should connect to at least 2 kerbs.
1461818445,way,not appliable,not appliable,this crossing intersects fewer than 2 kerbs. Generally each crossing should connect to at least 2 kerbs.
1461851593,way,not appliable,not appliable,this crossing intersects fewer than 2 kerbs. Generally each crossing should connect to at least 2 kerbs.
1462201530,way,not appliable,not appliable,this crossing intersects fewer than 2 kerbs. Generally each crossing should connect to at least 2 kerbs.
1462201531,way,not appliable,not appliable,this crossing intersects fewer than 2 kerbs. Generally each crossing should connect to at least 2 kerbs.
1462201545,way,not appliable,not appliable,this crossing intersects fewer than 2 kerbs. Generally each crossing should connect to at least 2 kerbs.
1462513411,way,not appliable,not appliable,this crossing intersects fewer than 2 kerbs. Generally each crossing should connect to at least 2 kerbs.
1462589400,way,not appliable,not appliable,this crossing intersects fewer than 2 kerbs. Generally each crossing should connect to at least 2 kerbs.
1462805271,way,not appliable,not appliable,this crossing intersects fewer than 2 kerbs. Generally each crossing should connect to at least 2 kerbs.
1462805277,way,not appliable,not appliable,this crossing intersects fewer than 2 kerbs. Generally each crossing should connect to at least 2 kerbs.
1464599386,way,not appliable,not appliable,this crossing intersects fewer than 2 kerbs. Generally each crossing should connect to at least 2 kerbs.
1464599387,way,not appliable,not appliable,this crossing intersects fewer than 2 kerbs. Generally each crossing should connect to at least 2 kerbs.
1479056311,way,not appliable,not appliable,this crossing intersects fewer than 2 kerbs. Generally each crossing should connect to at least 2 kerbs.
1479485248,way,not appliable,not appliable,this crossing intersects fewer than 2 kerbs. Generally each crossing should connect to at least 2 kerbs.
1479935599,way,not appliable,not appliable,this crossing intersects fewer than 2 kerbs. Generally each crossing should connect to at least 2 kerbs.
1479935600,way,not appliable,not appliable,this crossing intersects fewer than 2 kerbs. Generally each crossing should connect to at least 2 kerbs.
1480415840,way,not appliable,not appliable,this crossing intersects fewer than 2 kerbs. Generally each crossing should connect to at least 2 kerbs.
1480415841,way,not appliable,not appliable,this crossing intersects fewer than 2 kerbs. Generally each crossing should connect to at least 2 kerbs.
1480415842,way,not appliable,not appliable,this crossing intersects fewer than 2 kerbs. Generally each crossing should connect to at least 2 kerbs.
1480415843,way,not appliable,not appliable,this crossing intersects fewer than 2 kerbs. Generally each crossing should connect to at least 2 kerbs.
1480415844,way,not appliable,not appliable,this crossing intersects fewer than 2 kerbs. Generally each crossing should connect to at least 2 kerbs.
1480415845,way,not appliable,not appliable,this crossing intersects fewer than 2 kerbs. Generally each crossing should connect to at least 2 kerbs.
1480415846,way,not appliable,not appliable,this crossing intersects fewer than 2 kerbs. Generally each crossing should connect to at least 2 kerbs.
1480415847,way,not appliable,not appliable,this crossing intersects fewer than 2 kerbs. Generally each crossing should connect to at least 2 kerbs.
1480415848,way,not appliable,not appliable,this crossing intersects fewer than 2 kerbs. Generally each crossing should connect to at least 2 kerbs.
1480415849,way,not appliable,not appliable,this crossing intersects fewer than 2 kerbs. Generally each crossing should connect to at least 2 kerbs.
1480415850,way,not appliable,not appliable,this crossing intersects fewer than 2 kerbs. Generally each crossing should connect to at least 2 kerbs.
1480977225,way,not appliable,not appliable,this crossing intersects fewer than 2 kerbs. Generally each crossing should connect to at least 2 kerbs.
1480977226,way,not appliable,not appliable,this crossing intersects fewer than 2 kerbs. Generally each crossing should connect to at least 2 kerbs.
1480977227,way,not appliable,not appliable,this crossing intersects fewer than 2 kerbs. Generally each crossing should connect to at least 2 kerbs.
1480977228,way,not appliable,not appliable,this crossing intersects fewer than 2 kerbs. Generally each crossing should connect to at least 2 kerbs.
1480977229,way,not appliable,not appliable,this crossing intersects fewer than 2 kerbs. Generally each crossing should connect to at least 2 kerbs.
1480977230,way,not appliable,not appliable,this crossing intersects fewer than 2 kerbs. Generally each crossing should connect to at least 2 kerbs.
1480977231,way,not appliable,not appliable,this crossing intersects fewer than 2 kerbs. Generally each crossing should connect to at least 2 kerbs.
1480977232,way,not appliable,not appliable,this crossing intersects fewer than 2 kerbs. Generally each crossing should connect to at least 2 kerbs.
1480977233,way,not appliable,not appliable,this crossing intersects fewer than 2 kerbs. Generally each crossing should connect to at least 2 kerbs.
1480977234,way,not appliable,not appliable,this crossing intersects fewer than 2 kerbs. Generally each crossing should connect to at least 2 kerbs.
1480977235,way,not appliable,not appliable,this crossing intersects fewer than 2 kerbs. Generally each crossing should connect to at least 2 kerbs.
1480977236,way,not appliable,not appliable,this crossing intersects fewer than 2 kerbs. Generally each crossing should connect to at least 2 kerbs.
1480977237,way,not appliable,not appliable,this crossing intersects fewer than 2 kerbs. Generally each crossing should connect to at least 2 kerbs.
1480977238,way,not appliable,not appliable,this crossing intersects fewer than 2 kerbs. Generally each crossing should connect to at least 2 kerbs.
1480977239,way,not appliable,not appliable,this crossing intersects fewer than 2 kerbs. Generally each crossing should connect to at least 2 kerbs.
1480977242,way,not appliable,not appliable,this crossing intersects fewer than 2 kerbs. Generally each crossing should connect to at least 2 kerbs.
1480977243,way,not appliable,not appliable,this crossing intersects fewer than 2 kerbs. Generally each crossing should connect to at least 2 kerbs.
1480977244,way,not appliable,not appliable,this crossing intersects fewer than 2 kerbs. Generally each crossing should connect to at least 2 kerbs.
1480977245,way,not appliable,not appliable,this crossing intersects fewer than 2 kerbs. Generally each crossing should connect to at least 2 kerbs.
1480977246,way,not appliable,not appliable,this crossing intersects fewer than 2 kerbs. Generally each crossing should connect to at least 2 kerbs.
1480977247,way,not appliable,not appliable,this crossing intersects fewer than 2 kerbs. Generally each crossing should connect to at least 2 kerbs.
1480977248,way,not appliable,not appliable,this crossing intersects fewer than 2 kerbs. Generally each crossing should connect to at least 2 kerbs.
1480977249,way,not appliable,not appliable,this crossing intersects fewer than 2 kerbs. Generally each crossing should connect to at least 2 kerbs.
1480977254,way,not appliable,not appliable,this crossing intersects fewer than 2 kerbs. Generally each crossing should connect to at least 2 kerbs.
1480981921,way,not appliable,not appliable,this crossing intersects fewer than 2 kerbs. Generally each crossing should connect to at least 2 kerbs.
1480981922,way,not appliable,not appliable,this crossing intersects fewer than 2 kerbs. Generally each crossing should connect to at least 2 kerbs.
1480981923,way,not appliable,not appliable,this crossing intersects fewer than 2 kerbs. Generally each crossing should connect to at least 2 kerbs.
1480981924,way,not appliable,not appliable,this crossing intersects fewer than 2 kerbs. Generally each crossing should connect to at least 2 kerbs.
1480981925,way,not appliable,not appliable,this crossing intersects fewer than 2 kerbs. Generally each crossing should connect to at least 2 kerbs.
1480988673,way,not appliable,not appliable,this crossing intersects fewer than 2 kerbs. Generally each crossing should connect to at least 2 kerbs.
1480988674,way,not appliable,not appliable,this crossing intersects fewer than 2 kerbs. Generally each crossing should connect to at least 2 kerbs.
1480988675,way,not appliable,not appliable,this crossing intersects fewer than 2 kerbs. Generally each crossing should connect to at least 2 kerbs.
1480988676,way,not appliable,not appliable,this crossing intersects fewer than 2 kerbs. Generally each crossing should connect to at least 2 kerbs.
1480988677,way,not appliable,not appliable,this crossing intersects fewer than 2 kerbs. Generally each crossing should connect to at least 2 kerbs.
1480988678,way,not appliable,not appliable,this crossing intersects fewer than 2 kerbs. Generally each crossing should connect to at least 2 kerbs.
1480988679,way,not appliable,not appliable,this crossing intersects fewer than 2 kerbs. Generally each crossing should connect to at least 2 kerbs.
1480988680,way,not appliable,not appliable,this crossing intersects fewer than 2 kerbs. Generally each crossing should connect to at least 2 kerbs.
1482753186,way,not appliable,not appliable,this crossing intersects fewer than 2 kerbs. Generally each crossing should connect to at least 2 kerbs.
1482753194,way,not appliable,not appliable,this crossing intersects fewer than 2 kerbs. Generally each crossing should connect to at least 2 kerbs.
1482753195,way,not appliable,not appliable,this crossing intersects fewer than 2 kerbs. Generally each crossing should connect to at least 2 kerbs.
1482753197,way,not appliable,not appliable,this crossing intersects fewer than 2 kerbs. Generally each crossing should connect to at least 2 kerbs.
1484090717,way,not appliable,not appliable,this crossing intersects fewer than 2 kerbs. Generally each crossing should connect to at least 2 kerbs.
1484090718,way,not appliable,not appliable,this crossing intersects fewer than 2 kerbs. Generally each crossing should connect to at least 2 kerbs.
1484090721,way,not appliable,not appliable,this crossing intersects fewer than 2 kerbs. Generally each crossing should connect to at least 2 kerbs.
1484090727,way,not appliable,not appliable,this crossing intersects fewer than 2 kerbs. Generally each crossing should connect to at least 2 kerbs.
1484090729,way,not appliable,not appliable,this crossing intersects fewer than 2 kerbs. Generally each crossing should connect to at least 2 kerbs.
1484090730,way,not appliable,not appliable,this crossing intersects fewer than 2 kerbs. Generally each crossing should connect to at least 2 kerbs.
1484093130,way,not appliable,not appliable,this crossing intersects fewer than 2 kerbs. Generally each crossing should connect to at least 2 kerbs.
1484093132,way,not appliable,not appliable,this crossing intersects fewer than 2 kerbs. Generally each crossing should connect to at least 2 kerbs.
1485469409,way,not appliable,not appliable,this crossing intersects fewer than 2 kerbs. Generally each crossing should connect to at least 2 kerbs.
1485469411,way,not appliable,not appliable,this crossing intersects fewer than 2 kerbs. Generally each crossing should connect to at least 2 kerbs.
1485469414,way,not appliable,not appliable,this crossing intersects fewer than 2 kerbs. Generally each crossing should connect to at least 2 kerbs.
1485747177,way,not appliable,not appliable,this crossing intersects fewer than 2 kerbs. Generally each crossing should connect to at least 2 kerbs.
1485747178,way,not appliable,not appliable,this crossing intersects fewer than 2 kerbs. Generally each crossing should connect to at least 2 kerbs.
1485747182,way,not appliable,not appliable,this crossing intersects fewer than 2 kerbs. Generally each crossing should connect to at least 2 kerbs.
1486066864,way,not appliable,not appliable,this crossing intersects fewer than 2 kerbs. Generally each crossing should connect to at least 2 kerbs.
1486066867,way,not appliable,not appliable,this crossing intersects fewer than 2 kerbs. Generally each crossing should connect to at least 2 kerbs.
1486066869,way,not appliable,not appliable,this crossing intersects fewer than 2 kerbs. Generally each crossing should connect to at least 2 kerbs.
1486066870,way,not appliable,not appliable,this crossing intersects fewer than 2 kerbs. Generally each crossing should connect to at least 2 kerbs.
1486066872,way,not appliable,not appliable,this crossing intersects fewer than 2 kerbs. Generally each crossing should connect to at least 2 kerbs.
1486066873,way,not appliable,not appliable,this crossing intersects fewer than 2 kerbs. Generally each crossing should connect to at least 2 kerbs.
1487439631,way,not appliable,not appliable,this crossing intersects fewer than 2 kerbs. Generally each crossing should connect to at least 2 kerbs.
1491062282,way,not appliable,not appliable,this crossing intersects fewer than 2 kerbs. Generally each crossing should connect to at least 2 kerbs.
1491062284,way,not appliable,not appliable,this crossing intersects fewer than 2 kerbs. Generally each crossing should connect to at least 2 kerbs.
1491062287,way,not appliable,not appliable,this crossing intersects fewer than 2 kerbs. Generally each crossing should connect to at least 2 kerbs.
1493133731,way,not appliable,not appliable,this crossing intersects fewer than 2 kerbs. Generally each crossing should connect to at least 2 kerbs.
1493133733,way,not appliable,not appliable,this crossing intersects fewer than 2 kerbs. Generally each crossing should connect to at least 2 kerbs.
1493133735,way,not appliable,not appliable,this crossing intersects fewer than 2 kerbs. Generally each crossing should connect to at least 2 kerbs.
1494338887,way,not appliable,not appliable,this crossing intersects fewer than 2 kerbs. Generally each crossing should connect to at least 2 kerbs.
1494338888,way,not appliable,not appliable,this crossing intersects fewer than 2 kerbs. Generally each crossing should connect to at least 2 kerbs.
1494338889,way,not appliable,not appliable,this crossing intersects fewer than 2 kerbs. Generally each crossing should connect to at least 2 kerbs.
1494338890,way,not appliable,not appliable,this crossing intersects fewer than 2 kerbs. Generally each crossing should connect to at least 2 kerbs.
1494338893,way,not appliable,not appliable,this crossing intersects fewer than 2 kerbs. Generally each crossing should connect to at least 2 kerbs.
1494338894,way,not appliable,not appliable,this crossing intersects fewer than 2 kerbs. Generally each crossing should connect to at least 2 kerbs.
1494338895,way,not appliable,not appliable,this crossing intersects fewer than 2 kerbs. Generally each crossing should connect to at least 2 kerbs.
1494905552,way,not appliable,not appliable,this crossing intersects fewer than 2 kerbs. Generally each crossing should connect to at least 2 kerbs.
1494905564,way,not appliable,not appliable,this crossing intersects fewer than 2 kerbs. Generally each crossing should connect to at least 2 kerbs.
1494905565,way,not appliable,not appliable,this crossing intersects fewer than 2 kerbs. Generally each crossing should connect to at least 2 kerbs.
1494905574,way,not appliable,not appliable,this crossing intersects fewer than 2 kerbs. Generally each crossing should connect to at least 2 kerbs.
1494905575,way,not appliable,not appliable,this crossing intersects fewer than 2 kerbs. Generally each crossing should connect to at least 2 kerbs.
1524221183,way,not appliable,not appliable,this crossing intersects fewer than 2 kerbs. Generally each crossing should connect to at least 2 kerbs.
1524221184,way,not appliable,not appliable,this crossing intersects fewer than 2 kerbs. Generally each crossing should connect to at least 2 kerbs.
1524221186,way,not appliable,not appliable,this crossing intersects fewer than 2 kerbs. Generally each crossing should connect to at least 2 kerbs.
1524221187,way,not appliable,not appliable,this crossing intersects fewer than 2 kerbs. Generally each crossing should connect to at least 2 kerbs.
1524221190,way,not appliable,not appliable,this crossing intersects fewer than 2 kerbs. Generally each crossing should connect to at least 2 kerbs.
1524221191,way,not appliable,not appliable,this crossing intersects fewer than 2 kerbs. Generally each crossing should connect to at least 2 kerbs.
1524221193,way,not appliable,not appliable,this crossing intersects fewer than 2 kerbs. Generally each crossing should connect to at least 2 kerbs.
1524221194,way,not appliable,not appliable,this crossing intersects fewer than 2 kerbs. Generally each crossing should connect to at least 2 kerbs.
1524221205,way,not appliable,not appliable,this crossing intersects fewer than 2 kerbs. Generally each crossing should connect to at least 2 kerbs.
1524221208,way,not appliable,not appliable,this crossing intersects fewer than 2 kerbs. Generally each crossing should connect to at least 2 kerbs.
1524221209,way,not appliable,not appliable,this crossing intersects fewer than 2 kerbs. Generally each crossing should connect to at least 2 kerbs.
1524221213,way,not appliable,not appliable,this crossing intersects fewer than 2 kerbs. Generally each crossing should connect to at least 2 kerbs.
1524221214,way,not appliable,not appliable,this crossing intersects fewer than 2 kerbs. Generally each crossing should connect to at least 2 kerbs.
1524221215,way,not appliable,not appliable,this crossing intersects fewer than 2 kerbs. Generally each crossing should connect to at least 2 kerbs.
1524221217,way,not appliable,not appliable,this crossing intersects fewer than 2 kerbs. Generally each crossing should connect to at least 2 kerbs.
1524221219,way,not appliable,not appliable,this crossing intersects fewer than 2 kerbs. Generally each crossing should connect to at least 2 kerbs.
1524221221,way,not appliable,not appliable,this crossing intersects fewer than 2 kerbs. Generally each crossing should connect to at least 2 kerbs.
1524221223,way,not appliable,not appliable,this crossing intersects fewer than 2 kerbs. Generally each crossing should connect to at least 2 kerbs.
1524221225,way,not appliable,not appliable,this crossing intersects fewer than 2 kerbs. Generally each crossing should connect to at least 2 kerbs.
1524221228,way,not appliable,not appliable,this crossing intersects fewer than 2 kerbs. Generally each crossing should connect to at least 2 kerbs.
1524998301,way,not appliable,not appliable,this crossing intersects fewer than 2 kerbs. Generally each crossing should connect to at least 2 kerbs.
1524998304,way,not appliable,not appliable,this crossing intersects fewer than 2 kerbs. Generally each crossing should connect to at least 2 kerbs.
1527715606,way,not appliable,not appliable,this crossing intersects fewer than 2 kerbs. Generally each crossing should connect to at least 2 kerbs.
1531125725,way,not appliable,not appliable,this crossing intersects fewer than 2 kerbs. Generally each crossing should connect to at least 2 kerbs.
1534223578,way,not appliable,not appliable,this crossing intersects fewer than 2 kerbs. Generally each crossing should connect to at least 2 kerbs.
1534223579,way,not appliable,not appliable,this crossing intersects fewer than 2 kerbs. Generally each crossing should connect to at least 2 kerbs.
1534223580,way,not appliable,not appliable,this crossing intersects fewer than 2 kerbs. Generally each crossing should connect to at least 2 kerbs.
1534223581,way,not appliable,not appliable,this crossing intersects fewer than 2 kerbs. Generally each crossing should connect to at least 2 kerbs.
1534223582,way,not appliable,not appliable,this crossing intersects fewer than 2 kerbs. Generally each crossing should connect to at least 2 kerbs.
1534223583,way,not appliable,not appliable,this crossing intersects fewer than 2 kerbs. Generally each crossing should connect to at least 2 kerbs.
1534223587,way,not appliable,not appliable,this crossing intersects fewer than 2 kerbs. Generally each crossing should connect to at least 2 kerbs.
1539552740,way,not appliable,not appliable,this crossing intersects fewer than 2 kerbs. Generally each crossing should connect to at least 2 kerbs.
1539652789,way,not appliable,not appliable,this crossing intersects fewer than 2 kerbs. Generally each crossing should connect to at least 2 kerbs.
1539939323,way,not appliable,not appliable,this crossing intersects fewer than 2 kerbs. Generally each crossing should connect to at least 2 kerbs.
1542788928,way,not appliable,not appliable,this crossing intersects fewer than 2 kerbs. Generally each crossing should connect to at least 2 kerbs.
1542788933,way,not appliable,not appliable,this crossing intersects fewer than 2 kerbs. Generally each crossing should connect to at least 2 kerbs.
1542794844,way,not appliable,not appliable,this crossing intersects fewer than 2 kerbs. Generally each crossing should connect to at least 2 kerbs.
1542794845,way,not appliable,not appliable,this crossing intersects fewer than 2 kerbs. Generally each crossing should connect to at least 2 kerbs.
1542810351,way,not appliable,not appliable,this crossing intersects fewer than 2 kerbs. Generally each crossing should connect to at least 2 kerbs.
1547686453,way,not appliable,not appliable,this crossing intersects fewer than 2 kerbs. Generally each crossing should connect to at least 2 kerbs.
1547748076,way,not appliable,not appliable,this crossing intersects fewer than 2 kerbs. Generally each crossing should connect to at least 2 kerbs.
1547748078,way,not appliable,not appliable,this crossing intersects fewer than 2 kerbs. Generally each crossing should connect to at least 2 kerbs.
1547827649,way,not appliable,not appliable,this crossing intersects fewer than 2 kerbs. Generally each crossing should connect to at least 2 kerbs.
1547838156,way,not appliable,not appliable,this crossing intersects fewer than 2 kerbs. Generally each crossing should connect to at least 2 kerbs.
1547854765,way,not appliable,not appliable,this crossing intersects fewer than 2 kerbs. Generally each crossing should connect to at least 2 kerbs.
1547900866,way,not appliable,not appliable,this crossing intersects fewer than 2 kerbs. Generally each crossing should connect to at least 2 kerbs.
1547900867,way,not appliable,not appliable,this crossing intersects fewer than 2 kerbs. Generally each crossing should connect to at least 2 kerbs.
1547936742,way,not appliable,not appliable,this crossing intersects fewer than 2 kerbs. Generally each crossing should connect to at least 2 kerbs.
1547981860,way,not appliable,not appliable,this crossing intersects fewer than 2 kerbs. Generally each crossing should connect to at least 2 kerbs.
1548005872,way,not appliable,not appliable,this crossing intersects fewer than 2 kerbs. Generally each crossing should connect to at least 2 kerbs.
1548503587,way,not appliable,not appliable,this crossing intersects fewer than 2 kerbs. Generally each crossing should connect to at least 2 kerbs.
1548504181,way,not appliable,not appliable,this crossing intersects fewer than 2 kerbs. Generally each crossing should connect to at least 2 kerbs.
1548516540,way,not appliable,not appliable,this crossing intersects fewer than 2 kerbs. Generally each crossing should connect to at least 2 kerbs.
1548516542,way,not appliable,not appliable,this crossing intersects fewer than 2 kerbs. Generally each crossing should connect to at least 2 kerbs.
1548893745,way,not appliable,not appliable,this crossing intersects fewer than 2 kerbs. Generally each crossing should connect to at least 2 kerbs.
1548893746,way,not appliable,not appliable,this crossing intersects fewer than 2 kerbs. Generally each crossing should connect to at least 2 kerbs.
1549177372,way,not appliable,not appliable,this crossing intersects fewer than 2 kerbs. Generally each crossing should connect to at least 2 kerbs.
1549450044,way,not appliable,not appliable,this crossing intersects fewer than 2 kerbs. Generally each crossing should connect to at least 2 kerbs.
1549450049,way,not appliable,not appliable,this crossing intersects fewer than 2 kerbs. Generally each crossing should connect to at least 2 kerbs.
1549450241,way,not appliable,not appliable,this crossing intersects fewer than 2 kerbs. Generally each crossing should connect to at least 2 kerbs.
1549450250,way,not appliable,not appliable,this crossing intersects fewer than 2 kerbs. Generally each crossing should connect to at least 2 kerbs.
1549450251,way,not appliable,not appliable,this crossing intersects fewer than 2 kerbs. Generally each crossing should connect to at least 2 kerbs.
1549450252,way,not appliable,not appliable,this crossing intersects fewer than 2 kerbs. Generally each crossing should connect to at least 2 kerbs.
1549450253,way,not appliable,not appliable,this crossing intersects fewer than 2 kerbs. Generally each crossing should connect to at least 2 kerbs.
1549452354,way,not appliable,not appliable,this crossing intersects fewer than 2 kerbs. Generally each crossing should connect to at least 2 kerbs.
1549452355,way,not appliable,not appliable,this crossing intersects fewer than 2 kerbs. Generally each crossing should connect to at least 2 kerbs.
1550659007,way,not appliable,not appliable,this crossing intersects fewer than 2 kerbs. Generally each crossing should connect to at least 2 kerbs.
1550664112,way,not appliable,not appliable,this crossing intersects fewer than 2 kerbs. Generally each crossing should connect to at least 2 kerbs.
1550664113,way,not appliable,not appliable,this crossing intersects fewer than 2 kerbs. Generally each crossing should connect to at least 2 kerbs.
1551024634,way,not appliable,not appliable,this crossing intersects fewer than 2 kerbs. Generally each crossing should connect to at least 2 kerbs.
