osm_id,feat_type,key,value,commentary
10250119764,node,not appliable,not appliable,"Crossings are generally connected to a sidewalk, but some map them lines separately, so <b>watch out for false positives</b>. In general, crossings are designed to be part of a network, they should be connected to other features"
10751328763,node,not appliable,not appliable,"Crossings are generally connected to a sidewalk, but some map them lines separately, so <b>watch out for false positives</b>. In general, crossings are designed to be part of a network, they should be connected to other features"
10751328764,node,not appliable,not appliable,"Crossings are generally connected to a sidewalk, but some map them lines separately, so <b>watch out for false positives</b>. In general, crossings are designed to be part of a network, they should be connected to other features"
35106620,way,not appliable,not appliable,"Crossings are generally connected to a sidewalk, but some map them lines separately, so <b>watch out for false positives</b>. In general, crossings are designed to be part of a network, they should be connected to other features"
111821176,way,not appliable,not appliable,"Crossings are generally connected to a sidewalk, but some map them lines separately, so <b>watch out for false positives</b>. In general, crossings are designed to be part of a network, they should be connected to other features"
114504112,way,not appliable,not appliable,"Crossings are generally connected to a sidewalk, but some map them lines separately, so <b>watch out for false positives</b>. In general, crossings are designed to be part of a network, they should be connected to other features"
160442495,way,not appliable,not appliable,"Crossings are generally connected to a sidewalk, but some map them lines separately, so <b>watch out for false positives</b>. In general, crossings are designed to be part of a network, they should be connected to other features"
241229735,way,not appliable,not appliable,"Crossings are generally connected to a sidewalk, but some map them lines separately, so <b>watch out for false positives</b>. In general, crossings are designed to be part of a network, they should be connected to other features"
241229738,way,not appliable,not appliable,"Crossings are generally connected to a sidewalk, but some map them lines separately, so <b>watch out for false positives</b>. In general, crossings are designed to be part of a network, they should be connected to other features"
241255955,way,not appliable,not appliable,"Crossings are generally connected to a sidewalk, but some map them lines separately, so <b>watch out for false positives</b>. In general, crossings are designed to be part of a network, they should be connected to other features"
241255956,way,not appliable,not appliable,"Crossings are generally connected to a sidewalk, but some map them lines separately, so <b>watch out for false positives</b>. In general, crossings are designed to be part of a network, they should be connected to other features"
241255958,way,not appliable,not appliable,"Crossings are generally connected to a sidewalk, but some map them lines separately, so <b>watch out for false positives</b>. In general, crossings are designed to be part of a network, they should be connected to other features"
241256085,way,not appliable,not appliable,"Crossings are generally connected to a sidewalk, but some map them lines separately, so <b>watch out for false positives</b>. In general, crossings are designed to be part of a network, they should be connected to other features"
241257568,way,not appliable,not appliable,"Crossings are generally connected to a sidewalk, but some map them lines separately, so <b>watch out for false positives</b>. In general, crossings are designed to be part of a network, they should be connected to other features"
392384355,way,not appliable,not appliable,"Crossings are generally connected to a sidewalk, but some map them lines separately, so <b>watch out for false positives</b>. In general, crossings are designed to be part of a network, they should be connected to other features"
392652329,way,not appliable,not appliable,"Crossings are generally connected to a sidewalk, but some map them lines separately, so <b>watch out for false positives</b>. In general, crossings are designed to be part of a network, they should be connected to other features"
393076960,way,not appliable,not appliable,"Crossings are generally connected to a sidewalk, but some map them lines separately, so <b>watch out for false positives</b>. In general, crossings are designed to be part of a network, they should be connected to other features"
393286252,way,not appliable,not appliable,"Crossings are generally connected to a sidewalk, but some map them lines separately, so <b>watch out for false positives</b>. In general, crossings are designed to be part of a network, they should be connected to other features"
393286253,way,not appliable,not appliable,"Crossings are generally connected to a sidewalk, but some map them lines separately, so <b>watch out for false positives</b>. In general, crossings are designed to be part of a network, they should be connected to other features"
393289572,way,not appliable,not appliable,"Crossings are generally connected to a sidewalk, but some map them lines separately, so <b>watch out for false positives</b>. In general, crossings are designed to be part of a network, they should be connected to other features"
393289573,way,not appliable,not appliable,"Crossings are generally connected to a sidewalk, but some map them lines separately, so <b>watch out for false positives</b>. In general, crossings are designed to be part of a network, they should be connected to other features"
393509408,way,not appliable,not appliable,"Crossings are generally connected to a sidewalk, but some map them lines separately, so <b>watch out for false positives</b>. In general, crossings are designed to be part of a network, they should be connected to other features"
393509452,way,not appliable,not appliable,"Crossings are generally connected to a sidewalk, but some map them lines separately, so <b>watch out for false positives</b>. In general, crossings are designed to be part of a network, they should be connected to other features"
393879923,way,not appliable,not appliable,"Crossings are generally connected to a sidewalk, but some map them lines separately, so <b>watch out for false positives</b>. In general, crossings are designed to be part of a network, they should be connected to other features"
393895169,way,not appliable,not appliable,"Crossings are generally connected to a sidewalk, but some map them lines separately, so <b>watch out for false positives</b>. In general, crossings are designed to be part of a network, they should be connected to other features"
394729791,way,not appliable,not appliable,"Crossings are generally connected to a sidewalk, but some map them lines separately, so <b>watch out for false positives</b>. In general, crossings are designed to be part of a network, they should be connected to other features"
394729792,way,not appliable,not appliable,"Crossings are generally connected to a sidewalk, but some map them lines separately, so <b>watch out for false positives</b>. In general, crossings are designed to be part of a network, they should be connected to other features"
394736563,way,not appliable,not appliable,"Crossings are generally connected to a sidewalk, but some map them lines separately, so <b>watch out for false positives</b>. In general, crossings are designed to be part of a network, they should be connected to other features"
394967459,way,not appliable,not appliable,"Crossings are generally connected to a sidewalk, but some map them lines separately, so <b>watch out for false positives</b>. In general, crossings are designed to be part of a network, they should be connected to other features"
394995221,way,not appliable,not appliable,"Crossings are generally connected to a sidewalk, but some map them lines separately, so <b>watch out for false positives</b>. In general, crossings are designed to be part of a network, they should be connected to other features"
394998311,way,not appliable,not appliable,"Crossings are generally connected to a sidewalk, but some map them lines separately, so <b>watch out for false positives</b>. In general, crossings are designed to be part of a network, they should be connected to other features"
395001658,way,not appliable,not appliable,"Crossings are generally connected to a sidewalk, but some map them lines separately, so <b>watch out for false positives</b>. In general, crossings are designed to be part of a network, they should be connected to other features"
395001662,way,not appliable,not appliable,"Crossings are generally connected to a sidewalk, but some map them lines separately, so <b>watch out for false positives</b>. In general, crossings are designed to be part of a network, they should be connected to other features"
395906922,way,not appliable,not appliable,"Crossings are generally connected to a sidewalk, but some map them lines separately, so <b>watch out for false positives</b>. In general, crossings are designed to be part of a network, they should be connected to other features"
396430315,way,not appliable,not appliable,"Crossings are generally connected to a sidewalk, but some map them lines separately, so <b>watch out for false positives</b>. In general, crossings are designed to be part of a network, they should be connected to other features"
396438511,way,not appliable,not appliable,"Crossings are generally connected to a sidewalk, but some map them lines separately, so <b>watch out for false positives</b>. In general, crossings are designed to be part of a network, they should be connected to other features"
396438512,way,not appliable,not appliable,"Crossings are generally connected to a sidewalk, but some map them lines separately, so <b>watch out for false positives</b>. In general, crossings are designed to be part of a network, they should be connected to other features"
397382446,way,not appliable,not appliable,"Crossings are generally connected to a sidewalk, but some map them lines separately, so <b>watch out for false positives</b>. In general, crossings are designed to be part of a network, they should be connected to other features"
397489942,way,not appliable,not appliable,"Crossings are generally connected to a sidewalk, but some map them lines separately, so <b>watch out for false positives</b>. In general, crossings are designed to be part of a network, they should be connected to other features"
397715240,way,not appliable,not appliable,"Crossings are generally connected to a sidewalk, but some map them lines separately, so <b>watch out for false positives</b>. In general, crossings are designed to be part of a network, they should be connected to other features"
398849880,way,not appliable,not appliable,"Crossings are generally connected to a sidewalk, but some map them lines separately, so <b>watch out for false positives</b>. In general, crossings are designed to be part of a network, they should be connected to other features"
399515080,way,not appliable,not appliable,"Crossings are generally connected to a sidewalk, but some map them lines separately, so <b>watch out for false positives</b>. In general, crossings are designed to be part of a network, they should be connected to other features"
399538216,way,not appliable,not appliable,"Crossings are generally connected to a sidewalk, but some map them lines separately, so <b>watch out for false positives</b>. In general, crossings are designed to be part of a network, they should be connected to other features"
399539333,way,not appliable,not appliable,"Crossings are generally connected to a sidewalk, but some map them lines separately, so <b>watch out for false positives</b>. In general, crossings are designed to be part of a network, they should be connected to other features"
400425687,way,not appliable,not appliable,"Crossings are generally connected to a sidewalk, but some map them lines separately, so <b>watch out for false positives</b>. In general, crossings are designed to be part of a network, they should be connected to other features"
400425688,way,not appliable,not appliable,"Crossings are generally connected to a sidewalk, but some map them lines separately, so <b>watch out for false positives</b>. In general, crossings are designed to be part of a network, they should be connected to other features"
400613454,way,not appliable,not appliable,"Crossings are generally connected to a sidewalk, but some map them lines separately, so <b>watch out for false positives</b>. In general, crossings are designed to be part of a network, they should be connected to other features"
400616209,way,not appliable,not appliable,"Crossings are generally connected to a sidewalk, but some map them lines separately, so <b>watch out for false positives</b>. In general, crossings are designed to be part of a network, they should be connected to other features"
400888583,way,not appliable,not appliable,"Crossings are generally connected to a sidewalk, but some map them lines separately, so <b>watch out for false positives</b>. In general, crossings are designed to be part of a network, they should be connected to other features"
401029759,way,not appliable,not appliable,"Crossings are generally connected to a sidewalk, but some map them lines separately, so <b>watch out for false positives</b>. In general, crossings are designed to be part of a network, they should be connected to other features"
401291226,way,not appliable,not appliable,"Crossings are generally connected to a sidewalk, but some map them lines separately, so <b>watch out for false positives</b>. In general, crossings are designed to be part of a network, they should be connected to other features"
401291228,way,not appliable,not appliable,"Crossings are generally connected to a sidewalk, but some map them lines separately, so <b>watch out for false positives</b>. In general, crossings are designed to be part of a network, they should be connected to other features"
401299239,way,not appliable,not appliable,"Crossings are generally connected to a sidewalk, but some map them lines separately, so <b>watch out for false positives</b>. In general, crossings are designed to be part of a network, they should be connected to other features"
401299244,way,not appliable,not appliable,"Crossings are generally connected to a sidewalk, but some map them lines separately, so <b>watch out for false positives</b>. In general, crossings are designed to be part of a network, they should be connected to other features"
401492766,way,not appliable,not appliable,"Crossings are generally connected to a sidewalk, but some map them lines separately, so <b>watch out for false positives</b>. In general, crossings are designed to be part of a network, they should be connected to other features"
401492767,way,not appliable,not appliable,"Crossings are generally connected to a sidewalk, but some map them lines separately, so <b>watch out for false positives</b>. In general, crossings are designed to be part of a network, they should be connected to other features"
401492773,way,not appliable,not appliable,"Crossings are generally connected to a sidewalk, but some map them lines separately, so <b>watch out for false positives</b>. In general, crossings are designed to be part of a network, they should be connected to other features"
401689990,way,not appliable,not appliable,"Crossings are generally connected to a sidewalk, but some map them lines separately, so <b>watch out for false positives</b>. In general, crossings are designed to be part of a network, they should be connected to other features"
401689991,way,not appliable,not appliable,"Crossings are generally connected to a sidewalk, but some map them lines separately, so <b>watch out for false positives</b>. In general, crossings are designed to be part of a network, they should be connected to other features"
401689998,way,not appliable,not appliable,"Crossings are generally connected to a sidewalk, but some map them lines separately, so <b>watch out for false positives</b>. In general, crossings are designed to be part of a network, they should be connected to other features"
401689999,way,not appliable,not appliable,"Crossings are generally connected to a sidewalk, but some map them lines separately, so <b>watch out for false positives</b>. In general, crossings are designed to be part of a network, they should be connected to other features"
401693658,way,not appliable,not appliable,"Crossings are generally connected to a sidewalk, but some map them lines separately, so <b>watch out for false positives</b>. In general, crossings are designed to be part of a network, they should be connected to other features"
401693659,way,not appliable,not appliable,"Crossings are generally connected to a sidewalk, but some map them lines separately, so <b>watch out for false positives</b>. In general, crossings are designed to be part of a network, they should be connected to other features"
401693660,way,not appliable,not appliable,"Crossings are generally connected to a sidewalk, but some map them lines separately, so <b>watch out for false positives</b>. In general, crossings are designed to be part of a network, they should be connected to other features"
401693661,way,not appliable,not appliable,"Crossings are generally connected to a sidewalk, but some map them lines separately, so <b>watch out for false positives</b>. In general, crossings are designed to be part of a network, they should be connected to other features"
401846102,way,not appliable,not appliable,"Crossings are generally connected to a sidewalk, but some map them lines separately, so <b>watch out for false positives</b>. In general, crossings are designed to be part of a network, they should be connected to other features"
402156146,way,not appliable,not appliable,"Crossings are generally connected to a sidewalk, but some map them lines separately, so <b>watch out for false positives</b>. In general, crossings are designed to be part of a network, they should be connected to other features"
402156147,way,not appliable,not appliable,"Crossings are generally connected to a sidewalk, but some map them lines separately, so <b>watch out for false positives</b>. In general, crossings are designed to be part of a network, they should be connected to other features"
403120516,way,not appliable,not appliable,"Crossings are generally connected to a sidewalk, but some map them lines separately, so <b>watch out for false positives</b>. In general, crossings are designed to be part of a network, they should be connected to other features"
404262416,way,not appliable,not appliable,"Crossings are generally connected to a sidewalk, but some map them lines separately, so <b>watch out for false positives</b>. In general, crossings are designed to be part of a network, they should be connected to other features"
404628286,way,not appliable,not appliable,"Crossings are generally connected to a sidewalk, but some map them lines separately, so <b>watch out for false positives</b>. In general, crossings are designed to be part of a network, they should be connected to other features"
404628287,way,not appliable,not appliable,"Crossings are generally connected to a sidewalk, but some map them lines separately, so <b>watch out for false positives</b>. In general, crossings are designed to be part of a network, they should be connected to other features"
404628290,way,not appliable,not appliable,"Crossings are generally connected to a sidewalk, but some map them lines separately, so <b>watch out for false positives</b>. In general, crossings are designed to be part of a network, they should be connected to other features"
404628310,way,not appliable,not appliable,"Crossings are generally connected to a sidewalk, but some map them lines separately, so <b>watch out for false positives</b>. In general, crossings are designed to be part of a network, they should be connected to other features"
404628327,way,not appliable,not appliable,"Crossings are generally connected to a sidewalk, but some map them lines separately, so <b>watch out for false positives</b>. In general, crossings are designed to be part of a network, they should be connected to other features"
404628918,way,not appliable,not appliable,"Crossings are generally connected to a sidewalk, but some map them lines separately, so <b>watch out for false positives</b>. In general, crossings are designed to be part of a network, they should be connected to other features"
404630392,way,not appliable,not appliable,"Crossings are generally connected to a sidewalk, but some map them lines separately, so <b>watch out for false positives</b>. In general, crossings are designed to be part of a network, they should be connected to other features"
404630393,way,not appliable,not appliable,"Crossings are generally connected to a sidewalk, but some map them lines separately, so <b>watch out for false positives</b>. In general, crossings are designed to be part of a network, they should be connected to other features"
404631007,way,not appliable,not appliable,"Crossings are generally connected to a sidewalk, but some map them lines separately, so <b>watch out for false positives</b>. In general, crossings are designed to be part of a network, they should be connected to other features"
404631008,way,not appliable,not appliable,"Crossings are generally connected to a sidewalk, but some map them lines separately, so <b>watch out for false positives</b>. In general, crossings are designed to be part of a network, they should be connected to other features"
404631009,way,not appliable,not appliable,"Crossings are generally connected to a sidewalk, but some map them lines separately, so <b>watch out for false positives</b>. In general, crossings are designed to be part of a network, they should be connected to other features"
404631010,way,not appliable,not appliable,"Crossings are generally connected to a sidewalk, but some map them lines separately, so <b>watch out for false positives</b>. In general, crossings are designed to be part of a network, they should be connected to other features"
404631014,way,not appliable,not appliable,"Crossings are generally connected to a sidewalk, but some map them lines separately, so <b>watch out for false positives</b>. In general, crossings are designed to be part of a network, they should be connected to other features"
404634495,way,not appliable,not appliable,"Crossings are generally connected to a sidewalk, but some map them lines separately, so <b>watch out for false positives</b>. In general, crossings are designed to be part of a network, they should be connected to other features"
405561325,way,not appliable,not appliable,"Crossings are generally connected to a sidewalk, but some map them lines separately, so <b>watch out for false positives</b>. In general, crossings are designed to be part of a network, they should be connected to other features"
405561327,way,not appliable,not appliable,"Crossings are generally connected to a sidewalk, but some map them lines separately, so <b>watch out for false positives</b>. In general, crossings are designed to be part of a network, they should be connected to other features"
405561330,way,not appliable,not appliable,"Crossings are generally connected to a sidewalk, but some map them lines separately, so <b>watch out for false positives</b>. In general, crossings are designed to be part of a network, they should be connected to other features"
405561332,way,not appliable,not appliable,"Crossings are generally connected to a sidewalk, but some map them lines separately, so <b>watch out for false positives</b>. In general, crossings are designed to be part of a network, they should be connected to other features"
405561333,way,not appliable,not appliable,"Crossings are generally connected to a sidewalk, but some map them lines separately, so <b>watch out for false positives</b>. In general, crossings are designed to be part of a network, they should be connected to other features"
405561359,way,not appliable,not appliable,"Crossings are generally connected to a sidewalk, but some map them lines separately, so <b>watch out for false positives</b>. In general, crossings are designed to be part of a network, they should be connected to other features"
405561360,way,not appliable,not appliable,"Crossings are generally connected to a sidewalk, but some map them lines separately, so <b>watch out for false positives</b>. In general, crossings are designed to be part of a network, they should be connected to other features"
405575447,way,not appliable,not appliable,"Crossings are generally connected to a sidewalk, but some map them lines separately, so <b>watch out for false positives</b>. In general, crossings are designed to be part of a network, they should be connected to other features"
405575451,way,not appliable,not appliable,"Crossings are generally connected to a sidewalk, but some map them lines separately, so <b>watch out for false positives</b>. In general, crossings are designed to be part of a network, they should be connected to other features"
405585326,way,not appliable,not appliable,"Crossings are generally connected to a sidewalk, but some map them lines separately, so <b>watch out for false positives</b>. In general, crossings are designed to be part of a network, they should be connected to other features"
405875441,way,not appliable,not appliable,"Crossings are generally connected to a sidewalk, but some map them lines separately, so <b>watch out for false positives</b>. In general, crossings are designed to be part of a network, they should be connected to other features"
405875442,way,not appliable,not appliable,"Crossings are generally connected to a sidewalk, but some map them lines separately, so <b>watch out for false positives</b>. In general, crossings are designed to be part of a network, they should be connected to other features"
405875886,way,not appliable,not appliable,"Crossings are generally connected to a sidewalk, but some map them lines separately, so <b>watch out for false positives</b>. In general, crossings are designed to be part of a network, they should be connected to other features"
405894449,way,not appliable,not appliable,"Crossings are generally connected to a sidewalk, but some map them lines separately, so <b>watch out for false positives</b>. In general, crossings are designed to be part of a network, they should be connected to other features"
405913230,way,not appliable,not appliable,"Crossings are generally connected to a sidewalk, but some map them lines separately, so <b>watch out for false positives</b>. In general, crossings are designed to be part of a network, they should be connected to other features"
405913231,way,not appliable,not appliable,"Crossings are generally connected to a sidewalk, but some map them lines separately, so <b>watch out for false positives</b>. In general, crossings are designed to be part of a network, they should be connected to other features"
406008696,way,not appliable,not appliable,"Crossings are generally connected to a sidewalk, but some map them lines separately, so <b>watch out for false positives</b>. In general, crossings are designed to be part of a network, they should be connected to other features"
406037575,way,not appliable,not appliable,"Crossings are generally connected to a sidewalk, but some map them lines separately, so <b>watch out for false positives</b>. In general, crossings are designed to be part of a network, they should be connected to other features"
406264235,way,not appliable,not appliable,"Crossings are generally connected to a sidewalk, but some map them lines separately, so <b>watch out for false positives</b>. In general, crossings are designed to be part of a network, they should be connected to other features"
406264236,way,not appliable,not appliable,"Crossings are generally connected to a sidewalk, but some map them lines separately, so <b>watch out for false positives</b>. In general, crossings are designed to be part of a network, they should be connected to other features"
406622895,way,not appliable,not appliable,"Crossings are generally connected to a sidewalk, but some map them lines separately, so <b>watch out for false positives</b>. In general, crossings are designed to be part of a network, they should be connected to other features"
406622897,way,not appliable,not appliable,"Crossings are generally connected to a sidewalk, but some map them lines separately, so <b>watch out for false positives</b>. In general, crossings are designed to be part of a network, they should be connected to other features"
406622899,way,not appliable,not appliable,"Crossings are generally connected to a sidewalk, but some map them lines separately, so <b>watch out for false positives</b>. In general, crossings are designed to be part of a network, they should be connected to other features"
408467434,way,not appliable,not appliable,"Crossings are generally connected to a sidewalk, but some map them lines separately, so <b>watch out for false positives</b>. In general, crossings are designed to be part of a network, they should be connected to other features"
408467438,way,not appliable,not appliable,"Crossings are generally connected to a sidewalk, but some map them lines separately, so <b>watch out for false positives</b>. In general, crossings are designed to be part of a network, they should be connected to other features"
408468123,way,not appliable,not appliable,"Crossings are generally connected to a sidewalk, but some map them lines separately, so <b>watch out for false positives</b>. In general, crossings are designed to be part of a network, they should be connected to other features"
408468125,way,not appliable,not appliable,"Crossings are generally connected to a sidewalk, but some map them lines separately, so <b>watch out for false positives</b>. In general, crossings are designed to be part of a network, they should be connected to other features"
408468126,way,not appliable,not appliable,"Crossings are generally connected to a sidewalk, but some map them lines separately, so <b>watch out for false positives</b>. In general, crossings are designed to be part of a network, they should be connected to other features"
408468127,way,not appliable,not appliable,"Crossings are generally connected to a sidewalk, but some map them lines separately, so <b>watch out for false positives</b>. In general, crossings are designed to be part of a network, they should be connected to other features"
409855851,way,not appliable,not appliable,"Crossings are generally connected to a sidewalk, but some map them lines separately, so <b>watch out for false positives</b>. In general, crossings are designed to be part of a network, they should be connected to other features"
409855852,way,not appliable,not appliable,"Crossings are generally connected to a sidewalk, but some map them lines separately, so <b>watch out for false positives</b>. In general, crossings are designed to be part of a network, they should be connected to other features"
410083897,way,not appliable,not appliable,"Crossings are generally connected to a sidewalk, but some map them lines separately, so <b>watch out for false positives</b>. In general, crossings are designed to be part of a network, they should be connected to other features"
410713948,way,not appliable,not appliable,"Crossings are generally connected to a sidewalk, but some map them lines separately, so <b>watch out for false positives</b>. In general, crossings are designed to be part of a network, they should be connected to other features"
412260094,way,not appliable,not appliable,"Crossings are generally connected to a sidewalk, but some map them lines separately, so <b>watch out for false positives</b>. In general, crossings are designed to be part of a network, they should be connected to other features"
412296081,way,not appliable,not appliable,"Crossings are generally connected to a sidewalk, but some map them lines separately, so <b>watch out for false positives</b>. In general, crossings are designed to be part of a network, they should be connected to other features"
412296578,way,not appliable,not appliable,"Crossings are generally connected to a sidewalk, but some map them lines separately, so <b>watch out for false positives</b>. In general, crossings are designed to be part of a network, they should be connected to other features"
412300805,way,not appliable,not appliable,"Crossings are generally connected to a sidewalk, but some map them lines separately, so <b>watch out for false positives</b>. In general, crossings are designed to be part of a network, they should be connected to other features"
412300806,way,not appliable,not appliable,"Crossings are generally connected to a sidewalk, but some map them lines separately, so <b>watch out for false positives</b>. In general, crossings are designed to be part of a network, they should be connected to other features"
412482550,way,not appliable,not appliable,"Crossings are generally connected to a sidewalk, but some map them lines separately, so <b>watch out for false positives</b>. In general, crossings are designed to be part of a network, they should be connected to other features"
412506461,way,not appliable,not appliable,"Crossings are generally connected to a sidewalk, but some map them lines separately, so <b>watch out for false positives</b>. In general, crossings are designed to be part of a network, they should be connected to other features"
412506463,way,not appliable,not appliable,"Crossings are generally connected to a sidewalk, but some map them lines separately, so <b>watch out for false positives</b>. In general, crossings are designed to be part of a network, they should be connected to other features"
412573929,way,not appliable,not appliable,"Crossings are generally connected to a sidewalk, but some map them lines separately, so <b>watch out for false positives</b>. In general, crossings are designed to be part of a network, they should be connected to other features"
412573930,way,not appliable,not appliable,"Crossings are generally connected to a sidewalk, but some map them lines separately, so <b>watch out for false positives</b>. In general, crossings are designed to be part of a network, they should be connected to other features"
412573931,way,not appliable,not appliable,"Crossings are generally connected to a sidewalk, but some map them lines separately, so <b>watch out for false positives</b>. In general, crossings are designed to be part of a network, they should be connected to other features"
412574020,way,not appliable,not appliable,"Crossings are generally connected to a sidewalk, but some map them lines separately, so <b>watch out for false positives</b>. In general, crossings are designed to be part of a network, they should be connected to other features"
412574021,way,not appliable,not appliable,"Crossings are generally connected to a sidewalk, but some map them lines separately, so <b>watch out for false positives</b>. In general, crossings are designed to be part of a network, they should be connected to other features"
413030082,way,not appliable,not appliable,"Crossings are generally connected to a sidewalk, but some map them lines separately, so <b>watch out for false positives</b>. In general, crossings are designed to be part of a network, they should be connected to other features"
413035100,way,not appliable,not appliable,"Crossings are generally connected to a sidewalk, but some map them lines separately, so <b>watch out for false positives</b>. In general, crossings are designed to be part of a network, they should be connected to other features"
413035101,way,not appliable,not appliable,"Crossings are generally connected to a sidewalk, but some map them lines separately, so <b>watch out for false positives</b>. In general, crossings are designed to be part of a network, they should be connected to other features"
413039507,way,not appliable,not appliable,"Crossings are generally connected to a sidewalk, but some map them lines separately, so <b>watch out for false positives</b>. In general, crossings are designed to be part of a network, they should be connected to other features"
413045056,way,not appliable,not appliable,"Crossings are generally connected to a sidewalk, but some map them lines separately, so <b>watch out for false positives</b>. In general, crossings are designed to be part of a network, they should be connected to other features"
413193610,way,not appliable,not appliable,"Crossings are generally connected to a sidewalk, but some map them lines separately, so <b>watch out for false positives</b>. In general, crossings are designed to be part of a network, they should be connected to other features"
413193731,way,not appliable,not appliable,"Crossings are generally connected to a sidewalk, but some map them lines separately, so <b>watch out for false positives</b>. In general, crossings are designed to be part of a network, they should be connected to other features"
413193897,way,not appliable,not appliable,"Crossings are generally connected to a sidewalk, but some map them lines separately, so <b>watch out for false positives</b>. In general, crossings are designed to be part of a network, they should be connected to other features"
413194323,way,not appliable,not appliable,"Crossings are generally connected to a sidewalk, but some map them lines separately, so <b>watch out for false positives</b>. In general, crossings are designed to be part of a network, they should be connected to other features"
413194696,way,not appliable,not appliable,"Crossings are generally connected to a sidewalk, but some map them lines separately, so <b>watch out for false positives</b>. In general, crossings are designed to be part of a network, they should be connected to other features"
413983434,way,not appliable,not appliable,"Crossings are generally connected to a sidewalk, but some map them lines separately, so <b>watch out for false positives</b>. In general, crossings are designed to be part of a network, they should be connected to other features"
413983435,way,not appliable,not appliable,"Crossings are generally connected to a sidewalk, but some map them lines separately, so <b>watch out for false positives</b>. In general, crossings are designed to be part of a network, they should be connected to other features"
418199440,way,not appliable,not appliable,"Crossings are generally connected to a sidewalk, but some map them lines separately, so <b>watch out for false positives</b>. In general, crossings are designed to be part of a network, they should be connected to other features"
418199441,way,not appliable,not appliable,"Crossings are generally connected to a sidewalk, but some map them lines separately, so <b>watch out for false positives</b>. In general, crossings are designed to be part of a network, they should be connected to other features"
421580795,way,not appliable,not appliable,"Crossings are generally connected to a sidewalk, but some map them lines separately, so <b>watch out for false positives</b>. In general, crossings are designed to be part of a network, they should be connected to other features"
421662772,way,not appliable,not appliable,"Crossings are generally connected to a sidewalk, but some map them lines separately, so <b>watch out for false positives</b>. In general, crossings are designed to be part of a network, they should be connected to other features"
421662774,way,not appliable,not appliable,"Crossings are generally connected to a sidewalk, but some map them lines separately, so <b>watch out for false positives</b>. In general, crossings are designed to be part of a network, they should be connected to other features"
421672567,way,not appliable,not appliable,"Crossings are generally connected to a sidewalk, but some map them lines separately, so <b>watch out for false positives</b>. In general, crossings are designed to be part of a network, they should be connected to other features"
421680549,way,not appliable,not appliable,"Crossings are generally connected to a sidewalk, but some map them lines separately, so <b>watch out for false positives</b>. In general, crossings are designed to be part of a network, they should be connected to other features"
421694328,way,not appliable,not appliable,"Crossings are generally connected to a sidewalk, but some map them lines separately, so <b>watch out for false positives</b>. In general, crossings are designed to be part of a network, they should be connected to other features"
421694329,way,not appliable,not appliable,"Crossings are generally connected to a sidewalk, but some map them lines separately, so <b>watch out for false positives</b>. In general, crossings are designed to be part of a network, they should be connected to other features"
421694353,way,not appliable,not appliable,"Crossings are generally connected to a sidewalk, but some map them lines separately, so <b>watch out for false positives</b>. In general, crossings are designed to be part of a network, they should be connected to other features"
421694803,way,not appliable,not appliable,"Crossings are generally connected to a sidewalk, but some map them lines separately, so <b>watch out for false positives</b>. In general, crossings are designed to be part of a network, they should be connected to other features"
421695349,way,not appliable,not appliable,"Crossings are generally connected to a sidewalk, but some map them lines separately, so <b>watch out for false positives</b>. In general, crossings are designed to be part of a network, they should be connected to other features"
421695359,way,not appliable,not appliable,"Crossings are generally connected to a sidewalk, but some map them lines separately, so <b>watch out for false positives</b>. In general, crossings are designed to be part of a network, they should be connected to other features"
421696078,way,not appliable,not appliable,"Crossings are generally connected to a sidewalk, but some map them lines separately, so <b>watch out for false positives</b>. In general, crossings are designed to be part of a network, they should be connected to other features"
432812248,way,not appliable,not appliable,"Crossings are generally connected to a sidewalk, but some map them lines separately, so <b>watch out for false positives</b>. In general, crossings are designed to be part of a network, they should be connected to other features"
432812249,way,not appliable,not appliable,"Crossings are generally connected to a sidewalk, but some map them lines separately, so <b>watch out for false positives</b>. In general, crossings are designed to be part of a network, they should be connected to other features"
432812250,way,not appliable,not appliable,"Crossings are generally connected to a sidewalk, but some map them lines separately, so <b>watch out for false positives</b>. In general, crossings are designed to be part of a network, they should be connected to other features"
432812251,way,not appliable,not appliable,"Crossings are generally connected to a sidewalk, but some map them lines separately, so <b>watch out for false positives</b>. In general, crossings are designed to be part of a network, they should be connected to other features"
432812252,way,not appliable,not appliable,"Crossings are generally connected to a sidewalk, but some map them lines separately, so <b>watch out for false positives</b>. In general, crossings are designed to be part of a network, they should be connected to other features"
432812253,way,not appliable,not appliable,"Crossings are generally connected to a sidewalk, but some map them lines separately, so <b>watch out for false positives</b>. In general, crossings are designed to be part of a network, they should be connected to other features"
432963068,way,not appliable,not appliable,"Crossings are generally connected to a sidewalk, but some map them lines separately, so <b>watch out for false positives</b>. In general, crossings are designed to be part of a network, they should be connected to other features"
434692400,way,not appliable,not appliable,"Crossings are generally connected to a sidewalk, but some map them lines separately, so <b>watch out for false positives</b>. In general, crossings are designed to be part of a network, they should be connected to other features"
435706476,way,not appliable,not appliable,"Crossings are generally connected to a sidewalk, but some map them lines separately, so <b>watch out for false positives</b>. In general, crossings are designed to be part of a network, they should be connected to other features"
435975370,way,not appliable,not appliable,"Crossings are generally connected to a sidewalk, but some map them lines separately, so <b>watch out for false positives</b>. In general, crossings are designed to be part of a network, they should be connected to other features"
436187977,way,not appliable,not appliable,"Crossings are generally connected to a sidewalk, but some map them lines separately, so <b>watch out for false positives</b>. In general, crossings are designed to be part of a network, they should be connected to other features"
436260839,way,not appliable,not appliable,"Crossings are generally connected to a sidewalk, but some map them lines separately, so <b>watch out for false positives</b>. In general, crossings are designed to be part of a network, they should be connected to other features"
437212070,way,not appliable,not appliable,"Crossings are generally connected to a sidewalk, but some map them lines separately, so <b>watch out for false positives</b>. In general, crossings are designed to be part of a network, they should be connected to other features"
437395769,way,not appliable,not appliable,"Crossings are generally connected to a sidewalk, but some map them lines separately, so <b>watch out for false positives</b>. In general, crossings are designed to be part of a network, they should be connected to other features"
437636429,way,not appliable,not appliable,"Crossings are generally connected to a sidewalk, but some map them lines separately, so <b>watch out for false positives</b>. In general, crossings are designed to be part of a network, they should be connected to other features"
437636432,way,not appliable,not appliable,"Crossings are generally connected to a sidewalk, but some map them lines separately, so <b>watch out for false positives</b>. In general, crossings are designed to be part of a network, they should be connected to other features"
437636434,way,not appliable,not appliable,"Crossings are generally connected to a sidewalk, but some map them lines separately, so <b>watch out for false positives</b>. In general, crossings are designed to be part of a network, they should be connected to other features"
437636437,way,not appliable,not appliable,"Crossings are generally connected to a sidewalk, but some map them lines separately, so <b>watch out for false positives</b>. In general, crossings are designed to be part of a network, they should be connected to other features"
438480925,way,not appliable,not appliable,"Crossings are generally connected to a sidewalk, but some map them lines separately, so <b>watch out for false positives</b>. In general, crossings are designed to be part of a network, they should be connected to other features"
438480926,way,not appliable,not appliable,"Crossings are generally connected to a sidewalk, but some map them lines separately, so <b>watch out for false positives</b>. In general, crossings are designed to be part of a network, they should be connected to other features"
438489402,way,not appliable,not appliable,"Crossings are generally connected to a sidewalk, but some map them lines separately, so <b>watch out for false positives</b>. In general, crossings are designed to be part of a network, they should be connected to other features"
438496366,way,not appliable,not appliable,"Crossings are generally connected to a sidewalk, but some map them lines separately, so <b>watch out for false positives</b>. In general, crossings are designed to be part of a network, they should be connected to other features"
438496367,way,not appliable,not appliable,"Crossings are generally connected to a sidewalk, but some map them lines separately, so <b>watch out for false positives</b>. In general, crossings are designed to be part of a network, they should be connected to other features"
439602866,way,not appliable,not appliable,"Crossings are generally connected to a sidewalk, but some map them lines separately, so <b>watch out for false positives</b>. In general, crossings are designed to be part of a network, they should be connected to other features"
439602874,way,not appliable,not appliable,"Crossings are generally connected to a sidewalk, but some map them lines separately, so <b>watch out for false positives</b>. In general, crossings are designed to be part of a network, they should be connected to other features"
439602875,way,not appliable,not appliable,"Crossings are generally connected to a sidewalk, but some map them lines separately, so <b>watch out for false positives</b>. In general, crossings are designed to be part of a network, they should be connected to other features"
439818625,way,not appliable,not appliable,"Crossings are generally connected to a sidewalk, but some map them lines separately, so <b>watch out for false positives</b>. In general, crossings are designed to be part of a network, they should be connected to other features"
439818627,way,not appliable,not appliable,"Crossings are generally connected to a sidewalk, but some map them lines separately, so <b>watch out for false positives</b>. In general, crossings are designed to be part of a network, they should be connected to other features"
439818628,way,not appliable,not appliable,"Crossings are generally connected to a sidewalk, but some map them lines separately, so <b>watch out for false positives</b>. In general, crossings are designed to be part of a network, they should be connected to other features"
439818629,way,not appliable,not appliable,"Crossings are generally connected to a sidewalk, but some map them lines separately, so <b>watch out for false positives</b>. In general, crossings are designed to be part of a network, they should be connected to other features"
439818632,way,not appliable,not appliable,"Crossings are generally connected to a sidewalk, but some map them lines separately, so <b>watch out for false positives</b>. In general, crossings are designed to be part of a network, they should be connected to other features"
439818635,way,not appliable,not appliable,"Crossings are generally connected to a sidewalk, but some map them lines separately, so <b>watch out for false positives</b>. In general, crossings are designed to be part of a network, they should be connected to other features"
439941539,way,not appliable,not appliable,"Crossings are generally connected to a sidewalk, but some map them lines separately, so <b>watch out for false positives</b>. In general, crossings are designed to be part of a network, they should be connected to other features"
439941546,way,not appliable,not appliable,"Crossings are generally connected to a sidewalk, but some map them lines separately, so <b>watch out for false positives</b>. In general, crossings are designed to be part of a network, they should be connected to other features"
439941549,way,not appliable,not appliable,"Crossings are generally connected to a sidewalk, but some map them lines separately, so <b>watch out for false positives</b>. In general, crossings are designed to be part of a network, they should be connected to other features"
439941551,way,not appliable,not appliable,"Crossings are generally connected to a sidewalk, but some map them lines separately, so <b>watch out for false positives</b>. In general, crossings are designed to be part of a network, they should be connected to other features"
440541165,way,not appliable,not appliable,"Crossings are generally connected to a sidewalk, but some map them lines separately, so <b>watch out for false positives</b>. In general, crossings are designed to be part of a network, they should be connected to other features"
440541166,way,not appliable,not appliable,"Crossings are generally connected to a sidewalk, but some map them lines separately, so <b>watch out for false positives</b>. In general, crossings are designed to be part of a network, they should be connected to other features"
440874015,way,not appliable,not appliable,"Crossings are generally connected to a sidewalk, but some map them lines separately, so <b>watch out for false positives</b>. In general, crossings are designed to be part of a network, they should be connected to other features"
440874016,way,not appliable,not appliable,"Crossings are generally connected to a sidewalk, but some map them lines separately, so <b>watch out for false positives</b>. In general, crossings are designed to be part of a network, they should be connected to other features"
440874017,way,not appliable,not appliable,"Crossings are generally connected to a sidewalk, but some map them lines separately, so <b>watch out for false positives</b>. In general, crossings are designed to be part of a network, they should be connected to other features"
441952198,way,not appliable,not appliable,"Crossings are generally connected to a sidewalk, but some map them lines separately, so <b>watch out for false positives</b>. In general, crossings are designed to be part of a network, they should be connected to other features"
442227848,way,not appliable,not appliable,"Crossings are generally connected to a sidewalk, but some map them lines separately, so <b>watch out for false positives</b>. In general, crossings are designed to be part of a network, they should be connected to other features"
442681127,way,not appliable,not appliable,"Crossings are generally connected to a sidewalk, but some map them lines separately, so <b>watch out for false positives</b>. In general, crossings are designed to be part of a network, they should be connected to other features"
442779311,way,not appliable,not appliable,"Crossings are generally connected to a sidewalk, but some map them lines separately, so <b>watch out for false positives</b>. In general, crossings are designed to be part of a network, they should be connected to other features"
442786049,way,not appliable,not appliable,"Crossings are generally connected to a sidewalk, but some map them lines separately, so <b>watch out for false positives</b>. In general, crossings are designed to be part of a network, they should be connected to other features"
442786050,way,not appliable,not appliable,"Crossings are generally connected to a sidewalk, but some map them lines separately, so <b>watch out for false positives</b>. In general, crossings are designed to be part of a network, they should be connected to other features"
442788584,way,not appliable,not appliable,"Crossings are generally connected to a sidewalk, but some map them lines separately, so <b>watch out for false positives</b>. In general, crossings are designed to be part of a network, they should be connected to other features"
442788585,way,not appliable,not appliable,"Crossings are generally connected to a sidewalk, but some map them lines separately, so <b>watch out for false positives</b>. In general, crossings are designed to be part of a network, they should be connected to other features"
442938915,way,not appliable,not appliable,"Crossings are generally connected to a sidewalk, but some map them lines separately, so <b>watch out for false positives</b>. In general, crossings are designed to be part of a network, they should be connected to other features"
442975519,way,not appliable,not appliable,"Crossings are generally connected to a sidewalk, but some map them lines separately, so <b>watch out for false positives</b>. In general, crossings are designed to be part of a network, they should be connected to other features"
443626535,way,not appliable,not appliable,"Crossings are generally connected to a sidewalk, but some map them lines separately, so <b>watch out for false positives</b>. In general, crossings are designed to be part of a network, they should be connected to other features"
443626537,way,not appliable,not appliable,"Crossings are generally connected to a sidewalk, but some map them lines separately, so <b>watch out for false positives</b>. In general, crossings are designed to be part of a network, they should be connected to other features"
443652067,way,not appliable,not appliable,"Crossings are generally connected to a sidewalk, but some map them lines separately, so <b>watch out for false positives</b>. In general, crossings are designed to be part of a network, they should be connected to other features"
443652068,way,not appliable,not appliable,"Crossings are generally connected to a sidewalk, but some map them lines separately, so <b>watch out for false positives</b>. In general, crossings are designed to be part of a network, they should be connected to other features"
443652069,way,not appliable,not appliable,"Crossings are generally connected to a sidewalk, but some map them lines separately, so <b>watch out for false positives</b>. In general, crossings are designed to be part of a network, they should be connected to other features"
444006028,way,not appliable,not appliable,"Crossings are generally connected to a sidewalk, but some map them lines separately, so <b>watch out for false positives</b>. In general, crossings are designed to be part of a network, they should be connected to other features"
444278855,way,not appliable,not appliable,"Crossings are generally connected to a sidewalk, but some map them lines separately, so <b>watch out for false positives</b>. In general, crossings are designed to be part of a network, they should be connected to other features"
444278856,way,not appliable,not appliable,"Crossings are generally connected to a sidewalk, but some map them lines separately, so <b>watch out for false positives</b>. In general, crossings are designed to be part of a network, they should be connected to other features"
444285263,way,not appliable,not appliable,"Crossings are generally connected to a sidewalk, but some map them lines separately, so <b>watch out for false positives</b>. In general, crossings are designed to be part of a network, they should be connected to other features"
444334443,way,not appliable,not appliable,"Crossings are generally connected to a sidewalk, but some map them lines separately, so <b>watch out for false positives</b>. In general, crossings are designed to be part of a network, they should be connected to other features"
444442647,way,not appliable,not appliable,"Crossings are generally connected to a sidewalk, but some map them lines separately, so <b>watch out for false positives</b>. In general, crossings are designed to be part of a network, they should be connected to other features"
444442649,way,not appliable,not appliable,"Crossings are generally connected to a sidewalk, but some map them lines separately, so <b>watch out for false positives</b>. In general, crossings are designed to be part of a network, they should be connected to other features"
444445012,way,not appliable,not appliable,"Crossings are generally connected to a sidewalk, but some map them lines separately, so <b>watch out for false positives</b>. In general, crossings are designed to be part of a network, they should be connected to other features"
444445014,way,not appliable,not appliable,"Crossings are generally connected to a sidewalk, but some map them lines separately, so <b>watch out for false positives</b>. In general, crossings are designed to be part of a network, they should be connected to other features"
445503054,way,not appliable,not appliable,"Crossings are generally connected to a sidewalk, but some map them lines separately, so <b>watch out for false positives</b>. In general, crossings are designed to be part of a network, they should be connected to other features"
445722465,way,not appliable,not appliable,"Crossings are generally connected to a sidewalk, but some map them lines separately, so <b>watch out for false positives</b>. In general, crossings are designed to be part of a network, they should be connected to other features"
445722466,way,not appliable,not appliable,"Crossings are generally connected to a sidewalk, but some map them lines separately, so <b>watch out for false positives</b>. In general, crossings are designed to be part of a network, they should be connected to other features"
445828924,way,not appliable,not appliable,"Crossings are generally connected to a sidewalk, but some map them lines separately, so <b>watch out for false positives</b>. In general, crossings are designed to be part of a network, they should be connected to other features"
445828925,way,not appliable,not appliable,"Crossings are generally connected to a sidewalk, but some map them lines separately, so <b>watch out for false positives</b>. In general, crossings are designed to be part of a network, they should be connected to other features"
445953463,way,not appliable,not appliable,"Crossings are generally connected to a sidewalk, but some map them lines separately, so <b>watch out for false positives</b>. In general, crossings are designed to be part of a network, they should be connected to other features"
447086057,way,not appliable,not appliable,"Crossings are generally connected to a sidewalk, but some map them lines separately, so <b>watch out for false positives</b>. In general, crossings are designed to be part of a network, they should be connected to other features"
447106626,way,not appliable,not appliable,"Crossings are generally connected to a sidewalk, but some map them lines separately, so <b>watch out for false positives</b>. In general, crossings are designed to be part of a network, they should be connected to other features"
447320231,way,not appliable,not appliable,"Crossings are generally connected to a sidewalk, but some map them lines separately, so <b>watch out for false positives</b>. In general, crossings are designed to be part of a network, they should be connected to other features"
447320235,way,not appliable,not appliable,"Crossings are generally connected to a sidewalk, but some map them lines separately, so <b>watch out for false positives</b>. In general, crossings are designed to be part of a network, they should be connected to other features"
447320236,way,not appliable,not appliable,"Crossings are generally connected to a sidewalk, but some map them lines separately, so <b>watch out for false positives</b>. In general, crossings are designed to be part of a network, they should be connected to other features"
447320246,way,not appliable,not appliable,"Crossings are generally connected to a sidewalk, but some map them lines separately, so <b>watch out for false positives</b>. In general, crossings are designed to be part of a network, they should be connected to other features"
447320248,way,not appliable,not appliable,"Crossings are generally connected to a sidewalk, but some map them lines separately, so <b>watch out for false positives</b>. In general, crossings are designed to be part of a network, they should be connected to other features"
447320249,way,not appliable,not appliable,"Crossings are generally connected to a sidewalk, but some map them lines separately, so <b>watch out for false positives</b>. In general, crossings are designed to be part of a network, they should be connected to other features"
447320251,way,not appliable,not appliable,"Crossings are generally connected to a sidewalk, but some map them lines separately, so <b>watch out for false positives</b>. In general, crossings are designed to be part of a network, they should be connected to other features"
447320253,way,not appliable,not appliable,"Crossings are generally connected to a sidewalk, but some map them lines separately, so <b>watch out for false positives</b>. In general, crossings are designed to be part of a network, they should be connected to other features"
447320254,way,not appliable,not appliable,"Crossings are generally connected to a sidewalk, but some map them lines separately, so <b>watch out for false positives</b>. In general, crossings are designed to be part of a network, they should be connected to other features"
447320281,way,not appliable,not appliable,"Crossings are generally connected to a sidewalk, but some map them lines separately, so <b>watch out for false positives</b>. In general, crossings are designed to be part of a network, they should be connected to other features"
447337097,way,not appliable,not appliable,"Crossings are generally connected to a sidewalk, but some map them lines separately, so <b>watch out for false positives</b>. In general, crossings are designed to be part of a network, they should be connected to other features"
448583365,way,not appliable,not appliable,"Crossings are generally connected to a sidewalk, but some map them lines separately, so <b>watch out for false positives</b>. In general, crossings are designed to be part of a network, they should be connected to other features"
448583368,way,not appliable,not appliable,"Crossings are generally connected to a sidewalk, but some map them lines separately, so <b>watch out for false positives</b>. In general, crossings are designed to be part of a network, they should be connected to other features"
448748334,way,not appliable,not appliable,"Crossings are generally connected to a sidewalk, but some map them lines separately, so <b>watch out for false positives</b>. In general, crossings are designed to be part of a network, they should be connected to other features"
448870898,way,not appliable,not appliable,"Crossings are generally connected to a sidewalk, but some map them lines separately, so <b>watch out for false positives</b>. In general, crossings are designed to be part of a network, they should be connected to other features"
448870899,way,not appliable,not appliable,"Crossings are generally connected to a sidewalk, but some map them lines separately, so <b>watch out for false positives</b>. In general, crossings are designed to be part of a network, they should be connected to other features"
449590617,way,not appliable,not appliable,"Crossings are generally connected to a sidewalk, but some map them lines separately, so <b>watch out for false positives</b>. In general, crossings are designed to be part of a network, they should be connected to other features"
449975975,way,not appliable,not appliable,"Crossings are generally connected to a sidewalk, but some map them lines separately, so <b>watch out for false positives</b>. In general, crossings are designed to be part of a network, they should be connected to other features"
449975991,way,not appliable,not appliable,"Crossings are generally connected to a sidewalk, but some map them lines separately, so <b>watch out for false positives</b>. In general, crossings are designed to be part of a network, they should be connected to other features"
450129956,way,not appliable,not appliable,"Crossings are generally connected to a sidewalk, but some map them lines separately, so <b>watch out for false positives</b>. In general, crossings are designed to be part of a network, they should be connected to other features"
450129963,way,not appliable,not appliable,"Crossings are generally connected to a sidewalk, but some map them lines separately, so <b>watch out for false positives</b>. In general, crossings are designed to be part of a network, they should be connected to other features"
450258882,way,not appliable,not appliable,"Crossings are generally connected to a sidewalk, but some map them lines separately, so <b>watch out for false positives</b>. In general, crossings are designed to be part of a network, they should be connected to other features"
450258884,way,not appliable,not appliable,"Crossings are generally connected to a sidewalk, but some map them lines separately, so <b>watch out for false positives</b>. In general, crossings are designed to be part of a network, they should be connected to other features"
450261079,way,not appliable,not appliable,"Crossings are generally connected to a sidewalk, but some map them lines separately, so <b>watch out for false positives</b>. In general, crossings are designed to be part of a network, they should be connected to other features"
450261094,way,not appliable,not appliable,"Crossings are generally connected to a sidewalk, but some map them lines separately, so <b>watch out for false positives</b>. In general, crossings are designed to be part of a network, they should be connected to other features"
450610625,way,not appliable,not appliable,"Crossings are generally connected to a sidewalk, but some map them lines separately, so <b>watch out for false positives</b>. In general, crossings are designed to be part of a network, they should be connected to other features"
450614695,way,not appliable,not appliable,"Crossings are generally connected to a sidewalk, but some map them lines separately, so <b>watch out for false positives</b>. In general, crossings are designed to be part of a network, they should be connected to other features"
450614696,way,not appliable,not appliable,"Crossings are generally connected to a sidewalk, but some map them lines separately, so <b>watch out for false positives</b>. In general, crossings are designed to be part of a network, they should be connected to other features"
453114540,way,not appliable,not appliable,"Crossings are generally connected to a sidewalk, but some map them lines separately, so <b>watch out for false positives</b>. In general, crossings are designed to be part of a network, they should be connected to other features"
453116320,way,not appliable,not appliable,"Crossings are generally connected to a sidewalk, but some map them lines separately, so <b>watch out for false positives</b>. In general, crossings are designed to be part of a network, they should be connected to other features"
453117557,way,not appliable,not appliable,"Crossings are generally connected to a sidewalk, but some map them lines separately, so <b>watch out for false positives</b>. In general, crossings are designed to be part of a network, they should be connected to other features"
453117562,way,not appliable,not appliable,"Crossings are generally connected to a sidewalk, but some map them lines separately, so <b>watch out for false positives</b>. In general, crossings are designed to be part of a network, they should be connected to other features"
453117563,way,not appliable,not appliable,"Crossings are generally connected to a sidewalk, but some map them lines separately, so <b>watch out for false positives</b>. In general, crossings are designed to be part of a network, they should be connected to other features"
453117564,way,not appliable,not appliable,"Crossings are generally connected to a sidewalk, but some map them lines separately, so <b>watch out for false positives</b>. In general, crossings are designed to be part of a network, they should be connected to other features"
453133655,way,not appliable,not appliable,"Crossings are generally connected to a sidewalk, but some map them lines separately, so <b>watch out for false positives</b>. In general, crossings are designed to be part of a network, they should be connected to other features"
453133678,way,not appliable,not appliable,"Crossings are generally connected to a sidewalk, but some map them lines separately, so <b>watch out for false positives</b>. In general, crossings are designed to be part of a network, they should be connected to other features"
454057676,way,not appliable,not appliable,"Crossings are generally connected to a sidewalk, but some map them lines separately, so <b>watch out for false positives</b>. In general, crossings are designed to be part of a network, they should be connected to other features"
454058481,way,not appliable,not appliable,"Crossings are generally connected to a sidewalk, but some map them lines separately, so <b>watch out for false positives</b>. In general, crossings are designed to be part of a network, they should be connected to other features"
454119505,way,not appliable,not appliable,"Crossings are generally connected to a sidewalk, but some map them lines separately, so <b>watch out for false positives</b>. In general, crossings are designed to be part of a network, they should be connected to other features"
454119506,way,not appliable,not appliable,"Crossings are generally connected to a sidewalk, but some map them lines separately, so <b>watch out for false positives</b>. In general, crossings are designed to be part of a network, they should be connected to other features"
454119534,way,not appliable,not appliable,"Crossings are generally connected to a sidewalk, but some map them lines separately, so <b>watch out for false positives</b>. In general, crossings are designed to be part of a network, they should be connected to other features"
454520872,way,not appliable,not appliable,"Crossings are generally connected to a sidewalk, but some map them lines separately, so <b>watch out for false positives</b>. In general, crossings are designed to be part of a network, they should be connected to other features"
454531166,way,not appliable,not appliable,"Crossings are generally connected to a sidewalk, but some map them lines separately, so <b>watch out for false positives</b>. In general, crossings are designed to be part of a network, they should be connected to other features"
454555642,way,not appliable,not appliable,"Crossings are generally connected to a sidewalk, but some map them lines separately, so <b>watch out for false positives</b>. In general, crossings are designed to be part of a network, they should be connected to other features"
454555644,way,not appliable,not appliable,"Crossings are generally connected to a sidewalk, but some map them lines separately, so <b>watch out for false positives</b>. In general, crossings are designed to be part of a network, they should be connected to other features"
454555645,way,not appliable,not appliable,"Crossings are generally connected to a sidewalk, but some map them lines separately, so <b>watch out for false positives</b>. In general, crossings are designed to be part of a network, they should be connected to other features"
454555647,way,not appliable,not appliable,"Crossings are generally connected to a sidewalk, but some map them lines separately, so <b>watch out for false positives</b>. In general, crossings are designed to be part of a network, they should be connected to other features"
454555660,way,not appliable,not appliable,"Crossings are generally connected to a sidewalk, but some map them lines separately, so <b>watch out for false positives</b>. In general, crossings are designed to be part of a network, they should be connected to other features"
454590922,way,not appliable,not appliable,"Crossings are generally connected to a sidewalk, but some map them lines separately, so <b>watch out for false positives</b>. In general, crossings are designed to be part of a network, they should be connected to other features"
457101318,way,not appliable,not appliable,"Crossings are generally connected to a sidewalk, but some map them lines separately, so <b>watch out for false positives</b>. In general, crossings are designed to be part of a network, they should be connected to other features"
457506119,way,not appliable,not appliable,"Crossings are generally connected to a sidewalk, but some map them lines separately, so <b>watch out for false positives</b>. In general, crossings are designed to be part of a network, they should be connected to other features"
457506132,way,not appliable,not appliable,"Crossings are generally connected to a sidewalk, but some map them lines separately, so <b>watch out for false positives</b>. In general, crossings are designed to be part of a network, they should be connected to other features"
457506133,way,not appliable,not appliable,"Crossings are generally connected to a sidewalk, but some map them lines separately, so <b>watch out for false positives</b>. In general, crossings are designed to be part of a network, they should be connected to other features"
458008847,way,not appliable,not appliable,"Crossings are generally connected to a sidewalk, but some map them lines separately, so <b>watch out for false positives</b>. In general, crossings are designed to be part of a network, they should be connected to other features"
458187898,way,not appliable,not appliable,"Crossings are generally connected to a sidewalk, but some map them lines separately, so <b>watch out for false positives</b>. In general, crossings are designed to be part of a network, they should be connected to other features"
458187901,way,not appliable,not appliable,"Crossings are generally connected to a sidewalk, but some map them lines separately, so <b>watch out for false positives</b>. In general, crossings are designed to be part of a network, they should be connected to other features"
458187909,way,not appliable,not appliable,"Crossings are generally connected to a sidewalk, but some map them lines separately, so <b>watch out for false positives</b>. In general, crossings are designed to be part of a network, they should be connected to other features"
458188717,way,not appliable,not appliable,"Crossings are generally connected to a sidewalk, but some map them lines separately, so <b>watch out for false positives</b>. In general, crossings are designed to be part of a network, they should be connected to other features"
458188718,way,not appliable,not appliable,"Crossings are generally connected to a sidewalk, but some map them lines separately, so <b>watch out for false positives</b>. In general, crossings are designed to be part of a network, they should be connected to other features"
458582939,way,not appliable,not appliable,"Crossings are generally connected to a sidewalk, but some map them lines separately, so <b>watch out for false positives</b>. In general, crossings are designed to be part of a network, they should be connected to other features"
458588227,way,not appliable,not appliable,"Crossings are generally connected to a sidewalk, but some map them lines separately, so <b>watch out for false positives</b>. In general, crossings are designed to be part of a network, they should be connected to other features"
459071106,way,not appliable,not appliable,"Crossings are generally connected to a sidewalk, but some map them lines separately, so <b>watch out for false positives</b>. In general, crossings are designed to be part of a network, they should be connected to other features"
459071108,way,not appliable,not appliable,"Crossings are generally connected to a sidewalk, but some map them lines separately, so <b>watch out for false positives</b>. In general, crossings are designed to be part of a network, they should be connected to other features"
459076489,way,not appliable,not appliable,"Crossings are generally connected to a sidewalk, but some map them lines separately, so <b>watch out for false positives</b>. In general, crossings are designed to be part of a network, they should be connected to other features"
459076490,way,not appliable,not appliable,"Crossings are generally connected to a sidewalk, but some map them lines separately, so <b>watch out for false positives</b>. In general, crossings are designed to be part of a network, they should be connected to other features"
459257830,way,not appliable,not appliable,"Crossings are generally connected to a sidewalk, but some map them lines separately, so <b>watch out for false positives</b>. In general, crossings are designed to be part of a network, they should be connected to other features"
459605830,way,not appliable,not appliable,"Crossings are generally connected to a sidewalk, but some map them lines separately, so <b>watch out for false positives</b>. In general, crossings are designed to be part of a network, they should be connected to other features"
459605832,way,not appliable,not appliable,"Crossings are generally connected to a sidewalk, but some map them lines separately, so <b>watch out for false positives</b>. In general, crossings are designed to be part of a network, they should be connected to other features"
459620335,way,not appliable,not appliable,"Crossings are generally connected to a sidewalk, but some map them lines separately, so <b>watch out for false positives</b>. In general, crossings are designed to be part of a network, they should be connected to other features"
459620340,way,not appliable,not appliable,"Crossings are generally connected to a sidewalk, but some map them lines separately, so <b>watch out for false positives</b>. In general, crossings are designed to be part of a network, they should be connected to other features"
459635668,way,not appliable,not appliable,"Crossings are generally connected to a sidewalk, but some map them lines separately, so <b>watch out for false positives</b>. In general, crossings are designed to be part of a network, they should be connected to other features"
459635669,way,not appliable,not appliable,"Crossings are generally connected to a sidewalk, but some map them lines separately, so <b>watch out for false positives</b>. In general, crossings are designed to be part of a network, they should be connected to other features"
459638178,way,not appliable,not appliable,"Crossings are generally connected to a sidewalk, but some map them lines separately, so <b>watch out for false positives</b>. In general, crossings are designed to be part of a network, they should be connected to other features"
460119439,way,not appliable,not appliable,"Crossings are generally connected to a sidewalk, but some map them lines separately, so <b>watch out for false positives</b>. In general, crossings are designed to be part of a network, they should be connected to other features"
460119440,way,not appliable,not appliable,"Crossings are generally connected to a sidewalk, but some map them lines separately, so <b>watch out for false positives</b>. In general, crossings are designed to be part of a network, they should be connected to other features"
460121848,way,not appliable,not appliable,"Crossings are generally connected to a sidewalk, but some map them lines separately, so <b>watch out for false positives</b>. In general, crossings are designed to be part of a network, they should be connected to other features"
460124082,way,not appliable,not appliable,"Crossings are generally connected to a sidewalk, but some map them lines separately, so <b>watch out for false positives</b>. In general, crossings are designed to be part of a network, they should be connected to other features"
460124090,way,not appliable,not appliable,"Crossings are generally connected to a sidewalk, but some map them lines separately, so <b>watch out for false positives</b>. In general, crossings are designed to be part of a network, they should be connected to other features"
460125568,way,not appliable,not appliable,"Crossings are generally connected to a sidewalk, but some map them lines separately, so <b>watch out for false positives</b>. In general, crossings are designed to be part of a network, they should be connected to other features"
460242899,way,not appliable,not appliable,"Crossings are generally connected to a sidewalk, but some map them lines separately, so <b>watch out for false positives</b>. In general, crossings are designed to be part of a network, they should be connected to other features"
460242900,way,not appliable,not appliable,"Crossings are generally connected to a sidewalk, but some map them lines separately, so <b>watch out for false positives</b>. In general, crossings are designed to be part of a network, they should be connected to other features"
460250201,way,not appliable,not appliable,"Crossings are generally connected to a sidewalk, but some map them lines separately, so <b>watch out for false positives</b>. In general, crossings are designed to be part of a network, they should be connected to other features"
460250202,way,not appliable,not appliable,"Crossings are generally connected to a sidewalk, but some map them lines separately, so <b>watch out for false positives</b>. In general, crossings are designed to be part of a network, they should be connected to other features"
460250239,way,not appliable,not appliable,"Crossings are generally connected to a sidewalk, but some map them lines separately, so <b>watch out for false positives</b>. In general, crossings are designed to be part of a network, they should be connected to other features"
460251304,way,not appliable,not appliable,"Crossings are generally connected to a sidewalk, but some map them lines separately, so <b>watch out for false positives</b>. In general, crossings are designed to be part of a network, they should be connected to other features"
460251305,way,not appliable,not appliable,"Crossings are generally connected to a sidewalk, but some map them lines separately, so <b>watch out for false positives</b>. In general, crossings are designed to be part of a network, they should be connected to other features"
460360108,way,not appliable,not appliable,"Crossings are generally connected to a sidewalk, but some map them lines separately, so <b>watch out for false positives</b>. In general, crossings are designed to be part of a network, they should be connected to other features"
460382416,way,not appliable,not appliable,"Crossings are generally connected to a sidewalk, but some map them lines separately, so <b>watch out for false positives</b>. In general, crossings are designed to be part of a network, they should be connected to other features"
460382417,way,not appliable,not appliable,"Crossings are generally connected to a sidewalk, but some map them lines separately, so <b>watch out for false positives</b>. In general, crossings are designed to be part of a network, they should be connected to other features"
460390371,way,not appliable,not appliable,"Crossings are generally connected to a sidewalk, but some map them lines separately, so <b>watch out for false positives</b>. In general, crossings are designed to be part of a network, they should be connected to other features"
460390418,way,not appliable,not appliable,"Crossings are generally connected to a sidewalk, but some map them lines separately, so <b>watch out for false positives</b>. In general, crossings are designed to be part of a network, they should be connected to other features"
460390419,way,not appliable,not appliable,"Crossings are generally connected to a sidewalk, but some map them lines separately, so <b>watch out for false positives</b>. In general, crossings are designed to be part of a network, they should be connected to other features"
460394413,way,not appliable,not appliable,"Crossings are generally connected to a sidewalk, but some map them lines separately, so <b>watch out for false positives</b>. In general, crossings are designed to be part of a network, they should be connected to other features"
460394414,way,not appliable,not appliable,"Crossings are generally connected to a sidewalk, but some map them lines separately, so <b>watch out for false positives</b>. In general, crossings are designed to be part of a network, they should be connected to other features"
460422245,way,not appliable,not appliable,"Crossings are generally connected to a sidewalk, but some map them lines separately, so <b>watch out for false positives</b>. In general, crossings are designed to be part of a network, they should be connected to other features"
461264680,way,not appliable,not appliable,"Crossings are generally connected to a sidewalk, but some map them lines separately, so <b>watch out for false positives</b>. In general, crossings are designed to be part of a network, they should be connected to other features"
461264681,way,not appliable,not appliable,"Crossings are generally connected to a sidewalk, but some map them lines separately, so <b>watch out for false positives</b>. In general, crossings are designed to be part of a network, they should be connected to other features"
461264696,way,not appliable,not appliable,"Crossings are generally connected to a sidewalk, but some map them lines separately, so <b>watch out for false positives</b>. In general, crossings are designed to be part of a network, they should be connected to other features"
461269826,way,not appliable,not appliable,"Crossings are generally connected to a sidewalk, but some map them lines separately, so <b>watch out for false positives</b>. In general, crossings are designed to be part of a network, they should be connected to other features"
461269827,way,not appliable,not appliable,"Crossings are generally connected to a sidewalk, but some map them lines separately, so <b>watch out for false positives</b>. In general, crossings are designed to be part of a network, they should be connected to other features"
461269828,way,not appliable,not appliable,"Crossings are generally connected to a sidewalk, but some map them lines separately, so <b>watch out for false positives</b>. In general, crossings are designed to be part of a network, they should be connected to other features"
461269830,way,not appliable,not appliable,"Crossings are generally connected to a sidewalk, but some map them lines separately, so <b>watch out for false positives</b>. In general, crossings are designed to be part of a network, they should be connected to other features"
461269870,way,not appliable,not appliable,"Crossings are generally connected to a sidewalk, but some map them lines separately, so <b>watch out for false positives</b>. In general, crossings are designed to be part of a network, they should be connected to other features"
461275817,way,not appliable,not appliable,"Crossings are generally connected to a sidewalk, but some map them lines separately, so <b>watch out for false positives</b>. In general, crossings are designed to be part of a network, they should be connected to other features"
461275818,way,not appliable,not appliable,"Crossings are generally connected to a sidewalk, but some map them lines separately, so <b>watch out for false positives</b>. In general, crossings are designed to be part of a network, they should be connected to other features"
461275837,way,not appliable,not appliable,"Crossings are generally connected to a sidewalk, but some map them lines separately, so <b>watch out for false positives</b>. In general, crossings are designed to be part of a network, they should be connected to other features"
461275861,way,not appliable,not appliable,"Crossings are generally connected to a sidewalk, but some map them lines separately, so <b>watch out for false positives</b>. In general, crossings are designed to be part of a network, they should be connected to other features"
461275862,way,not appliable,not appliable,"Crossings are generally connected to a sidewalk, but some map them lines separately, so <b>watch out for false positives</b>. In general, crossings are designed to be part of a network, they should be connected to other features"
461441978,way,not appliable,not appliable,"Crossings are generally connected to a sidewalk, but some map them lines separately, so <b>watch out for false positives</b>. In general, crossings are designed to be part of a network, they should be connected to other features"
461442009,way,not appliable,not appliable,"Crossings are generally connected to a sidewalk, but some map them lines separately, so <b>watch out for false positives</b>. In general, crossings are designed to be part of a network, they should be connected to other features"
461448468,way,not appliable,not appliable,"Crossings are generally connected to a sidewalk, but some map them lines separately, so <b>watch out for false positives</b>. In general, crossings are designed to be part of a network, they should be connected to other features"
461600101,way,not appliable,not appliable,"Crossings are generally connected to a sidewalk, but some map them lines separately, so <b>watch out for false positives</b>. In general, crossings are designed to be part of a network, they should be connected to other features"
461617710,way,not appliable,not appliable,"Crossings are generally connected to a sidewalk, but some map them lines separately, so <b>watch out for false positives</b>. In general, crossings are designed to be part of a network, they should be connected to other features"
461617740,way,not appliable,not appliable,"Crossings are generally connected to a sidewalk, but some map them lines separately, so <b>watch out for false positives</b>. In general, crossings are designed to be part of a network, they should be connected to other features"
461617746,way,not appliable,not appliable,"Crossings are generally connected to a sidewalk, but some map them lines separately, so <b>watch out for false positives</b>. In general, crossings are designed to be part of a network, they should be connected to other features"
461998727,way,not appliable,not appliable,"Crossings are generally connected to a sidewalk, but some map them lines separately, so <b>watch out for false positives</b>. In general, crossings are designed to be part of a network, they should be connected to other features"
462448055,way,not appliable,not appliable,"Crossings are generally connected to a sidewalk, but some map them lines separately, so <b>watch out for false positives</b>. In general, crossings are designed to be part of a network, they should be connected to other features"
462448056,way,not appliable,not appliable,"Crossings are generally connected to a sidewalk, but some map them lines separately, so <b>watch out for false positives</b>. In general, crossings are designed to be part of a network, they should be connected to other features"
462456203,way,not appliable,not appliable,"Crossings are generally connected to a sidewalk, but some map them lines separately, so <b>watch out for false positives</b>. In general, crossings are designed to be part of a network, they should be connected to other features"
462456227,way,not appliable,not appliable,"Crossings are generally connected to a sidewalk, but some map them lines separately, so <b>watch out for false positives</b>. In general, crossings are designed to be part of a network, they should be connected to other features"
462460125,way,not appliable,not appliable,"Crossings are generally connected to a sidewalk, but some map them lines separately, so <b>watch out for false positives</b>. In general, crossings are designed to be part of a network, they should be connected to other features"
462460618,way,not appliable,not appliable,"Crossings are generally connected to a sidewalk, but some map them lines separately, so <b>watch out for false positives</b>. In general, crossings are designed to be part of a network, they should be connected to other features"
462694762,way,not appliable,not appliable,"Crossings are generally connected to a sidewalk, but some map them lines separately, so <b>watch out for false positives</b>. In general, crossings are designed to be part of a network, they should be connected to other features"
462694767,way,not appliable,not appliable,"Crossings are generally connected to a sidewalk, but some map them lines separately, so <b>watch out for false positives</b>. In general, crossings are designed to be part of a network, they should be connected to other features"
463768882,way,not appliable,not appliable,"Crossings are generally connected to a sidewalk, but some map them lines separately, so <b>watch out for false positives</b>. In general, crossings are designed to be part of a network, they should be connected to other features"
463772737,way,not appliable,not appliable,"Crossings are generally connected to a sidewalk, but some map them lines separately, so <b>watch out for false positives</b>. In general, crossings are designed to be part of a network, they should be connected to other features"
463772738,way,not appliable,not appliable,"Crossings are generally connected to a sidewalk, but some map them lines separately, so <b>watch out for false positives</b>. In general, crossings are designed to be part of a network, they should be connected to other features"
463984794,way,not appliable,not appliable,"Crossings are generally connected to a sidewalk, but some map them lines separately, so <b>watch out for false positives</b>. In general, crossings are designed to be part of a network, they should be connected to other features"
464204316,way,not appliable,not appliable,"Crossings are generally connected to a sidewalk, but some map them lines separately, so <b>watch out for false positives</b>. In general, crossings are designed to be part of a network, they should be connected to other features"
464204317,way,not appliable,not appliable,"Crossings are generally connected to a sidewalk, but some map them lines separately, so <b>watch out for false positives</b>. In general, crossings are designed to be part of a network, they should be connected to other features"
464226733,way,not appliable,not appliable,"Crossings are generally connected to a sidewalk, but some map them lines separately, so <b>watch out for false positives</b>. In general, crossings are designed to be part of a network, they should be connected to other features"
465060075,way,not appliable,not appliable,"Crossings are generally connected to a sidewalk, but some map them lines separately, so <b>watch out for false positives</b>. In general, crossings are designed to be part of a network, they should be connected to other features"
465066858,way,not appliable,not appliable,"Crossings are generally connected to a sidewalk, but some map them lines separately, so <b>watch out for false positives</b>. In general, crossings are designed to be part of a network, they should be connected to other features"
465066864,way,not appliable,not appliable,"Crossings are generally connected to a sidewalk, but some map them lines separately, so <b>watch out for false positives</b>. In general, crossings are designed to be part of a network, they should be connected to other features"
465286483,way,not appliable,not appliable,"Crossings are generally connected to a sidewalk, but some map them lines separately, so <b>watch out for false positives</b>. In general, crossings are designed to be part of a network, they should be connected to other features"
465799390,way,not appliable,not appliable,"Crossings are generally connected to a sidewalk, but some map them lines separately, so <b>watch out for false positives</b>. In general, crossings are designed to be part of a network, they should be connected to other features"
465801664,way,not appliable,not appliable,"Crossings are generally connected to a sidewalk, but some map them lines separately, so <b>watch out for false positives</b>. In general, crossings are designed to be part of a network, they should be connected to other features"
465801665,way,not appliable,not appliable,"Crossings are generally connected to a sidewalk, but some map them lines separately, so <b>watch out for false positives</b>. In general, crossings are designed to be part of a network, they should be connected to other features"
466001725,way,not appliable,not appliable,"Crossings are generally connected to a sidewalk, but some map them lines separately, so <b>watch out for false positives</b>. In general, crossings are designed to be part of a network, they should be connected to other features"
466003094,way,not appliable,not appliable,"Crossings are generally connected to a sidewalk, but some map them lines separately, so <b>watch out for false positives</b>. In general, crossings are designed to be part of a network, they should be connected to other features"
466003095,way,not appliable,not appliable,"Crossings are generally connected to a sidewalk, but some map them lines separately, so <b>watch out for false positives</b>. In general, crossings are designed to be part of a network, they should be connected to other features"
467379972,way,not appliable,not appliable,"Crossings are generally connected to a sidewalk, but some map them lines separately, so <b>watch out for false positives</b>. In general, crossings are designed to be part of a network, they should be connected to other features"
467837338,way,not appliable,not appliable,"Crossings are generally connected to a sidewalk, but some map them lines separately, so <b>watch out for false positives</b>. In general, crossings are designed to be part of a network, they should be connected to other features"
467837339,way,not appliable,not appliable,"Crossings are generally connected to a sidewalk, but some map them lines separately, so <b>watch out for false positives</b>. In general, crossings are designed to be part of a network, they should be connected to other features"
469384064,way,not appliable,not appliable,"Crossings are generally connected to a sidewalk, but some map them lines separately, so <b>watch out for false positives</b>. In general, crossings are designed to be part of a network, they should be connected to other features"
469590862,way,not appliable,not appliable,"Crossings are generally connected to a sidewalk, but some map them lines separately, so <b>watch out for false positives</b>. In general, crossings are designed to be part of a network, they should be connected to other features"
470102202,way,not appliable,not appliable,"Crossings are generally connected to a sidewalk, but some map them lines separately, so <b>watch out for false positives</b>. In general, crossings are designed to be part of a network, they should be connected to other features"
470102205,way,not appliable,not appliable,"Crossings are generally connected to a sidewalk, but some map them lines separately, so <b>watch out for false positives</b>. In general, crossings are designed to be part of a network, they should be connected to other features"
470103801,way,not appliable,not appliable,"Crossings are generally connected to a sidewalk, but some map them lines separately, so <b>watch out for false positives</b>. In general, crossings are designed to be part of a network, they should be connected to other features"
470103803,way,not appliable,not appliable,"Crossings are generally connected to a sidewalk, but some map them lines separately, so <b>watch out for false positives</b>. In general, crossings are designed to be part of a network, they should be connected to other features"
470103804,way,not appliable,not appliable,"Crossings are generally connected to a sidewalk, but some map them lines separately, so <b>watch out for false positives</b>. In general, crossings are designed to be part of a network, they should be connected to other features"
470103806,way,not appliable,not appliable,"Crossings are generally connected to a sidewalk, but some map them lines separately, so <b>watch out for false positives</b>. In general, crossings are designed to be part of a network, they should be connected to other features"
470683211,way,not appliable,not appliable,"Crossings are generally connected to a sidewalk, but some map them lines separately, so <b>watch out for false positives</b>. In general, crossings are designed to be part of a network, they should be connected to other features"
470884641,way,not appliable,not appliable,"Crossings are generally connected to a sidewalk, but some map them lines separately, so <b>watch out for false positives</b>. In general, crossings are designed to be part of a network, they should be connected to other features"
470884644,way,not appliable,not appliable,"Crossings are generally connected to a sidewalk, but some map them lines separately, so <b>watch out for false positives</b>. In general, crossings are designed to be part of a network, they should be connected to other features"
470884645,way,not appliable,not appliable,"Crossings are generally connected to a sidewalk, but some map them lines separately, so <b>watch out for false positives</b>. In general, crossings are designed to be part of a network, they should be connected to other features"
470884648,way,not appliable,not appliable,"Crossings are generally connected to a sidewalk, but some map them lines separately, so <b>watch out for false positives</b>. In general, crossings are designed to be part of a network, they should be connected to other features"
470884650,way,not appliable,not appliable,"Crossings are generally connected to a sidewalk, but some map them lines separately, so <b>watch out for false positives</b>. In general, crossings are designed to be part of a network, they should be connected to other features"
470884651,way,not appliable,not appliable,"Crossings are generally connected to a sidewalk, but some map them lines separately, so <b>watch out for false positives</b>. In general, crossings are designed to be part of a network, they should be connected to other features"
470884665,way,not appliable,not appliable,"Crossings are generally connected to a sidewalk, but some map them lines separately, so <b>watch out for false positives</b>. In general, crossings are designed to be part of a network, they should be connected to other features"
470884666,way,not appliable,not appliable,"Crossings are generally connected to a sidewalk, but some map them lines separately, so <b>watch out for false positives</b>. In general, crossings are designed to be part of a network, they should be connected to other features"
470884667,way,not appliable,not appliable,"Crossings are generally connected to a sidewalk, but some map them lines separately, so <b>watch out for false positives</b>. In general, crossings are designed to be part of a network, they should be connected to other features"
470884670,way,not appliable,not appliable,"Crossings are generally connected to a sidewalk, but some map them lines separately, so <b>watch out for false positives</b>. In general, crossings are designed to be part of a network, they should be connected to other features"
470884671,way,not appliable,not appliable,"Crossings are generally connected to a sidewalk, but some map them lines separately, so <b>watch out for false positives</b>. In general, crossings are designed to be part of a network, they should be connected to other features"
470884672,way,not appliable,not appliable,"Crossings are generally connected to a sidewalk, but some map them lines separately, so <b>watch out for false positives</b>. In general, crossings are designed to be part of a network, they should be connected to other features"
470884674,way,not appliable,not appliable,"Crossings are generally connected to a sidewalk, but some map them lines separately, so <b>watch out for false positives</b>. In general, crossings are designed to be part of a network, they should be connected to other features"
470884675,way,not appliable,not appliable,"Crossings are generally connected to a sidewalk, but some map them lines separately, so <b>watch out for false positives</b>. In general, crossings are designed to be part of a network, they should be connected to other features"
471296611,way,not appliable,not appliable,"Crossings are generally connected to a sidewalk, but some map them lines separately, so <b>watch out for false positives</b>. In general, crossings are designed to be part of a network, they should be connected to other features"
474917465,way,not appliable,not appliable,"Crossings are generally connected to a sidewalk, but some map them lines separately, so <b>watch out for false positives</b>. In general, crossings are designed to be part of a network, they should be connected to other features"
474917475,way,not appliable,not appliable,"Crossings are generally connected to a sidewalk, but some map them lines separately, so <b>watch out for false positives</b>. In general, crossings are designed to be part of a network, they should be connected to other features"
474927261,way,not appliable,not appliable,"Crossings are generally connected to a sidewalk, but some map them lines separately, so <b>watch out for false positives</b>. In general, crossings are designed to be part of a network, they should be connected to other features"
479953781,way,not appliable,not appliable,"Crossings are generally connected to a sidewalk, but some map them lines separately, so <b>watch out for false positives</b>. In general, crossings are designed to be part of a network, they should be connected to other features"
479953817,way,not appliable,not appliable,"Crossings are generally connected to a sidewalk, but some map them lines separately, so <b>watch out for false positives</b>. In general, crossings are designed to be part of a network, they should be connected to other features"
479953818,way,not appliable,not appliable,"Crossings are generally connected to a sidewalk, but some map them lines separately, so <b>watch out for false positives</b>. In general, crossings are designed to be part of a network, they should be connected to other features"
481126076,way,not appliable,not appliable,"Crossings are generally connected to a sidewalk, but some map them lines separately, so <b>watch out for false positives</b>. In general, crossings are designed to be part of a network, they should be connected to other features"
481138096,way,not appliable,not appliable,"Crossings are generally connected to a sidewalk, but some map them lines separately, so <b>watch out for false positives</b>. In general, crossings are designed to be part of a network, they should be connected to other features"
482124647,way,not appliable,not appliable,"Crossings are generally connected to a sidewalk, but some map them lines separately, so <b>watch out for false positives</b>. In general, crossings are designed to be part of a network, they should be connected to other features"
485968630,way,not appliable,not appliable,"Crossings are generally connected to a sidewalk, but some map them lines separately, so <b>watch out for false positives</b>. In general, crossings are designed to be part of a network, they should be connected to other features"
493472350,way,not appliable,not appliable,"Crossings are generally connected to a sidewalk, but some map them lines separately, so <b>watch out for false positives</b>. In general, crossings are designed to be part of a network, they should be connected to other features"
499205792,way,not appliable,not appliable,"Crossings are generally connected to a sidewalk, but some map them lines separately, so <b>watch out for false positives</b>. In general, crossings are designed to be part of a network, they should be connected to other features"
502197227,way,not appliable,not appliable,"Crossings are generally connected to a sidewalk, but some map them lines separately, so <b>watch out for false positives</b>. In general, crossings are designed to be part of a network, they should be connected to other features"
516475727,way,not appliable,not appliable,"Crossings are generally connected to a sidewalk, but some map them lines separately, so <b>watch out for false positives</b>. In general, crossings are designed to be part of a network, they should be connected to other features"
516640491,way,not appliable,not appliable,"Crossings are generally connected to a sidewalk, but some map them lines separately, so <b>watch out for false positives</b>. In general, crossings are designed to be part of a network, they should be connected to other features"
516640493,way,not appliable,not appliable,"Crossings are generally connected to a sidewalk, but some map them lines separately, so <b>watch out for false positives</b>. In general, crossings are designed to be part of a network, they should be connected to other features"
517110195,way,not appliable,not appliable,"Crossings are generally connected to a sidewalk, but some map them lines separately, so <b>watch out for false positives</b>. In general, crossings are designed to be part of a network, they should be connected to other features"
517110205,way,not appliable,not appliable,"Crossings are generally connected to a sidewalk, but some map them lines separately, so <b>watch out for false positives</b>. In general, crossings are designed to be part of a network, they should be connected to other features"
517110209,way,not appliable,not appliable,"Crossings are generally connected to a sidewalk, but some map them lines separately, so <b>watch out for false positives</b>. In general, crossings are designed to be part of a network, they should be connected to other features"
517479817,way,not appliable,not appliable,"Crossings are generally connected to a sidewalk, but some map them lines separately, so <b>watch out for false positives</b>. In general, crossings are designed to be part of a network, they should be connected to other features"
517479818,way,not appliable,not appliable,"Crossings are generally connected to a sidewalk, but some map them lines separately, so <b>watch out for false positives</b>. In general, crossings are designed to be part of a network, they should be connected to other features"
517486005,way,not appliable,not appliable,"Crossings are generally connected to a sidewalk, but some map them lines separately, so <b>watch out for false positives</b>. In general, crossings are designed to be part of a network, they should be connected to other features"
518158247,way,not appliable,not appliable,"Crossings are generally connected to a sidewalk, but some map them lines separately, so <b>watch out for false positives</b>. In general, crossings are designed to be part of a network, they should be connected to other features"
518158261,way,not appliable,not appliable,"Crossings are generally connected to a sidewalk, but some map them lines separately, so <b>watch out for false positives</b>. In general, crossings are designed to be part of a network, they should be connected to other features"
518158263,way,not appliable,not appliable,"Crossings are generally connected to a sidewalk, but some map them lines separately, so <b>watch out for false positives</b>. In general, crossings are designed to be part of a network, they should be connected to other features"
519691431,way,not appliable,not appliable,"Crossings are generally connected to a sidewalk, but some map them lines separately, so <b>watch out for false positives</b>. In general, crossings are designed to be part of a network, they should be connected to other features"
519696094,way,not appliable,not appliable,"Crossings are generally connected to a sidewalk, but some map them lines separately, so <b>watch out for false positives</b>. In general, crossings are designed to be part of a network, they should be connected to other features"
519702111,way,not appliable,not appliable,"Crossings are generally connected to a sidewalk, but some map them lines separately, so <b>watch out for false positives</b>. In general, crossings are designed to be part of a network, they should be connected to other features"
519702113,way,not appliable,not appliable,"Crossings are generally connected to a sidewalk, but some map them lines separately, so <b>watch out for false positives</b>. In general, crossings are designed to be part of a network, they should be connected to other features"
519734576,way,not appliable,not appliable,"Crossings are generally connected to a sidewalk, but some map them lines separately, so <b>watch out for false positives</b>. In general, crossings are designed to be part of a network, they should be connected to other features"
519734614,way,not appliable,not appliable,"Crossings are generally connected to a sidewalk, but some map them lines separately, so <b>watch out for false positives</b>. In general, crossings are designed to be part of a network, they should be connected to other features"
519734615,way,not appliable,not appliable,"Crossings are generally connected to a sidewalk, but some map them lines separately, so <b>watch out for false positives</b>. In general, crossings are designed to be part of a network, they should be connected to other features"
521376204,way,not appliable,not appliable,"Crossings are generally connected to a sidewalk, but some map them lines separately, so <b>watch out for false positives</b>. In general, crossings are designed to be part of a network, they should be connected to other features"
521376205,way,not appliable,not appliable,"Crossings are generally connected to a sidewalk, but some map them lines separately, so <b>watch out for false positives</b>. In general, crossings are designed to be part of a network, they should be connected to other features"
521377251,way,not appliable,not appliable,"Crossings are generally connected to a sidewalk, but some map them lines separately, so <b>watch out for false positives</b>. In general, crossings are designed to be part of a network, they should be connected to other features"
522222675,way,not appliable,not appliable,"Crossings are generally connected to a sidewalk, but some map them lines separately, so <b>watch out for false positives</b>. In general, crossings are designed to be part of a network, they should be connected to other features"
522236241,way,not appliable,not appliable,"Crossings are generally connected to a sidewalk, but some map them lines separately, so <b>watch out for false positives</b>. In general, crossings are designed to be part of a network, they should be connected to other features"
522236242,way,not appliable,not appliable,"Crossings are generally connected to a sidewalk, but some map them lines separately, so <b>watch out for false positives</b>. In general, crossings are designed to be part of a network, they should be connected to other features"
522236243,way,not appliable,not appliable,"Crossings are generally connected to a sidewalk, but some map them lines separately, so <b>watch out for false positives</b>. In general, crossings are designed to be part of a network, they should be connected to other features"
522294078,way,not appliable,not appliable,"Crossings are generally connected to a sidewalk, but some map them lines separately, so <b>watch out for false positives</b>. In general, crossings are designed to be part of a network, they should be connected to other features"
522300841,way,not appliable,not appliable,"Crossings are generally connected to a sidewalk, but some map them lines separately, so <b>watch out for false positives</b>. In general, crossings are designed to be part of a network, they should be connected to other features"
522300860,way,not appliable,not appliable,"Crossings are generally connected to a sidewalk, but some map them lines separately, so <b>watch out for false positives</b>. In general, crossings are designed to be part of a network, they should be connected to other features"
522300861,way,not appliable,not appliable,"Crossings are generally connected to a sidewalk, but some map them lines separately, so <b>watch out for false positives</b>. In general, crossings are designed to be part of a network, they should be connected to other features"
522713617,way,not appliable,not appliable,"Crossings are generally connected to a sidewalk, but some map them lines separately, so <b>watch out for false positives</b>. In general, crossings are designed to be part of a network, they should be connected to other features"
522713618,way,not appliable,not appliable,"Crossings are generally connected to a sidewalk, but some map them lines separately, so <b>watch out for false positives</b>. In general, crossings are designed to be part of a network, they should be connected to other features"
522713619,way,not appliable,not appliable,"Crossings are generally connected to a sidewalk, but some map them lines separately, so <b>watch out for false positives</b>. In general, crossings are designed to be part of a network, they should be connected to other features"
523501315,way,not appliable,not appliable,"Crossings are generally connected to a sidewalk, but some map them lines separately, so <b>watch out for false positives</b>. In general, crossings are designed to be part of a network, they should be connected to other features"
523501316,way,not appliable,not appliable,"Crossings are generally connected to a sidewalk, but some map them lines separately, so <b>watch out for false positives</b>. In general, crossings are designed to be part of a network, they should be connected to other features"
523501321,way,not appliable,not appliable,"Crossings are generally connected to a sidewalk, but some map them lines separately, so <b>watch out for false positives</b>. In general, crossings are designed to be part of a network, they should be connected to other features"
523506553,way,not appliable,not appliable,"Crossings are generally connected to a sidewalk, but some map them lines separately, so <b>watch out for false positives</b>. In general, crossings are designed to be part of a network, they should be connected to other features"
523506556,way,not appliable,not appliable,"Crossings are generally connected to a sidewalk, but some map them lines separately, so <b>watch out for false positives</b>. In general, crossings are designed to be part of a network, they should be connected to other features"
523510345,way,not appliable,not appliable,"Crossings are generally connected to a sidewalk, but some map them lines separately, so <b>watch out for false positives</b>. In general, crossings are designed to be part of a network, they should be connected to other features"
523510347,way,not appliable,not appliable,"Crossings are generally connected to a sidewalk, but some map them lines separately, so <b>watch out for false positives</b>. In general, crossings are designed to be part of a network, they should be connected to other features"
523510349,way,not appliable,not appliable,"Crossings are generally connected to a sidewalk, but some map them lines separately, so <b>watch out for false positives</b>. In general, crossings are designed to be part of a network, they should be connected to other features"
523510351,way,not appliable,not appliable,"Crossings are generally connected to a sidewalk, but some map them lines separately, so <b>watch out for false positives</b>. In general, crossings are designed to be part of a network, they should be connected to other features"
523510353,way,not appliable,not appliable,"Crossings are generally connected to a sidewalk, but some map them lines separately, so <b>watch out for false positives</b>. In general, crossings are designed to be part of a network, they should be connected to other features"
523510379,way,not appliable,not appliable,"Crossings are generally connected to a sidewalk, but some map them lines separately, so <b>watch out for false positives</b>. In general, crossings are designed to be part of a network, they should be connected to other features"
523516185,way,not appliable,not appliable,"Crossings are generally connected to a sidewalk, but some map them lines separately, so <b>watch out for false positives</b>. In general, crossings are designed to be part of a network, they should be connected to other features"
523516186,way,not appliable,not appliable,"Crossings are generally connected to a sidewalk, but some map them lines separately, so <b>watch out for false positives</b>. In general, crossings are designed to be part of a network, they should be connected to other features"
523519852,way,not appliable,not appliable,"Crossings are generally connected to a sidewalk, but some map them lines separately, so <b>watch out for false positives</b>. In general, crossings are designed to be part of a network, they should be connected to other features"
523519854,way,not appliable,not appliable,"Crossings are generally connected to a sidewalk, but some map them lines separately, so <b>watch out for false positives</b>. In general, crossings are designed to be part of a network, they should be connected to other features"
523519855,way,not appliable,not appliable,"Crossings are generally connected to a sidewalk, but some map them lines separately, so <b>watch out for false positives</b>. In general, crossings are designed to be part of a network, they should be connected to other features"
529048293,way,not appliable,not appliable,"Crossings are generally connected to a sidewalk, but some map them lines separately, so <b>watch out for false positives</b>. In general, crossings are designed to be part of a network, they should be connected to other features"
529048294,way,not appliable,not appliable,"Crossings are generally connected to a sidewalk, but some map them lines separately, so <b>watch out for false positives</b>. In general, crossings are designed to be part of a network, they should be connected to other features"
529057103,way,not appliable,not appliable,"Crossings are generally connected to a sidewalk, but some map them lines separately, so <b>watch out for false positives</b>. In general, crossings are designed to be part of a network, they should be connected to other features"
529060363,way,not appliable,not appliable,"Crossings are generally connected to a sidewalk, but some map them lines separately, so <b>watch out for false positives</b>. In general, crossings are designed to be part of a network, they should be connected to other features"
529060364,way,not appliable,not appliable,"Crossings are generally connected to a sidewalk, but some map them lines separately, so <b>watch out for false positives</b>. In general, crossings are designed to be part of a network, they should be connected to other features"
530395849,way,not appliable,not appliable,"Crossings are generally connected to a sidewalk, but some map them lines separately, so <b>watch out for false positives</b>. In general, crossings are designed to be part of a network, they should be connected to other features"
530395850,way,not appliable,not appliable,"Crossings are generally connected to a sidewalk, but some map them lines separately, so <b>watch out for false positives</b>. In general, crossings are designed to be part of a network, they should be connected to other features"
530395851,way,not appliable,not appliable,"Crossings are generally connected to a sidewalk, but some map them lines separately, so <b>watch out for false positives</b>. In general, crossings are designed to be part of a network, they should be connected to other features"
532053573,way,not appliable,not appliable,"Crossings are generally connected to a sidewalk, but some map them lines separately, so <b>watch out for false positives</b>. In general, crossings are designed to be part of a network, they should be connected to other features"
532061695,way,not appliable,not appliable,"Crossings are generally connected to a sidewalk, but some map them lines separately, so <b>watch out for false positives</b>. In general, crossings are designed to be part of a network, they should be connected to other features"
532844602,way,not appliable,not appliable,"Crossings are generally connected to a sidewalk, but some map them lines separately, so <b>watch out for false positives</b>. In general, crossings are designed to be part of a network, they should be connected to other features"
548907773,way,not appliable,not appliable,"Crossings are generally connected to a sidewalk, but some map them lines separately, so <b>watch out for false positives</b>. In general, crossings are designed to be part of a network, they should be connected to other features"
549570796,way,not appliable,not appliable,"Crossings are generally connected to a sidewalk, but some map them lines separately, so <b>watch out for false positives</b>. In general, crossings are designed to be part of a network, they should be connected to other features"
549576889,way,not appliable,not appliable,"Crossings are generally connected to a sidewalk, but some map them lines separately, so <b>watch out for false positives</b>. In general, crossings are designed to be part of a network, they should be connected to other features"
549606663,way,not appliable,not appliable,"Crossings are generally connected to a sidewalk, but some map them lines separately, so <b>watch out for false positives</b>. In general, crossings are designed to be part of a network, they should be connected to other features"
549606664,way,not appliable,not appliable,"Crossings are generally connected to a sidewalk, but some map them lines separately, so <b>watch out for false positives</b>. In general, crossings are designed to be part of a network, they should be connected to other features"
549609855,way,not appliable,not appliable,"Crossings are generally connected to a sidewalk, but some map them lines separately, so <b>watch out for false positives</b>. In general, crossings are designed to be part of a network, they should be connected to other features"
549612177,way,not appliable,not appliable,"Crossings are generally connected to a sidewalk, but some map them lines separately, so <b>watch out for false positives</b>. In general, crossings are designed to be part of a network, they should be connected to other features"
549626054,way,not appliable,not appliable,"Crossings are generally connected to a sidewalk, but some map them lines separately, so <b>watch out for false positives</b>. In general, crossings are designed to be part of a network, they should be connected to other features"
549626055,way,not appliable,not appliable,"Crossings are generally connected to a sidewalk, but some map them lines separately, so <b>watch out for false positives</b>. In general, crossings are designed to be part of a network, they should be connected to other features"
549743214,way,not appliable,not appliable,"Crossings are generally connected to a sidewalk, but some map them lines separately, so <b>watch out for false positives</b>. In general, crossings are designed to be part of a network, they should be connected to other features"
549743215,way,not appliable,not appliable,"Crossings are generally connected to a sidewalk, but some map them lines separately, so <b>watch out for false positives</b>. In general, crossings are designed to be part of a network, they should be connected to other features"
549743216,way,not appliable,not appliable,"Crossings are generally connected to a sidewalk, but some map them lines separately, so <b>watch out for false positives</b>. In general, crossings are designed to be part of a network, they should be connected to other features"
549759879,way,not appliable,not appliable,"Crossings are generally connected to a sidewalk, but some map them lines separately, so <b>watch out for false positives</b>. In general, crossings are designed to be part of a network, they should be connected to other features"
549763348,way,not appliable,not appliable,"Crossings are generally connected to a sidewalk, but some map them lines separately, so <b>watch out for false positives</b>. In general, crossings are designed to be part of a network, they should be connected to other features"
550168374,way,not appliable,not appliable,"Crossings are generally connected to a sidewalk, but some map them lines separately, so <b>watch out for false positives</b>. In general, crossings are designed to be part of a network, they should be connected to other features"
550168375,way,not appliable,not appliable,"Crossings are generally connected to a sidewalk, but some map them lines separately, so <b>watch out for false positives</b>. In general, crossings are designed to be part of a network, they should be connected to other features"
550444346,way,not appliable,not appliable,"Crossings are generally connected to a sidewalk, but some map them lines separately, so <b>watch out for false positives</b>. In general, crossings are designed to be part of a network, they should be connected to other features"
550980565,way,not appliable,not appliable,"Crossings are generally connected to a sidewalk, but some map them lines separately, so <b>watch out for false positives</b>. In general, crossings are designed to be part of a network, they should be connected to other features"
552668705,way,not appliable,not appliable,"Crossings are generally connected to a sidewalk, but some map them lines separately, so <b>watch out for false positives</b>. In general, crossings are designed to be part of a network, they should be connected to other features"
552668706,way,not appliable,not appliable,"Crossings are generally connected to a sidewalk, but some map them lines separately, so <b>watch out for false positives</b>. In general, crossings are designed to be part of a network, they should be connected to other features"
552668707,way,not appliable,not appliable,"Crossings are generally connected to a sidewalk, but some map them lines separately, so <b>watch out for false positives</b>. In general, crossings are designed to be part of a network, they should be connected to other features"
553553030,way,not appliable,not appliable,"Crossings are generally connected to a sidewalk, but some map them lines separately, so <b>watch out for false positives</b>. In general, crossings are designed to be part of a network, they should be connected to other features"
553573804,way,not appliable,not appliable,"Crossings are generally connected to a sidewalk, but some map them lines separately, so <b>watch out for false positives</b>. In general, crossings are designed to be part of a network, they should be connected to other features"
553573839,way,not appliable,not appliable,"Crossings are generally connected to a sidewalk, but some map them lines separately, so <b>watch out for false positives</b>. In general, crossings are designed to be part of a network, they should be connected to other features"
553573865,way,not appliable,not appliable,"Crossings are generally connected to a sidewalk, but some map them lines separately, so <b>watch out for false positives</b>. In general, crossings are designed to be part of a network, they should be connected to other features"
553576696,way,not appliable,not appliable,"Crossings are generally connected to a sidewalk, but some map them lines separately, so <b>watch out for false positives</b>. In general, crossings are designed to be part of a network, they should be connected to other features"
553576699,way,not appliable,not appliable,"Crossings are generally connected to a sidewalk, but some map them lines separately, so <b>watch out for false positives</b>. In general, crossings are designed to be part of a network, they should be connected to other features"
553611598,way,not appliable,not appliable,"Crossings are generally connected to a sidewalk, but some map them lines separately, so <b>watch out for false positives</b>. In general, crossings are designed to be part of a network, they should be connected to other features"
553613501,way,not appliable,not appliable,"Crossings are generally connected to a sidewalk, but some map them lines separately, so <b>watch out for false positives</b>. In general, crossings are designed to be part of a network, they should be connected to other features"
553623458,way,not appliable,not appliable,"Crossings are generally connected to a sidewalk, but some map them lines separately, so <b>watch out for false positives</b>. In general, crossings are designed to be part of a network, they should be connected to other features"
553626588,way,not appliable,not appliable,"Crossings are generally connected to a sidewalk, but some map them lines separately, so <b>watch out for false positives</b>. In general, crossings are designed to be part of a network, they should be connected to other features"
553629937,way,not appliable,not appliable,"Crossings are generally connected to a sidewalk, but some map them lines separately, so <b>watch out for false positives</b>. In general, crossings are designed to be part of a network, they should be connected to other features"
553629938,way,not appliable,not appliable,"Crossings are generally connected to a sidewalk, but some map them lines separately, so <b>watch out for false positives</b>. In general, crossings are designed to be part of a network, they should be connected to other features"
554672396,way,not appliable,not appliable,"Crossings are generally connected to a sidewalk, but some map them lines separately, so <b>watch out for false positives</b>. In general, crossings are designed to be part of a network, they should be connected to other features"
554868301,way,not appliable,not appliable,"Crossings are generally connected to a sidewalk, but some map them lines separately, so <b>watch out for false positives</b>. In general, crossings are designed to be part of a network, they should be connected to other features"
554868303,way,not appliable,not appliable,"Crossings are generally connected to a sidewalk, but some map them lines separately, so <b>watch out for false positives</b>. In general, crossings are designed to be part of a network, they should be connected to other features"
554932599,way,not appliable,not appliable,"Crossings are generally connected to a sidewalk, but some map them lines separately, so <b>watch out for false positives</b>. In general, crossings are designed to be part of a network, they should be connected to other features"
556052178,way,not appliable,not appliable,"Crossings are generally connected to a sidewalk, but some map them lines separately, so <b>watch out for false positives</b>. In general, crossings are designed to be part of a network, they should be connected to other features"
556052180,way,not appliable,not appliable,"Crossings are generally connected to a sidewalk, but some map them lines separately, so <b>watch out for false positives</b>. In general, crossings are designed to be part of a network, they should be connected to other features"
559496222,way,not appliable,not appliable,"Crossings are generally connected to a sidewalk, but some map them lines separately, so <b>watch out for false positives</b>. In general, crossings are designed to be part of a network, they should be connected to other features"
559496231,way,not appliable,not appliable,"Crossings are generally connected to a sidewalk, but some map them lines separately, so <b>watch out for false positives</b>. In general, crossings are designed to be part of a network, they should be connected to other features"
559768977,way,not appliable,not appliable,"Crossings are generally connected to a sidewalk, but some map them lines separately, so <b>watch out for false positives</b>. In general, crossings are designed to be part of a network, they should be connected to other features"
559768978,way,not appliable,not appliable,"Crossings are generally connected to a sidewalk, but some map them lines separately, so <b>watch out for false positives</b>. In general, crossings are designed to be part of a network, they should be connected to other features"
559787383,way,not appliable,not appliable,"Crossings are generally connected to a sidewalk, but some map them lines separately, so <b>watch out for false positives</b>. In general, crossings are designed to be part of a network, they should be connected to other features"
561049823,way,not appliable,not appliable,"Crossings are generally connected to a sidewalk, but some map them lines separately, so <b>watch out for false positives</b>. In general, crossings are designed to be part of a network, they should be connected to other features"
563914710,way,not appliable,not appliable,"Crossings are generally connected to a sidewalk, but some map them lines separately, so <b>watch out for false positives</b>. In general, crossings are designed to be part of a network, they should be connected to other features"
563914711,way,not appliable,not appliable,"Crossings are generally connected to a sidewalk, but some map them lines separately, so <b>watch out for false positives</b>. In general, crossings are designed to be part of a network, they should be connected to other features"
563923940,way,not appliable,not appliable,"Crossings are generally connected to a sidewalk, but some map them lines separately, so <b>watch out for false positives</b>. In general, crossings are designed to be part of a network, they should be connected to other features"
563923942,way,not appliable,not appliable,"Crossings are generally connected to a sidewalk, but some map them lines separately, so <b>watch out for false positives</b>. In general, crossings are designed to be part of a network, they should be connected to other features"
563926378,way,not appliable,not appliable,"Crossings are generally connected to a sidewalk, but some map them lines separately, so <b>watch out for false positives</b>. In general, crossings are designed to be part of a network, they should be connected to other features"
563926379,way,not appliable,not appliable,"Crossings are generally connected to a sidewalk, but some map them lines separately, so <b>watch out for false positives</b>. In general, crossings are designed to be part of a network, they should be connected to other features"
563926384,way,not appliable,not appliable,"Crossings are generally connected to a sidewalk, but some map them lines separately, so <b>watch out for false positives</b>. In general, crossings are designed to be part of a network, they should be connected to other features"
563945108,way,not appliable,not appliable,"Crossings are generally connected to a sidewalk, but some map them lines separately, so <b>watch out for false positives</b>. In general, crossings are designed to be part of a network, they should be connected to other features"
563945109,way,not appliable,not appliable,"Crossings are generally connected to a sidewalk, but some map them lines separately, so <b>watch out for false positives</b>. In general, crossings are designed to be part of a network, they should be connected to other features"
563947285,way,not appliable,not appliable,"Crossings are generally connected to a sidewalk, but some map them lines separately, so <b>watch out for false positives</b>. In general, crossings are designed to be part of a network, they should be connected to other features"
563954691,way,not appliable,not appliable,"Crossings are generally connected to a sidewalk, but some map them lines separately, so <b>watch out for false positives</b>. In general, crossings are designed to be part of a network, they should be connected to other features"
563954692,way,not appliable,not appliable,"Crossings are generally connected to a sidewalk, but some map them lines separately, so <b>watch out for false positives</b>. In general, crossings are designed to be part of a network, they should be connected to other features"
563955245,way,not appliable,not appliable,"Crossings are generally connected to a sidewalk, but some map them lines separately, so <b>watch out for false positives</b>. In general, crossings are designed to be part of a network, they should be connected to other features"
565483815,way,not appliable,not appliable,"Crossings are generally connected to a sidewalk, but some map them lines separately, so <b>watch out for false positives</b>. In general, crossings are designed to be part of a network, they should be connected to other features"
565490120,way,not appliable,not appliable,"Crossings are generally connected to a sidewalk, but some map them lines separately, so <b>watch out for false positives</b>. In general, crossings are designed to be part of a network, they should be connected to other features"
568371022,way,not appliable,not appliable,"Crossings are generally connected to a sidewalk, but some map them lines separately, so <b>watch out for false positives</b>. In general, crossings are designed to be part of a network, they should be connected to other features"
568371023,way,not appliable,not appliable,"Crossings are generally connected to a sidewalk, but some map them lines separately, so <b>watch out for false positives</b>. In general, crossings are designed to be part of a network, they should be connected to other features"
568571727,way,not appliable,not appliable,"Crossings are generally connected to a sidewalk, but some map them lines separately, so <b>watch out for false positives</b>. In general, crossings are designed to be part of a network, they should be connected to other features"
569436679,way,not appliable,not appliable,"Crossings are generally connected to a sidewalk, but some map them lines separately, so <b>watch out for false positives</b>. In general, crossings are designed to be part of a network, they should be connected to other features"
569440823,way,not appliable,not appliable,"Crossings are generally connected to a sidewalk, but some map them lines separately, so <b>watch out for false positives</b>. In general, crossings are designed to be part of a network, they should be connected to other features"
569440825,way,not appliable,not appliable,"Crossings are generally connected to a sidewalk, but some map them lines separately, so <b>watch out for false positives</b>. In general, crossings are designed to be part of a network, they should be connected to other features"
569462709,way,not appliable,not appliable,"Crossings are generally connected to a sidewalk, but some map them lines separately, so <b>watch out for false positives</b>. In general, crossings are designed to be part of a network, they should be connected to other features"
569462710,way,not appliable,not appliable,"Crossings are generally connected to a sidewalk, but some map them lines separately, so <b>watch out for false positives</b>. In general, crossings are designed to be part of a network, they should be connected to other features"
569474620,way,not appliable,not appliable,"Crossings are generally connected to a sidewalk, but some map them lines separately, so <b>watch out for false positives</b>. In general, crossings are designed to be part of a network, they should be connected to other features"
569474621,way,not appliable,not appliable,"Crossings are generally connected to a sidewalk, but some map them lines separately, so <b>watch out for false positives</b>. In general, crossings are designed to be part of a network, they should be connected to other features"
569493976,way,not appliable,not appliable,"Crossings are generally connected to a sidewalk, but some map them lines separately, so <b>watch out for false positives</b>. In general, crossings are designed to be part of a network, they should be connected to other features"
570069502,way,not appliable,not appliable,"Crossings are generally connected to a sidewalk, but some map them lines separately, so <b>watch out for false positives</b>. In general, crossings are designed to be part of a network, they should be connected to other features"
570073213,way,not appliable,not appliable,"Crossings are generally connected to a sidewalk, but some map them lines separately, so <b>watch out for false positives</b>. In general, crossings are designed to be part of a network, they should be connected to other features"
570073214,way,not appliable,not appliable,"Crossings are generally connected to a sidewalk, but some map them lines separately, so <b>watch out for false positives</b>. In general, crossings are designed to be part of a network, they should be connected to other features"
570082513,way,not appliable,not appliable,"Crossings are generally connected to a sidewalk, but some map them lines separately, so <b>watch out for false positives</b>. In general, crossings are designed to be part of a network, they should be connected to other features"
570091395,way,not appliable,not appliable,"Crossings are generally connected to a sidewalk, but some map them lines separately, so <b>watch out for false positives</b>. In general, crossings are designed to be part of a network, they should be connected to other features"
571817217,way,not appliable,not appliable,"Crossings are generally connected to a sidewalk, but some map them lines separately, so <b>watch out for false positives</b>. In general, crossings are designed to be part of a network, they should be connected to other features"
573330182,way,not appliable,not appliable,"Crossings are generally connected to a sidewalk, but some map them lines separately, so <b>watch out for false positives</b>. In general, crossings are designed to be part of a network, they should be connected to other features"
579071957,way,not appliable,not appliable,"Crossings are generally connected to a sidewalk, but some map them lines separately, so <b>watch out for false positives</b>. In general, crossings are designed to be part of a network, they should be connected to other features"
589375187,way,not appliable,not appliable,"Crossings are generally connected to a sidewalk, but some map them lines separately, so <b>watch out for false positives</b>. In general, crossings are designed to be part of a network, they should be connected to other features"
589991989,way,not appliable,not appliable,"Crossings are generally connected to a sidewalk, but some map them lines separately, so <b>watch out for false positives</b>. In general, crossings are designed to be part of a network, they should be connected to other features"
589991990,way,not appliable,not appliable,"Crossings are generally connected to a sidewalk, but some map them lines separately, so <b>watch out for false positives</b>. In general, crossings are designed to be part of a network, they should be connected to other features"
589991991,way,not appliable,not appliable,"Crossings are generally connected to a sidewalk, but some map them lines separately, so <b>watch out for false positives</b>. In general, crossings are designed to be part of a network, they should be connected to other features"
599943862,way,not appliable,not appliable,"Crossings are generally connected to a sidewalk, but some map them lines separately, so <b>watch out for false positives</b>. In general, crossings are designed to be part of a network, they should be connected to other features"
600800265,way,not appliable,not appliable,"Crossings are generally connected to a sidewalk, but some map them lines separately, so <b>watch out for false positives</b>. In general, crossings are designed to be part of a network, they should be connected to other features"
601091078,way,not appliable,not appliable,"Crossings are generally connected to a sidewalk, but some map them lines separately, so <b>watch out for false positives</b>. In general, crossings are designed to be part of a network, they should be connected to other features"
601144361,way,not appliable,not appliable,"Crossings are generally connected to a sidewalk, but some map them lines separately, so <b>watch out for false positives</b>. In general, crossings are designed to be part of a network, they should be connected to other features"
601144367,way,not appliable,not appliable,"Crossings are generally connected to a sidewalk, but some map them lines separately, so <b>watch out for false positives</b>. In general, crossings are designed to be part of a network, they should be connected to other features"
603218702,way,not appliable,not appliable,"Crossings are generally connected to a sidewalk, but some map them lines separately, so <b>watch out for false positives</b>. In general, crossings are designed to be part of a network, they should be connected to other features"
607803547,way,not appliable,not appliable,"Crossings are generally connected to a sidewalk, but some map them lines separately, so <b>watch out for false positives</b>. In general, crossings are designed to be part of a network, they should be connected to other features"
607803560,way,not appliable,not appliable,"Crossings are generally connected to a sidewalk, but some map them lines separately, so <b>watch out for false positives</b>. In general, crossings are designed to be part of a network, they should be connected to other features"
613421501,way,not appliable,not appliable,"Crossings are generally connected to a sidewalk, but some map them lines separately, so <b>watch out for false positives</b>. In general, crossings are designed to be part of a network, they should be connected to other features"
613421502,way,not appliable,not appliable,"Crossings are generally connected to a sidewalk, but some map them lines separately, so <b>watch out for false positives</b>. In general, crossings are designed to be part of a network, they should be connected to other features"
613421505,way,not appliable,not appliable,"Crossings are generally connected to a sidewalk, but some map them lines separately, so <b>watch out for false positives</b>. In general, crossings are designed to be part of a network, they should be connected to other features"
614083620,way,not appliable,not appliable,"Crossings are generally connected to a sidewalk, but some map them lines separately, so <b>watch out for false positives</b>. In general, crossings are designed to be part of a network, they should be connected to other features"
614083621,way,not appliable,not appliable,"Crossings are generally connected to a sidewalk, but some map them lines separately, so <b>watch out for false positives</b>. In general, crossings are designed to be part of a network, they should be connected to other features"
614083622,way,not appliable,not appliable,"Crossings are generally connected to a sidewalk, but some map them lines separately, so <b>watch out for false positives</b>. In general, crossings are designed to be part of a network, they should be connected to other features"
614583138,way,not appliable,not appliable,"Crossings are generally connected to a sidewalk, but some map them lines separately, so <b>watch out for false positives</b>. In general, crossings are designed to be part of a network, they should be connected to other features"
615093122,way,not appliable,not appliable,"Crossings are generally connected to a sidewalk, but some map them lines separately, so <b>watch out for false positives</b>. In general, crossings are designed to be part of a network, they should be connected to other features"
615356355,way,not appliable,not appliable,"Crossings are generally connected to a sidewalk, but some map them lines separately, so <b>watch out for false positives</b>. In general, crossings are designed to be part of a network, they should be connected to other features"
615999855,way,not appliable,not appliable,"Crossings are generally connected to a sidewalk, but some map them lines separately, so <b>watch out for false positives</b>. In general, crossings are designed to be part of a network, they should be connected to other features"
615999856,way,not appliable,not appliable,"Crossings are generally connected to a sidewalk, but some map them lines separately, so <b>watch out for false positives</b>. In general, crossings are designed to be part of a network, they should be connected to other features"
620124961,way,not appliable,not appliable,"Crossings are generally connected to a sidewalk, but some map them lines separately, so <b>watch out for false positives</b>. In general, crossings are designed to be part of a network, they should be connected to other features"
620124962,way,not appliable,not appliable,"Crossings are generally connected to a sidewalk, but some map them lines separately, so <b>watch out for false positives</b>. In general, crossings are designed to be part of a network, they should be connected to other features"
620124963,way,not appliable,not appliable,"Crossings are generally connected to a sidewalk, but some map them lines separately, so <b>watch out for false positives</b>. In general, crossings are designed to be part of a network, they should be connected to other features"
620124964,way,not appliable,not appliable,"Crossings are generally connected to a sidewalk, but some map them lines separately, so <b>watch out for false positives</b>. In general, crossings are designed to be part of a network, they should be connected to other features"
620124965,way,not appliable,not appliable,"Crossings are generally connected to a sidewalk, but some map them lines separately, so <b>watch out for false positives</b>. In general, crossings are designed to be part of a network, they should be connected to other features"
620124966,way,not appliable,not appliable,"Crossings are generally connected to a sidewalk, but some map them lines separately, so <b>watch out for false positives</b>. In general, crossings are designed to be part of a network, they should be connected to other features"
620124967,way,not appliable,not appliable,"Crossings are generally connected to a sidewalk, but some map them lines separately, so <b>watch out for false positives</b>. In general, crossings are designed to be part of a network, they should be connected to other features"
620399649,way,not appliable,not appliable,"Crossings are generally connected to a sidewalk, but some map them lines separately, so <b>watch out for false positives</b>. In general, crossings are designed to be part of a network, they should be connected to other features"
620399650,way,not appliable,not appliable,"Crossings are generally connected to a sidewalk, but some map them lines separately, so <b>watch out for false positives</b>. In general, crossings are designed to be part of a network, they should be connected to other features"
620399651,way,not appliable,not appliable,"Crossings are generally connected to a sidewalk, but some map them lines separately, so <b>watch out for false positives</b>. In general, crossings are designed to be part of a network, they should be connected to other features"
620399652,way,not appliable,not appliable,"Crossings are generally connected to a sidewalk, but some map them lines separately, so <b>watch out for false positives</b>. In general, crossings are designed to be part of a network, they should be connected to other features"
620399653,way,not appliable,not appliable,"Crossings are generally connected to a sidewalk, but some map them lines separately, so <b>watch out for false positives</b>. In general, crossings are designed to be part of a network, they should be connected to other features"
620399654,way,not appliable,not appliable,"Crossings are generally connected to a sidewalk, but some map them lines separately, so <b>watch out for false positives</b>. In general, crossings are designed to be part of a network, they should be connected to other features"
620399656,way,not appliable,not appliable,"Crossings are generally connected to a sidewalk, but some map them lines separately, so <b>watch out for false positives</b>. In general, crossings are designed to be part of a network, they should be connected to other features"
620399658,way,not appliable,not appliable,"Crossings are generally connected to a sidewalk, but some map them lines separately, so <b>watch out for false positives</b>. In general, crossings are designed to be part of a network, they should be connected to other features"
620660339,way,not appliable,not appliable,"Crossings are generally connected to a sidewalk, but some map them lines separately, so <b>watch out for false positives</b>. In general, crossings are designed to be part of a network, they should be connected to other features"
620660340,way,not appliable,not appliable,"Crossings are generally connected to a sidewalk, but some map them lines separately, so <b>watch out for false positives</b>. In general, crossings are designed to be part of a network, they should be connected to other features"
622546075,way,not appliable,not appliable,"Crossings are generally connected to a sidewalk, but some map them lines separately, so <b>watch out for false positives</b>. In general, crossings are designed to be part of a network, they should be connected to other features"
622546076,way,not appliable,not appliable,"Crossings are generally connected to a sidewalk, but some map them lines separately, so <b>watch out for false positives</b>. In general, crossings are designed to be part of a network, they should be connected to other features"
622546078,way,not appliable,not appliable,"Crossings are generally connected to a sidewalk, but some map them lines separately, so <b>watch out for false positives</b>. In general, crossings are designed to be part of a network, they should be connected to other features"
622546079,way,not appliable,not appliable,"Crossings are generally connected to a sidewalk, but some map them lines separately, so <b>watch out for false positives</b>. In general, crossings are designed to be part of a network, they should be connected to other features"
622546080,way,not appliable,not appliable,"Crossings are generally connected to a sidewalk, but some map them lines separately, so <b>watch out for false positives</b>. In general, crossings are designed to be part of a network, they should be connected to other features"
622546081,way,not appliable,not appliable,"Crossings are generally connected to a sidewalk, but some map them lines separately, so <b>watch out for false positives</b>. In general, crossings are designed to be part of a network, they should be connected to other features"
623950325,way,not appliable,not appliable,"Crossings are generally connected to a sidewalk, but some map them lines separately, so <b>watch out for false positives</b>. In general, crossings are designed to be part of a network, they should be connected to other features"
624296377,way,not appliable,not appliable,"Crossings are generally connected to a sidewalk, but some map them lines separately, so <b>watch out for false positives</b>. In general, crossings are designed to be part of a network, they should be connected to other features"
624296379,way,not appliable,not appliable,"Crossings are generally connected to a sidewalk, but some map them lines separately, so <b>watch out for false positives</b>. In general, crossings are designed to be part of a network, they should be connected to other features"
624296380,way,not appliable,not appliable,"Crossings are generally connected to a sidewalk, but some map them lines separately, so <b>watch out for false positives</b>. In general, crossings are designed to be part of a network, they should be connected to other features"
625175156,way,not appliable,not appliable,"Crossings are generally connected to a sidewalk, but some map them lines separately, so <b>watch out for false positives</b>. In general, crossings are designed to be part of a network, they should be connected to other features"
626437623,way,not appliable,not appliable,"Crossings are generally connected to a sidewalk, but some map them lines separately, so <b>watch out for false positives</b>. In general, crossings are designed to be part of a network, they should be connected to other features"
626437624,way,not appliable,not appliable,"Crossings are generally connected to a sidewalk, but some map them lines separately, so <b>watch out for false positives</b>. In general, crossings are designed to be part of a network, they should be connected to other features"
626437626,way,not appliable,not appliable,"Crossings are generally connected to a sidewalk, but some map them lines separately, so <b>watch out for false positives</b>. In general, crossings are designed to be part of a network, they should be connected to other features"
626437627,way,not appliable,not appliable,"Crossings are generally connected to a sidewalk, but some map them lines separately, so <b>watch out for false positives</b>. In general, crossings are designed to be part of a network, they should be connected to other features"
626437642,way,not appliable,not appliable,"Crossings are generally connected to a sidewalk, but some map them lines separately, so <b>watch out for false positives</b>. In general, crossings are designed to be part of a network, they should be connected to other features"
626437643,way,not appliable,not appliable,"Crossings are generally connected to a sidewalk, but some map them lines separately, so <b>watch out for false positives</b>. In general, crossings are designed to be part of a network, they should be connected to other features"
626437644,way,not appliable,not appliable,"Crossings are generally connected to a sidewalk, but some map them lines separately, so <b>watch out for false positives</b>. In general, crossings are designed to be part of a network, they should be connected to other features"
626437645,way,not appliable,not appliable,"Crossings are generally connected to a sidewalk, but some map them lines separately, so <b>watch out for false positives</b>. In general, crossings are designed to be part of a network, they should be connected to other features"
626437646,way,not appliable,not appliable,"Crossings are generally connected to a sidewalk, but some map them lines separately, so <b>watch out for false positives</b>. In general, crossings are designed to be part of a network, they should be connected to other features"
626437647,way,not appliable,not appliable,"Crossings are generally connected to a sidewalk, but some map them lines separately, so <b>watch out for false positives</b>. In general, crossings are designed to be part of a network, they should be connected to other features"
626437656,way,not appliable,not appliable,"Crossings are generally connected to a sidewalk, but some map them lines separately, so <b>watch out for false positives</b>. In general, crossings are designed to be part of a network, they should be connected to other features"
626514223,way,not appliable,not appliable,"Crossings are generally connected to a sidewalk, but some map them lines separately, so <b>watch out for false positives</b>. In general, crossings are designed to be part of a network, they should be connected to other features"
626516008,way,not appliable,not appliable,"Crossings are generally connected to a sidewalk, but some map them lines separately, so <b>watch out for false positives</b>. In general, crossings are designed to be part of a network, they should be connected to other features"
626516011,way,not appliable,not appliable,"Crossings are generally connected to a sidewalk, but some map them lines separately, so <b>watch out for false positives</b>. In general, crossings are designed to be part of a network, they should be connected to other features"
627185583,way,not appliable,not appliable,"Crossings are generally connected to a sidewalk, but some map them lines separately, so <b>watch out for false positives</b>. In general, crossings are designed to be part of a network, they should be connected to other features"
627403999,way,not appliable,not appliable,"Crossings are generally connected to a sidewalk, but some map them lines separately, so <b>watch out for false positives</b>. In general, crossings are designed to be part of a network, they should be connected to other features"
627699877,way,not appliable,not appliable,"Crossings are generally connected to a sidewalk, but some map them lines separately, so <b>watch out for false positives</b>. In general, crossings are designed to be part of a network, they should be connected to other features"
627802649,way,not appliable,not appliable,"Crossings are generally connected to a sidewalk, but some map them lines separately, so <b>watch out for false positives</b>. In general, crossings are designed to be part of a network, they should be connected to other features"
627802652,way,not appliable,not appliable,"Crossings are generally connected to a sidewalk, but some map them lines separately, so <b>watch out for false positives</b>. In general, crossings are designed to be part of a network, they should be connected to other features"
627802656,way,not appliable,not appliable,"Crossings are generally connected to a sidewalk, but some map them lines separately, so <b>watch out for false positives</b>. In general, crossings are designed to be part of a network, they should be connected to other features"
628137528,way,not appliable,not appliable,"Crossings are generally connected to a sidewalk, but some map them lines separately, so <b>watch out for false positives</b>. In general, crossings are designed to be part of a network, they should be connected to other features"
629701710,way,not appliable,not appliable,"Crossings are generally connected to a sidewalk, but some map them lines separately, so <b>watch out for false positives</b>. In general, crossings are designed to be part of a network, they should be connected to other features"
629701711,way,not appliable,not appliable,"Crossings are generally connected to a sidewalk, but some map them lines separately, so <b>watch out for false positives</b>. In general, crossings are designed to be part of a network, they should be connected to other features"
629703337,way,not appliable,not appliable,"Crossings are generally connected to a sidewalk, but some map them lines separately, so <b>watch out for false positives</b>. In general, crossings are designed to be part of a network, they should be connected to other features"
629703339,way,not appliable,not appliable,"Crossings are generally connected to a sidewalk, but some map them lines separately, so <b>watch out for false positives</b>. In general, crossings are designed to be part of a network, they should be connected to other features"
630359411,way,not appliable,not appliable,"Crossings are generally connected to a sidewalk, but some map them lines separately, so <b>watch out for false positives</b>. In general, crossings are designed to be part of a network, they should be connected to other features"
631984163,way,not appliable,not appliable,"Crossings are generally connected to a sidewalk, but some map them lines separately, so <b>watch out for false positives</b>. In general, crossings are designed to be part of a network, they should be connected to other features"
631984165,way,not appliable,not appliable,"Crossings are generally connected to a sidewalk, but some map them lines separately, so <b>watch out for false positives</b>. In general, crossings are designed to be part of a network, they should be connected to other features"
632310297,way,not appliable,not appliable,"Crossings are generally connected to a sidewalk, but some map them lines separately, so <b>watch out for false positives</b>. In general, crossings are designed to be part of a network, they should be connected to other features"
634011449,way,not appliable,not appliable,"Crossings are generally connected to a sidewalk, but some map them lines separately, so <b>watch out for false positives</b>. In general, crossings are designed to be part of a network, they should be connected to other features"
636329600,way,not appliable,not appliable,"Crossings are generally connected to a sidewalk, but some map them lines separately, so <b>watch out for false positives</b>. In general, crossings are designed to be part of a network, they should be connected to other features"
639832916,way,not appliable,not appliable,"Crossings are generally connected to a sidewalk, but some map them lines separately, so <b>watch out for false positives</b>. In general, crossings are designed to be part of a network, they should be connected to other features"
640102684,way,not appliable,not appliable,"Crossings are generally connected to a sidewalk, but some map them lines separately, so <b>watch out for false positives</b>. In general, crossings are designed to be part of a network, they should be connected to other features"
648234094,way,not appliable,not appliable,"Crossings are generally connected to a sidewalk, but some map them lines separately, so <b>watch out for false positives</b>. In general, crossings are designed to be part of a network, they should be connected to other features"
650797389,way,not appliable,not appliable,"Crossings are generally connected to a sidewalk, but some map them lines separately, so <b>watch out for false positives</b>. In general, crossings are designed to be part of a network, they should be connected to other features"
650797390,way,not appliable,not appliable,"Crossings are generally connected to a sidewalk, but some map them lines separately, so <b>watch out for false positives</b>. In general, crossings are designed to be part of a network, they should be connected to other features"
651394054,way,not appliable,not appliable,"Crossings are generally connected to a sidewalk, but some map them lines separately, so <b>watch out for false positives</b>. In general, crossings are designed to be part of a network, they should be connected to other features"
651394056,way,not appliable,not appliable,"Crossings are generally connected to a sidewalk, but some map them lines separately, so <b>watch out for false positives</b>. In general, crossings are designed to be part of a network, they should be connected to other features"
651394057,way,not appliable,not appliable,"Crossings are generally connected to a sidewalk, but some map them lines separately, so <b>watch out for false positives</b>. In general, crossings are designed to be part of a network, they should be connected to other features"
652975724,way,not appliable,not appliable,"Crossings are generally connected to a sidewalk, but some map them lines separately, so <b>watch out for false positives</b>. In general, crossings are designed to be part of a network, they should be connected to other features"
653650082,way,not appliable,not appliable,"Crossings are generally connected to a sidewalk, but some map them lines separately, so <b>watch out for false positives</b>. In general, crossings are designed to be part of a network, they should be connected to other features"
655037601,way,not appliable,not appliable,"Crossings are generally connected to a sidewalk, but some map them lines separately, so <b>watch out for false positives</b>. In general, crossings are designed to be part of a network, they should be connected to other features"
655095980,way,not appliable,not appliable,"Crossings are generally connected to a sidewalk, but some map them lines separately, so <b>watch out for false positives</b>. In general, crossings are designed to be part of a network, they should be connected to other features"
655104332,way,not appliable,not appliable,"Crossings are generally connected to a sidewalk, but some map them lines separately, so <b>watch out for false positives</b>. In general, crossings are designed to be part of a network, they should be connected to other features"
657975690,way,not appliable,not appliable,"Crossings are generally connected to a sidewalk, but some map them lines separately, so <b>watch out for false positives</b>. In general, crossings are designed to be part of a network, they should be connected to other features"
657975691,way,not appliable,not appliable,"Crossings are generally connected to a sidewalk, but some map them lines separately, so <b>watch out for false positives</b>. In general, crossings are designed to be part of a network, they should be connected to other features"
657975692,way,not appliable,not appliable,"Crossings are generally connected to a sidewalk, but some map them lines separately, so <b>watch out for false positives</b>. In general, crossings are designed to be part of a network, they should be connected to other features"
657975701,way,not appliable,not appliable,"Crossings are generally connected to a sidewalk, but some map them lines separately, so <b>watch out for false positives</b>. In general, crossings are designed to be part of a network, they should be connected to other features"
657975702,way,not appliable,not appliable,"Crossings are generally connected to a sidewalk, but some map them lines separately, so <b>watch out for false positives</b>. In general, crossings are designed to be part of a network, they should be connected to other features"
657975703,way,not appliable,not appliable,"Crossings are generally connected to a sidewalk, but some map them lines separately, so <b>watch out for false positives</b>. In general, crossings are designed to be part of a network, they should be connected to other features"
657975704,way,not appliable,not appliable,"Crossings are generally connected to a sidewalk, but some map them lines separately, so <b>watch out for false positives</b>. In general, crossings are designed to be part of a network, they should be connected to other features"
672347248,way,not appliable,not appliable,"Crossings are generally connected to a sidewalk, but some map them lines separately, so <b>watch out for false positives</b>. In general, crossings are designed to be part of a network, they should be connected to other features"
672347249,way,not appliable,not appliable,"Crossings are generally connected to a sidewalk, but some map them lines separately, so <b>watch out for false positives</b>. In general, crossings are designed to be part of a network, they should be connected to other features"
674171821,way,not appliable,not appliable,"Crossings are generally connected to a sidewalk, but some map them lines separately, so <b>watch out for false positives</b>. In general, crossings are designed to be part of a network, they should be connected to other features"
674441691,way,not appliable,not appliable,"Crossings are generally connected to a sidewalk, but some map them lines separately, so <b>watch out for false positives</b>. In general, crossings are designed to be part of a network, they should be connected to other features"
682557925,way,not appliable,not appliable,"Crossings are generally connected to a sidewalk, but some map them lines separately, so <b>watch out for false positives</b>. In general, crossings are designed to be part of a network, they should be connected to other features"
685925944,way,not appliable,not appliable,"Crossings are generally connected to a sidewalk, but some map them lines separately, so <b>watch out for false positives</b>. In general, crossings are designed to be part of a network, they should be connected to other features"
688667368,way,not appliable,not appliable,"Crossings are generally connected to a sidewalk, but some map them lines separately, so <b>watch out for false positives</b>. In general, crossings are designed to be part of a network, they should be connected to other features"
688667370,way,not appliable,not appliable,"Crossings are generally connected to a sidewalk, but some map them lines separately, so <b>watch out for false positives</b>. In general, crossings are designed to be part of a network, they should be connected to other features"
689787987,way,not appliable,not appliable,"Crossings are generally connected to a sidewalk, but some map them lines separately, so <b>watch out for false positives</b>. In general, crossings are designed to be part of a network, they should be connected to other features"
690606351,way,not appliable,not appliable,"Crossings are generally connected to a sidewalk, but some map them lines separately, so <b>watch out for false positives</b>. In general, crossings are designed to be part of a network, they should be connected to other features"
690606355,way,not appliable,not appliable,"Crossings are generally connected to a sidewalk, but some map them lines separately, so <b>watch out for false positives</b>. In general, crossings are designed to be part of a network, they should be connected to other features"
690606356,way,not appliable,not appliable,"Crossings are generally connected to a sidewalk, but some map them lines separately, so <b>watch out for false positives</b>. In general, crossings are designed to be part of a network, they should be connected to other features"
692350557,way,not appliable,not appliable,"Crossings are generally connected to a sidewalk, but some map them lines separately, so <b>watch out for false positives</b>. In general, crossings are designed to be part of a network, they should be connected to other features"
692350562,way,not appliable,not appliable,"Crossings are generally connected to a sidewalk, but some map them lines separately, so <b>watch out for false positives</b>. In general, crossings are designed to be part of a network, they should be connected to other features"
692351987,way,not appliable,not appliable,"Crossings are generally connected to a sidewalk, but some map them lines separately, so <b>watch out for false positives</b>. In general, crossings are designed to be part of a network, they should be connected to other features"
692351991,way,not appliable,not appliable,"Crossings are generally connected to a sidewalk, but some map them lines separately, so <b>watch out for false positives</b>. In general, crossings are designed to be part of a network, they should be connected to other features"
692351993,way,not appliable,not appliable,"Crossings are generally connected to a sidewalk, but some map them lines separately, so <b>watch out for false positives</b>. In general, crossings are designed to be part of a network, they should be connected to other features"
692351994,way,not appliable,not appliable,"Crossings are generally connected to a sidewalk, but some map them lines separately, so <b>watch out for false positives</b>. In general, crossings are designed to be part of a network, they should be connected to other features"
692352345,way,not appliable,not appliable,"Crossings are generally connected to a sidewalk, but some map them lines separately, so <b>watch out for false positives</b>. In general, crossings are designed to be part of a network, they should be connected to other features"
692355364,way,not appliable,not appliable,"Crossings are generally connected to a sidewalk, but some map them lines separately, so <b>watch out for false positives</b>. In general, crossings are designed to be part of a network, they should be connected to other features"
692355365,way,not appliable,not appliable,"Crossings are generally connected to a sidewalk, but some map them lines separately, so <b>watch out for false positives</b>. In general, crossings are designed to be part of a network, they should be connected to other features"
692429851,way,not appliable,not appliable,"Crossings are generally connected to a sidewalk, but some map them lines separately, so <b>watch out for false positives</b>. In general, crossings are designed to be part of a network, they should be connected to other features"
692429856,way,not appliable,not appliable,"Crossings are generally connected to a sidewalk, but some map them lines separately, so <b>watch out for false positives</b>. In general, crossings are designed to be part of a network, they should be connected to other features"
692432828,way,not appliable,not appliable,"Crossings are generally connected to a sidewalk, but some map them lines separately, so <b>watch out for false positives</b>. In general, crossings are designed to be part of a network, they should be connected to other features"
692432831,way,not appliable,not appliable,"Crossings are generally connected to a sidewalk, but some map them lines separately, so <b>watch out for false positives</b>. In general, crossings are designed to be part of a network, they should be connected to other features"
692432847,way,not appliable,not appliable,"Crossings are generally connected to a sidewalk, but some map them lines separately, so <b>watch out for false positives</b>. In general, crossings are designed to be part of a network, they should be connected to other features"
692432850,way,not appliable,not appliable,"Crossings are generally connected to a sidewalk, but some map them lines separately, so <b>watch out for false positives</b>. In general, crossings are designed to be part of a network, they should be connected to other features"
692432862,way,not appliable,not appliable,"Crossings are generally connected to a sidewalk, but some map them lines separately, so <b>watch out for false positives</b>. In general, crossings are designed to be part of a network, they should be connected to other features"
692432863,way,not appliable,not appliable,"Crossings are generally connected to a sidewalk, but some map them lines separately, so <b>watch out for false positives</b>. In general, crossings are designed to be part of a network, they should be connected to other features"
695889806,way,not appliable,not appliable,"Crossings are generally connected to a sidewalk, but some map them lines separately, so <b>watch out for false positives</b>. In general, crossings are designed to be part of a network, they should be connected to other features"
695889807,way,not appliable,not appliable,"Crossings are generally connected to a sidewalk, but some map them lines separately, so <b>watch out for false positives</b>. In general, crossings are designed to be part of a network, they should be connected to other features"
695889809,way,not appliable,not appliable,"Crossings are generally connected to a sidewalk, but some map them lines separately, so <b>watch out for false positives</b>. In general, crossings are designed to be part of a network, they should be connected to other features"
699320939,way,not appliable,not appliable,"Crossings are generally connected to a sidewalk, but some map them lines separately, so <b>watch out for false positives</b>. In general, crossings are designed to be part of a network, they should be connected to other features"
699320942,way,not appliable,not appliable,"Crossings are generally connected to a sidewalk, but some map them lines separately, so <b>watch out for false positives</b>. In general, crossings are designed to be part of a network, they should be connected to other features"
700429885,way,not appliable,not appliable,"Crossings are generally connected to a sidewalk, but some map them lines separately, so <b>watch out for false positives</b>. In general, crossings are designed to be part of a network, they should be connected to other features"
705831678,way,not appliable,not appliable,"Crossings are generally connected to a sidewalk, but some map them lines separately, so <b>watch out for false positives</b>. In general, crossings are designed to be part of a network, they should be connected to other features"
709687462,way,not appliable,not appliable,"Crossings are generally connected to a sidewalk, but some map them lines separately, so <b>watch out for false positives</b>. In general, crossings are designed to be part of a network, they should be connected to other features"
713440236,way,not appliable,not appliable,"Crossings are generally connected to a sidewalk, but some map them lines separately, so <b>watch out for false positives</b>. In general, crossings are designed to be part of a network, they should be connected to other features"
717248552,way,not appliable,not appliable,"Crossings are generally connected to a sidewalk, but some map them lines separately, so <b>watch out for false positives</b>. In general, crossings are designed to be part of a network, they should be connected to other features"
718431619,way,not appliable,not appliable,"Crossings are generally connected to a sidewalk, but some map them lines separately, so <b>watch out for false positives</b>. In general, crossings are designed to be part of a network, they should be connected to other features"
728922070,way,not appliable,not appliable,"Crossings are generally connected to a sidewalk, but some map them lines separately, so <b>watch out for false positives</b>. In general, crossings are designed to be part of a network, they should be connected to other features"
728922072,way,not appliable,not appliable,"Crossings are generally connected to a sidewalk, but some map them lines separately, so <b>watch out for false positives</b>. In general, crossings are designed to be part of a network, they should be connected to other features"
747162369,way,not appliable,not appliable,"Crossings are generally connected to a sidewalk, but some map them lines separately, so <b>watch out for false positives</b>. In general, crossings are designed to be part of a network, they should be connected to other features"
747162370,way,not appliable,not appliable,"Crossings are generally connected to a sidewalk, but some map them lines separately, so <b>watch out for false positives</b>. In general, crossings are designed to be part of a network, they should be connected to other features"
747162371,way,not appliable,not appliable,"Crossings are generally connected to a sidewalk, but some map them lines separately, so <b>watch out for false positives</b>. In general, crossings are designed to be part of a network, they should be connected to other features"
747162372,way,not appliable,not appliable,"Crossings are generally connected to a sidewalk, but some map them lines separately, so <b>watch out for false positives</b>. In general, crossings are designed to be part of a network, they should be connected to other features"
747956220,way,not appliable,not appliable,"Crossings are generally connected to a sidewalk, but some map them lines separately, so <b>watch out for false positives</b>. In general, crossings are designed to be part of a network, they should be connected to other features"
747956233,way,not appliable,not appliable,"Crossings are generally connected to a sidewalk, but some map them lines separately, so <b>watch out for false positives</b>. In general, crossings are designed to be part of a network, they should be connected to other features"
747956234,way,not appliable,not appliable,"Crossings are generally connected to a sidewalk, but some map them lines separately, so <b>watch out for false positives</b>. In general, crossings are designed to be part of a network, they should be connected to other features"
754774598,way,not appliable,not appliable,"Crossings are generally connected to a sidewalk, but some map them lines separately, so <b>watch out for false positives</b>. In general, crossings are designed to be part of a network, they should be connected to other features"
755020172,way,not appliable,not appliable,"Crossings are generally connected to a sidewalk, but some map them lines separately, so <b>watch out for false positives</b>. In general, crossings are designed to be part of a network, they should be connected to other features"
755021806,way,not appliable,not appliable,"Crossings are generally connected to a sidewalk, but some map them lines separately, so <b>watch out for false positives</b>. In general, crossings are designed to be part of a network, they should be connected to other features"
755021902,way,not appliable,not appliable,"Crossings are generally connected to a sidewalk, but some map them lines separately, so <b>watch out for false positives</b>. In general, crossings are designed to be part of a network, they should be connected to other features"
755021903,way,not appliable,not appliable,"Crossings are generally connected to a sidewalk, but some map them lines separately, so <b>watch out for false positives</b>. In general, crossings are designed to be part of a network, they should be connected to other features"
755034749,way,not appliable,not appliable,"Crossings are generally connected to a sidewalk, but some map them lines separately, so <b>watch out for false positives</b>. In general, crossings are designed to be part of a network, they should be connected to other features"
755034897,way,not appliable,not appliable,"Crossings are generally connected to a sidewalk, but some map them lines separately, so <b>watch out for false positives</b>. In general, crossings are designed to be part of a network, they should be connected to other features"
755034898,way,not appliable,not appliable,"Crossings are generally connected to a sidewalk, but some map them lines separately, so <b>watch out for false positives</b>. In general, crossings are designed to be part of a network, they should be connected to other features"
755036015,way,not appliable,not appliable,"Crossings are generally connected to a sidewalk, but some map them lines separately, so <b>watch out for false positives</b>. In general, crossings are designed to be part of a network, they should be connected to other features"
755209677,way,not appliable,not appliable,"Crossings are generally connected to a sidewalk, but some map them lines separately, so <b>watch out for false positives</b>. In general, crossings are designed to be part of a network, they should be connected to other features"
756031460,way,not appliable,not appliable,"Crossings are generally connected to a sidewalk, but some map them lines separately, so <b>watch out for false positives</b>. In general, crossings are designed to be part of a network, they should be connected to other features"
756031461,way,not appliable,not appliable,"Crossings are generally connected to a sidewalk, but some map them lines separately, so <b>watch out for false positives</b>. In general, crossings are designed to be part of a network, they should be connected to other features"
756031462,way,not appliable,not appliable,"Crossings are generally connected to a sidewalk, but some map them lines separately, so <b>watch out for false positives</b>. In general, crossings are designed to be part of a network, they should be connected to other features"
756054437,way,not appliable,not appliable,"Crossings are generally connected to a sidewalk, but some map them lines separately, so <b>watch out for false positives</b>. In general, crossings are designed to be part of a network, they should be connected to other features"
756064904,way,not appliable,not appliable,"Crossings are generally connected to a sidewalk, but some map them lines separately, so <b>watch out for false positives</b>. In general, crossings are designed to be part of a network, they should be connected to other features"
756064905,way,not appliable,not appliable,"Crossings are generally connected to a sidewalk, but some map them lines separately, so <b>watch out for false positives</b>. In general, crossings are designed to be part of a network, they should be connected to other features"
756064906,way,not appliable,not appliable,"Crossings are generally connected to a sidewalk, but some map them lines separately, so <b>watch out for false positives</b>. In general, crossings are designed to be part of a network, they should be connected to other features"
756064907,way,not appliable,not appliable,"Crossings are generally connected to a sidewalk, but some map them lines separately, so <b>watch out for false positives</b>. In general, crossings are designed to be part of a network, they should be connected to other features"
756064908,way,not appliable,not appliable,"Crossings are generally connected to a sidewalk, but some map them lines separately, so <b>watch out for false positives</b>. In general, crossings are designed to be part of a network, they should be connected to other features"
756065615,way,not appliable,not appliable,"Crossings are generally connected to a sidewalk, but some map them lines separately, so <b>watch out for false positives</b>. In general, crossings are designed to be part of a network, they should be connected to other features"
756073580,way,not appliable,not appliable,"Crossings are generally connected to a sidewalk, but some map them lines separately, so <b>watch out for false positives</b>. In general, crossings are designed to be part of a network, they should be connected to other features"
756073581,way,not appliable,not appliable,"Crossings are generally connected to a sidewalk, but some map them lines separately, so <b>watch out for false positives</b>. In general, crossings are designed to be part of a network, they should be connected to other features"
756100236,way,not appliable,not appliable,"Crossings are generally connected to a sidewalk, but some map them lines separately, so <b>watch out for false positives</b>. In general, crossings are designed to be part of a network, they should be connected to other features"
756100439,way,not appliable,not appliable,"Crossings are generally connected to a sidewalk, but some map them lines separately, so <b>watch out for false positives</b>. In general, crossings are designed to be part of a network, they should be connected to other features"
756100440,way,not appliable,not appliable,"Crossings are generally connected to a sidewalk, but some map them lines separately, so <b>watch out for false positives</b>. In general, crossings are designed to be part of a network, they should be connected to other features"
756100441,way,not appliable,not appliable,"Crossings are generally connected to a sidewalk, but some map them lines separately, so <b>watch out for false positives</b>. In general, crossings are designed to be part of a network, they should be connected to other features"
756101760,way,not appliable,not appliable,"Crossings are generally connected to a sidewalk, but some map them lines separately, so <b>watch out for false positives</b>. In general, crossings are designed to be part of a network, they should be connected to other features"
756328504,way,not appliable,not appliable,"Crossings are generally connected to a sidewalk, but some map them lines separately, so <b>watch out for false positives</b>. In general, crossings are designed to be part of a network, they should be connected to other features"
756336728,way,not appliable,not appliable,"Crossings are generally connected to a sidewalk, but some map them lines separately, so <b>watch out for false positives</b>. In general, crossings are designed to be part of a network, they should be connected to other features"
756639345,way,not appliable,not appliable,"Crossings are generally connected to a sidewalk, but some map them lines separately, so <b>watch out for false positives</b>. In general, crossings are designed to be part of a network, they should be connected to other features"
756639346,way,not appliable,not appliable,"Crossings are generally connected to a sidewalk, but some map them lines separately, so <b>watch out for false positives</b>. In general, crossings are designed to be part of a network, they should be connected to other features"
756640610,way,not appliable,not appliable,"Crossings are generally connected to a sidewalk, but some map them lines separately, so <b>watch out for false positives</b>. In general, crossings are designed to be part of a network, they should be connected to other features"
756640611,way,not appliable,not appliable,"Crossings are generally connected to a sidewalk, but some map them lines separately, so <b>watch out for false positives</b>. In general, crossings are designed to be part of a network, they should be connected to other features"
756660009,way,not appliable,not appliable,"Crossings are generally connected to a sidewalk, but some map them lines separately, so <b>watch out for false positives</b>. In general, crossings are designed to be part of a network, they should be connected to other features"
756660010,way,not appliable,not appliable,"Crossings are generally connected to a sidewalk, but some map them lines separately, so <b>watch out for false positives</b>. In general, crossings are designed to be part of a network, they should be connected to other features"
756660011,way,not appliable,not appliable,"Crossings are generally connected to a sidewalk, but some map them lines separately, so <b>watch out for false positives</b>. In general, crossings are designed to be part of a network, they should be connected to other features"
756760164,way,not appliable,not appliable,"Crossings are generally connected to a sidewalk, but some map them lines separately, so <b>watch out for false positives</b>. In general, crossings are designed to be part of a network, they should be connected to other features"
756760165,way,not appliable,not appliable,"Crossings are generally connected to a sidewalk, but some map them lines separately, so <b>watch out for false positives</b>. In general, crossings are designed to be part of a network, they should be connected to other features"
756761903,way,not appliable,not appliable,"Crossings are generally connected to a sidewalk, but some map them lines separately, so <b>watch out for false positives</b>. In general, crossings are designed to be part of a network, they should be connected to other features"
756761904,way,not appliable,not appliable,"Crossings are generally connected to a sidewalk, but some map them lines separately, so <b>watch out for false positives</b>. In general, crossings are designed to be part of a network, they should be connected to other features"
756762209,way,not appliable,not appliable,"Crossings are generally connected to a sidewalk, but some map them lines separately, so <b>watch out for false positives</b>. In general, crossings are designed to be part of a network, they should be connected to other features"
756762210,way,not appliable,not appliable,"Crossings are generally connected to a sidewalk, but some map them lines separately, so <b>watch out for false positives</b>. In general, crossings are designed to be part of a network, they should be connected to other features"
756762327,way,not appliable,not appliable,"Crossings are generally connected to a sidewalk, but some map them lines separately, so <b>watch out for false positives</b>. In general, crossings are designed to be part of a network, they should be connected to other features"
756772255,way,not appliable,not appliable,"Crossings are generally connected to a sidewalk, but some map them lines separately, so <b>watch out for false positives</b>. In general, crossings are designed to be part of a network, they should be connected to other features"
756773741,way,not appliable,not appliable,"Crossings are generally connected to a sidewalk, but some map them lines separately, so <b>watch out for false positives</b>. In general, crossings are designed to be part of a network, they should be connected to other features"
756776380,way,not appliable,not appliable,"Crossings are generally connected to a sidewalk, but some map them lines separately, so <b>watch out for false positives</b>. In general, crossings are designed to be part of a network, they should be connected to other features"
756777356,way,not appliable,not appliable,"Crossings are generally connected to a sidewalk, but some map them lines separately, so <b>watch out for false positives</b>. In general, crossings are designed to be part of a network, they should be connected to other features"
756777357,way,not appliable,not appliable,"Crossings are generally connected to a sidewalk, but some map them lines separately, so <b>watch out for false positives</b>. In general, crossings are designed to be part of a network, they should be connected to other features"
757044109,way,not appliable,not appliable,"Crossings are generally connected to a sidewalk, but some map them lines separately, so <b>watch out for false positives</b>. In general, crossings are designed to be part of a network, they should be connected to other features"
757044110,way,not appliable,not appliable,"Crossings are generally connected to a sidewalk, but some map them lines separately, so <b>watch out for false positives</b>. In general, crossings are designed to be part of a network, they should be connected to other features"
757060540,way,not appliable,not appliable,"Crossings are generally connected to a sidewalk, but some map them lines separately, so <b>watch out for false positives</b>. In general, crossings are designed to be part of a network, they should be connected to other features"
757060618,way,not appliable,not appliable,"Crossings are generally connected to a sidewalk, but some map them lines separately, so <b>watch out for false positives</b>. In general, crossings are designed to be part of a network, they should be connected to other features"
757069726,way,not appliable,not appliable,"Crossings are generally connected to a sidewalk, but some map them lines separately, so <b>watch out for false positives</b>. In general, crossings are designed to be part of a network, they should be connected to other features"
757082153,way,not appliable,not appliable,"Crossings are generally connected to a sidewalk, but some map them lines separately, so <b>watch out for false positives</b>. In general, crossings are designed to be part of a network, they should be connected to other features"
757082154,way,not appliable,not appliable,"Crossings are generally connected to a sidewalk, but some map them lines separately, so <b>watch out for false positives</b>. In general, crossings are designed to be part of a network, they should be connected to other features"
757082155,way,not appliable,not appliable,"Crossings are generally connected to a sidewalk, but some map them lines separately, so <b>watch out for false positives</b>. In general, crossings are designed to be part of a network, they should be connected to other features"
757082156,way,not appliable,not appliable,"Crossings are generally connected to a sidewalk, but some map them lines separately, so <b>watch out for false positives</b>. In general, crossings are designed to be part of a network, they should be connected to other features"
757085972,way,not appliable,not appliable,"Crossings are generally connected to a sidewalk, but some map them lines separately, so <b>watch out for false positives</b>. In general, crossings are designed to be part of a network, they should be connected to other features"
757085973,way,not appliable,not appliable,"Crossings are generally connected to a sidewalk, but some map them lines separately, so <b>watch out for false positives</b>. In general, crossings are designed to be part of a network, they should be connected to other features"
757085974,way,not appliable,not appliable,"Crossings are generally connected to a sidewalk, but some map them lines separately, so <b>watch out for false positives</b>. In general, crossings are designed to be part of a network, they should be connected to other features"
757086028,way,not appliable,not appliable,"Crossings are generally connected to a sidewalk, but some map them lines separately, so <b>watch out for false positives</b>. In general, crossings are designed to be part of a network, they should be connected to other features"
757087059,way,not appliable,not appliable,"Crossings are generally connected to a sidewalk, but some map them lines separately, so <b>watch out for false positives</b>. In general, crossings are designed to be part of a network, they should be connected to other features"
757102192,way,not appliable,not appliable,"Crossings are generally connected to a sidewalk, but some map them lines separately, so <b>watch out for false positives</b>. In general, crossings are designed to be part of a network, they should be connected to other features"
757102648,way,not appliable,not appliable,"Crossings are generally connected to a sidewalk, but some map them lines separately, so <b>watch out for false positives</b>. In general, crossings are designed to be part of a network, they should be connected to other features"
757102649,way,not appliable,not appliable,"Crossings are generally connected to a sidewalk, but some map them lines separately, so <b>watch out for false positives</b>. In general, crossings are designed to be part of a network, they should be connected to other features"
757428146,way,not appliable,not appliable,"Crossings are generally connected to a sidewalk, but some map them lines separately, so <b>watch out for false positives</b>. In general, crossings are designed to be part of a network, they should be connected to other features"
757431234,way,not appliable,not appliable,"Crossings are generally connected to a sidewalk, but some map them lines separately, so <b>watch out for false positives</b>. In general, crossings are designed to be part of a network, they should be connected to other features"
757439059,way,not appliable,not appliable,"Crossings are generally connected to a sidewalk, but some map them lines separately, so <b>watch out for false positives</b>. In general, crossings are designed to be part of a network, they should be connected to other features"
757439060,way,not appliable,not appliable,"Crossings are generally connected to a sidewalk, but some map them lines separately, so <b>watch out for false positives</b>. In general, crossings are designed to be part of a network, they should be connected to other features"
757446032,way,not appliable,not appliable,"Crossings are generally connected to a sidewalk, but some map them lines separately, so <b>watch out for false positives</b>. In general, crossings are designed to be part of a network, they should be connected to other features"
757446034,way,not appliable,not appliable,"Crossings are generally connected to a sidewalk, but some map them lines separately, so <b>watch out for false positives</b>. In general, crossings are designed to be part of a network, they should be connected to other features"
757447212,way,not appliable,not appliable,"Crossings are generally connected to a sidewalk, but some map them lines separately, so <b>watch out for false positives</b>. In general, crossings are designed to be part of a network, they should be connected to other features"
758174934,way,not appliable,not appliable,"Crossings are generally connected to a sidewalk, but some map them lines separately, so <b>watch out for false positives</b>. In general, crossings are designed to be part of a network, they should be connected to other features"
758178789,way,not appliable,not appliable,"Crossings are generally connected to a sidewalk, but some map them lines separately, so <b>watch out for false positives</b>. In general, crossings are designed to be part of a network, they should be connected to other features"
758178790,way,not appliable,not appliable,"Crossings are generally connected to a sidewalk, but some map them lines separately, so <b>watch out for false positives</b>. In general, crossings are designed to be part of a network, they should be connected to other features"
758178791,way,not appliable,not appliable,"Crossings are generally connected to a sidewalk, but some map them lines separately, so <b>watch out for false positives</b>. In general, crossings are designed to be part of a network, they should be connected to other features"
758189945,way,not appliable,not appliable,"Crossings are generally connected to a sidewalk, but some map them lines separately, so <b>watch out for false positives</b>. In general, crossings are designed to be part of a network, they should be connected to other features"
758189946,way,not appliable,not appliable,"Crossings are generally connected to a sidewalk, but some map them lines separately, so <b>watch out for false positives</b>. In general, crossings are designed to be part of a network, they should be connected to other features"
758201079,way,not appliable,not appliable,"Crossings are generally connected to a sidewalk, but some map them lines separately, so <b>watch out for false positives</b>. In general, crossings are designed to be part of a network, they should be connected to other features"
758201080,way,not appliable,not appliable,"Crossings are generally connected to a sidewalk, but some map them lines separately, so <b>watch out for false positives</b>. In general, crossings are designed to be part of a network, they should be connected to other features"
758202709,way,not appliable,not appliable,"Crossings are generally connected to a sidewalk, but some map them lines separately, so <b>watch out for false positives</b>. In general, crossings are designed to be part of a network, they should be connected to other features"
758207600,way,not appliable,not appliable,"Crossings are generally connected to a sidewalk, but some map them lines separately, so <b>watch out for false positives</b>. In general, crossings are designed to be part of a network, they should be connected to other features"
758559053,way,not appliable,not appliable,"Crossings are generally connected to a sidewalk, but some map them lines separately, so <b>watch out for false positives</b>. In general, crossings are designed to be part of a network, they should be connected to other features"
758559056,way,not appliable,not appliable,"Crossings are generally connected to a sidewalk, but some map them lines separately, so <b>watch out for false positives</b>. In general, crossings are designed to be part of a network, they should be connected to other features"
758559057,way,not appliable,not appliable,"Crossings are generally connected to a sidewalk, but some map them lines separately, so <b>watch out for false positives</b>. In general, crossings are designed to be part of a network, they should be connected to other features"
758559058,way,not appliable,not appliable,"Crossings are generally connected to a sidewalk, but some map them lines separately, so <b>watch out for false positives</b>. In general, crossings are designed to be part of a network, they should be connected to other features"
758559059,way,not appliable,not appliable,"Crossings are generally connected to a sidewalk, but some map them lines separately, so <b>watch out for false positives</b>. In general, crossings are designed to be part of a network, they should be connected to other features"
758559060,way,not appliable,not appliable,"Crossings are generally connected to a sidewalk, but some map them lines separately, so <b>watch out for false positives</b>. In general, crossings are designed to be part of a network, they should be connected to other features"
758559062,way,not appliable,not appliable,"Crossings are generally connected to a sidewalk, but some map them lines separately, so <b>watch out for false positives</b>. In general, crossings are designed to be part of a network, they should be connected to other features"
758562497,way,not appliable,not appliable,"Crossings are generally connected to a sidewalk, but some map them lines separately, so <b>watch out for false positives</b>. In general, crossings are designed to be part of a network, they should be connected to other features"
758562498,way,not appliable,not appliable,"Crossings are generally connected to a sidewalk, but some map them lines separately, so <b>watch out for false positives</b>. In general, crossings are designed to be part of a network, they should be connected to other features"
759024499,way,not appliable,not appliable,"Crossings are generally connected to a sidewalk, but some map them lines separately, so <b>watch out for false positives</b>. In general, crossings are designed to be part of a network, they should be connected to other features"
759024500,way,not appliable,not appliable,"Crossings are generally connected to a sidewalk, but some map them lines separately, so <b>watch out for false positives</b>. In general, crossings are designed to be part of a network, they should be connected to other features"
759028381,way,not appliable,not appliable,"Crossings are generally connected to a sidewalk, but some map them lines separately, so <b>watch out for false positives</b>. In general, crossings are designed to be part of a network, they should be connected to other features"
759028383,way,not appliable,not appliable,"Crossings are generally connected to a sidewalk, but some map them lines separately, so <b>watch out for false positives</b>. In general, crossings are designed to be part of a network, they should be connected to other features"
759030319,way,not appliable,not appliable,"Crossings are generally connected to a sidewalk, but some map them lines separately, so <b>watch out for false positives</b>. In general, crossings are designed to be part of a network, they should be connected to other features"
759030320,way,not appliable,not appliable,"Crossings are generally connected to a sidewalk, but some map them lines separately, so <b>watch out for false positives</b>. In general, crossings are designed to be part of a network, they should be connected to other features"
759030321,way,not appliable,not appliable,"Crossings are generally connected to a sidewalk, but some map them lines separately, so <b>watch out for false positives</b>. In general, crossings are designed to be part of a network, they should be connected to other features"
759030578,way,not appliable,not appliable,"Crossings are generally connected to a sidewalk, but some map them lines separately, so <b>watch out for false positives</b>. In general, crossings are designed to be part of a network, they should be connected to other features"
759030579,way,not appliable,not appliable,"Crossings are generally connected to a sidewalk, but some map them lines separately, so <b>watch out for false positives</b>. In general, crossings are designed to be part of a network, they should be connected to other features"
759034125,way,not appliable,not appliable,"Crossings are generally connected to a sidewalk, but some map them lines separately, so <b>watch out for false positives</b>. In general, crossings are designed to be part of a network, they should be connected to other features"
759034126,way,not appliable,not appliable,"Crossings are generally connected to a sidewalk, but some map them lines separately, so <b>watch out for false positives</b>. In general, crossings are designed to be part of a network, they should be connected to other features"
759034127,way,not appliable,not appliable,"Crossings are generally connected to a sidewalk, but some map them lines separately, so <b>watch out for false positives</b>. In general, crossings are designed to be part of a network, they should be connected to other features"
759036942,way,not appliable,not appliable,"Crossings are generally connected to a sidewalk, but some map them lines separately, so <b>watch out for false positives</b>. In general, crossings are designed to be part of a network, they should be connected to other features"
759039006,way,not appliable,not appliable,"Crossings are generally connected to a sidewalk, but some map them lines separately, so <b>watch out for false positives</b>. In general, crossings are designed to be part of a network, they should be connected to other features"
759039007,way,not appliable,not appliable,"Crossings are generally connected to a sidewalk, but some map them lines separately, so <b>watch out for false positives</b>. In general, crossings are designed to be part of a network, they should be connected to other features"
759039008,way,not appliable,not appliable,"Crossings are generally connected to a sidewalk, but some map them lines separately, so <b>watch out for false positives</b>. In general, crossings are designed to be part of a network, they should be connected to other features"
759039445,way,not appliable,not appliable,"Crossings are generally connected to a sidewalk, but some map them lines separately, so <b>watch out for false positives</b>. In general, crossings are designed to be part of a network, they should be connected to other features"
759039446,way,not appliable,not appliable,"Crossings are generally connected to a sidewalk, but some map them lines separately, so <b>watch out for false positives</b>. In general, crossings are designed to be part of a network, they should be connected to other features"
759288127,way,not appliable,not appliable,"Crossings are generally connected to a sidewalk, but some map them lines separately, so <b>watch out for false positives</b>. In general, crossings are designed to be part of a network, they should be connected to other features"
759921030,way,not appliable,not appliable,"Crossings are generally connected to a sidewalk, but some map them lines separately, so <b>watch out for false positives</b>. In general, crossings are designed to be part of a network, they should be connected to other features"
760205920,way,not appliable,not appliable,"Crossings are generally connected to a sidewalk, but some map them lines separately, so <b>watch out for false positives</b>. In general, crossings are designed to be part of a network, they should be connected to other features"
762069635,way,not appliable,not appliable,"Crossings are generally connected to a sidewalk, but some map them lines separately, so <b>watch out for false positives</b>. In general, crossings are designed to be part of a network, they should be connected to other features"
762076012,way,not appliable,not appliable,"Crossings are generally connected to a sidewalk, but some map them lines separately, so <b>watch out for false positives</b>. In general, crossings are designed to be part of a network, they should be connected to other features"
762088679,way,not appliable,not appliable,"Crossings are generally connected to a sidewalk, but some map them lines separately, so <b>watch out for false positives</b>. In general, crossings are designed to be part of a network, they should be connected to other features"
762099310,way,not appliable,not appliable,"Crossings are generally connected to a sidewalk, but some map them lines separately, so <b>watch out for false positives</b>. In general, crossings are designed to be part of a network, they should be connected to other features"
762103107,way,not appliable,not appliable,"Crossings are generally connected to a sidewalk, but some map them lines separately, so <b>watch out for false positives</b>. In general, crossings are designed to be part of a network, they should be connected to other features"
762115755,way,not appliable,not appliable,"Crossings are generally connected to a sidewalk, but some map them lines separately, so <b>watch out for false positives</b>. In general, crossings are designed to be part of a network, they should be connected to other features"
762115756,way,not appliable,not appliable,"Crossings are generally connected to a sidewalk, but some map them lines separately, so <b>watch out for false positives</b>. In general, crossings are designed to be part of a network, they should be connected to other features"
762115758,way,not appliable,not appliable,"Crossings are generally connected to a sidewalk, but some map them lines separately, so <b>watch out for false positives</b>. In general, crossings are designed to be part of a network, they should be connected to other features"
762115759,way,not appliable,not appliable,"Crossings are generally connected to a sidewalk, but some map them lines separately, so <b>watch out for false positives</b>. In general, crossings are designed to be part of a network, they should be connected to other features"
762117864,way,not appliable,not appliable,"Crossings are generally connected to a sidewalk, but some map them lines separately, so <b>watch out for false positives</b>. In general, crossings are designed to be part of a network, they should be connected to other features"
762120442,way,not appliable,not appliable,"Crossings are generally connected to a sidewalk, but some map them lines separately, so <b>watch out for false positives</b>. In general, crossings are designed to be part of a network, they should be connected to other features"
762124709,way,not appliable,not appliable,"Crossings are generally connected to a sidewalk, but some map them lines separately, so <b>watch out for false positives</b>. In general, crossings are designed to be part of a network, they should be connected to other features"
762578170,way,not appliable,not appliable,"Crossings are generally connected to a sidewalk, but some map them lines separately, so <b>watch out for false positives</b>. In general, crossings are designed to be part of a network, they should be connected to other features"
762578171,way,not appliable,not appliable,"Crossings are generally connected to a sidewalk, but some map them lines separately, so <b>watch out for false positives</b>. In general, crossings are designed to be part of a network, they should be connected to other features"
762578172,way,not appliable,not appliable,"Crossings are generally connected to a sidewalk, but some map them lines separately, so <b>watch out for false positives</b>. In general, crossings are designed to be part of a network, they should be connected to other features"
762578173,way,not appliable,not appliable,"Crossings are generally connected to a sidewalk, but some map them lines separately, so <b>watch out for false positives</b>. In general, crossings are designed to be part of a network, they should be connected to other features"
762578174,way,not appliable,not appliable,"Crossings are generally connected to a sidewalk, but some map them lines separately, so <b>watch out for false positives</b>. In general, crossings are designed to be part of a network, they should be connected to other features"
762578175,way,not appliable,not appliable,"Crossings are generally connected to a sidewalk, but some map them lines separately, so <b>watch out for false positives</b>. In general, crossings are designed to be part of a network, they should be connected to other features"
762578176,way,not appliable,not appliable,"Crossings are generally connected to a sidewalk, but some map them lines separately, so <b>watch out for false positives</b>. In general, crossings are designed to be part of a network, they should be connected to other features"
762578177,way,not appliable,not appliable,"Crossings are generally connected to a sidewalk, but some map them lines separately, so <b>watch out for false positives</b>. In general, crossings are designed to be part of a network, they should be connected to other features"
769654486,way,not appliable,not appliable,"Crossings are generally connected to a sidewalk, but some map them lines separately, so <b>watch out for false positives</b>. In general, crossings are designed to be part of a network, they should be connected to other features"
769704160,way,not appliable,not appliable,"Crossings are generally connected to a sidewalk, but some map them lines separately, so <b>watch out for false positives</b>. In general, crossings are designed to be part of a network, they should be connected to other features"
772354578,way,not appliable,not appliable,"Crossings are generally connected to a sidewalk, but some map them lines separately, so <b>watch out for false positives</b>. In general, crossings are designed to be part of a network, they should be connected to other features"
776514152,way,not appliable,not appliable,"Crossings are generally connected to a sidewalk, but some map them lines separately, so <b>watch out for false positives</b>. In general, crossings are designed to be part of a network, they should be connected to other features"
776514153,way,not appliable,not appliable,"Crossings are generally connected to a sidewalk, but some map them lines separately, so <b>watch out for false positives</b>. In general, crossings are designed to be part of a network, they should be connected to other features"
776514154,way,not appliable,not appliable,"Crossings are generally connected to a sidewalk, but some map them lines separately, so <b>watch out for false positives</b>. In general, crossings are designed to be part of a network, they should be connected to other features"
776514155,way,not appliable,not appliable,"Crossings are generally connected to a sidewalk, but some map them lines separately, so <b>watch out for false positives</b>. In general, crossings are designed to be part of a network, they should be connected to other features"
812698603,way,not appliable,not appliable,"Crossings are generally connected to a sidewalk, but some map them lines separately, so <b>watch out for false positives</b>. In general, crossings are designed to be part of a network, they should be connected to other features"
819259040,way,not appliable,not appliable,"Crossings are generally connected to a sidewalk, but some map them lines separately, so <b>watch out for false positives</b>. In general, crossings are designed to be part of a network, they should be connected to other features"
819259041,way,not appliable,not appliable,"Crossings are generally connected to a sidewalk, but some map them lines separately, so <b>watch out for false positives</b>. In general, crossings are designed to be part of a network, they should be connected to other features"
819259042,way,not appliable,not appliable,"Crossings are generally connected to a sidewalk, but some map them lines separately, so <b>watch out for false positives</b>. In general, crossings are designed to be part of a network, they should be connected to other features"
819259043,way,not appliable,not appliable,"Crossings are generally connected to a sidewalk, but some map them lines separately, so <b>watch out for false positives</b>. In general, crossings are designed to be part of a network, they should be connected to other features"
819259061,way,not appliable,not appliable,"Crossings are generally connected to a sidewalk, but some map them lines separately, so <b>watch out for false positives</b>. In general, crossings are designed to be part of a network, they should be connected to other features"
819259062,way,not appliable,not appliable,"Crossings are generally connected to a sidewalk, but some map them lines separately, so <b>watch out for false positives</b>. In general, crossings are designed to be part of a network, they should be connected to other features"
819259063,way,not appliable,not appliable,"Crossings are generally connected to a sidewalk, but some map them lines separately, so <b>watch out for false positives</b>. In general, crossings are designed to be part of a network, they should be connected to other features"
819259064,way,not appliable,not appliable,"Crossings are generally connected to a sidewalk, but some map them lines separately, so <b>watch out for false positives</b>. In general, crossings are designed to be part of a network, they should be connected to other features"
819259065,way,not appliable,not appliable,"Crossings are generally connected to a sidewalk, but some map them lines separately, so <b>watch out for false positives</b>. In general, crossings are designed to be part of a network, they should be connected to other features"
819259086,way,not appliable,not appliable,"Crossings are generally connected to a sidewalk, but some map them lines separately, so <b>watch out for false positives</b>. In general, crossings are designed to be part of a network, they should be connected to other features"
819259087,way,not appliable,not appliable,"Crossings are generally connected to a sidewalk, but some map them lines separately, so <b>watch out for false positives</b>. In general, crossings are designed to be part of a network, they should be connected to other features"
819259088,way,not appliable,not appliable,"Crossings are generally connected to a sidewalk, but some map them lines separately, so <b>watch out for false positives</b>. In general, crossings are designed to be part of a network, they should be connected to other features"
819259090,way,not appliable,not appliable,"Crossings are generally connected to a sidewalk, but some map them lines separately, so <b>watch out for false positives</b>. In general, crossings are designed to be part of a network, they should be connected to other features"
819259091,way,not appliable,not appliable,"Crossings are generally connected to a sidewalk, but some map them lines separately, so <b>watch out for false positives</b>. In general, crossings are designed to be part of a network, they should be connected to other features"
819544658,way,not appliable,not appliable,"Crossings are generally connected to a sidewalk, but some map them lines separately, so <b>watch out for false positives</b>. In general, crossings are designed to be part of a network, they should be connected to other features"
819544659,way,not appliable,not appliable,"Crossings are generally connected to a sidewalk, but some map them lines separately, so <b>watch out for false positives</b>. In general, crossings are designed to be part of a network, they should be connected to other features"
819544660,way,not appliable,not appliable,"Crossings are generally connected to a sidewalk, but some map them lines separately, so <b>watch out for false positives</b>. In general, crossings are designed to be part of a network, they should be connected to other features"
819544661,way,not appliable,not appliable,"Crossings are generally connected to a sidewalk, but some map them lines separately, so <b>watch out for false positives</b>. In general, crossings are designed to be part of a network, they should be connected to other features"
820788009,way,not appliable,not appliable,"Crossings are generally connected to a sidewalk, but some map them lines separately, so <b>watch out for false positives</b>. In general, crossings are designed to be part of a network, they should be connected to other features"
820805210,way,not appliable,not appliable,"Crossings are generally connected to a sidewalk, but some map them lines separately, so <b>watch out for false positives</b>. In general, crossings are designed to be part of a network, they should be connected to other features"
825461852,way,not appliable,not appliable,"Crossings are generally connected to a sidewalk, but some map them lines separately, so <b>watch out for false positives</b>. In general, crossings are designed to be part of a network, they should be connected to other features"
825992467,way,not appliable,not appliable,"Crossings are generally connected to a sidewalk, but some map them lines separately, so <b>watch out for false positives</b>. In general, crossings are designed to be part of a network, they should be connected to other features"
825992468,way,not appliable,not appliable,"Crossings are generally connected to a sidewalk, but some map them lines separately, so <b>watch out for false positives</b>. In general, crossings are designed to be part of a network, they should be connected to other features"
825992470,way,not appliable,not appliable,"Crossings are generally connected to a sidewalk, but some map them lines separately, so <b>watch out for false positives</b>. In general, crossings are designed to be part of a network, they should be connected to other features"
827878310,way,not appliable,not appliable,"Crossings are generally connected to a sidewalk, but some map them lines separately, so <b>watch out for false positives</b>. In general, crossings are designed to be part of a network, they should be connected to other features"
827885800,way,not appliable,not appliable,"Crossings are generally connected to a sidewalk, but some map them lines separately, so <b>watch out for false positives</b>. In general, crossings are designed to be part of a network, they should be connected to other features"
827885801,way,not appliable,not appliable,"Crossings are generally connected to a sidewalk, but some map them lines separately, so <b>watch out for false positives</b>. In general, crossings are designed to be part of a network, they should be connected to other features"
827885802,way,not appliable,not appliable,"Crossings are generally connected to a sidewalk, but some map them lines separately, so <b>watch out for false positives</b>. In general, crossings are designed to be part of a network, they should be connected to other features"
827887822,way,not appliable,not appliable,"Crossings are generally connected to a sidewalk, but some map them lines separately, so <b>watch out for false positives</b>. In general, crossings are designed to be part of a network, they should be connected to other features"
827887823,way,not appliable,not appliable,"Crossings are generally connected to a sidewalk, but some map them lines separately, so <b>watch out for false positives</b>. In general, crossings are designed to be part of a network, they should be connected to other features"
827887824,way,not appliable,not appliable,"Crossings are generally connected to a sidewalk, but some map them lines separately, so <b>watch out for false positives</b>. In general, crossings are designed to be part of a network, they should be connected to other features"
827887825,way,not appliable,not appliable,"Crossings are generally connected to a sidewalk, but some map them lines separately, so <b>watch out for false positives</b>. In general, crossings are designed to be part of a network, they should be connected to other features"
829738375,way,not appliable,not appliable,"Crossings are generally connected to a sidewalk, but some map them lines separately, so <b>watch out for false positives</b>. In general, crossings are designed to be part of a network, they should be connected to other features"
830169417,way,not appliable,not appliable,"Crossings are generally connected to a sidewalk, but some map them lines separately, so <b>watch out for false positives</b>. In general, crossings are designed to be part of a network, they should be connected to other features"
830169418,way,not appliable,not appliable,"Crossings are generally connected to a sidewalk, but some map them lines separately, so <b>watch out for false positives</b>. In general, crossings are designed to be part of a network, they should be connected to other features"
832653647,way,not appliable,not appliable,"Crossings are generally connected to a sidewalk, but some map them lines separately, so <b>watch out for false positives</b>. In general, crossings are designed to be part of a network, they should be connected to other features"
832653648,way,not appliable,not appliable,"Crossings are generally connected to a sidewalk, but some map them lines separately, so <b>watch out for false positives</b>. In general, crossings are designed to be part of a network, they should be connected to other features"
832653649,way,not appliable,not appliable,"Crossings are generally connected to a sidewalk, but some map them lines separately, so <b>watch out for false positives</b>. In general, crossings are designed to be part of a network, they should be connected to other features"
832653650,way,not appliable,not appliable,"Crossings are generally connected to a sidewalk, but some map them lines separately, so <b>watch out for false positives</b>. In general, crossings are designed to be part of a network, they should be connected to other features"
832653651,way,not appliable,not appliable,"Crossings are generally connected to a sidewalk, but some map them lines separately, so <b>watch out for false positives</b>. In general, crossings are designed to be part of a network, they should be connected to other features"
832653652,way,not appliable,not appliable,"Crossings are generally connected to a sidewalk, but some map them lines separately, so <b>watch out for false positives</b>. In general, crossings are designed to be part of a network, they should be connected to other features"
832653653,way,not appliable,not appliable,"Crossings are generally connected to a sidewalk, but some map them lines separately, so <b>watch out for false positives</b>. In general, crossings are designed to be part of a network, they should be connected to other features"
832653654,way,not appliable,not appliable,"Crossings are generally connected to a sidewalk, but some map them lines separately, so <b>watch out for false positives</b>. In general, crossings are designed to be part of a network, they should be connected to other features"
832653655,way,not appliable,not appliable,"Crossings are generally connected to a sidewalk, but some map them lines separately, so <b>watch out for false positives</b>. In general, crossings are designed to be part of a network, they should be connected to other features"
832653656,way,not appliable,not appliable,"Crossings are generally connected to a sidewalk, but some map them lines separately, so <b>watch out for false positives</b>. In general, crossings are designed to be part of a network, they should be connected to other features"
832653657,way,not appliable,not appliable,"Crossings are generally connected to a sidewalk, but some map them lines separately, so <b>watch out for false positives</b>. In general, crossings are designed to be part of a network, they should be connected to other features"
832653658,way,not appliable,not appliable,"Crossings are generally connected to a sidewalk, but some map them lines separately, so <b>watch out for false positives</b>. In general, crossings are designed to be part of a network, they should be connected to other features"
832653659,way,not appliable,not appliable,"Crossings are generally connected to a sidewalk, but some map them lines separately, so <b>watch out for false positives</b>. In general, crossings are designed to be part of a network, they should be connected to other features"
832653660,way,not appliable,not appliable,"Crossings are generally connected to a sidewalk, but some map them lines separately, so <b>watch out for false positives</b>. In general, crossings are designed to be part of a network, they should be connected to other features"
832653661,way,not appliable,not appliable,"Crossings are generally connected to a sidewalk, but some map them lines separately, so <b>watch out for false positives</b>. In general, crossings are designed to be part of a network, they should be connected to other features"
832653662,way,not appliable,not appliable,"Crossings are generally connected to a sidewalk, but some map them lines separately, so <b>watch out for false positives</b>. In general, crossings are designed to be part of a network, they should be connected to other features"
832653663,way,not appliable,not appliable,"Crossings are generally connected to a sidewalk, but some map them lines separately, so <b>watch out for false positives</b>. In general, crossings are designed to be part of a network, they should be connected to other features"
832653664,way,not appliable,not appliable,"Crossings are generally connected to a sidewalk, but some map them lines separately, so <b>watch out for false positives</b>. In general, crossings are designed to be part of a network, they should be connected to other features"
832653665,way,not appliable,not appliable,"Crossings are generally connected to a sidewalk, but some map them lines separately, so <b>watch out for false positives</b>. In general, crossings are designed to be part of a network, they should be connected to other features"
832653666,way,not appliable,not appliable,"Crossings are generally connected to a sidewalk, but some map them lines separately, so <b>watch out for false positives</b>. In general, crossings are designed to be part of a network, they should be connected to other features"
832653667,way,not appliable,not appliable,"Crossings are generally connected to a sidewalk, but some map them lines separately, so <b>watch out for false positives</b>. In general, crossings are designed to be part of a network, they should be connected to other features"
832653668,way,not appliable,not appliable,"Crossings are generally connected to a sidewalk, but some map them lines separately, so <b>watch out for false positives</b>. In general, crossings are designed to be part of a network, they should be connected to other features"
832653669,way,not appliable,not appliable,"Crossings are generally connected to a sidewalk, but some map them lines separately, so <b>watch out for false positives</b>. In general, crossings are designed to be part of a network, they should be connected to other features"
832653670,way,not appliable,not appliable,"Crossings are generally connected to a sidewalk, but some map them lines separately, so <b>watch out for false positives</b>. In general, crossings are designed to be part of a network, they should be connected to other features"
832653671,way,not appliable,not appliable,"Crossings are generally connected to a sidewalk, but some map them lines separately, so <b>watch out for false positives</b>. In general, crossings are designed to be part of a network, they should be connected to other features"
832653672,way,not appliable,not appliable,"Crossings are generally connected to a sidewalk, but some map them lines separately, so <b>watch out for false positives</b>. In general, crossings are designed to be part of a network, they should be connected to other features"
832653673,way,not appliable,not appliable,"Crossings are generally connected to a sidewalk, but some map them lines separately, so <b>watch out for false positives</b>. In general, crossings are designed to be part of a network, they should be connected to other features"
832653674,way,not appliable,not appliable,"Crossings are generally connected to a sidewalk, but some map them lines separately, so <b>watch out for false positives</b>. In general, crossings are designed to be part of a network, they should be connected to other features"
832653675,way,not appliable,not appliable,"Crossings are generally connected to a sidewalk, but some map them lines separately, so <b>watch out for false positives</b>. In general, crossings are designed to be part of a network, they should be connected to other features"
832653676,way,not appliable,not appliable,"Crossings are generally connected to a sidewalk, but some map them lines separately, so <b>watch out for false positives</b>. In general, crossings are designed to be part of a network, they should be connected to other features"
832653677,way,not appliable,not appliable,"Crossings are generally connected to a sidewalk, but some map them lines separately, so <b>watch out for false positives</b>. In general, crossings are designed to be part of a network, they should be connected to other features"
832654098,way,not appliable,not appliable,"Crossings are generally connected to a sidewalk, but some map them lines separately, so <b>watch out for false positives</b>. In general, crossings are designed to be part of a network, they should be connected to other features"
834767694,way,not appliable,not appliable,"Crossings are generally connected to a sidewalk, but some map them lines separately, so <b>watch out for false positives</b>. In general, crossings are designed to be part of a network, they should be connected to other features"
834767695,way,not appliable,not appliable,"Crossings are generally connected to a sidewalk, but some map them lines separately, so <b>watch out for false positives</b>. In general, crossings are designed to be part of a network, they should be connected to other features"
834767699,way,not appliable,not appliable,"Crossings are generally connected to a sidewalk, but some map them lines separately, so <b>watch out for false positives</b>. In general, crossings are designed to be part of a network, they should be connected to other features"
834767700,way,not appliable,not appliable,"Crossings are generally connected to a sidewalk, but some map them lines separately, so <b>watch out for false positives</b>. In general, crossings are designed to be part of a network, they should be connected to other features"
834843135,way,not appliable,not appliable,"Crossings are generally connected to a sidewalk, but some map them lines separately, so <b>watch out for false positives</b>. In general, crossings are designed to be part of a network, they should be connected to other features"
836148019,way,not appliable,not appliable,"Crossings are generally connected to a sidewalk, but some map them lines separately, so <b>watch out for false positives</b>. In general, crossings are designed to be part of a network, they should be connected to other features"
841113896,way,not appliable,not appliable,"Crossings are generally connected to a sidewalk, but some map them lines separately, so <b>watch out for false positives</b>. In general, crossings are designed to be part of a network, they should be connected to other features"
868923033,way,not appliable,not appliable,"Crossings are generally connected to a sidewalk, but some map them lines separately, so <b>watch out for false positives</b>. In general, crossings are designed to be part of a network, they should be connected to other features"
868923034,way,not appliable,not appliable,"Crossings are generally connected to a sidewalk, but some map them lines separately, so <b>watch out for false positives</b>. In general, crossings are designed to be part of a network, they should be connected to other features"
868923035,way,not appliable,not appliable,"Crossings are generally connected to a sidewalk, but some map them lines separately, so <b>watch out for false positives</b>. In general, crossings are designed to be part of a network, they should be connected to other features"
868923036,way,not appliable,not appliable,"Crossings are generally connected to a sidewalk, but some map them lines separately, so <b>watch out for false positives</b>. In general, crossings are designed to be part of a network, they should be connected to other features"
868923037,way,not appliable,not appliable,"Crossings are generally connected to a sidewalk, but some map them lines separately, so <b>watch out for false positives</b>. In general, crossings are designed to be part of a network, they should be connected to other features"
870861621,way,not appliable,not appliable,"Crossings are generally connected to a sidewalk, but some map them lines separately, so <b>watch out for false positives</b>. In general, crossings are designed to be part of a network, they should be connected to other features"
870861622,way,not appliable,not appliable,"Crossings are generally connected to a sidewalk, but some map them lines separately, so <b>watch out for false positives</b>. In general, crossings are designed to be part of a network, they should be connected to other features"
870877076,way,not appliable,not appliable,"Crossings are generally connected to a sidewalk, but some map them lines separately, so <b>watch out for false positives</b>. In general, crossings are designed to be part of a network, they should be connected to other features"
870877077,way,not appliable,not appliable,"Crossings are generally connected to a sidewalk, but some map them lines separately, so <b>watch out for false positives</b>. In general, crossings are designed to be part of a network, they should be connected to other features"
870878157,way,not appliable,not appliable,"Crossings are generally connected to a sidewalk, but some map them lines separately, so <b>watch out for false positives</b>. In general, crossings are designed to be part of a network, they should be connected to other features"
870881926,way,not appliable,not appliable,"Crossings are generally connected to a sidewalk, but some map them lines separately, so <b>watch out for false positives</b>. In general, crossings are designed to be part of a network, they should be connected to other features"
871780314,way,not appliable,not appliable,"Crossings are generally connected to a sidewalk, but some map them lines separately, so <b>watch out for false positives</b>. In general, crossings are designed to be part of a network, they should be connected to other features"
877548479,way,not appliable,not appliable,"Crossings are generally connected to a sidewalk, but some map them lines separately, so <b>watch out for false positives</b>. In general, crossings are designed to be part of a network, they should be connected to other features"
877548480,way,not appliable,not appliable,"Crossings are generally connected to a sidewalk, but some map them lines separately, so <b>watch out for false positives</b>. In general, crossings are designed to be part of a network, they should be connected to other features"
881157344,way,not appliable,not appliable,"Crossings are generally connected to a sidewalk, but some map them lines separately, so <b>watch out for false positives</b>. In general, crossings are designed to be part of a network, they should be connected to other features"
889954699,way,not appliable,not appliable,"Crossings are generally connected to a sidewalk, but some map them lines separately, so <b>watch out for false positives</b>. In general, crossings are designed to be part of a network, they should be connected to other features"
891745923,way,not appliable,not appliable,"Crossings are generally connected to a sidewalk, but some map them lines separately, so <b>watch out for false positives</b>. In general, crossings are designed to be part of a network, they should be connected to other features"
892486889,way,not appliable,not appliable,"Crossings are generally connected to a sidewalk, but some map them lines separately, so <b>watch out for false positives</b>. In general, crossings are designed to be part of a network, they should be connected to other features"
892486890,way,not appliable,not appliable,"Crossings are generally connected to a sidewalk, but some map them lines separately, so <b>watch out for false positives</b>. In general, crossings are designed to be part of a network, they should be connected to other features"
892486898,way,not appliable,not appliable,"Crossings are generally connected to a sidewalk, but some map them lines separately, so <b>watch out for false positives</b>. In general, crossings are designed to be part of a network, they should be connected to other features"
892486899,way,not appliable,not appliable,"Crossings are generally connected to a sidewalk, but some map them lines separately, so <b>watch out for false positives</b>. In general, crossings are designed to be part of a network, they should be connected to other features"
892486900,way,not appliable,not appliable,"Crossings are generally connected to a sidewalk, but some map them lines separately, so <b>watch out for false positives</b>. In general, crossings are designed to be part of a network, they should be connected to other features"
892486901,way,not appliable,not appliable,"Crossings are generally connected to a sidewalk, but some map them lines separately, so <b>watch out for false positives</b>. In general, crossings are designed to be part of a network, they should be connected to other features"
893234642,way,not appliable,not appliable,"Crossings are generally connected to a sidewalk, but some map them lines separately, so <b>watch out for false positives</b>. In general, crossings are designed to be part of a network, they should be connected to other features"
893234650,way,not appliable,not appliable,"Crossings are generally connected to a sidewalk, but some map them lines separately, so <b>watch out for false positives</b>. In general, crossings are designed to be part of a network, they should be connected to other features"
893234653,way,not appliable,not appliable,"Crossings are generally connected to a sidewalk, but some map them lines separately, so <b>watch out for false positives</b>. In general, crossings are designed to be part of a network, they should be connected to other features"
893234654,way,not appliable,not appliable,"Crossings are generally connected to a sidewalk, but some map them lines separately, so <b>watch out for false positives</b>. In general, crossings are designed to be part of a network, they should be connected to other features"
893575720,way,not appliable,not appliable,"Crossings are generally connected to a sidewalk, but some map them lines separately, so <b>watch out for false positives</b>. In general, crossings are designed to be part of a network, they should be connected to other features"
893575721,way,not appliable,not appliable,"Crossings are generally connected to a sidewalk, but some map them lines separately, so <b>watch out for false positives</b>. In general, crossings are designed to be part of a network, they should be connected to other features"
893575722,way,not appliable,not appliable,"Crossings are generally connected to a sidewalk, but some map them lines separately, so <b>watch out for false positives</b>. In general, crossings are designed to be part of a network, they should be connected to other features"
893575723,way,not appliable,not appliable,"Crossings are generally connected to a sidewalk, but some map them lines separately, so <b>watch out for false positives</b>. In general, crossings are designed to be part of a network, they should be connected to other features"
893575724,way,not appliable,not appliable,"Crossings are generally connected to a sidewalk, but some map them lines separately, so <b>watch out for false positives</b>. In general, crossings are designed to be part of a network, they should be connected to other features"
893575725,way,not appliable,not appliable,"Crossings are generally connected to a sidewalk, but some map them lines separately, so <b>watch out for false positives</b>. In general, crossings are designed to be part of a network, they should be connected to other features"
893575726,way,not appliable,not appliable,"Crossings are generally connected to a sidewalk, but some map them lines separately, so <b>watch out for false positives</b>. In general, crossings are designed to be part of a network, they should be connected to other features"
893575729,way,not appliable,not appliable,"Crossings are generally connected to a sidewalk, but some map them lines separately, so <b>watch out for false positives</b>. In general, crossings are designed to be part of a network, they should be connected to other features"
893575732,way,not appliable,not appliable,"Crossings are generally connected to a sidewalk, but some map them lines separately, so <b>watch out for false positives</b>. In general, crossings are designed to be part of a network, they should be connected to other features"
893575733,way,not appliable,not appliable,"Crossings are generally connected to a sidewalk, but some map them lines separately, so <b>watch out for false positives</b>. In general, crossings are designed to be part of a network, they should be connected to other features"
893575755,way,not appliable,not appliable,"Crossings are generally connected to a sidewalk, but some map them lines separately, so <b>watch out for false positives</b>. In general, crossings are designed to be part of a network, they should be connected to other features"
893575768,way,not appliable,not appliable,"Crossings are generally connected to a sidewalk, but some map them lines separately, so <b>watch out for false positives</b>. In general, crossings are designed to be part of a network, they should be connected to other features"
901017020,way,not appliable,not appliable,"Crossings are generally connected to a sidewalk, but some map them lines separately, so <b>watch out for false positives</b>. In general, crossings are designed to be part of a network, they should be connected to other features"
901017021,way,not appliable,not appliable,"Crossings are generally connected to a sidewalk, but some map them lines separately, so <b>watch out for false positives</b>. In general, crossings are designed to be part of a network, they should be connected to other features"
901017022,way,not appliable,not appliable,"Crossings are generally connected to a sidewalk, but some map them lines separately, so <b>watch out for false positives</b>. In general, crossings are designed to be part of a network, they should be connected to other features"
901017023,way,not appliable,not appliable,"Crossings are generally connected to a sidewalk, but some map them lines separately, so <b>watch out for false positives</b>. In general, crossings are designed to be part of a network, they should be connected to other features"
905925511,way,not appliable,not appliable,"Crossings are generally connected to a sidewalk, but some map them lines separately, so <b>watch out for false positives</b>. In general, crossings are designed to be part of a network, they should be connected to other features"
905925512,way,not appliable,not appliable,"Crossings are generally connected to a sidewalk, but some map them lines separately, so <b>watch out for false positives</b>. In general, crossings are designed to be part of a network, they should be connected to other features"
915607886,way,not appliable,not appliable,"Crossings are generally connected to a sidewalk, but some map them lines separately, so <b>watch out for false positives</b>. In general, crossings are designed to be part of a network, they should be connected to other features"
915607887,way,not appliable,not appliable,"Crossings are generally connected to a sidewalk, but some map them lines separately, so <b>watch out for false positives</b>. In general, crossings are designed to be part of a network, they should be connected to other features"
944292790,way,not appliable,not appliable,"Crossings are generally connected to a sidewalk, but some map them lines separately, so <b>watch out for false positives</b>. In general, crossings are designed to be part of a network, they should be connected to other features"
944292796,way,not appliable,not appliable,"Crossings are generally connected to a sidewalk, but some map them lines separately, so <b>watch out for false positives</b>. In general, crossings are designed to be part of a network, they should be connected to other features"
944292797,way,not appliable,not appliable,"Crossings are generally connected to a sidewalk, but some map them lines separately, so <b>watch out for false positives</b>. In general, crossings are designed to be part of a network, they should be connected to other features"
952514921,way,not appliable,not appliable,"Crossings are generally connected to a sidewalk, but some map them lines separately, so <b>watch out for false positives</b>. In general, crossings are designed to be part of a network, they should be connected to other features"
952514922,way,not appliable,not appliable,"Crossings are generally connected to a sidewalk, but some map them lines separately, so <b>watch out for false positives</b>. In general, crossings are designed to be part of a network, they should be connected to other features"
952515346,way,not appliable,not appliable,"Crossings are generally connected to a sidewalk, but some map them lines separately, so <b>watch out for false positives</b>. In general, crossings are designed to be part of a network, they should be connected to other features"
958511577,way,not appliable,not appliable,"Crossings are generally connected to a sidewalk, but some map them lines separately, so <b>watch out for false positives</b>. In general, crossings are designed to be part of a network, they should be connected to other features"
961143437,way,not appliable,not appliable,"Crossings are generally connected to a sidewalk, but some map them lines separately, so <b>watch out for false positives</b>. In general, crossings are designed to be part of a network, they should be connected to other features"
961143443,way,not appliable,not appliable,"Crossings are generally connected to a sidewalk, but some map them lines separately, so <b>watch out for false positives</b>. In general, crossings are designed to be part of a network, they should be connected to other features"
961143449,way,not appliable,not appliable,"Crossings are generally connected to a sidewalk, but some map them lines separately, so <b>watch out for false positives</b>. In general, crossings are designed to be part of a network, they should be connected to other features"
961143450,way,not appliable,not appliable,"Crossings are generally connected to a sidewalk, but some map them lines separately, so <b>watch out for false positives</b>. In general, crossings are designed to be part of a network, they should be connected to other features"
961143476,way,not appliable,not appliable,"Crossings are generally connected to a sidewalk, but some map them lines separately, so <b>watch out for false positives</b>. In general, crossings are designed to be part of a network, they should be connected to other features"
962078989,way,not appliable,not appliable,"Crossings are generally connected to a sidewalk, but some map them lines separately, so <b>watch out for false positives</b>. In general, crossings are designed to be part of a network, they should be connected to other features"
962078991,way,not appliable,not appliable,"Crossings are generally connected to a sidewalk, but some map them lines separately, so <b>watch out for false positives</b>. In general, crossings are designed to be part of a network, they should be connected to other features"
962078994,way,not appliable,not appliable,"Crossings are generally connected to a sidewalk, but some map them lines separately, so <b>watch out for false positives</b>. In general, crossings are designed to be part of a network, they should be connected to other features"
962326438,way,not appliable,not appliable,"Crossings are generally connected to a sidewalk, but some map them lines separately, so <b>watch out for false positives</b>. In general, crossings are designed to be part of a network, they should be connected to other features"
962375821,way,not appliable,not appliable,"Crossings are generally connected to a sidewalk, but some map them lines separately, so <b>watch out for false positives</b>. In general, crossings are designed to be part of a network, they should be connected to other features"
981069239,way,not appliable,not appliable,"Crossings are generally connected to a sidewalk, but some map them lines separately, so <b>watch out for false positives</b>. In general, crossings are designed to be part of a network, they should be connected to other features"
981069240,way,not appliable,not appliable,"Crossings are generally connected to a sidewalk, but some map them lines separately, so <b>watch out for false positives</b>. In general, crossings are designed to be part of a network, they should be connected to other features"
984500592,way,not appliable,not appliable,"Crossings are generally connected to a sidewalk, but some map them lines separately, so <b>watch out for false positives</b>. In general, crossings are designed to be part of a network, they should be connected to other features"
984500594,way,not appliable,not appliable,"Crossings are generally connected to a sidewalk, but some map them lines separately, so <b>watch out for false positives</b>. In general, crossings are designed to be part of a network, they should be connected to other features"
984500601,way,not appliable,not appliable,"Crossings are generally connected to a sidewalk, but some map them lines separately, so <b>watch out for false positives</b>. In general, crossings are designed to be part of a network, they should be connected to other features"
984573964,way,not appliable,not appliable,"Crossings are generally connected to a sidewalk, but some map them lines separately, so <b>watch out for false positives</b>. In general, crossings are designed to be part of a network, they should be connected to other features"
984594109,way,not appliable,not appliable,"Crossings are generally connected to a sidewalk, but some map them lines separately, so <b>watch out for false positives</b>. In general, crossings are designed to be part of a network, they should be connected to other features"
984594111,way,not appliable,not appliable,"Crossings are generally connected to a sidewalk, but some map them lines separately, so <b>watch out for false positives</b>. In general, crossings are designed to be part of a network, they should be connected to other features"
984594115,way,not appliable,not appliable,"Crossings are generally connected to a sidewalk, but some map them lines separately, so <b>watch out for false positives</b>. In general, crossings are designed to be part of a network, they should be connected to other features"
984594117,way,not appliable,not appliable,"Crossings are generally connected to a sidewalk, but some map them lines separately, so <b>watch out for false positives</b>. In general, crossings are designed to be part of a network, they should be connected to other features"
984594118,way,not appliable,not appliable,"Crossings are generally connected to a sidewalk, but some map them lines separately, so <b>watch out for false positives</b>. In general, crossings are designed to be part of a network, they should be connected to other features"
984594119,way,not appliable,not appliable,"Crossings are generally connected to a sidewalk, but some map them lines separately, so <b>watch out for false positives</b>. In general, crossings are designed to be part of a network, they should be connected to other features"
984802633,way,not appliable,not appliable,"Crossings are generally connected to a sidewalk, but some map them lines separately, so <b>watch out for false positives</b>. In general, crossings are designed to be part of a network, they should be connected to other features"
984803972,way,not appliable,not appliable,"Crossings are generally connected to a sidewalk, but some map them lines separately, so <b>watch out for false positives</b>. In general, crossings are designed to be part of a network, they should be connected to other features"
984805669,way,not appliable,not appliable,"Crossings are generally connected to a sidewalk, but some map them lines separately, so <b>watch out for false positives</b>. In general, crossings are designed to be part of a network, they should be connected to other features"
984805675,way,not appliable,not appliable,"Crossings are generally connected to a sidewalk, but some map them lines separately, so <b>watch out for false positives</b>. In general, crossings are designed to be part of a network, they should be connected to other features"
984805677,way,not appliable,not appliable,"Crossings are generally connected to a sidewalk, but some map them lines separately, so <b>watch out for false positives</b>. In general, crossings are designed to be part of a network, they should be connected to other features"
984805683,way,not appliable,not appliable,"Crossings are generally connected to a sidewalk, but some map them lines separately, so <b>watch out for false positives</b>. In general, crossings are designed to be part of a network, they should be connected to other features"
984805908,way,not appliable,not appliable,"Crossings are generally connected to a sidewalk, but some map them lines separately, so <b>watch out for false positives</b>. In general, crossings are designed to be part of a network, they should be connected to other features"
984805910,way,not appliable,not appliable,"Crossings are generally connected to a sidewalk, but some map them lines separately, so <b>watch out for false positives</b>. In general, crossings are designed to be part of a network, they should be connected to other features"
984805913,way,not appliable,not appliable,"Crossings are generally connected to a sidewalk, but some map them lines separately, so <b>watch out for false positives</b>. In general, crossings are designed to be part of a network, they should be connected to other features"
985030978,way,not appliable,not appliable,"Crossings are generally connected to a sidewalk, but some map them lines separately, so <b>watch out for false positives</b>. In general, crossings are designed to be part of a network, they should be connected to other features"
985030980,way,not appliable,not appliable,"Crossings are generally connected to a sidewalk, but some map them lines separately, so <b>watch out for false positives</b>. In general, crossings are designed to be part of a network, they should be connected to other features"
985030983,way,not appliable,not appliable,"Crossings are generally connected to a sidewalk, but some map them lines separately, so <b>watch out for false positives</b>. In general, crossings are designed to be part of a network, they should be connected to other features"
985030984,way,not appliable,not appliable,"Crossings are generally connected to a sidewalk, but some map them lines separately, so <b>watch out for false positives</b>. In general, crossings are designed to be part of a network, they should be connected to other features"
985030986,way,not appliable,not appliable,"Crossings are generally connected to a sidewalk, but some map them lines separately, so <b>watch out for false positives</b>. In general, crossings are designed to be part of a network, they should be connected to other features"
985030989,way,not appliable,not appliable,"Crossings are generally connected to a sidewalk, but some map them lines separately, so <b>watch out for false positives</b>. In general, crossings are designed to be part of a network, they should be connected to other features"
985030990,way,not appliable,not appliable,"Crossings are generally connected to a sidewalk, but some map them lines separately, so <b>watch out for false positives</b>. In general, crossings are designed to be part of a network, they should be connected to other features"
985030991,way,not appliable,not appliable,"Crossings are generally connected to a sidewalk, but some map them lines separately, so <b>watch out for false positives</b>. In general, crossings are designed to be part of a network, they should be connected to other features"
987811800,way,not appliable,not appliable,"Crossings are generally connected to a sidewalk, but some map them lines separately, so <b>watch out for false positives</b>. In general, crossings are designed to be part of a network, they should be connected to other features"
989741669,way,not appliable,not appliable,"Crossings are generally connected to a sidewalk, but some map them lines separately, so <b>watch out for false positives</b>. In general, crossings are designed to be part of a network, they should be connected to other features"
990164498,way,not appliable,not appliable,"Crossings are generally connected to a sidewalk, but some map them lines separately, so <b>watch out for false positives</b>. In general, crossings are designed to be part of a network, they should be connected to other features"
990182264,way,not appliable,not appliable,"Crossings are generally connected to a sidewalk, but some map them lines separately, so <b>watch out for false positives</b>. In general, crossings are designed to be part of a network, they should be connected to other features"
990237061,way,not appliable,not appliable,"Crossings are generally connected to a sidewalk, but some map them lines separately, so <b>watch out for false positives</b>. In general, crossings are designed to be part of a network, they should be connected to other features"
990237062,way,not appliable,not appliable,"Crossings are generally connected to a sidewalk, but some map them lines separately, so <b>watch out for false positives</b>. In general, crossings are designed to be part of a network, they should be connected to other features"
990237063,way,not appliable,not appliable,"Crossings are generally connected to a sidewalk, but some map them lines separately, so <b>watch out for false positives</b>. In general, crossings are designed to be part of a network, they should be connected to other features"
990237064,way,not appliable,not appliable,"Crossings are generally connected to a sidewalk, but some map them lines separately, so <b>watch out for false positives</b>. In general, crossings are designed to be part of a network, they should be connected to other features"
990237065,way,not appliable,not appliable,"Crossings are generally connected to a sidewalk, but some map them lines separately, so <b>watch out for false positives</b>. In general, crossings are designed to be part of a network, they should be connected to other features"
990237066,way,not appliable,not appliable,"Crossings are generally connected to a sidewalk, but some map them lines separately, so <b>watch out for false positives</b>. In general, crossings are designed to be part of a network, they should be connected to other features"
990237069,way,not appliable,not appliable,"Crossings are generally connected to a sidewalk, but some map them lines separately, so <b>watch out for false positives</b>. In general, crossings are designed to be part of a network, they should be connected to other features"
990237071,way,not appliable,not appliable,"Crossings are generally connected to a sidewalk, but some map them lines separately, so <b>watch out for false positives</b>. In general, crossings are designed to be part of a network, they should be connected to other features"
990505280,way,not appliable,not appliable,"Crossings are generally connected to a sidewalk, but some map them lines separately, so <b>watch out for false positives</b>. In general, crossings are designed to be part of a network, they should be connected to other features"
990510301,way,not appliable,not appliable,"Crossings are generally connected to a sidewalk, but some map them lines separately, so <b>watch out for false positives</b>. In general, crossings are designed to be part of a network, they should be connected to other features"
990533374,way,not appliable,not appliable,"Crossings are generally connected to a sidewalk, but some map them lines separately, so <b>watch out for false positives</b>. In general, crossings are designed to be part of a network, they should be connected to other features"
990564836,way,not appliable,not appliable,"Crossings are generally connected to a sidewalk, but some map them lines separately, so <b>watch out for false positives</b>. In general, crossings are designed to be part of a network, they should be connected to other features"
990643870,way,not appliable,not appliable,"Crossings are generally connected to a sidewalk, but some map them lines separately, so <b>watch out for false positives</b>. In general, crossings are designed to be part of a network, they should be connected to other features"
991573125,way,not appliable,not appliable,"Crossings are generally connected to a sidewalk, but some map them lines separately, so <b>watch out for false positives</b>. In general, crossings are designed to be part of a network, they should be connected to other features"
991573127,way,not appliable,not appliable,"Crossings are generally connected to a sidewalk, but some map them lines separately, so <b>watch out for false positives</b>. In general, crossings are designed to be part of a network, they should be connected to other features"
991573128,way,not appliable,not appliable,"Crossings are generally connected to a sidewalk, but some map them lines separately, so <b>watch out for false positives</b>. In general, crossings are designed to be part of a network, they should be connected to other features"
992571140,way,not appliable,not appliable,"Crossings are generally connected to a sidewalk, but some map them lines separately, so <b>watch out for false positives</b>. In general, crossings are designed to be part of a network, they should be connected to other features"
992571141,way,not appliable,not appliable,"Crossings are generally connected to a sidewalk, but some map them lines separately, so <b>watch out for false positives</b>. In general, crossings are designed to be part of a network, they should be connected to other features"
992571143,way,not appliable,not appliable,"Crossings are generally connected to a sidewalk, but some map them lines separately, so <b>watch out for false positives</b>. In general, crossings are designed to be part of a network, they should be connected to other features"
992571144,way,not appliable,not appliable,"Crossings are generally connected to a sidewalk, but some map them lines separately, so <b>watch out for false positives</b>. In general, crossings are designed to be part of a network, they should be connected to other features"
992571146,way,not appliable,not appliable,"Crossings are generally connected to a sidewalk, but some map them lines separately, so <b>watch out for false positives</b>. In general, crossings are designed to be part of a network, they should be connected to other features"
992571148,way,not appliable,not appliable,"Crossings are generally connected to a sidewalk, but some map them lines separately, so <b>watch out for false positives</b>. In general, crossings are designed to be part of a network, they should be connected to other features"
992659471,way,not appliable,not appliable,"Crossings are generally connected to a sidewalk, but some map them lines separately, so <b>watch out for false positives</b>. In general, crossings are designed to be part of a network, they should be connected to other features"
993768047,way,not appliable,not appliable,"Crossings are generally connected to a sidewalk, but some map them lines separately, so <b>watch out for false positives</b>. In general, crossings are designed to be part of a network, they should be connected to other features"
993768048,way,not appliable,not appliable,"Crossings are generally connected to a sidewalk, but some map them lines separately, so <b>watch out for false positives</b>. In general, crossings are designed to be part of a network, they should be connected to other features"
993768049,way,not appliable,not appliable,"Crossings are generally connected to a sidewalk, but some map them lines separately, so <b>watch out for false positives</b>. In general, crossings are designed to be part of a network, they should be connected to other features"
993768051,way,not appliable,not appliable,"Crossings are generally connected to a sidewalk, but some map them lines separately, so <b>watch out for false positives</b>. In general, crossings are designed to be part of a network, they should be connected to other features"
993768052,way,not appliable,not appliable,"Crossings are generally connected to a sidewalk, but some map them lines separately, so <b>watch out for false positives</b>. In general, crossings are designed to be part of a network, they should be connected to other features"
993768053,way,not appliable,not appliable,"Crossings are generally connected to a sidewalk, but some map them lines separately, so <b>watch out for false positives</b>. In general, crossings are designed to be part of a network, they should be connected to other features"
993768055,way,not appliable,not appliable,"Crossings are generally connected to a sidewalk, but some map them lines separately, so <b>watch out for false positives</b>. In general, crossings are designed to be part of a network, they should be connected to other features"
993768056,way,not appliable,not appliable,"Crossings are generally connected to a sidewalk, but some map them lines separately, so <b>watch out for false positives</b>. In general, crossings are designed to be part of a network, they should be connected to other features"
993768058,way,not appliable,not appliable,"Crossings are generally connected to a sidewalk, but some map them lines separately, so <b>watch out for false positives</b>. In general, crossings are designed to be part of a network, they should be connected to other features"
993768062,way,not appliable,not appliable,"Crossings are generally connected to a sidewalk, but some map them lines separately, so <b>watch out for false positives</b>. In general, crossings are designed to be part of a network, they should be connected to other features"
993768064,way,not appliable,not appliable,"Crossings are generally connected to a sidewalk, but some map them lines separately, so <b>watch out for false positives</b>. In general, crossings are designed to be part of a network, they should be connected to other features"
995133826,way,not appliable,not appliable,"Crossings are generally connected to a sidewalk, but some map them lines separately, so <b>watch out for false positives</b>. In general, crossings are designed to be part of a network, they should be connected to other features"
995133835,way,not appliable,not appliable,"Crossings are generally connected to a sidewalk, but some map them lines separately, so <b>watch out for false positives</b>. In general, crossings are designed to be part of a network, they should be connected to other features"
995133838,way,not appliable,not appliable,"Crossings are generally connected to a sidewalk, but some map them lines separately, so <b>watch out for false positives</b>. In general, crossings are designed to be part of a network, they should be connected to other features"
995133840,way,not appliable,not appliable,"Crossings are generally connected to a sidewalk, but some map them lines separately, so <b>watch out for false positives</b>. In general, crossings are designed to be part of a network, they should be connected to other features"
995133841,way,not appliable,not appliable,"Crossings are generally connected to a sidewalk, but some map them lines separately, so <b>watch out for false positives</b>. In general, crossings are designed to be part of a network, they should be connected to other features"
995133842,way,not appliable,not appliable,"Crossings are generally connected to a sidewalk, but some map them lines separately, so <b>watch out for false positives</b>. In general, crossings are designed to be part of a network, they should be connected to other features"
995133843,way,not appliable,not appliable,"Crossings are generally connected to a sidewalk, but some map them lines separately, so <b>watch out for false positives</b>. In general, crossings are designed to be part of a network, they should be connected to other features"
995454413,way,not appliable,not appliable,"Crossings are generally connected to a sidewalk, but some map them lines separately, so <b>watch out for false positives</b>. In general, crossings are designed to be part of a network, they should be connected to other features"
999336817,way,not appliable,not appliable,"Crossings are generally connected to a sidewalk, but some map them lines separately, so <b>watch out for false positives</b>. In general, crossings are designed to be part of a network, they should be connected to other features"
999336820,way,not appliable,not appliable,"Crossings are generally connected to a sidewalk, but some map them lines separately, so <b>watch out for false positives</b>. In general, crossings are designed to be part of a network, they should be connected to other features"
999336822,way,not appliable,not appliable,"Crossings are generally connected to a sidewalk, but some map them lines separately, so <b>watch out for false positives</b>. In general, crossings are designed to be part of a network, they should be connected to other features"
999336824,way,not appliable,not appliable,"Crossings are generally connected to a sidewalk, but some map them lines separately, so <b>watch out for false positives</b>. In general, crossings are designed to be part of a network, they should be connected to other features"
1002453627,way,not appliable,not appliable,"Crossings are generally connected to a sidewalk, but some map them lines separately, so <b>watch out for false positives</b>. In general, crossings are designed to be part of a network, they should be connected to other features"
1002453628,way,not appliable,not appliable,"Crossings are generally connected to a sidewalk, but some map them lines separately, so <b>watch out for false positives</b>. In general, crossings are designed to be part of a network, they should be connected to other features"
1005240474,way,not appliable,not appliable,"Crossings are generally connected to a sidewalk, but some map them lines separately, so <b>watch out for false positives</b>. In general, crossings are designed to be part of a network, they should be connected to other features"
1005288464,way,not appliable,not appliable,"Crossings are generally connected to a sidewalk, but some map them lines separately, so <b>watch out for false positives</b>. In general, crossings are designed to be part of a network, they should be connected to other features"
1006648553,way,not appliable,not appliable,"Crossings are generally connected to a sidewalk, but some map them lines separately, so <b>watch out for false positives</b>. In general, crossings are designed to be part of a network, they should be connected to other features"
1006648595,way,not appliable,not appliable,"Crossings are generally connected to a sidewalk, but some map them lines separately, so <b>watch out for false positives</b>. In general, crossings are designed to be part of a network, they should be connected to other features"
1006648599,way,not appliable,not appliable,"Crossings are generally connected to a sidewalk, but some map them lines separately, so <b>watch out for false positives</b>. In general, crossings are designed to be part of a network, they should be connected to other features"
1006648601,way,not appliable,not appliable,"Crossings are generally connected to a sidewalk, but some map them lines separately, so <b>watch out for false positives</b>. In general, crossings are designed to be part of a network, they should be connected to other features"
1006648608,way,not appliable,not appliable,"Crossings are generally connected to a sidewalk, but some map them lines separately, so <b>watch out for false positives</b>. In general, crossings are designed to be part of a network, they should be connected to other features"
1006648611,way,not appliable,not appliable,"Crossings are generally connected to a sidewalk, but some map them lines separately, so <b>watch out for false positives</b>. In general, crossings are designed to be part of a network, they should be connected to other features"
1006648647,way,not appliable,not appliable,"Crossings are generally connected to a sidewalk, but some map them lines separately, so <b>watch out for false positives</b>. In general, crossings are designed to be part of a network, they should be connected to other features"
1006648669,way,not appliable,not appliable,"Crossings are generally connected to a sidewalk, but some map them lines separately, so <b>watch out for false positives</b>. In general, crossings are designed to be part of a network, they should be connected to other features"
1006648677,way,not appliable,not appliable,"Crossings are generally connected to a sidewalk, but some map them lines separately, so <b>watch out for false positives</b>. In general, crossings are designed to be part of a network, they should be connected to other features"
1006648682,way,not appliable,not appliable,"Crossings are generally connected to a sidewalk, but some map them lines separately, so <b>watch out for false positives</b>. In general, crossings are designed to be part of a network, they should be connected to other features"
1006648693,way,not appliable,not appliable,"Crossings are generally connected to a sidewalk, but some map them lines separately, so <b>watch out for false positives</b>. In general, crossings are designed to be part of a network, they should be connected to other features"
1006648712,way,not appliable,not appliable,"Crossings are generally connected to a sidewalk, but some map them lines separately, so <b>watch out for false positives</b>. In general, crossings are designed to be part of a network, they should be connected to other features"
1006648725,way,not appliable,not appliable,"Crossings are generally connected to a sidewalk, but some map them lines separately, so <b>watch out for false positives</b>. In general, crossings are designed to be part of a network, they should be connected to other features"
1006648748,way,not appliable,not appliable,"Crossings are generally connected to a sidewalk, but some map them lines separately, so <b>watch out for false positives</b>. In general, crossings are designed to be part of a network, they should be connected to other features"
1006648766,way,not appliable,not appliable,"Crossings are generally connected to a sidewalk, but some map them lines separately, so <b>watch out for false positives</b>. In general, crossings are designed to be part of a network, they should be connected to other features"
1006648773,way,not appliable,not appliable,"Crossings are generally connected to a sidewalk, but some map them lines separately, so <b>watch out for false positives</b>. In general, crossings are designed to be part of a network, they should be connected to other features"
1006648788,way,not appliable,not appliable,"Crossings are generally connected to a sidewalk, but some map them lines separately, so <b>watch out for false positives</b>. In general, crossings are designed to be part of a network, they should be connected to other features"
1007154783,way,not appliable,not appliable,"Crossings are generally connected to a sidewalk, but some map them lines separately, so <b>watch out for false positives</b>. In general, crossings are designed to be part of a network, they should be connected to other features"
1008724010,way,not appliable,not appliable,"Crossings are generally connected to a sidewalk, but some map them lines separately, so <b>watch out for false positives</b>. In general, crossings are designed to be part of a network, they should be connected to other features"
1008724011,way,not appliable,not appliable,"Crossings are generally connected to a sidewalk, but some map them lines separately, so <b>watch out for false positives</b>. In general, crossings are designed to be part of a network, they should be connected to other features"
1009348233,way,not appliable,not appliable,"Crossings are generally connected to a sidewalk, but some map them lines separately, so <b>watch out for false positives</b>. In general, crossings are designed to be part of a network, they should be connected to other features"
1009348234,way,not appliable,not appliable,"Crossings are generally connected to a sidewalk, but some map them lines separately, so <b>watch out for false positives</b>. In general, crossings are designed to be part of a network, they should be connected to other features"
1009348259,way,not appliable,not appliable,"Crossings are generally connected to a sidewalk, but some map them lines separately, so <b>watch out for false positives</b>. In general, crossings are designed to be part of a network, they should be connected to other features"
1010861495,way,not appliable,not appliable,"Crossings are generally connected to a sidewalk, but some map them lines separately, so <b>watch out for false positives</b>. In general, crossings are designed to be part of a network, they should be connected to other features"
1010861505,way,not appliable,not appliable,"Crossings are generally connected to a sidewalk, but some map them lines separately, so <b>watch out for false positives</b>. In general, crossings are designed to be part of a network, they should be connected to other features"
1010862709,way,not appliable,not appliable,"Crossings are generally connected to a sidewalk, but some map them lines separately, so <b>watch out for false positives</b>. In general, crossings are designed to be part of a network, they should be connected to other features"
1010862710,way,not appliable,not appliable,"Crossings are generally connected to a sidewalk, but some map them lines separately, so <b>watch out for false positives</b>. In general, crossings are designed to be part of a network, they should be connected to other features"
1011599319,way,not appliable,not appliable,"Crossings are generally connected to a sidewalk, but some map them lines separately, so <b>watch out for false positives</b>. In general, crossings are designed to be part of a network, they should be connected to other features"
1013072183,way,not appliable,not appliable,"Crossings are generally connected to a sidewalk, but some map them lines separately, so <b>watch out for false positives</b>. In general, crossings are designed to be part of a network, they should be connected to other features"
1013072184,way,not appliable,not appliable,"Crossings are generally connected to a sidewalk, but some map them lines separately, so <b>watch out for false positives</b>. In general, crossings are designed to be part of a network, they should be connected to other features"
1015929428,way,not appliable,not appliable,"Crossings are generally connected to a sidewalk, but some map them lines separately, so <b>watch out for false positives</b>. In general, crossings are designed to be part of a network, they should be connected to other features"
1016945057,way,not appliable,not appliable,"Crossings are generally connected to a sidewalk, but some map them lines separately, so <b>watch out for false positives</b>. In general, crossings are designed to be part of a network, they should be connected to other features"
1016945058,way,not appliable,not appliable,"Crossings are generally connected to a sidewalk, but some map them lines separately, so <b>watch out for false positives</b>. In general, crossings are designed to be part of a network, they should be connected to other features"
1016945059,way,not appliable,not appliable,"Crossings are generally connected to a sidewalk, but some map them lines separately, so <b>watch out for false positives</b>. In general, crossings are designed to be part of a network, they should be connected to other features"
1017191667,way,not appliable,not appliable,"Crossings are generally connected to a sidewalk, but some map them lines separately, so <b>watch out for false positives</b>. In general, crossings are designed to be part of a network, they should be connected to other features"
1018162266,way,not appliable,not appliable,"Crossings are generally connected to a sidewalk, but some map them lines separately, so <b>watch out for false positives</b>. In general, crossings are designed to be part of a network, they should be connected to other features"
1019866926,way,not appliable,not appliable,"Crossings are generally connected to a sidewalk, but some map them lines separately, so <b>watch out for false positives</b>. In general, crossings are designed to be part of a network, they should be connected to other features"
1020725923,way,not appliable,not appliable,"Crossings are generally connected to a sidewalk, but some map them lines separately, so <b>watch out for false positives</b>. In general, crossings are designed to be part of a network, they should be connected to other features"
1021024010,way,not appliable,not appliable,"Crossings are generally connected to a sidewalk, but some map them lines separately, so <b>watch out for false positives</b>. In general, crossings are designed to be part of a network, they should be connected to other features"
1024007223,way,not appliable,not appliable,"Crossings are generally connected to a sidewalk, but some map them lines separately, so <b>watch out for false positives</b>. In general, crossings are designed to be part of a network, they should be connected to other features"
1024743795,way,not appliable,not appliable,"Crossings are generally connected to a sidewalk, but some map them lines separately, so <b>watch out for false positives</b>. In general, crossings are designed to be part of a network, they should be connected to other features"
1024743796,way,not appliable,not appliable,"Crossings are generally connected to a sidewalk, but some map them lines separately, so <b>watch out for false positives</b>. In general, crossings are designed to be part of a network, they should be connected to other features"
1024746327,way,not appliable,not appliable,"Crossings are generally connected to a sidewalk, but some map them lines separately, so <b>watch out for false positives</b>. In general, crossings are designed to be part of a network, they should be connected to other features"
1024746329,way,not appliable,not appliable,"Crossings are generally connected to a sidewalk, but some map them lines separately, so <b>watch out for false positives</b>. In general, crossings are designed to be part of a network, they should be connected to other features"
1025080737,way,not appliable,not appliable,"Crossings are generally connected to a sidewalk, but some map them lines separately, so <b>watch out for false positives</b>. In general, crossings are designed to be part of a network, they should be connected to other features"
1025089785,way,not appliable,not appliable,"Crossings are generally connected to a sidewalk, but some map them lines separately, so <b>watch out for false positives</b>. In general, crossings are designed to be part of a network, they should be connected to other features"
1025699668,way,not appliable,not appliable,"Crossings are generally connected to a sidewalk, but some map them lines separately, so <b>watch out for false positives</b>. In general, crossings are designed to be part of a network, they should be connected to other features"
1025699669,way,not appliable,not appliable,"Crossings are generally connected to a sidewalk, but some map them lines separately, so <b>watch out for false positives</b>. In general, crossings are designed to be part of a network, they should be connected to other features"
1025699670,way,not appliable,not appliable,"Crossings are generally connected to a sidewalk, but some map them lines separately, so <b>watch out for false positives</b>. In general, crossings are designed to be part of a network, they should be connected to other features"
1025699672,way,not appliable,not appliable,"Crossings are generally connected to a sidewalk, but some map them lines separately, so <b>watch out for false positives</b>. In general, crossings are designed to be part of a network, they should be connected to other features"
1025699676,way,not appliable,not appliable,"Crossings are generally connected to a sidewalk, but some map them lines separately, so <b>watch out for false positives</b>. In general, crossings are designed to be part of a network, they should be connected to other features"
1025699678,way,not appliable,not appliable,"Crossings are generally connected to a sidewalk, but some map them lines separately, so <b>watch out for false positives</b>. In general, crossings are designed to be part of a network, they should be connected to other features"
1025702542,way,not appliable,not appliable,"Crossings are generally connected to a sidewalk, but some map them lines separately, so <b>watch out for false positives</b>. In general, crossings are designed to be part of a network, they should be connected to other features"
1025702543,way,not appliable,not appliable,"Crossings are generally connected to a sidewalk, but some map them lines separately, so <b>watch out for false positives</b>. In general, crossings are designed to be part of a network, they should be connected to other features"
1025706024,way,not appliable,not appliable,"Crossings are generally connected to a sidewalk, but some map them lines separately, so <b>watch out for false positives</b>. In general, crossings are designed to be part of a network, they should be connected to other features"
1025734149,way,not appliable,not appliable,"Crossings are generally connected to a sidewalk, but some map them lines separately, so <b>watch out for false positives</b>. In general, crossings are designed to be part of a network, they should be connected to other features"
1025734151,way,not appliable,not appliable,"Crossings are generally connected to a sidewalk, but some map them lines separately, so <b>watch out for false positives</b>. In general, crossings are designed to be part of a network, they should be connected to other features"
1025735317,way,not appliable,not appliable,"Crossings are generally connected to a sidewalk, but some map them lines separately, so <b>watch out for false positives</b>. In general, crossings are designed to be part of a network, they should be connected to other features"
1025735318,way,not appliable,not appliable,"Crossings are generally connected to a sidewalk, but some map them lines separately, so <b>watch out for false positives</b>. In general, crossings are designed to be part of a network, they should be connected to other features"
1025740275,way,not appliable,not appliable,"Crossings are generally connected to a sidewalk, but some map them lines separately, so <b>watch out for false positives</b>. In general, crossings are designed to be part of a network, they should be connected to other features"
1025740279,way,not appliable,not appliable,"Crossings are generally connected to a sidewalk, but some map them lines separately, so <b>watch out for false positives</b>. In general, crossings are designed to be part of a network, they should be connected to other features"
1025740281,way,not appliable,not appliable,"Crossings are generally connected to a sidewalk, but some map them lines separately, so <b>watch out for false positives</b>. In general, crossings are designed to be part of a network, they should be connected to other features"
1025740283,way,not appliable,not appliable,"Crossings are generally connected to a sidewalk, but some map them lines separately, so <b>watch out for false positives</b>. In general, crossings are designed to be part of a network, they should be connected to other features"
1025741853,way,not appliable,not appliable,"Crossings are generally connected to a sidewalk, but some map them lines separately, so <b>watch out for false positives</b>. In general, crossings are designed to be part of a network, they should be connected to other features"
1025743968,way,not appliable,not appliable,"Crossings are generally connected to a sidewalk, but some map them lines separately, so <b>watch out for false positives</b>. In general, crossings are designed to be part of a network, they should be connected to other features"
1026014467,way,not appliable,not appliable,"Crossings are generally connected to a sidewalk, but some map them lines separately, so <b>watch out for false positives</b>. In general, crossings are designed to be part of a network, they should be connected to other features"
1026015815,way,not appliable,not appliable,"Crossings are generally connected to a sidewalk, but some map them lines separately, so <b>watch out for false positives</b>. In general, crossings are designed to be part of a network, they should be connected to other features"
1026015816,way,not appliable,not appliable,"Crossings are generally connected to a sidewalk, but some map them lines separately, so <b>watch out for false positives</b>. In general, crossings are designed to be part of a network, they should be connected to other features"
1026015819,way,not appliable,not appliable,"Crossings are generally connected to a sidewalk, but some map them lines separately, so <b>watch out for false positives</b>. In general, crossings are designed to be part of a network, they should be connected to other features"
1026015820,way,not appliable,not appliable,"Crossings are generally connected to a sidewalk, but some map them lines separately, so <b>watch out for false positives</b>. In general, crossings are designed to be part of a network, they should be connected to other features"
1026305360,way,not appliable,not appliable,"Crossings are generally connected to a sidewalk, but some map them lines separately, so <b>watch out for false positives</b>. In general, crossings are designed to be part of a network, they should be connected to other features"
1026305363,way,not appliable,not appliable,"Crossings are generally connected to a sidewalk, but some map them lines separately, so <b>watch out for false positives</b>. In general, crossings are designed to be part of a network, they should be connected to other features"
1026305366,way,not appliable,not appliable,"Crossings are generally connected to a sidewalk, but some map them lines separately, so <b>watch out for false positives</b>. In general, crossings are designed to be part of a network, they should be connected to other features"
1026555127,way,not appliable,not appliable,"Crossings are generally connected to a sidewalk, but some map them lines separately, so <b>watch out for false positives</b>. In general, crossings are designed to be part of a network, they should be connected to other features"
1026555128,way,not appliable,not appliable,"Crossings are generally connected to a sidewalk, but some map them lines separately, so <b>watch out for false positives</b>. In general, crossings are designed to be part of a network, they should be connected to other features"
1026555129,way,not appliable,not appliable,"Crossings are generally connected to a sidewalk, but some map them lines separately, so <b>watch out for false positives</b>. In general, crossings are designed to be part of a network, they should be connected to other features"
1026555130,way,not appliable,not appliable,"Crossings are generally connected to a sidewalk, but some map them lines separately, so <b>watch out for false positives</b>. In general, crossings are designed to be part of a network, they should be connected to other features"
1026556839,way,not appliable,not appliable,"Crossings are generally connected to a sidewalk, but some map them lines separately, so <b>watch out for false positives</b>. In general, crossings are designed to be part of a network, they should be connected to other features"
1026556841,way,not appliable,not appliable,"Crossings are generally connected to a sidewalk, but some map them lines separately, so <b>watch out for false positives</b>. In general, crossings are designed to be part of a network, they should be connected to other features"
1026599168,way,not appliable,not appliable,"Crossings are generally connected to a sidewalk, but some map them lines separately, so <b>watch out for false positives</b>. In general, crossings are designed to be part of a network, they should be connected to other features"
1026600735,way,not appliable,not appliable,"Crossings are generally connected to a sidewalk, but some map them lines separately, so <b>watch out for false positives</b>. In general, crossings are designed to be part of a network, they should be connected to other features"
1026603269,way,not appliable,not appliable,"Crossings are generally connected to a sidewalk, but some map them lines separately, so <b>watch out for false positives</b>. In general, crossings are designed to be part of a network, they should be connected to other features"
1026603271,way,not appliable,not appliable,"Crossings are generally connected to a sidewalk, but some map them lines separately, so <b>watch out for false positives</b>. In general, crossings are designed to be part of a network, they should be connected to other features"
1026603274,way,not appliable,not appliable,"Crossings are generally connected to a sidewalk, but some map them lines separately, so <b>watch out for false positives</b>. In general, crossings are designed to be part of a network, they should be connected to other features"
1026603276,way,not appliable,not appliable,"Crossings are generally connected to a sidewalk, but some map them lines separately, so <b>watch out for false positives</b>. In general, crossings are designed to be part of a network, they should be connected to other features"
1028857603,way,not appliable,not appliable,"Crossings are generally connected to a sidewalk, but some map them lines separately, so <b>watch out for false positives</b>. In general, crossings are designed to be part of a network, they should be connected to other features"
1028861149,way,not appliable,not appliable,"Crossings are generally connected to a sidewalk, but some map them lines separately, so <b>watch out for false positives</b>. In general, crossings are designed to be part of a network, they should be connected to other features"
1028870348,way,not appliable,not appliable,"Crossings are generally connected to a sidewalk, but some map them lines separately, so <b>watch out for false positives</b>. In general, crossings are designed to be part of a network, they should be connected to other features"
1030847473,way,not appliable,not appliable,"Crossings are generally connected to a sidewalk, but some map them lines separately, so <b>watch out for false positives</b>. In general, crossings are designed to be part of a network, they should be connected to other features"
1030847474,way,not appliable,not appliable,"Crossings are generally connected to a sidewalk, but some map them lines separately, so <b>watch out for false positives</b>. In general, crossings are designed to be part of a network, they should be connected to other features"
1030847475,way,not appliable,not appliable,"Crossings are generally connected to a sidewalk, but some map them lines separately, so <b>watch out for false positives</b>. In general, crossings are designed to be part of a network, they should be connected to other features"
1030847477,way,not appliable,not appliable,"Crossings are generally connected to a sidewalk, but some map them lines separately, so <b>watch out for false positives</b>. In general, crossings are designed to be part of a network, they should be connected to other features"
1030847479,way,not appliable,not appliable,"Crossings are generally connected to a sidewalk, but some map them lines separately, so <b>watch out for false positives</b>. In general, crossings are designed to be part of a network, they should be connected to other features"
1030978215,way,not appliable,not appliable,"Crossings are generally connected to a sidewalk, but some map them lines separately, so <b>watch out for false positives</b>. In general, crossings are designed to be part of a network, they should be connected to other features"
1031507476,way,not appliable,not appliable,"Crossings are generally connected to a sidewalk, but some map them lines separately, so <b>watch out for false positives</b>. In general, crossings are designed to be part of a network, they should be connected to other features"
1031507480,way,not appliable,not appliable,"Crossings are generally connected to a sidewalk, but some map them lines separately, so <b>watch out for false positives</b>. In general, crossings are designed to be part of a network, they should be connected to other features"
1031507481,way,not appliable,not appliable,"Crossings are generally connected to a sidewalk, but some map them lines separately, so <b>watch out for false positives</b>. In general, crossings are designed to be part of a network, they should be connected to other features"
1031513935,way,not appliable,not appliable,"Crossings are generally connected to a sidewalk, but some map them lines separately, so <b>watch out for false positives</b>. In general, crossings are designed to be part of a network, they should be connected to other features"
1031513938,way,not appliable,not appliable,"Crossings are generally connected to a sidewalk, but some map them lines separately, so <b>watch out for false positives</b>. In general, crossings are designed to be part of a network, they should be connected to other features"
1031513940,way,not appliable,not appliable,"Crossings are generally connected to a sidewalk, but some map them lines separately, so <b>watch out for false positives</b>. In general, crossings are designed to be part of a network, they should be connected to other features"
1031547433,way,not appliable,not appliable,"Crossings are generally connected to a sidewalk, but some map them lines separately, so <b>watch out for false positives</b>. In general, crossings are designed to be part of a network, they should be connected to other features"
1031548160,way,not appliable,not appliable,"Crossings are generally connected to a sidewalk, but some map them lines separately, so <b>watch out for false positives</b>. In general, crossings are designed to be part of a network, they should be connected to other features"
1031548926,way,not appliable,not appliable,"Crossings are generally connected to a sidewalk, but some map them lines separately, so <b>watch out for false positives</b>. In general, crossings are designed to be part of a network, they should be connected to other features"
1031548927,way,not appliable,not appliable,"Crossings are generally connected to a sidewalk, but some map them lines separately, so <b>watch out for false positives</b>. In general, crossings are designed to be part of a network, they should be connected to other features"
1031551623,way,not appliable,not appliable,"Crossings are generally connected to a sidewalk, but some map them lines separately, so <b>watch out for false positives</b>. In general, crossings are designed to be part of a network, they should be connected to other features"
1031551624,way,not appliable,not appliable,"Crossings are generally connected to a sidewalk, but some map them lines separately, so <b>watch out for false positives</b>. In general, crossings are designed to be part of a network, they should be connected to other features"
1031905434,way,not appliable,not appliable,"Crossings are generally connected to a sidewalk, but some map them lines separately, so <b>watch out for false positives</b>. In general, crossings are designed to be part of a network, they should be connected to other features"
1031905436,way,not appliable,not appliable,"Crossings are generally connected to a sidewalk, but some map them lines separately, so <b>watch out for false positives</b>. In general, crossings are designed to be part of a network, they should be connected to other features"
1031905437,way,not appliable,not appliable,"Crossings are generally connected to a sidewalk, but some map them lines separately, so <b>watch out for false positives</b>. In general, crossings are designed to be part of a network, they should be connected to other features"
1031905439,way,not appliable,not appliable,"Crossings are generally connected to a sidewalk, but some map them lines separately, so <b>watch out for false positives</b>. In general, crossings are designed to be part of a network, they should be connected to other features"
1031913028,way,not appliable,not appliable,"Crossings are generally connected to a sidewalk, but some map them lines separately, so <b>watch out for false positives</b>. In general, crossings are designed to be part of a network, they should be connected to other features"
1031913032,way,not appliable,not appliable,"Crossings are generally connected to a sidewalk, but some map them lines separately, so <b>watch out for false positives</b>. In general, crossings are designed to be part of a network, they should be connected to other features"
1031913033,way,not appliable,not appliable,"Crossings are generally connected to a sidewalk, but some map them lines separately, so <b>watch out for false positives</b>. In general, crossings are designed to be part of a network, they should be connected to other features"
1032080209,way,not appliable,not appliable,"Crossings are generally connected to a sidewalk, but some map them lines separately, so <b>watch out for false positives</b>. In general, crossings are designed to be part of a network, they should be connected to other features"
1032356288,way,not appliable,not appliable,"Crossings are generally connected to a sidewalk, but some map them lines separately, so <b>watch out for false positives</b>. In general, crossings are designed to be part of a network, they should be connected to other features"
1032409479,way,not appliable,not appliable,"Crossings are generally connected to a sidewalk, but some map them lines separately, so <b>watch out for false positives</b>. In general, crossings are designed to be part of a network, they should be connected to other features"
1032409485,way,not appliable,not appliable,"Crossings are generally connected to a sidewalk, but some map them lines separately, so <b>watch out for false positives</b>. In general, crossings are designed to be part of a network, they should be connected to other features"
1032409631,way,not appliable,not appliable,"Crossings are generally connected to a sidewalk, but some map them lines separately, so <b>watch out for false positives</b>. In general, crossings are designed to be part of a network, they should be connected to other features"
1032468616,way,not appliable,not appliable,"Crossings are generally connected to a sidewalk, but some map them lines separately, so <b>watch out for false positives</b>. In general, crossings are designed to be part of a network, they should be connected to other features"
1032468617,way,not appliable,not appliable,"Crossings are generally connected to a sidewalk, but some map them lines separately, so <b>watch out for false positives</b>. In general, crossings are designed to be part of a network, they should be connected to other features"
1032468619,way,not appliable,not appliable,"Crossings are generally connected to a sidewalk, but some map them lines separately, so <b>watch out for false positives</b>. In general, crossings are designed to be part of a network, they should be connected to other features"
1032614723,way,not appliable,not appliable,"Crossings are generally connected to a sidewalk, but some map them lines separately, so <b>watch out for false positives</b>. In general, crossings are designed to be part of a network, they should be connected to other features"
1032656608,way,not appliable,not appliable,"Crossings are generally connected to a sidewalk, but some map them lines separately, so <b>watch out for false positives</b>. In general, crossings are designed to be part of a network, they should be connected to other features"
1034010540,way,not appliable,not appliable,"Crossings are generally connected to a sidewalk, but some map them lines separately, so <b>watch out for false positives</b>. In general, crossings are designed to be part of a network, they should be connected to other features"
1034010545,way,not appliable,not appliable,"Crossings are generally connected to a sidewalk, but some map them lines separately, so <b>watch out for false positives</b>. In general, crossings are designed to be part of a network, they should be connected to other features"
1034010547,way,not appliable,not appliable,"Crossings are generally connected to a sidewalk, but some map them lines separately, so <b>watch out for false positives</b>. In general, crossings are designed to be part of a network, they should be connected to other features"
1034011423,way,not appliable,not appliable,"Crossings are generally connected to a sidewalk, but some map them lines separately, so <b>watch out for false positives</b>. In general, crossings are designed to be part of a network, they should be connected to other features"
1034011425,way,not appliable,not appliable,"Crossings are generally connected to a sidewalk, but some map them lines separately, so <b>watch out for false positives</b>. In general, crossings are designed to be part of a network, they should be connected to other features"
1034012781,way,not appliable,not appliable,"Crossings are generally connected to a sidewalk, but some map them lines separately, so <b>watch out for false positives</b>. In general, crossings are designed to be part of a network, they should be connected to other features"
1034054934,way,not appliable,not appliable,"Crossings are generally connected to a sidewalk, but some map them lines separately, so <b>watch out for false positives</b>. In general, crossings are designed to be part of a network, they should be connected to other features"
1034054940,way,not appliable,not appliable,"Crossings are generally connected to a sidewalk, but some map them lines separately, so <b>watch out for false positives</b>. In general, crossings are designed to be part of a network, they should be connected to other features"
1034054947,way,not appliable,not appliable,"Crossings are generally connected to a sidewalk, but some map them lines separately, so <b>watch out for false positives</b>. In general, crossings are designed to be part of a network, they should be connected to other features"
1034055502,way,not appliable,not appliable,"Crossings are generally connected to a sidewalk, but some map them lines separately, so <b>watch out for false positives</b>. In general, crossings are designed to be part of a network, they should be connected to other features"
1034058193,way,not appliable,not appliable,"Crossings are generally connected to a sidewalk, but some map them lines separately, so <b>watch out for false positives</b>. In general, crossings are designed to be part of a network, they should be connected to other features"
1034058194,way,not appliable,not appliable,"Crossings are generally connected to a sidewalk, but some map them lines separately, so <b>watch out for false positives</b>. In general, crossings are designed to be part of a network, they should be connected to other features"
1034058483,way,not appliable,not appliable,"Crossings are generally connected to a sidewalk, but some map them lines separately, so <b>watch out for false positives</b>. In general, crossings are designed to be part of a network, they should be connected to other features"
1034061563,way,not appliable,not appliable,"Crossings are generally connected to a sidewalk, but some map them lines separately, so <b>watch out for false positives</b>. In general, crossings are designed to be part of a network, they should be connected to other features"
1034062615,way,not appliable,not appliable,"Crossings are generally connected to a sidewalk, but some map them lines separately, so <b>watch out for false positives</b>. In general, crossings are designed to be part of a network, they should be connected to other features"
1034062617,way,not appliable,not appliable,"Crossings are generally connected to a sidewalk, but some map them lines separately, so <b>watch out for false positives</b>. In general, crossings are designed to be part of a network, they should be connected to other features"
1034062619,way,not appliable,not appliable,"Crossings are generally connected to a sidewalk, but some map them lines separately, so <b>watch out for false positives</b>. In general, crossings are designed to be part of a network, they should be connected to other features"
1034062620,way,not appliable,not appliable,"Crossings are generally connected to a sidewalk, but some map them lines separately, so <b>watch out for false positives</b>. In general, crossings are designed to be part of a network, they should be connected to other features"
1034062621,way,not appliable,not appliable,"Crossings are generally connected to a sidewalk, but some map them lines separately, so <b>watch out for false positives</b>. In general, crossings are designed to be part of a network, they should be connected to other features"
1034062623,way,not appliable,not appliable,"Crossings are generally connected to a sidewalk, but some map them lines separately, so <b>watch out for false positives</b>. In general, crossings are designed to be part of a network, they should be connected to other features"
1034062626,way,not appliable,not appliable,"Crossings are generally connected to a sidewalk, but some map them lines separately, so <b>watch out for false positives</b>. In general, crossings are designed to be part of a network, they should be connected to other features"
1034062629,way,not appliable,not appliable,"Crossings are generally connected to a sidewalk, but some map them lines separately, so <b>watch out for false positives</b>. In general, crossings are designed to be part of a network, they should be connected to other features"
1034062631,way,not appliable,not appliable,"Crossings are generally connected to a sidewalk, but some map them lines separately, so <b>watch out for false positives</b>. In general, crossings are designed to be part of a network, they should be connected to other features"
1034062632,way,not appliable,not appliable,"Crossings are generally connected to a sidewalk, but some map them lines separately, so <b>watch out for false positives</b>. In general, crossings are designed to be part of a network, they should be connected to other features"
1034062635,way,not appliable,not appliable,"Crossings are generally connected to a sidewalk, but some map them lines separately, so <b>watch out for false positives</b>. In general, crossings are designed to be part of a network, they should be connected to other features"
1034062636,way,not appliable,not appliable,"Crossings are generally connected to a sidewalk, but some map them lines separately, so <b>watch out for false positives</b>. In general, crossings are designed to be part of a network, they should be connected to other features"
1034062637,way,not appliable,not appliable,"Crossings are generally connected to a sidewalk, but some map them lines separately, so <b>watch out for false positives</b>. In general, crossings are designed to be part of a network, they should be connected to other features"
1034063389,way,not appliable,not appliable,"Crossings are generally connected to a sidewalk, but some map them lines separately, so <b>watch out for false positives</b>. In general, crossings are designed to be part of a network, they should be connected to other features"
1034064494,way,not appliable,not appliable,"Crossings are generally connected to a sidewalk, but some map them lines separately, so <b>watch out for false positives</b>. In general, crossings are designed to be part of a network, they should be connected to other features"
1034064497,way,not appliable,not appliable,"Crossings are generally connected to a sidewalk, but some map them lines separately, so <b>watch out for false positives</b>. In general, crossings are designed to be part of a network, they should be connected to other features"
1034064500,way,not appliable,not appliable,"Crossings are generally connected to a sidewalk, but some map them lines separately, so <b>watch out for false positives</b>. In general, crossings are designed to be part of a network, they should be connected to other features"
1034064501,way,not appliable,not appliable,"Crossings are generally connected to a sidewalk, but some map them lines separately, so <b>watch out for false positives</b>. In general, crossings are designed to be part of a network, they should be connected to other features"
1034073209,way,not appliable,not appliable,"Crossings are generally connected to a sidewalk, but some map them lines separately, so <b>watch out for false positives</b>. In general, crossings are designed to be part of a network, they should be connected to other features"
1034073212,way,not appliable,not appliable,"Crossings are generally connected to a sidewalk, but some map them lines separately, so <b>watch out for false positives</b>. In general, crossings are designed to be part of a network, they should be connected to other features"
1034075736,way,not appliable,not appliable,"Crossings are generally connected to a sidewalk, but some map them lines separately, so <b>watch out for false positives</b>. In general, crossings are designed to be part of a network, they should be connected to other features"
1034330716,way,not appliable,not appliable,"Crossings are generally connected to a sidewalk, but some map them lines separately, so <b>watch out for false positives</b>. In general, crossings are designed to be part of a network, they should be connected to other features"
1034336805,way,not appliable,not appliable,"Crossings are generally connected to a sidewalk, but some map them lines separately, so <b>watch out for false positives</b>. In general, crossings are designed to be part of a network, they should be connected to other features"
1034371958,way,not appliable,not appliable,"Crossings are generally connected to a sidewalk, but some map them lines separately, so <b>watch out for false positives</b>. In general, crossings are designed to be part of a network, they should be connected to other features"
1034371959,way,not appliable,not appliable,"Crossings are generally connected to a sidewalk, but some map them lines separately, so <b>watch out for false positives</b>. In general, crossings are designed to be part of a network, they should be connected to other features"
1034697320,way,not appliable,not appliable,"Crossings are generally connected to a sidewalk, but some map them lines separately, so <b>watch out for false positives</b>. In general, crossings are designed to be part of a network, they should be connected to other features"
1034697328,way,not appliable,not appliable,"Crossings are generally connected to a sidewalk, but some map them lines separately, so <b>watch out for false positives</b>. In general, crossings are designed to be part of a network, they should be connected to other features"
1034701076,way,not appliable,not appliable,"Crossings are generally connected to a sidewalk, but some map them lines separately, so <b>watch out for false positives</b>. In general, crossings are designed to be part of a network, they should be connected to other features"
1034703011,way,not appliable,not appliable,"Crossings are generally connected to a sidewalk, but some map them lines separately, so <b>watch out for false positives</b>. In general, crossings are designed to be part of a network, they should be connected to other features"
1034703013,way,not appliable,not appliable,"Crossings are generally connected to a sidewalk, but some map them lines separately, so <b>watch out for false positives</b>. In general, crossings are designed to be part of a network, they should be connected to other features"
1034703015,way,not appliable,not appliable,"Crossings are generally connected to a sidewalk, but some map them lines separately, so <b>watch out for false positives</b>. In general, crossings are designed to be part of a network, they should be connected to other features"
1034705701,way,not appliable,not appliable,"Crossings are generally connected to a sidewalk, but some map them lines separately, so <b>watch out for false positives</b>. In general, crossings are designed to be part of a network, they should be connected to other features"
1034705702,way,not appliable,not appliable,"Crossings are generally connected to a sidewalk, but some map them lines separately, so <b>watch out for false positives</b>. In general, crossings are designed to be part of a network, they should be connected to other features"
1034707157,way,not appliable,not appliable,"Crossings are generally connected to a sidewalk, but some map them lines separately, so <b>watch out for false positives</b>. In general, crossings are designed to be part of a network, they should be connected to other features"
1034707161,way,not appliable,not appliable,"Crossings are generally connected to a sidewalk, but some map them lines separately, so <b>watch out for false positives</b>. In general, crossings are designed to be part of a network, they should be connected to other features"
1034707163,way,not appliable,not appliable,"Crossings are generally connected to a sidewalk, but some map them lines separately, so <b>watch out for false positives</b>. In general, crossings are designed to be part of a network, they should be connected to other features"
1039216264,way,not appliable,not appliable,"Crossings are generally connected to a sidewalk, but some map them lines separately, so <b>watch out for false positives</b>. In general, crossings are designed to be part of a network, they should be connected to other features"
1039216266,way,not appliable,not appliable,"Crossings are generally connected to a sidewalk, but some map them lines separately, so <b>watch out for false positives</b>. In general, crossings are designed to be part of a network, they should be connected to other features"
1039216268,way,not appliable,not appliable,"Crossings are generally connected to a sidewalk, but some map them lines separately, so <b>watch out for false positives</b>. In general, crossings are designed to be part of a network, they should be connected to other features"
1039216270,way,not appliable,not appliable,"Crossings are generally connected to a sidewalk, but some map them lines separately, so <b>watch out for false positives</b>. In general, crossings are designed to be part of a network, they should be connected to other features"
1052892929,way,not appliable,not appliable,"Crossings are generally connected to a sidewalk, but some map them lines separately, so <b>watch out for false positives</b>. In general, crossings are designed to be part of a network, they should be connected to other features"
1052899110,way,not appliable,not appliable,"Crossings are generally connected to a sidewalk, but some map them lines separately, so <b>watch out for false positives</b>. In general, crossings are designed to be part of a network, they should be connected to other features"
1052899112,way,not appliable,not appliable,"Crossings are generally connected to a sidewalk, but some map them lines separately, so <b>watch out for false positives</b>. In general, crossings are designed to be part of a network, they should be connected to other features"
1052899113,way,not appliable,not appliable,"Crossings are generally connected to a sidewalk, but some map them lines separately, so <b>watch out for false positives</b>. In general, crossings are designed to be part of a network, they should be connected to other features"
1055552443,way,not appliable,not appliable,"Crossings are generally connected to a sidewalk, but some map them lines separately, so <b>watch out for false positives</b>. In general, crossings are designed to be part of a network, they should be connected to other features"
1055552445,way,not appliable,not appliable,"Crossings are generally connected to a sidewalk, but some map them lines separately, so <b>watch out for false positives</b>. In general, crossings are designed to be part of a network, they should be connected to other features"
1069139851,way,not appliable,not appliable,"Crossings are generally connected to a sidewalk, but some map them lines separately, so <b>watch out for false positives</b>. In general, crossings are designed to be part of a network, they should be connected to other features"
1070511595,way,not appliable,not appliable,"Crossings are generally connected to a sidewalk, but some map them lines separately, so <b>watch out for false positives</b>. In general, crossings are designed to be part of a network, they should be connected to other features"
1070511596,way,not appliable,not appliable,"Crossings are generally connected to a sidewalk, but some map them lines separately, so <b>watch out for false positives</b>. In general, crossings are designed to be part of a network, they should be connected to other features"
1070511598,way,not appliable,not appliable,"Crossings are generally connected to a sidewalk, but some map them lines separately, so <b>watch out for false positives</b>. In general, crossings are designed to be part of a network, they should be connected to other features"
1070511602,way,not appliable,not appliable,"Crossings are generally connected to a sidewalk, but some map them lines separately, so <b>watch out for false positives</b>. In general, crossings are designed to be part of a network, they should be connected to other features"
1070511605,way,not appliable,not appliable,"Crossings are generally connected to a sidewalk, but some map them lines separately, so <b>watch out for false positives</b>. In general, crossings are designed to be part of a network, they should be connected to other features"
1070511621,way,not appliable,not appliable,"Crossings are generally connected to a sidewalk, but some map them lines separately, so <b>watch out for false positives</b>. In general, crossings are designed to be part of a network, they should be connected to other features"
1070514384,way,not appliable,not appliable,"Crossings are generally connected to a sidewalk, but some map them lines separately, so <b>watch out for false positives</b>. In general, crossings are designed to be part of a network, they should be connected to other features"
1070514393,way,not appliable,not appliable,"Crossings are generally connected to a sidewalk, but some map them lines separately, so <b>watch out for false positives</b>. In general, crossings are designed to be part of a network, they should be connected to other features"
1070514824,way,not appliable,not appliable,"Crossings are generally connected to a sidewalk, but some map them lines separately, so <b>watch out for false positives</b>. In general, crossings are designed to be part of a network, they should be connected to other features"
1070514831,way,not appliable,not appliable,"Crossings are generally connected to a sidewalk, but some map them lines separately, so <b>watch out for false positives</b>. In general, crossings are designed to be part of a network, they should be connected to other features"
1071431134,way,not appliable,not appliable,"Crossings are generally connected to a sidewalk, but some map them lines separately, so <b>watch out for false positives</b>. In general, crossings are designed to be part of a network, they should be connected to other features"
1071431135,way,not appliable,not appliable,"Crossings are generally connected to a sidewalk, but some map them lines separately, so <b>watch out for false positives</b>. In general, crossings are designed to be part of a network, they should be connected to other features"
1071431136,way,not appliable,not appliable,"Crossings are generally connected to a sidewalk, but some map them lines separately, so <b>watch out for false positives</b>. In general, crossings are designed to be part of a network, they should be connected to other features"
1071431137,way,not appliable,not appliable,"Crossings are generally connected to a sidewalk, but some map them lines separately, so <b>watch out for false positives</b>. In general, crossings are designed to be part of a network, they should be connected to other features"
1071431138,way,not appliable,not appliable,"Crossings are generally connected to a sidewalk, but some map them lines separately, so <b>watch out for false positives</b>. In general, crossings are designed to be part of a network, they should be connected to other features"
1071431139,way,not appliable,not appliable,"Crossings are generally connected to a sidewalk, but some map them lines separately, so <b>watch out for false positives</b>. In general, crossings are designed to be part of a network, they should be connected to other features"
1071431142,way,not appliable,not appliable,"Crossings are generally connected to a sidewalk, but some map them lines separately, so <b>watch out for false positives</b>. In general, crossings are designed to be part of a network, they should be connected to other features"
1071431143,way,not appliable,not appliable,"Crossings are generally connected to a sidewalk, but some map them lines separately, so <b>watch out for false positives</b>. In general, crossings are designed to be part of a network, they should be connected to other features"
1071431145,way,not appliable,not appliable,"Crossings are generally connected to a sidewalk, but some map them lines separately, so <b>watch out for false positives</b>. In general, crossings are designed to be part of a network, they should be connected to other features"
1071431146,way,not appliable,not appliable,"Crossings are generally connected to a sidewalk, but some map them lines separately, so <b>watch out for false positives</b>. In general, crossings are designed to be part of a network, they should be connected to other features"
1071431147,way,not appliable,not appliable,"Crossings are generally connected to a sidewalk, but some map them lines separately, so <b>watch out for false positives</b>. In general, crossings are designed to be part of a network, they should be connected to other features"
1071431148,way,not appliable,not appliable,"Crossings are generally connected to a sidewalk, but some map them lines separately, so <b>watch out for false positives</b>. In general, crossings are designed to be part of a network, they should be connected to other features"
1071431149,way,not appliable,not appliable,"Crossings are generally connected to a sidewalk, but some map them lines separately, so <b>watch out for false positives</b>. In general, crossings are designed to be part of a network, they should be connected to other features"
1071431150,way,not appliable,not appliable,"Crossings are generally connected to a sidewalk, but some map them lines separately, so <b>watch out for false positives</b>. In general, crossings are designed to be part of a network, they should be connected to other features"
1071431151,way,not appliable,not appliable,"Crossings are generally connected to a sidewalk, but some map them lines separately, so <b>watch out for false positives</b>. In general, crossings are designed to be part of a network, they should be connected to other features"
1071431152,way,not appliable,not appliable,"Crossings are generally connected to a sidewalk, but some map them lines separately, so <b>watch out for false positives</b>. In general, crossings are designed to be part of a network, they should be connected to other features"
1071431153,way,not appliable,not appliable,"Crossings are generally connected to a sidewalk, but some map them lines separately, so <b>watch out for false positives</b>. In general, crossings are designed to be part of a network, they should be connected to other features"
1071431154,way,not appliable,not appliable,"Crossings are generally connected to a sidewalk, but some map them lines separately, so <b>watch out for false positives</b>. In general, crossings are designed to be part of a network, they should be connected to other features"
1071431157,way,not appliable,not appliable,"Crossings are generally connected to a sidewalk, but some map them lines separately, so <b>watch out for false positives</b>. In general, crossings are designed to be part of a network, they should be connected to other features"
1071431158,way,not appliable,not appliable,"Crossings are generally connected to a sidewalk, but some map them lines separately, so <b>watch out for false positives</b>. In general, crossings are designed to be part of a network, they should be connected to other features"
1071431159,way,not appliable,not appliable,"Crossings are generally connected to a sidewalk, but some map them lines separately, so <b>watch out for false positives</b>. In general, crossings are designed to be part of a network, they should be connected to other features"
1071431160,way,not appliable,not appliable,"Crossings are generally connected to a sidewalk, but some map them lines separately, so <b>watch out for false positives</b>. In general, crossings are designed to be part of a network, they should be connected to other features"
1071431163,way,not appliable,not appliable,"Crossings are generally connected to a sidewalk, but some map them lines separately, so <b>watch out for false positives</b>. In general, crossings are designed to be part of a network, they should be connected to other features"
1071431164,way,not appliable,not appliable,"Crossings are generally connected to a sidewalk, but some map them lines separately, so <b>watch out for false positives</b>. In general, crossings are designed to be part of a network, they should be connected to other features"
1071431165,way,not appliable,not appliable,"Crossings are generally connected to a sidewalk, but some map them lines separately, so <b>watch out for false positives</b>. In general, crossings are designed to be part of a network, they should be connected to other features"
1071431166,way,not appliable,not appliable,"Crossings are generally connected to a sidewalk, but some map them lines separately, so <b>watch out for false positives</b>. In general, crossings are designed to be part of a network, they should be connected to other features"
1071431167,way,not appliable,not appliable,"Crossings are generally connected to a sidewalk, but some map them lines separately, so <b>watch out for false positives</b>. In general, crossings are designed to be part of a network, they should be connected to other features"
1071431168,way,not appliable,not appliable,"Crossings are generally connected to a sidewalk, but some map them lines separately, so <b>watch out for false positives</b>. In general, crossings are designed to be part of a network, they should be connected to other features"
1071431171,way,not appliable,not appliable,"Crossings are generally connected to a sidewalk, but some map them lines separately, so <b>watch out for false positives</b>. In general, crossings are designed to be part of a network, they should be connected to other features"
1071431172,way,not appliable,not appliable,"Crossings are generally connected to a sidewalk, but some map them lines separately, so <b>watch out for false positives</b>. In general, crossings are designed to be part of a network, they should be connected to other features"
1071431173,way,not appliable,not appliable,"Crossings are generally connected to a sidewalk, but some map them lines separately, so <b>watch out for false positives</b>. In general, crossings are designed to be part of a network, they should be connected to other features"
1071431174,way,not appliable,not appliable,"Crossings are generally connected to a sidewalk, but some map them lines separately, so <b>watch out for false positives</b>. In general, crossings are designed to be part of a network, they should be connected to other features"
1071431177,way,not appliable,not appliable,"Crossings are generally connected to a sidewalk, but some map them lines separately, so <b>watch out for false positives</b>. In general, crossings are designed to be part of a network, they should be connected to other features"
1071431178,way,not appliable,not appliable,"Crossings are generally connected to a sidewalk, but some map them lines separately, so <b>watch out for false positives</b>. In general, crossings are designed to be part of a network, they should be connected to other features"
1071431179,way,not appliable,not appliable,"Crossings are generally connected to a sidewalk, but some map them lines separately, so <b>watch out for false positives</b>. In general, crossings are designed to be part of a network, they should be connected to other features"
1071431180,way,not appliable,not appliable,"Crossings are generally connected to a sidewalk, but some map them lines separately, so <b>watch out for false positives</b>. In general, crossings are designed to be part of a network, they should be connected to other features"
1071431183,way,not appliable,not appliable,"Crossings are generally connected to a sidewalk, but some map them lines separately, so <b>watch out for false positives</b>. In general, crossings are designed to be part of a network, they should be connected to other features"
1071431184,way,not appliable,not appliable,"Crossings are generally connected to a sidewalk, but some map them lines separately, so <b>watch out for false positives</b>. In general, crossings are designed to be part of a network, they should be connected to other features"
1071853741,way,not appliable,not appliable,"Crossings are generally connected to a sidewalk, but some map them lines separately, so <b>watch out for false positives</b>. In general, crossings are designed to be part of a network, they should be connected to other features"
1071853742,way,not appliable,not appliable,"Crossings are generally connected to a sidewalk, but some map them lines separately, so <b>watch out for false positives</b>. In general, crossings are designed to be part of a network, they should be connected to other features"
1072201946,way,not appliable,not appliable,"Crossings are generally connected to a sidewalk, but some map them lines separately, so <b>watch out for false positives</b>. In general, crossings are designed to be part of a network, they should be connected to other features"
1072201948,way,not appliable,not appliable,"Crossings are generally connected to a sidewalk, but some map them lines separately, so <b>watch out for false positives</b>. In general, crossings are designed to be part of a network, they should be connected to other features"
1072201949,way,not appliable,not appliable,"Crossings are generally connected to a sidewalk, but some map them lines separately, so <b>watch out for false positives</b>. In general, crossings are designed to be part of a network, they should be connected to other features"
1072201953,way,not appliable,not appliable,"Crossings are generally connected to a sidewalk, but some map them lines separately, so <b>watch out for false positives</b>. In general, crossings are designed to be part of a network, they should be connected to other features"
1072201955,way,not appliable,not appliable,"Crossings are generally connected to a sidewalk, but some map them lines separately, so <b>watch out for false positives</b>. In general, crossings are designed to be part of a network, they should be connected to other features"
1072201956,way,not appliable,not appliable,"Crossings are generally connected to a sidewalk, but some map them lines separately, so <b>watch out for false positives</b>. In general, crossings are designed to be part of a network, they should be connected to other features"
1072201957,way,not appliable,not appliable,"Crossings are generally connected to a sidewalk, but some map them lines separately, so <b>watch out for false positives</b>. In general, crossings are designed to be part of a network, they should be connected to other features"
1072205986,way,not appliable,not appliable,"Crossings are generally connected to a sidewalk, but some map them lines separately, so <b>watch out for false positives</b>. In general, crossings are designed to be part of a network, they should be connected to other features"
1072205987,way,not appliable,not appliable,"Crossings are generally connected to a sidewalk, but some map them lines separately, so <b>watch out for false positives</b>. In general, crossings are designed to be part of a network, they should be connected to other features"
1072205988,way,not appliable,not appliable,"Crossings are generally connected to a sidewalk, but some map them lines separately, so <b>watch out for false positives</b>. In general, crossings are designed to be part of a network, they should be connected to other features"
1072205990,way,not appliable,not appliable,"Crossings are generally connected to a sidewalk, but some map them lines separately, so <b>watch out for false positives</b>. In general, crossings are designed to be part of a network, they should be connected to other features"
1072205991,way,not appliable,not appliable,"Crossings are generally connected to a sidewalk, but some map them lines separately, so <b>watch out for false positives</b>. In general, crossings are designed to be part of a network, they should be connected to other features"
1072205992,way,not appliable,not appliable,"Crossings are generally connected to a sidewalk, but some map them lines separately, so <b>watch out for false positives</b>. In general, crossings are designed to be part of a network, they should be connected to other features"
1072205994,way,not appliable,not appliable,"Crossings are generally connected to a sidewalk, but some map them lines separately, so <b>watch out for false positives</b>. In general, crossings are designed to be part of a network, they should be connected to other features"
1072205996,way,not appliable,not appliable,"Crossings are generally connected to a sidewalk, but some map them lines separately, so <b>watch out for false positives</b>. In general, crossings are designed to be part of a network, they should be connected to other features"
1072206000,way,not appliable,not appliable,"Crossings are generally connected to a sidewalk, but some map them lines separately, so <b>watch out for false positives</b>. In general, crossings are designed to be part of a network, they should be connected to other features"
1072206002,way,not appliable,not appliable,"Crossings are generally connected to a sidewalk, but some map them lines separately, so <b>watch out for false positives</b>. In general, crossings are designed to be part of a network, they should be connected to other features"
1072206004,way,not appliable,not appliable,"Crossings are generally connected to a sidewalk, but some map them lines separately, so <b>watch out for false positives</b>. In general, crossings are designed to be part of a network, they should be connected to other features"
1072206005,way,not appliable,not appliable,"Crossings are generally connected to a sidewalk, but some map them lines separately, so <b>watch out for false positives</b>. In general, crossings are designed to be part of a network, they should be connected to other features"
1072206008,way,not appliable,not appliable,"Crossings are generally connected to a sidewalk, but some map them lines separately, so <b>watch out for false positives</b>. In general, crossings are designed to be part of a network, they should be connected to other features"
1072206010,way,not appliable,not appliable,"Crossings are generally connected to a sidewalk, but some map them lines separately, so <b>watch out for false positives</b>. In general, crossings are designed to be part of a network, they should be connected to other features"
1072206014,way,not appliable,not appliable,"Crossings are generally connected to a sidewalk, but some map them lines separately, so <b>watch out for false positives</b>. In general, crossings are designed to be part of a network, they should be connected to other features"
1072206016,way,not appliable,not appliable,"Crossings are generally connected to a sidewalk, but some map them lines separately, so <b>watch out for false positives</b>. In general, crossings are designed to be part of a network, they should be connected to other features"
1073438559,way,not appliable,not appliable,"Crossings are generally connected to a sidewalk, but some map them lines separately, so <b>watch out for false positives</b>. In general, crossings are designed to be part of a network, they should be connected to other features"
1073438560,way,not appliable,not appliable,"Crossings are generally connected to a sidewalk, but some map them lines separately, so <b>watch out for false positives</b>. In general, crossings are designed to be part of a network, they should be connected to other features"
1074838702,way,not appliable,not appliable,"Crossings are generally connected to a sidewalk, but some map them lines separately, so <b>watch out for false positives</b>. In general, crossings are designed to be part of a network, they should be connected to other features"
1082229321,way,not appliable,not appliable,"Crossings are generally connected to a sidewalk, but some map them lines separately, so <b>watch out for false positives</b>. In general, crossings are designed to be part of a network, they should be connected to other features"
1083378270,way,not appliable,not appliable,"Crossings are generally connected to a sidewalk, but some map them lines separately, so <b>watch out for false positives</b>. In general, crossings are designed to be part of a network, they should be connected to other features"
1083379828,way,not appliable,not appliable,"Crossings are generally connected to a sidewalk, but some map them lines separately, so <b>watch out for false positives</b>. In general, crossings are designed to be part of a network, they should be connected to other features"
1083379830,way,not appliable,not appliable,"Crossings are generally connected to a sidewalk, but some map them lines separately, so <b>watch out for false positives</b>. In general, crossings are designed to be part of a network, they should be connected to other features"
1083379834,way,not appliable,not appliable,"Crossings are generally connected to a sidewalk, but some map them lines separately, so <b>watch out for false positives</b>. In general, crossings are designed to be part of a network, they should be connected to other features"
1083379836,way,not appliable,not appliable,"Crossings are generally connected to a sidewalk, but some map them lines separately, so <b>watch out for false positives</b>. In general, crossings are designed to be part of a network, they should be connected to other features"
1083379837,way,not appliable,not appliable,"Crossings are generally connected to a sidewalk, but some map them lines separately, so <b>watch out for false positives</b>. In general, crossings are designed to be part of a network, they should be connected to other features"
1083379839,way,not appliable,not appliable,"Crossings are generally connected to a sidewalk, but some map them lines separately, so <b>watch out for false positives</b>. In general, crossings are designed to be part of a network, they should be connected to other features"
1083379840,way,not appliable,not appliable,"Crossings are generally connected to a sidewalk, but some map them lines separately, so <b>watch out for false positives</b>. In general, crossings are designed to be part of a network, they should be connected to other features"
1083379842,way,not appliable,not appliable,"Crossings are generally connected to a sidewalk, but some map them lines separately, so <b>watch out for false positives</b>. In general, crossings are designed to be part of a network, they should be connected to other features"
1083379843,way,not appliable,not appliable,"Crossings are generally connected to a sidewalk, but some map them lines separately, so <b>watch out for false positives</b>. In general, crossings are designed to be part of a network, they should be connected to other features"
1083379845,way,not appliable,not appliable,"Crossings are generally connected to a sidewalk, but some map them lines separately, so <b>watch out for false positives</b>. In general, crossings are designed to be part of a network, they should be connected to other features"
1083379847,way,not appliable,not appliable,"Crossings are generally connected to a sidewalk, but some map them lines separately, so <b>watch out for false positives</b>. In general, crossings are designed to be part of a network, they should be connected to other features"
1083379848,way,not appliable,not appliable,"Crossings are generally connected to a sidewalk, but some map them lines separately, so <b>watch out for false positives</b>. In general, crossings are designed to be part of a network, they should be connected to other features"
1083379850,way,not appliable,not appliable,"Crossings are generally connected to a sidewalk, but some map them lines separately, so <b>watch out for false positives</b>. In general, crossings are designed to be part of a network, they should be connected to other features"
1083379851,way,not appliable,not appliable,"Crossings are generally connected to a sidewalk, but some map them lines separately, so <b>watch out for false positives</b>. In general, crossings are designed to be part of a network, they should be connected to other features"
1083379853,way,not appliable,not appliable,"Crossings are generally connected to a sidewalk, but some map them lines separately, so <b>watch out for false positives</b>. In general, crossings are designed to be part of a network, they should be connected to other features"
1083379854,way,not appliable,not appliable,"Crossings are generally connected to a sidewalk, but some map them lines separately, so <b>watch out for false positives</b>. In general, crossings are designed to be part of a network, they should be connected to other features"
1083379856,way,not appliable,not appliable,"Crossings are generally connected to a sidewalk, but some map them lines separately, so <b>watch out for false positives</b>. In general, crossings are designed to be part of a network, they should be connected to other features"
1083379857,way,not appliable,not appliable,"Crossings are generally connected to a sidewalk, but some map them lines separately, so <b>watch out for false positives</b>. In general, crossings are designed to be part of a network, they should be connected to other features"
1083379859,way,not appliable,not appliable,"Crossings are generally connected to a sidewalk, but some map them lines separately, so <b>watch out for false positives</b>. In general, crossings are designed to be part of a network, they should be connected to other features"
1083379860,way,not appliable,not appliable,"Crossings are generally connected to a sidewalk, but some map them lines separately, so <b>watch out for false positives</b>. In general, crossings are designed to be part of a network, they should be connected to other features"
1083379862,way,not appliable,not appliable,"Crossings are generally connected to a sidewalk, but some map them lines separately, so <b>watch out for false positives</b>. In general, crossings are designed to be part of a network, they should be connected to other features"
1083396158,way,not appliable,not appliable,"Crossings are generally connected to a sidewalk, but some map them lines separately, so <b>watch out for false positives</b>. In general, crossings are designed to be part of a network, they should be connected to other features"
1083396161,way,not appliable,not appliable,"Crossings are generally connected to a sidewalk, but some map them lines separately, so <b>watch out for false positives</b>. In general, crossings are designed to be part of a network, they should be connected to other features"
1083396164,way,not appliable,not appliable,"Crossings are generally connected to a sidewalk, but some map them lines separately, so <b>watch out for false positives</b>. In general, crossings are designed to be part of a network, they should be connected to other features"
1083396167,way,not appliable,not appliable,"Crossings are generally connected to a sidewalk, but some map them lines separately, so <b>watch out for false positives</b>. In general, crossings are designed to be part of a network, they should be connected to other features"
1083396169,way,not appliable,not appliable,"Crossings are generally connected to a sidewalk, but some map them lines separately, so <b>watch out for false positives</b>. In general, crossings are designed to be part of a network, they should be connected to other features"
1083396171,way,not appliable,not appliable,"Crossings are generally connected to a sidewalk, but some map them lines separately, so <b>watch out for false positives</b>. In general, crossings are designed to be part of a network, they should be connected to other features"
1083396172,way,not appliable,not appliable,"Crossings are generally connected to a sidewalk, but some map them lines separately, so <b>watch out for false positives</b>. In general, crossings are designed to be part of a network, they should be connected to other features"
1083396173,way,not appliable,not appliable,"Crossings are generally connected to a sidewalk, but some map them lines separately, so <b>watch out for false positives</b>. In general, crossings are designed to be part of a network, they should be connected to other features"
1083396174,way,not appliable,not appliable,"Crossings are generally connected to a sidewalk, but some map them lines separately, so <b>watch out for false positives</b>. In general, crossings are designed to be part of a network, they should be connected to other features"
1083396311,way,not appliable,not appliable,"Crossings are generally connected to a sidewalk, but some map them lines separately, so <b>watch out for false positives</b>. In general, crossings are designed to be part of a network, they should be connected to other features"
1083396312,way,not appliable,not appliable,"Crossings are generally connected to a sidewalk, but some map them lines separately, so <b>watch out for false positives</b>. In general, crossings are designed to be part of a network, they should be connected to other features"
1083403992,way,not appliable,not appliable,"Crossings are generally connected to a sidewalk, but some map them lines separately, so <b>watch out for false positives</b>. In general, crossings are designed to be part of a network, they should be connected to other features"
1083403994,way,not appliable,not appliable,"Crossings are generally connected to a sidewalk, but some map them lines separately, so <b>watch out for false positives</b>. In general, crossings are designed to be part of a network, they should be connected to other features"
1083403995,way,not appliable,not appliable,"Crossings are generally connected to a sidewalk, but some map them lines separately, so <b>watch out for false positives</b>. In general, crossings are designed to be part of a network, they should be connected to other features"
1083403997,way,not appliable,not appliable,"Crossings are generally connected to a sidewalk, but some map them lines separately, so <b>watch out for false positives</b>. In general, crossings are designed to be part of a network, they should be connected to other features"
1083403999,way,not appliable,not appliable,"Crossings are generally connected to a sidewalk, but some map them lines separately, so <b>watch out for false positives</b>. In general, crossings are designed to be part of a network, they should be connected to other features"
1083404000,way,not appliable,not appliable,"Crossings are generally connected to a sidewalk, but some map them lines separately, so <b>watch out for false positives</b>. In general, crossings are designed to be part of a network, they should be connected to other features"
1083404002,way,not appliable,not appliable,"Crossings are generally connected to a sidewalk, but some map them lines separately, so <b>watch out for false positives</b>. In general, crossings are designed to be part of a network, they should be connected to other features"
1083404003,way,not appliable,not appliable,"Crossings are generally connected to a sidewalk, but some map them lines separately, so <b>watch out for false positives</b>. In general, crossings are designed to be part of a network, they should be connected to other features"
1083404005,way,not appliable,not appliable,"Crossings are generally connected to a sidewalk, but some map them lines separately, so <b>watch out for false positives</b>. In general, crossings are designed to be part of a network, they should be connected to other features"
1083404006,way,not appliable,not appliable,"Crossings are generally connected to a sidewalk, but some map them lines separately, so <b>watch out for false positives</b>. In general, crossings are designed to be part of a network, they should be connected to other features"
1083404007,way,not appliable,not appliable,"Crossings are generally connected to a sidewalk, but some map them lines separately, so <b>watch out for false positives</b>. In general, crossings are designed to be part of a network, they should be connected to other features"
1083404008,way,not appliable,not appliable,"Crossings are generally connected to a sidewalk, but some map them lines separately, so <b>watch out for false positives</b>. In general, crossings are designed to be part of a network, they should be connected to other features"
1083404009,way,not appliable,not appliable,"Crossings are generally connected to a sidewalk, but some map them lines separately, so <b>watch out for false positives</b>. In general, crossings are designed to be part of a network, they should be connected to other features"
1083404011,way,not appliable,not appliable,"Crossings are generally connected to a sidewalk, but some map them lines separately, so <b>watch out for false positives</b>. In general, crossings are designed to be part of a network, they should be connected to other features"
1083404012,way,not appliable,not appliable,"Crossings are generally connected to a sidewalk, but some map them lines separately, so <b>watch out for false positives</b>. In general, crossings are designed to be part of a network, they should be connected to other features"
1083404013,way,not appliable,not appliable,"Crossings are generally connected to a sidewalk, but some map them lines separately, so <b>watch out for false positives</b>. In general, crossings are designed to be part of a network, they should be connected to other features"
1083404014,way,not appliable,not appliable,"Crossings are generally connected to a sidewalk, but some map them lines separately, so <b>watch out for false positives</b>. In general, crossings are designed to be part of a network, they should be connected to other features"
1083404015,way,not appliable,not appliable,"Crossings are generally connected to a sidewalk, but some map them lines separately, so <b>watch out for false positives</b>. In general, crossings are designed to be part of a network, they should be connected to other features"
1083404016,way,not appliable,not appliable,"Crossings are generally connected to a sidewalk, but some map them lines separately, so <b>watch out for false positives</b>. In general, crossings are designed to be part of a network, they should be connected to other features"
1083404017,way,not appliable,not appliable,"Crossings are generally connected to a sidewalk, but some map them lines separately, so <b>watch out for false positives</b>. In general, crossings are designed to be part of a network, they should be connected to other features"
1083404018,way,not appliable,not appliable,"Crossings are generally connected to a sidewalk, but some map them lines separately, so <b>watch out for false positives</b>. In general, crossings are designed to be part of a network, they should be connected to other features"
1083404617,way,not appliable,not appliable,"Crossings are generally connected to a sidewalk, but some map them lines separately, so <b>watch out for false positives</b>. In general, crossings are designed to be part of a network, they should be connected to other features"
1083404619,way,not appliable,not appliable,"Crossings are generally connected to a sidewalk, but some map them lines separately, so <b>watch out for false positives</b>. In general, crossings are designed to be part of a network, they should be connected to other features"
1083404621,way,not appliable,not appliable,"Crossings are generally connected to a sidewalk, but some map them lines separately, so <b>watch out for false positives</b>. In general, crossings are designed to be part of a network, they should be connected to other features"
1083404622,way,not appliable,not appliable,"Crossings are generally connected to a sidewalk, but some map them lines separately, so <b>watch out for false positives</b>. In general, crossings are designed to be part of a network, they should be connected to other features"
1083404623,way,not appliable,not appliable,"Crossings are generally connected to a sidewalk, but some map them lines separately, so <b>watch out for false positives</b>. In general, crossings are designed to be part of a network, they should be connected to other features"
1083404625,way,not appliable,not appliable,"Crossings are generally connected to a sidewalk, but some map them lines separately, so <b>watch out for false positives</b>. In general, crossings are designed to be part of a network, they should be connected to other features"
1083404626,way,not appliable,not appliable,"Crossings are generally connected to a sidewalk, but some map them lines separately, so <b>watch out for false positives</b>. In general, crossings are designed to be part of a network, they should be connected to other features"
1083404628,way,not appliable,not appliable,"Crossings are generally connected to a sidewalk, but some map them lines separately, so <b>watch out for false positives</b>. In general, crossings are designed to be part of a network, they should be connected to other features"
1083404629,way,not appliable,not appliable,"Crossings are generally connected to a sidewalk, but some map them lines separately, so <b>watch out for false positives</b>. In general, crossings are designed to be part of a network, they should be connected to other features"
1083404631,way,not appliable,not appliable,"Crossings are generally connected to a sidewalk, but some map them lines separately, so <b>watch out for false positives</b>. In general, crossings are designed to be part of a network, they should be connected to other features"
1083404632,way,not appliable,not appliable,"Crossings are generally connected to a sidewalk, but some map them lines separately, so <b>watch out for false positives</b>. In general, crossings are designed to be part of a network, they should be connected to other features"
1083404634,way,not appliable,not appliable,"Crossings are generally connected to a sidewalk, but some map them lines separately, so <b>watch out for false positives</b>. In general, crossings are designed to be part of a network, they should be connected to other features"
1083404635,way,not appliable,not appliable,"Crossings are generally connected to a sidewalk, but some map them lines separately, so <b>watch out for false positives</b>. In general, crossings are designed to be part of a network, they should be connected to other features"
1083404636,way,not appliable,not appliable,"Crossings are generally connected to a sidewalk, but some map them lines separately, so <b>watch out for false positives</b>. In general, crossings are designed to be part of a network, they should be connected to other features"
1083404637,way,not appliable,not appliable,"Crossings are generally connected to a sidewalk, but some map them lines separately, so <b>watch out for false positives</b>. In general, crossings are designed to be part of a network, they should be connected to other features"
1083404638,way,not appliable,not appliable,"Crossings are generally connected to a sidewalk, but some map them lines separately, so <b>watch out for false positives</b>. In general, crossings are designed to be part of a network, they should be connected to other features"
1083404639,way,not appliable,not appliable,"Crossings are generally connected to a sidewalk, but some map them lines separately, so <b>watch out for false positives</b>. In general, crossings are designed to be part of a network, they should be connected to other features"
1083404641,way,not appliable,not appliable,"Crossings are generally connected to a sidewalk, but some map them lines separately, so <b>watch out for false positives</b>. In general, crossings are designed to be part of a network, they should be connected to other features"
1083404642,way,not appliable,not appliable,"Crossings are generally connected to a sidewalk, but some map them lines separately, so <b>watch out for false positives</b>. In general, crossings are designed to be part of a network, they should be connected to other features"
1083404643,way,not appliable,not appliable,"Crossings are generally connected to a sidewalk, but some map them lines separately, so <b>watch out for false positives</b>. In general, crossings are designed to be part of a network, they should be connected to other features"
1083405615,way,not appliable,not appliable,"Crossings are generally connected to a sidewalk, but some map them lines separately, so <b>watch out for false positives</b>. In general, crossings are designed to be part of a network, they should be connected to other features"
1083696406,way,not appliable,not appliable,"Crossings are generally connected to a sidewalk, but some map them lines separately, so <b>watch out for false positives</b>. In general, crossings are designed to be part of a network, they should be connected to other features"
1084333744,way,not appliable,not appliable,"Crossings are generally connected to a sidewalk, but some map them lines separately, so <b>watch out for false positives</b>. In general, crossings are designed to be part of a network, they should be connected to other features"
1084994910,way,not appliable,not appliable,"Crossings are generally connected to a sidewalk, but some map them lines separately, so <b>watch out for false positives</b>. In general, crossings are designed to be part of a network, they should be connected to other features"
1084994911,way,not appliable,not appliable,"Crossings are generally connected to a sidewalk, but some map them lines separately, so <b>watch out for false positives</b>. In general, crossings are designed to be part of a network, they should be connected to other features"
1084994912,way,not appliable,not appliable,"Crossings are generally connected to a sidewalk, but some map them lines separately, so <b>watch out for false positives</b>. In general, crossings are designed to be part of a network, they should be connected to other features"
1084994913,way,not appliable,not appliable,"Crossings are generally connected to a sidewalk, but some map them lines separately, so <b>watch out for false positives</b>. In general, crossings are designed to be part of a network, they should be connected to other features"
1084994916,way,not appliable,not appliable,"Crossings are generally connected to a sidewalk, but some map them lines separately, so <b>watch out for false positives</b>. In general, crossings are designed to be part of a network, they should be connected to other features"
1084994917,way,not appliable,not appliable,"Crossings are generally connected to a sidewalk, but some map them lines separately, so <b>watch out for false positives</b>. In general, crossings are designed to be part of a network, they should be connected to other features"
1084995640,way,not appliable,not appliable,"Crossings are generally connected to a sidewalk, but some map them lines separately, so <b>watch out for false positives</b>. In general, crossings are designed to be part of a network, they should be connected to other features"
1084995643,way,not appliable,not appliable,"Crossings are generally connected to a sidewalk, but some map them lines separately, so <b>watch out for false positives</b>. In general, crossings are designed to be part of a network, they should be connected to other features"
1084995645,way,not appliable,not appliable,"Crossings are generally connected to a sidewalk, but some map them lines separately, so <b>watch out for false positives</b>. In general, crossings are designed to be part of a network, they should be connected to other features"
1084995647,way,not appliable,not appliable,"Crossings are generally connected to a sidewalk, but some map them lines separately, so <b>watch out for false positives</b>. In general, crossings are designed to be part of a network, they should be connected to other features"
1084996627,way,not appliable,not appliable,"Crossings are generally connected to a sidewalk, but some map them lines separately, so <b>watch out for false positives</b>. In general, crossings are designed to be part of a network, they should be connected to other features"
1084996628,way,not appliable,not appliable,"Crossings are generally connected to a sidewalk, but some map them lines separately, so <b>watch out for false positives</b>. In general, crossings are designed to be part of a network, they should be connected to other features"
1084996629,way,not appliable,not appliable,"Crossings are generally connected to a sidewalk, but some map them lines separately, so <b>watch out for false positives</b>. In general, crossings are designed to be part of a network, they should be connected to other features"
1084996630,way,not appliable,not appliable,"Crossings are generally connected to a sidewalk, but some map them lines separately, so <b>watch out for false positives</b>. In general, crossings are designed to be part of a network, they should be connected to other features"
1084996631,way,not appliable,not appliable,"Crossings are generally connected to a sidewalk, but some map them lines separately, so <b>watch out for false positives</b>. In general, crossings are designed to be part of a network, they should be connected to other features"
1084996632,way,not appliable,not appliable,"Crossings are generally connected to a sidewalk, but some map them lines separately, so <b>watch out for false positives</b>. In general, crossings are designed to be part of a network, they should be connected to other features"
1084996633,way,not appliable,not appliable,"Crossings are generally connected to a sidewalk, but some map them lines separately, so <b>watch out for false positives</b>. In general, crossings are designed to be part of a network, they should be connected to other features"
1084996634,way,not appliable,not appliable,"Crossings are generally connected to a sidewalk, but some map them lines separately, so <b>watch out for false positives</b>. In general, crossings are designed to be part of a network, they should be connected to other features"
1084996635,way,not appliable,not appliable,"Crossings are generally connected to a sidewalk, but some map them lines separately, so <b>watch out for false positives</b>. In general, crossings are designed to be part of a network, they should be connected to other features"
1084996636,way,not appliable,not appliable,"Crossings are generally connected to a sidewalk, but some map them lines separately, so <b>watch out for false positives</b>. In general, crossings are designed to be part of a network, they should be connected to other features"
1084996637,way,not appliable,not appliable,"Crossings are generally connected to a sidewalk, but some map them lines separately, so <b>watch out for false positives</b>. In general, crossings are designed to be part of a network, they should be connected to other features"
1084996638,way,not appliable,not appliable,"Crossings are generally connected to a sidewalk, but some map them lines separately, so <b>watch out for false positives</b>. In general, crossings are designed to be part of a network, they should be connected to other features"
1084996639,way,not appliable,not appliable,"Crossings are generally connected to a sidewalk, but some map them lines separately, so <b>watch out for false positives</b>. In general, crossings are designed to be part of a network, they should be connected to other features"
1084996640,way,not appliable,not appliable,"Crossings are generally connected to a sidewalk, but some map them lines separately, so <b>watch out for false positives</b>. In general, crossings are designed to be part of a network, they should be connected to other features"
1084996641,way,not appliable,not appliable,"Crossings are generally connected to a sidewalk, but some map them lines separately, so <b>watch out for false positives</b>. In general, crossings are designed to be part of a network, they should be connected to other features"
1084996642,way,not appliable,not appliable,"Crossings are generally connected to a sidewalk, but some map them lines separately, so <b>watch out for false positives</b>. In general, crossings are designed to be part of a network, they should be connected to other features"
1084996643,way,not appliable,not appliable,"Crossings are generally connected to a sidewalk, but some map them lines separately, so <b>watch out for false positives</b>. In general, crossings are designed to be part of a network, they should be connected to other features"
1084996644,way,not appliable,not appliable,"Crossings are generally connected to a sidewalk, but some map them lines separately, so <b>watch out for false positives</b>. In general, crossings are designed to be part of a network, they should be connected to other features"
1084996645,way,not appliable,not appliable,"Crossings are generally connected to a sidewalk, but some map them lines separately, so <b>watch out for false positives</b>. In general, crossings are designed to be part of a network, they should be connected to other features"
1084996646,way,not appliable,not appliable,"Crossings are generally connected to a sidewalk, but some map them lines separately, so <b>watch out for false positives</b>. In general, crossings are designed to be part of a network, they should be connected to other features"
1084996647,way,not appliable,not appliable,"Crossings are generally connected to a sidewalk, but some map them lines separately, so <b>watch out for false positives</b>. In general, crossings are designed to be part of a network, they should be connected to other features"
1084996649,way,not appliable,not appliable,"Crossings are generally connected to a sidewalk, but some map them lines separately, so <b>watch out for false positives</b>. In general, crossings are designed to be part of a network, they should be connected to other features"
1086872083,way,not appliable,not appliable,"Crossings are generally connected to a sidewalk, but some map them lines separately, so <b>watch out for false positives</b>. In general, crossings are designed to be part of a network, they should be connected to other features"
1086872084,way,not appliable,not appliable,"Crossings are generally connected to a sidewalk, but some map them lines separately, so <b>watch out for false positives</b>. In general, crossings are designed to be part of a network, they should be connected to other features"
1086872091,way,not appliable,not appliable,"Crossings are generally connected to a sidewalk, but some map them lines separately, so <b>watch out for false positives</b>. In general, crossings are designed to be part of a network, they should be connected to other features"
1086872092,way,not appliable,not appliable,"Crossings are generally connected to a sidewalk, but some map them lines separately, so <b>watch out for false positives</b>. In general, crossings are designed to be part of a network, they should be connected to other features"
1086872099,way,not appliable,not appliable,"Crossings are generally connected to a sidewalk, but some map them lines separately, so <b>watch out for false positives</b>. In general, crossings are designed to be part of a network, they should be connected to other features"
1086872107,way,not appliable,not appliable,"Crossings are generally connected to a sidewalk, but some map them lines separately, so <b>watch out for false positives</b>. In general, crossings are designed to be part of a network, they should be connected to other features"
1086872110,way,not appliable,not appliable,"Crossings are generally connected to a sidewalk, but some map them lines separately, so <b>watch out for false positives</b>. In general, crossings are designed to be part of a network, they should be connected to other features"
1086872111,way,not appliable,not appliable,"Crossings are generally connected to a sidewalk, but some map them lines separately, so <b>watch out for false positives</b>. In general, crossings are designed to be part of a network, they should be connected to other features"
1086872120,way,not appliable,not appliable,"Crossings are generally connected to a sidewalk, but some map them lines separately, so <b>watch out for false positives</b>. In general, crossings are designed to be part of a network, they should be connected to other features"
1086874208,way,not appliable,not appliable,"Crossings are generally connected to a sidewalk, but some map them lines separately, so <b>watch out for false positives</b>. In general, crossings are designed to be part of a network, they should be connected to other features"
1086874227,way,not appliable,not appliable,"Crossings are generally connected to a sidewalk, but some map them lines separately, so <b>watch out for false positives</b>. In general, crossings are designed to be part of a network, they should be connected to other features"
1087104336,way,not appliable,not appliable,"Crossings are generally connected to a sidewalk, but some map them lines separately, so <b>watch out for false positives</b>. In general, crossings are designed to be part of a network, they should be connected to other features"
1087647120,way,not appliable,not appliable,"Crossings are generally connected to a sidewalk, but some map them lines separately, so <b>watch out for false positives</b>. In general, crossings are designed to be part of a network, they should be connected to other features"
1087647942,way,not appliable,not appliable,"Crossings are generally connected to a sidewalk, but some map them lines separately, so <b>watch out for false positives</b>. In general, crossings are designed to be part of a network, they should be connected to other features"
1090656506,way,not appliable,not appliable,"Crossings are generally connected to a sidewalk, but some map them lines separately, so <b>watch out for false positives</b>. In general, crossings are designed to be part of a network, they should be connected to other features"
1090810632,way,not appliable,not appliable,"Crossings are generally connected to a sidewalk, but some map them lines separately, so <b>watch out for false positives</b>. In general, crossings are designed to be part of a network, they should be connected to other features"
1091128520,way,not appliable,not appliable,"Crossings are generally connected to a sidewalk, but some map them lines separately, so <b>watch out for false positives</b>. In general, crossings are designed to be part of a network, they should be connected to other features"
1091128521,way,not appliable,not appliable,"Crossings are generally connected to a sidewalk, but some map them lines separately, so <b>watch out for false positives</b>. In general, crossings are designed to be part of a network, they should be connected to other features"
1091128523,way,not appliable,not appliable,"Crossings are generally connected to a sidewalk, but some map them lines separately, so <b>watch out for false positives</b>. In general, crossings are designed to be part of a network, they should be connected to other features"
1091128524,way,not appliable,not appliable,"Crossings are generally connected to a sidewalk, but some map them lines separately, so <b>watch out for false positives</b>. In general, crossings are designed to be part of a network, they should be connected to other features"
1091144721,way,not appliable,not appliable,"Crossings are generally connected to a sidewalk, but some map them lines separately, so <b>watch out for false positives</b>. In general, crossings are designed to be part of a network, they should be connected to other features"
1091144723,way,not appliable,not appliable,"Crossings are generally connected to a sidewalk, but some map them lines separately, so <b>watch out for false positives</b>. In general, crossings are designed to be part of a network, they should be connected to other features"
1091144724,way,not appliable,not appliable,"Crossings are generally connected to a sidewalk, but some map them lines separately, so <b>watch out for false positives</b>. In general, crossings are designed to be part of a network, they should be connected to other features"
1091144725,way,not appliable,not appliable,"Crossings are generally connected to a sidewalk, but some map them lines separately, so <b>watch out for false positives</b>. In general, crossings are designed to be part of a network, they should be connected to other features"
1091144729,way,not appliable,not appliable,"Crossings are generally connected to a sidewalk, but some map them lines separately, so <b>watch out for false positives</b>. In general, crossings are designed to be part of a network, they should be connected to other features"
1091144730,way,not appliable,not appliable,"Crossings are generally connected to a sidewalk, but some map them lines separately, so <b>watch out for false positives</b>. In general, crossings are designed to be part of a network, they should be connected to other features"
1091144732,way,not appliable,not appliable,"Crossings are generally connected to a sidewalk, but some map them lines separately, so <b>watch out for false positives</b>. In general, crossings are designed to be part of a network, they should be connected to other features"
1091144733,way,not appliable,not appliable,"Crossings are generally connected to a sidewalk, but some map them lines separately, so <b>watch out for false positives</b>. In general, crossings are designed to be part of a network, they should be connected to other features"
1091144734,way,not appliable,not appliable,"Crossings are generally connected to a sidewalk, but some map them lines separately, so <b>watch out for false positives</b>. In general, crossings are designed to be part of a network, they should be connected to other features"
1091144735,way,not appliable,not appliable,"Crossings are generally connected to a sidewalk, but some map them lines separately, so <b>watch out for false positives</b>. In general, crossings are designed to be part of a network, they should be connected to other features"
1091144736,way,not appliable,not appliable,"Crossings are generally connected to a sidewalk, but some map them lines separately, so <b>watch out for false positives</b>. In general, crossings are designed to be part of a network, they should be connected to other features"
1091144737,way,not appliable,not appliable,"Crossings are generally connected to a sidewalk, but some map them lines separately, so <b>watch out for false positives</b>. In general, crossings are designed to be part of a network, they should be connected to other features"
1091144738,way,not appliable,not appliable,"Crossings are generally connected to a sidewalk, but some map them lines separately, so <b>watch out for false positives</b>. In general, crossings are designed to be part of a network, they should be connected to other features"
1091736789,way,not appliable,not appliable,"Crossings are generally connected to a sidewalk, but some map them lines separately, so <b>watch out for false positives</b>. In general, crossings are designed to be part of a network, they should be connected to other features"
1091736790,way,not appliable,not appliable,"Crossings are generally connected to a sidewalk, but some map them lines separately, so <b>watch out for false positives</b>. In general, crossings are designed to be part of a network, they should be connected to other features"
1091736791,way,not appliable,not appliable,"Crossings are generally connected to a sidewalk, but some map them lines separately, so <b>watch out for false positives</b>. In general, crossings are designed to be part of a network, they should be connected to other features"
1091736792,way,not appliable,not appliable,"Crossings are generally connected to a sidewalk, but some map them lines separately, so <b>watch out for false positives</b>. In general, crossings are designed to be part of a network, they should be connected to other features"
1091736793,way,not appliable,not appliable,"Crossings are generally connected to a sidewalk, but some map them lines separately, so <b>watch out for false positives</b>. In general, crossings are designed to be part of a network, they should be connected to other features"
1091736794,way,not appliable,not appliable,"Crossings are generally connected to a sidewalk, but some map them lines separately, so <b>watch out for false positives</b>. In general, crossings are designed to be part of a network, they should be connected to other features"
1091736803,way,not appliable,not appliable,"Crossings are generally connected to a sidewalk, but some map them lines separately, so <b>watch out for false positives</b>. In general, crossings are designed to be part of a network, they should be connected to other features"
1091736804,way,not appliable,not appliable,"Crossings are generally connected to a sidewalk, but some map them lines separately, so <b>watch out for false positives</b>. In general, crossings are designed to be part of a network, they should be connected to other features"
1091736805,way,not appliable,not appliable,"Crossings are generally connected to a sidewalk, but some map them lines separately, so <b>watch out for false positives</b>. In general, crossings are designed to be part of a network, they should be connected to other features"
1091736806,way,not appliable,not appliable,"Crossings are generally connected to a sidewalk, but some map them lines separately, so <b>watch out for false positives</b>. In general, crossings are designed to be part of a network, they should be connected to other features"
1091736807,way,not appliable,not appliable,"Crossings are generally connected to a sidewalk, but some map them lines separately, so <b>watch out for false positives</b>. In general, crossings are designed to be part of a network, they should be connected to other features"
1091736808,way,not appliable,not appliable,"Crossings are generally connected to a sidewalk, but some map them lines separately, so <b>watch out for false positives</b>. In general, crossings are designed to be part of a network, they should be connected to other features"
1091736813,way,not appliable,not appliable,"Crossings are generally connected to a sidewalk, but some map them lines separately, so <b>watch out for false positives</b>. In general, crossings are designed to be part of a network, they should be connected to other features"
1091736814,way,not appliable,not appliable,"Crossings are generally connected to a sidewalk, but some map them lines separately, so <b>watch out for false positives</b>. In general, crossings are designed to be part of a network, they should be connected to other features"
1091736819,way,not appliable,not appliable,"Crossings are generally connected to a sidewalk, but some map them lines separately, so <b>watch out for false positives</b>. In general, crossings are designed to be part of a network, they should be connected to other features"
1091736820,way,not appliable,not appliable,"Crossings are generally connected to a sidewalk, but some map them lines separately, so <b>watch out for false positives</b>. In general, crossings are designed to be part of a network, they should be connected to other features"
1091736821,way,not appliable,not appliable,"Crossings are generally connected to a sidewalk, but some map them lines separately, so <b>watch out for false positives</b>. In general, crossings are designed to be part of a network, they should be connected to other features"
1091736822,way,not appliable,not appliable,"Crossings are generally connected to a sidewalk, but some map them lines separately, so <b>watch out for false positives</b>. In general, crossings are designed to be part of a network, they should be connected to other features"
1091736823,way,not appliable,not appliable,"Crossings are generally connected to a sidewalk, but some map them lines separately, so <b>watch out for false positives</b>. In general, crossings are designed to be part of a network, they should be connected to other features"
1091736824,way,not appliable,not appliable,"Crossings are generally connected to a sidewalk, but some map them lines separately, so <b>watch out for false positives</b>. In general, crossings are designed to be part of a network, they should be connected to other features"
1091736825,way,not appliable,not appliable,"Crossings are generally connected to a sidewalk, but some map them lines separately, so <b>watch out for false positives</b>. In general, crossings are designed to be part of a network, they should be connected to other features"
1091736826,way,not appliable,not appliable,"Crossings are generally connected to a sidewalk, but some map them lines separately, so <b>watch out for false positives</b>. In general, crossings are designed to be part of a network, they should be connected to other features"
1091736836,way,not appliable,not appliable,"Crossings are generally connected to a sidewalk, but some map them lines separately, so <b>watch out for false positives</b>. In general, crossings are designed to be part of a network, they should be connected to other features"
1091736837,way,not appliable,not appliable,"Crossings are generally connected to a sidewalk, but some map them lines separately, so <b>watch out for false positives</b>. In general, crossings are designed to be part of a network, they should be connected to other features"
1091736838,way,not appliable,not appliable,"Crossings are generally connected to a sidewalk, but some map them lines separately, so <b>watch out for false positives</b>. In general, crossings are designed to be part of a network, they should be connected to other features"
1091736839,way,not appliable,not appliable,"Crossings are generally connected to a sidewalk, but some map them lines separately, so <b>watch out for false positives</b>. In general, crossings are designed to be part of a network, they should be connected to other features"
1091736840,way,not appliable,not appliable,"Crossings are generally connected to a sidewalk, but some map them lines separately, so <b>watch out for false positives</b>. In general, crossings are designed to be part of a network, they should be connected to other features"
1091736841,way,not appliable,not appliable,"Crossings are generally connected to a sidewalk, but some map them lines separately, so <b>watch out for false positives</b>. In general, crossings are designed to be part of a network, they should be connected to other features"
1091736842,way,not appliable,not appliable,"Crossings are generally connected to a sidewalk, but some map them lines separately, so <b>watch out for false positives</b>. In general, crossings are designed to be part of a network, they should be connected to other features"
1091736843,way,not appliable,not appliable,"Crossings are generally connected to a sidewalk, but some map them lines separately, so <b>watch out for false positives</b>. In general, crossings are designed to be part of a network, they should be connected to other features"
1091737382,way,not appliable,not appliable,"Crossings are generally connected to a sidewalk, but some map them lines separately, so <b>watch out for false positives</b>. In general, crossings are designed to be part of a network, they should be connected to other features"
1091737383,way,not appliable,not appliable,"Crossings are generally connected to a sidewalk, but some map them lines separately, so <b>watch out for false positives</b>. In general, crossings are designed to be part of a network, they should be connected to other features"
1092019362,way,not appliable,not appliable,"Crossings are generally connected to a sidewalk, but some map them lines separately, so <b>watch out for false positives</b>. In general, crossings are designed to be part of a network, they should be connected to other features"
1092019369,way,not appliable,not appliable,"Crossings are generally connected to a sidewalk, but some map them lines separately, so <b>watch out for false positives</b>. In general, crossings are designed to be part of a network, they should be connected to other features"
1092019371,way,not appliable,not appliable,"Crossings are generally connected to a sidewalk, but some map them lines separately, so <b>watch out for false positives</b>. In general, crossings are designed to be part of a network, they should be connected to other features"
1092019378,way,not appliable,not appliable,"Crossings are generally connected to a sidewalk, but some map them lines separately, so <b>watch out for false positives</b>. In general, crossings are designed to be part of a network, they should be connected to other features"
1092020621,way,not appliable,not appliable,"Crossings are generally connected to a sidewalk, but some map them lines separately, so <b>watch out for false positives</b>. In general, crossings are designed to be part of a network, they should be connected to other features"
1092028170,way,not appliable,not appliable,"Crossings are generally connected to a sidewalk, but some map them lines separately, so <b>watch out for false positives</b>. In general, crossings are designed to be part of a network, they should be connected to other features"
1092028171,way,not appliable,not appliable,"Crossings are generally connected to a sidewalk, but some map them lines separately, so <b>watch out for false positives</b>. In general, crossings are designed to be part of a network, they should be connected to other features"
1092028173,way,not appliable,not appliable,"Crossings are generally connected to a sidewalk, but some map them lines separately, so <b>watch out for false positives</b>. In general, crossings are designed to be part of a network, they should be connected to other features"
1092028175,way,not appliable,not appliable,"Crossings are generally connected to a sidewalk, but some map them lines separately, so <b>watch out for false positives</b>. In general, crossings are designed to be part of a network, they should be connected to other features"
1092028176,way,not appliable,not appliable,"Crossings are generally connected to a sidewalk, but some map them lines separately, so <b>watch out for false positives</b>. In general, crossings are designed to be part of a network, they should be connected to other features"
1092028177,way,not appliable,not appliable,"Crossings are generally connected to a sidewalk, but some map them lines separately, so <b>watch out for false positives</b>. In general, crossings are designed to be part of a network, they should be connected to other features"
1092028179,way,not appliable,not appliable,"Crossings are generally connected to a sidewalk, but some map them lines separately, so <b>watch out for false positives</b>. In general, crossings are designed to be part of a network, they should be connected to other features"
1092028181,way,not appliable,not appliable,"Crossings are generally connected to a sidewalk, but some map them lines separately, so <b>watch out for false positives</b>. In general, crossings are designed to be part of a network, they should be connected to other features"
1092028185,way,not appliable,not appliable,"Crossings are generally connected to a sidewalk, but some map them lines separately, so <b>watch out for false positives</b>. In general, crossings are designed to be part of a network, they should be connected to other features"
1092028188,way,not appliable,not appliable,"Crossings are generally connected to a sidewalk, but some map them lines separately, so <b>watch out for false positives</b>. In general, crossings are designed to be part of a network, they should be connected to other features"
1092028198,way,not appliable,not appliable,"Crossings are generally connected to a sidewalk, but some map them lines separately, so <b>watch out for false positives</b>. In general, crossings are designed to be part of a network, they should be connected to other features"
1092028200,way,not appliable,not appliable,"Crossings are generally connected to a sidewalk, but some map them lines separately, so <b>watch out for false positives</b>. In general, crossings are designed to be part of a network, they should be connected to other features"
1092028202,way,not appliable,not appliable,"Crossings are generally connected to a sidewalk, but some map them lines separately, so <b>watch out for false positives</b>. In general, crossings are designed to be part of a network, they should be connected to other features"
1092028204,way,not appliable,not appliable,"Crossings are generally connected to a sidewalk, but some map them lines separately, so <b>watch out for false positives</b>. In general, crossings are designed to be part of a network, they should be connected to other features"
1092028206,way,not appliable,not appliable,"Crossings are generally connected to a sidewalk, but some map them lines separately, so <b>watch out for false positives</b>. In general, crossings are designed to be part of a network, they should be connected to other features"
1092028208,way,not appliable,not appliable,"Crossings are generally connected to a sidewalk, but some map them lines separately, so <b>watch out for false positives</b>. In general, crossings are designed to be part of a network, they should be connected to other features"
1092028210,way,not appliable,not appliable,"Crossings are generally connected to a sidewalk, but some map them lines separately, so <b>watch out for false positives</b>. In general, crossings are designed to be part of a network, they should be connected to other features"
1092028212,way,not appliable,not appliable,"Crossings are generally connected to a sidewalk, but some map them lines separately, so <b>watch out for false positives</b>. In general, crossings are designed to be part of a network, they should be connected to other features"
1092028214,way,not appliable,not appliable,"Crossings are generally connected to a sidewalk, but some map them lines separately, so <b>watch out for false positives</b>. In general, crossings are designed to be part of a network, they should be connected to other features"
1092028221,way,not appliable,not appliable,"Crossings are generally connected to a sidewalk, but some map them lines separately, so <b>watch out for false positives</b>. In general, crossings are designed to be part of a network, they should be connected to other features"
1092028223,way,not appliable,not appliable,"Crossings are generally connected to a sidewalk, but some map them lines separately, so <b>watch out for false positives</b>. In general, crossings are designed to be part of a network, they should be connected to other features"
1092028225,way,not appliable,not appliable,"Crossings are generally connected to a sidewalk, but some map them lines separately, so <b>watch out for false positives</b>. In general, crossings are designed to be part of a network, they should be connected to other features"
1092028226,way,not appliable,not appliable,"Crossings are generally connected to a sidewalk, but some map them lines separately, so <b>watch out for false positives</b>. In general, crossings are designed to be part of a network, they should be connected to other features"
1092028227,way,not appliable,not appliable,"Crossings are generally connected to a sidewalk, but some map them lines separately, so <b>watch out for false positives</b>. In general, crossings are designed to be part of a network, they should be connected to other features"
1092028229,way,not appliable,not appliable,"Crossings are generally connected to a sidewalk, but some map them lines separately, so <b>watch out for false positives</b>. In general, crossings are designed to be part of a network, they should be connected to other features"
1092028232,way,not appliable,not appliable,"Crossings are generally connected to a sidewalk, but some map them lines separately, so <b>watch out for false positives</b>. In general, crossings are designed to be part of a network, they should be connected to other features"
1092028233,way,not appliable,not appliable,"Crossings are generally connected to a sidewalk, but some map them lines separately, so <b>watch out for false positives</b>. In general, crossings are designed to be part of a network, they should be connected to other features"
1092028235,way,not appliable,not appliable,"Crossings are generally connected to a sidewalk, but some map them lines separately, so <b>watch out for false positives</b>. In general, crossings are designed to be part of a network, they should be connected to other features"
1092028237,way,not appliable,not appliable,"Crossings are generally connected to a sidewalk, but some map them lines separately, so <b>watch out for false positives</b>. In general, crossings are designed to be part of a network, they should be connected to other features"
1092235163,way,not appliable,not appliable,"Crossings are generally connected to a sidewalk, but some map them lines separately, so <b>watch out for false positives</b>. In general, crossings are designed to be part of a network, they should be connected to other features"
1092235179,way,not appliable,not appliable,"Crossings are generally connected to a sidewalk, but some map them lines separately, so <b>watch out for false positives</b>. In general, crossings are designed to be part of a network, they should be connected to other features"
1092256372,way,not appliable,not appliable,"Crossings are generally connected to a sidewalk, but some map them lines separately, so <b>watch out for false positives</b>. In general, crossings are designed to be part of a network, they should be connected to other features"
1092258471,way,not appliable,not appliable,"Crossings are generally connected to a sidewalk, but some map them lines separately, so <b>watch out for false positives</b>. In general, crossings are designed to be part of a network, they should be connected to other features"
1092258473,way,not appliable,not appliable,"Crossings are generally connected to a sidewalk, but some map them lines separately, so <b>watch out for false positives</b>. In general, crossings are designed to be part of a network, they should be connected to other features"
1092258476,way,not appliable,not appliable,"Crossings are generally connected to a sidewalk, but some map them lines separately, so <b>watch out for false positives</b>. In general, crossings are designed to be part of a network, they should be connected to other features"
1092258478,way,not appliable,not appliable,"Crossings are generally connected to a sidewalk, but some map them lines separately, so <b>watch out for false positives</b>. In general, crossings are designed to be part of a network, they should be connected to other features"
1092258480,way,not appliable,not appliable,"Crossings are generally connected to a sidewalk, but some map them lines separately, so <b>watch out for false positives</b>. In general, crossings are designed to be part of a network, they should be connected to other features"
1092258482,way,not appliable,not appliable,"Crossings are generally connected to a sidewalk, but some map them lines separately, so <b>watch out for false positives</b>. In general, crossings are designed to be part of a network, they should be connected to other features"
1092258911,way,not appliable,not appliable,"Crossings are generally connected to a sidewalk, but some map them lines separately, so <b>watch out for false positives</b>. In general, crossings are designed to be part of a network, they should be connected to other features"
1092260811,way,not appliable,not appliable,"Crossings are generally connected to a sidewalk, but some map them lines separately, so <b>watch out for false positives</b>. In general, crossings are designed to be part of a network, they should be connected to other features"
1092260813,way,not appliable,not appliable,"Crossings are generally connected to a sidewalk, but some map them lines separately, so <b>watch out for false positives</b>. In general, crossings are designed to be part of a network, they should be connected to other features"
1092260818,way,not appliable,not appliable,"Crossings are generally connected to a sidewalk, but some map them lines separately, so <b>watch out for false positives</b>. In general, crossings are designed to be part of a network, they should be connected to other features"
1092260819,way,not appliable,not appliable,"Crossings are generally connected to a sidewalk, but some map them lines separately, so <b>watch out for false positives</b>. In general, crossings are designed to be part of a network, they should be connected to other features"
1092260820,way,not appliable,not appliable,"Crossings are generally connected to a sidewalk, but some map them lines separately, so <b>watch out for false positives</b>. In general, crossings are designed to be part of a network, they should be connected to other features"
1092260821,way,not appliable,not appliable,"Crossings are generally connected to a sidewalk, but some map them lines separately, so <b>watch out for false positives</b>. In general, crossings are designed to be part of a network, they should be connected to other features"
1092260823,way,not appliable,not appliable,"Crossings are generally connected to a sidewalk, but some map them lines separately, so <b>watch out for false positives</b>. In general, crossings are designed to be part of a network, they should be connected to other features"
1092533918,way,not appliable,not appliable,"Crossings are generally connected to a sidewalk, but some map them lines separately, so <b>watch out for false positives</b>. In general, crossings are designed to be part of a network, they should be connected to other features"
1092533920,way,not appliable,not appliable,"Crossings are generally connected to a sidewalk, but some map them lines separately, so <b>watch out for false positives</b>. In general, crossings are designed to be part of a network, they should be connected to other features"
1092533922,way,not appliable,not appliable,"Crossings are generally connected to a sidewalk, but some map them lines separately, so <b>watch out for false positives</b>. In general, crossings are designed to be part of a network, they should be connected to other features"
1092533925,way,not appliable,not appliable,"Crossings are generally connected to a sidewalk, but some map them lines separately, so <b>watch out for false positives</b>. In general, crossings are designed to be part of a network, they should be connected to other features"
1092533927,way,not appliable,not appliable,"Crossings are generally connected to a sidewalk, but some map them lines separately, so <b>watch out for false positives</b>. In general, crossings are designed to be part of a network, they should be connected to other features"
1092534352,way,not appliable,not appliable,"Crossings are generally connected to a sidewalk, but some map them lines separately, so <b>watch out for false positives</b>. In general, crossings are designed to be part of a network, they should be connected to other features"
1092534354,way,not appliable,not appliable,"Crossings are generally connected to a sidewalk, but some map them lines separately, so <b>watch out for false positives</b>. In general, crossings are designed to be part of a network, they should be connected to other features"
1092534356,way,not appliable,not appliable,"Crossings are generally connected to a sidewalk, but some map them lines separately, so <b>watch out for false positives</b>. In general, crossings are designed to be part of a network, they should be connected to other features"
1092534358,way,not appliable,not appliable,"Crossings are generally connected to a sidewalk, but some map them lines separately, so <b>watch out for false positives</b>. In general, crossings are designed to be part of a network, they should be connected to other features"
1092534361,way,not appliable,not appliable,"Crossings are generally connected to a sidewalk, but some map them lines separately, so <b>watch out for false positives</b>. In general, crossings are designed to be part of a network, they should be connected to other features"
1092534363,way,not appliable,not appliable,"Crossings are generally connected to a sidewalk, but some map them lines separately, so <b>watch out for false positives</b>. In general, crossings are designed to be part of a network, they should be connected to other features"
1092537598,way,not appliable,not appliable,"Crossings are generally connected to a sidewalk, but some map them lines separately, so <b>watch out for false positives</b>. In general, crossings are designed to be part of a network, they should be connected to other features"
1093276563,way,not appliable,not appliable,"Crossings are generally connected to a sidewalk, but some map them lines separately, so <b>watch out for false positives</b>. In general, crossings are designed to be part of a network, they should be connected to other features"
1093276564,way,not appliable,not appliable,"Crossings are generally connected to a sidewalk, but some map them lines separately, so <b>watch out for false positives</b>. In general, crossings are designed to be part of a network, they should be connected to other features"
1093276566,way,not appliable,not appliable,"Crossings are generally connected to a sidewalk, but some map them lines separately, so <b>watch out for false positives</b>. In general, crossings are designed to be part of a network, they should be connected to other features"
1093276567,way,not appliable,not appliable,"Crossings are generally connected to a sidewalk, but some map them lines separately, so <b>watch out for false positives</b>. In general, crossings are designed to be part of a network, they should be connected to other features"
1093276569,way,not appliable,not appliable,"Crossings are generally connected to a sidewalk, but some map them lines separately, so <b>watch out for false positives</b>. In general, crossings are designed to be part of a network, they should be connected to other features"
1093276570,way,not appliable,not appliable,"Crossings are generally connected to a sidewalk, but some map them lines separately, so <b>watch out for false positives</b>. In general, crossings are designed to be part of a network, they should be connected to other features"
1093276609,way,not appliable,not appliable,"Crossings are generally connected to a sidewalk, but some map them lines separately, so <b>watch out for false positives</b>. In general, crossings are designed to be part of a network, they should be connected to other features"
1093276610,way,not appliable,not appliable,"Crossings are generally connected to a sidewalk, but some map them lines separately, so <b>watch out for false positives</b>. In general, crossings are designed to be part of a network, they should be connected to other features"
1093276612,way,not appliable,not appliable,"Crossings are generally connected to a sidewalk, but some map them lines separately, so <b>watch out for false positives</b>. In general, crossings are designed to be part of a network, they should be connected to other features"
1093276613,way,not appliable,not appliable,"Crossings are generally connected to a sidewalk, but some map them lines separately, so <b>watch out for false positives</b>. In general, crossings are designed to be part of a network, they should be connected to other features"
1094543659,way,not appliable,not appliable,"Crossings are generally connected to a sidewalk, but some map them lines separately, so <b>watch out for false positives</b>. In general, crossings are designed to be part of a network, they should be connected to other features"
1095034775,way,not appliable,not appliable,"Crossings are generally connected to a sidewalk, but some map them lines separately, so <b>watch out for false positives</b>. In general, crossings are designed to be part of a network, they should be connected to other features"
1095308242,way,not appliable,not appliable,"Crossings are generally connected to a sidewalk, but some map them lines separately, so <b>watch out for false positives</b>. In general, crossings are designed to be part of a network, they should be connected to other features"
1095308243,way,not appliable,not appliable,"Crossings are generally connected to a sidewalk, but some map them lines separately, so <b>watch out for false positives</b>. In general, crossings are designed to be part of a network, they should be connected to other features"
1095308244,way,not appliable,not appliable,"Crossings are generally connected to a sidewalk, but some map them lines separately, so <b>watch out for false positives</b>. In general, crossings are designed to be part of a network, they should be connected to other features"
1095308245,way,not appliable,not appliable,"Crossings are generally connected to a sidewalk, but some map them lines separately, so <b>watch out for false positives</b>. In general, crossings are designed to be part of a network, they should be connected to other features"
1095308248,way,not appliable,not appliable,"Crossings are generally connected to a sidewalk, but some map them lines separately, so <b>watch out for false positives</b>. In general, crossings are designed to be part of a network, they should be connected to other features"
1095308274,way,not appliable,not appliable,"Crossings are generally connected to a sidewalk, but some map them lines separately, so <b>watch out for false positives</b>. In general, crossings are designed to be part of a network, they should be connected to other features"
1095308275,way,not appliable,not appliable,"Crossings are generally connected to a sidewalk, but some map them lines separately, so <b>watch out for false positives</b>. In general, crossings are designed to be part of a network, they should be connected to other features"
1095308276,way,not appliable,not appliable,"Crossings are generally connected to a sidewalk, but some map them lines separately, so <b>watch out for false positives</b>. In general, crossings are designed to be part of a network, they should be connected to other features"
1095308277,way,not appliable,not appliable,"Crossings are generally connected to a sidewalk, but some map them lines separately, so <b>watch out for false positives</b>. In general, crossings are designed to be part of a network, they should be connected to other features"
1095308278,way,not appliable,not appliable,"Crossings are generally connected to a sidewalk, but some map them lines separately, so <b>watch out for false positives</b>. In general, crossings are designed to be part of a network, they should be connected to other features"
1095308279,way,not appliable,not appliable,"Crossings are generally connected to a sidewalk, but some map them lines separately, so <b>watch out for false positives</b>. In general, crossings are designed to be part of a network, they should be connected to other features"
1095308754,way,not appliable,not appliable,"Crossings are generally connected to a sidewalk, but some map them lines separately, so <b>watch out for false positives</b>. In general, crossings are designed to be part of a network, they should be connected to other features"
1095308755,way,not appliable,not appliable,"Crossings are generally connected to a sidewalk, but some map them lines separately, so <b>watch out for false positives</b>. In general, crossings are designed to be part of a network, they should be connected to other features"
1098926320,way,not appliable,not appliable,"Crossings are generally connected to a sidewalk, but some map them lines separately, so <b>watch out for false positives</b>. In general, crossings are designed to be part of a network, they should be connected to other features"
1098926321,way,not appliable,not appliable,"Crossings are generally connected to a sidewalk, but some map them lines separately, so <b>watch out for false positives</b>. In general, crossings are designed to be part of a network, they should be connected to other features"
1098926324,way,not appliable,not appliable,"Crossings are generally connected to a sidewalk, but some map them lines separately, so <b>watch out for false positives</b>. In general, crossings are designed to be part of a network, they should be connected to other features"
1098964578,way,not appliable,not appliable,"Crossings are generally connected to a sidewalk, but some map them lines separately, so <b>watch out for false positives</b>. In general, crossings are designed to be part of a network, they should be connected to other features"
1098964579,way,not appliable,not appliable,"Crossings are generally connected to a sidewalk, but some map them lines separately, so <b>watch out for false positives</b>. In general, crossings are designed to be part of a network, they should be connected to other features"
1099778695,way,not appliable,not appliable,"Crossings are generally connected to a sidewalk, but some map them lines separately, so <b>watch out for false positives</b>. In general, crossings are designed to be part of a network, they should be connected to other features"
1099778699,way,not appliable,not appliable,"Crossings are generally connected to a sidewalk, but some map them lines separately, so <b>watch out for false positives</b>. In general, crossings are designed to be part of a network, they should be connected to other features"
1099778701,way,not appliable,not appliable,"Crossings are generally connected to a sidewalk, but some map them lines separately, so <b>watch out for false positives</b>. In general, crossings are designed to be part of a network, they should be connected to other features"
1099778702,way,not appliable,not appliable,"Crossings are generally connected to a sidewalk, but some map them lines separately, so <b>watch out for false positives</b>. In general, crossings are designed to be part of a network, they should be connected to other features"
1099778704,way,not appliable,not appliable,"Crossings are generally connected to a sidewalk, but some map them lines separately, so <b>watch out for false positives</b>. In general, crossings are designed to be part of a network, they should be connected to other features"
1099778705,way,not appliable,not appliable,"Crossings are generally connected to a sidewalk, but some map them lines separately, so <b>watch out for false positives</b>. In general, crossings are designed to be part of a network, they should be connected to other features"
1099778707,way,not appliable,not appliable,"Crossings are generally connected to a sidewalk, but some map them lines separately, so <b>watch out for false positives</b>. In general, crossings are designed to be part of a network, they should be connected to other features"
1099778709,way,not appliable,not appliable,"Crossings are generally connected to a sidewalk, but some map them lines separately, so <b>watch out for false positives</b>. In general, crossings are designed to be part of a network, they should be connected to other features"
1099778712,way,not appliable,not appliable,"Crossings are generally connected to a sidewalk, but some map them lines separately, so <b>watch out for false positives</b>. In general, crossings are designed to be part of a network, they should be connected to other features"
1099778714,way,not appliable,not appliable,"Crossings are generally connected to a sidewalk, but some map them lines separately, so <b>watch out for false positives</b>. In general, crossings are designed to be part of a network, they should be connected to other features"
1099778719,way,not appliable,not appliable,"Crossings are generally connected to a sidewalk, but some map them lines separately, so <b>watch out for false positives</b>. In general, crossings are designed to be part of a network, they should be connected to other features"
1099778723,way,not appliable,not appliable,"Crossings are generally connected to a sidewalk, but some map them lines separately, so <b>watch out for false positives</b>. In general, crossings are designed to be part of a network, they should be connected to other features"
1099778724,way,not appliable,not appliable,"Crossings are generally connected to a sidewalk, but some map them lines separately, so <b>watch out for false positives</b>. In general, crossings are designed to be part of a network, they should be connected to other features"
1099778727,way,not appliable,not appliable,"Crossings are generally connected to a sidewalk, but some map them lines separately, so <b>watch out for false positives</b>. In general, crossings are designed to be part of a network, they should be connected to other features"
1099984361,way,not appliable,not appliable,"Crossings are generally connected to a sidewalk, but some map them lines separately, so <b>watch out for false positives</b>. In general, crossings are designed to be part of a network, they should be connected to other features"
1099984362,way,not appliable,not appliable,"Crossings are generally connected to a sidewalk, but some map them lines separately, so <b>watch out for false positives</b>. In general, crossings are designed to be part of a network, they should be connected to other features"
1099984363,way,not appliable,not appliable,"Crossings are generally connected to a sidewalk, but some map them lines separately, so <b>watch out for false positives</b>. In general, crossings are designed to be part of a network, they should be connected to other features"
1099984364,way,not appliable,not appliable,"Crossings are generally connected to a sidewalk, but some map them lines separately, so <b>watch out for false positives</b>. In general, crossings are designed to be part of a network, they should be connected to other features"
1099984365,way,not appliable,not appliable,"Crossings are generally connected to a sidewalk, but some map them lines separately, so <b>watch out for false positives</b>. In general, crossings are designed to be part of a network, they should be connected to other features"
1099984366,way,not appliable,not appliable,"Crossings are generally connected to a sidewalk, but some map them lines separately, so <b>watch out for false positives</b>. In general, crossings are designed to be part of a network, they should be connected to other features"
1099984367,way,not appliable,not appliable,"Crossings are generally connected to a sidewalk, but some map them lines separately, so <b>watch out for false positives</b>. In general, crossings are designed to be part of a network, they should be connected to other features"
1099984368,way,not appliable,not appliable,"Crossings are generally connected to a sidewalk, but some map them lines separately, so <b>watch out for false positives</b>. In general, crossings are designed to be part of a network, they should be connected to other features"
1099984369,way,not appliable,not appliable,"Crossings are generally connected to a sidewalk, but some map them lines separately, so <b>watch out for false positives</b>. In general, crossings are designed to be part of a network, they should be connected to other features"
1099984382,way,not appliable,not appliable,"Crossings are generally connected to a sidewalk, but some map them lines separately, so <b>watch out for false positives</b>. In general, crossings are designed to be part of a network, they should be connected to other features"
1099984384,way,not appliable,not appliable,"Crossings are generally connected to a sidewalk, but some map them lines separately, so <b>watch out for false positives</b>. In general, crossings are designed to be part of a network, they should be connected to other features"
1099984385,way,not appliable,not appliable,"Crossings are generally connected to a sidewalk, but some map them lines separately, so <b>watch out for false positives</b>. In general, crossings are designed to be part of a network, they should be connected to other features"
1099984386,way,not appliable,not appliable,"Crossings are generally connected to a sidewalk, but some map them lines separately, so <b>watch out for false positives</b>. In general, crossings are designed to be part of a network, they should be connected to other features"
1099984387,way,not appliable,not appliable,"Crossings are generally connected to a sidewalk, but some map them lines separately, so <b>watch out for false positives</b>. In general, crossings are designed to be part of a network, they should be connected to other features"
1099984391,way,not appliable,not appliable,"Crossings are generally connected to a sidewalk, but some map them lines separately, so <b>watch out for false positives</b>. In general, crossings are designed to be part of a network, they should be connected to other features"
1099984393,way,not appliable,not appliable,"Crossings are generally connected to a sidewalk, but some map them lines separately, so <b>watch out for false positives</b>. In general, crossings are designed to be part of a network, they should be connected to other features"
1100733540,way,not appliable,not appliable,"Crossings are generally connected to a sidewalk, but some map them lines separately, so <b>watch out for false positives</b>. In general, crossings are designed to be part of a network, they should be connected to other features"
1100984441,way,not appliable,not appliable,"Crossings are generally connected to a sidewalk, but some map them lines separately, so <b>watch out for false positives</b>. In general, crossings are designed to be part of a network, they should be connected to other features"
1100984442,way,not appliable,not appliable,"Crossings are generally connected to a sidewalk, but some map them lines separately, so <b>watch out for false positives</b>. In general, crossings are designed to be part of a network, they should be connected to other features"
1100984443,way,not appliable,not appliable,"Crossings are generally connected to a sidewalk, but some map them lines separately, so <b>watch out for false positives</b>. In general, crossings are designed to be part of a network, they should be connected to other features"
1100984444,way,not appliable,not appliable,"Crossings are generally connected to a sidewalk, but some map them lines separately, so <b>watch out for false positives</b>. In general, crossings are designed to be part of a network, they should be connected to other features"
1100984446,way,not appliable,not appliable,"Crossings are generally connected to a sidewalk, but some map them lines separately, so <b>watch out for false positives</b>. In general, crossings are designed to be part of a network, they should be connected to other features"
1100984449,way,not appliable,not appliable,"Crossings are generally connected to a sidewalk, but some map them lines separately, so <b>watch out for false positives</b>. In general, crossings are designed to be part of a network, they should be connected to other features"
1100984450,way,not appliable,not appliable,"Crossings are generally connected to a sidewalk, but some map them lines separately, so <b>watch out for false positives</b>. In general, crossings are designed to be part of a network, they should be connected to other features"
1100984451,way,not appliable,not appliable,"Crossings are generally connected to a sidewalk, but some map them lines separately, so <b>watch out for false positives</b>. In general, crossings are designed to be part of a network, they should be connected to other features"
1100984452,way,not appliable,not appliable,"Crossings are generally connected to a sidewalk, but some map them lines separately, so <b>watch out for false positives</b>. In general, crossings are designed to be part of a network, they should be connected to other features"
1100984453,way,not appliable,not appliable,"Crossings are generally connected to a sidewalk, but some map them lines separately, so <b>watch out for false positives</b>. In general, crossings are designed to be part of a network, they should be connected to other features"
1100984454,way,not appliable,not appliable,"Crossings are generally connected to a sidewalk, but some map them lines separately, so <b>watch out for false positives</b>. In general, crossings are designed to be part of a network, they should be connected to other features"
1100984455,way,not appliable,not appliable,"Crossings are generally connected to a sidewalk, but some map them lines separately, so <b>watch out for false positives</b>. In general, crossings are designed to be part of a network, they should be connected to other features"
1100984457,way,not appliable,not appliable,"Crossings are generally connected to a sidewalk, but some map them lines separately, so <b>watch out for false positives</b>. In general, crossings are designed to be part of a network, they should be connected to other features"
1100984458,way,not appliable,not appliable,"Crossings are generally connected to a sidewalk, but some map them lines separately, so <b>watch out for false positives</b>. In general, crossings are designed to be part of a network, they should be connected to other features"
1100984459,way,not appliable,not appliable,"Crossings are generally connected to a sidewalk, but some map them lines separately, so <b>watch out for false positives</b>. In general, crossings are designed to be part of a network, they should be connected to other features"
1100984466,way,not appliable,not appliable,"Crossings are generally connected to a sidewalk, but some map them lines separately, so <b>watch out for false positives</b>. In general, crossings are designed to be part of a network, they should be connected to other features"
1100984473,way,not appliable,not appliable,"Crossings are generally connected to a sidewalk, but some map them lines separately, so <b>watch out for false positives</b>. In general, crossings are designed to be part of a network, they should be connected to other features"
1100984478,way,not appliable,not appliable,"Crossings are generally connected to a sidewalk, but some map them lines separately, so <b>watch out for false positives</b>. In general, crossings are designed to be part of a network, they should be connected to other features"
1100984480,way,not appliable,not appliable,"Crossings are generally connected to a sidewalk, but some map them lines separately, so <b>watch out for false positives</b>. In general, crossings are designed to be part of a network, they should be connected to other features"
1100984481,way,not appliable,not appliable,"Crossings are generally connected to a sidewalk, but some map them lines separately, so <b>watch out for false positives</b>. In general, crossings are designed to be part of a network, they should be connected to other features"
1100984483,way,not appliable,not appliable,"Crossings are generally connected to a sidewalk, but some map them lines separately, so <b>watch out for false positives</b>. In general, crossings are designed to be part of a network, they should be connected to other features"
1100984484,way,not appliable,not appliable,"Crossings are generally connected to a sidewalk, but some map them lines separately, so <b>watch out for false positives</b>. In general, crossings are designed to be part of a network, they should be connected to other features"
1101285758,way,not appliable,not appliable,"Crossings are generally connected to a sidewalk, but some map them lines separately, so <b>watch out for false positives</b>. In general, crossings are designed to be part of a network, they should be connected to other features"
1101285761,way,not appliable,not appliable,"Crossings are generally connected to a sidewalk, but some map them lines separately, so <b>watch out for false positives</b>. In general, crossings are designed to be part of a network, they should be connected to other features"
1101285762,way,not appliable,not appliable,"Crossings are generally connected to a sidewalk, but some map them lines separately, so <b>watch out for false positives</b>. In general, crossings are designed to be part of a network, they should be connected to other features"
1101355353,way,not appliable,not appliable,"Crossings are generally connected to a sidewalk, but some map them lines separately, so <b>watch out for false positives</b>. In general, crossings are designed to be part of a network, they should be connected to other features"
1101355356,way,not appliable,not appliable,"Crossings are generally connected to a sidewalk, but some map them lines separately, so <b>watch out for false positives</b>. In general, crossings are designed to be part of a network, they should be connected to other features"
1101400755,way,not appliable,not appliable,"Crossings are generally connected to a sidewalk, but some map them lines separately, so <b>watch out for false positives</b>. In general, crossings are designed to be part of a network, they should be connected to other features"
1101400762,way,not appliable,not appliable,"Crossings are generally connected to a sidewalk, but some map them lines separately, so <b>watch out for false positives</b>. In general, crossings are designed to be part of a network, they should be connected to other features"
1101400768,way,not appliable,not appliable,"Crossings are generally connected to a sidewalk, but some map them lines separately, so <b>watch out for false positives</b>. In general, crossings are designed to be part of a network, they should be connected to other features"
1101400774,way,not appliable,not appliable,"Crossings are generally connected to a sidewalk, but some map them lines separately, so <b>watch out for false positives</b>. In general, crossings are designed to be part of a network, they should be connected to other features"
1102264943,way,not appliable,not appliable,"Crossings are generally connected to a sidewalk, but some map them lines separately, so <b>watch out for false positives</b>. In general, crossings are designed to be part of a network, they should be connected to other features"
1102264944,way,not appliable,not appliable,"Crossings are generally connected to a sidewalk, but some map them lines separately, so <b>watch out for false positives</b>. In general, crossings are designed to be part of a network, they should be connected to other features"
1102264954,way,not appliable,not appliable,"Crossings are generally connected to a sidewalk, but some map them lines separately, so <b>watch out for false positives</b>. In general, crossings are designed to be part of a network, they should be connected to other features"
1102264955,way,not appliable,not appliable,"Crossings are generally connected to a sidewalk, but some map them lines separately, so <b>watch out for false positives</b>. In general, crossings are designed to be part of a network, they should be connected to other features"
1102264956,way,not appliable,not appliable,"Crossings are generally connected to a sidewalk, but some map them lines separately, so <b>watch out for false positives</b>. In general, crossings are designed to be part of a network, they should be connected to other features"
1102264957,way,not appliable,not appliable,"Crossings are generally connected to a sidewalk, but some map them lines separately, so <b>watch out for false positives</b>. In general, crossings are designed to be part of a network, they should be connected to other features"
1102264959,way,not appliable,not appliable,"Crossings are generally connected to a sidewalk, but some map them lines separately, so <b>watch out for false positives</b>. In general, crossings are designed to be part of a network, they should be connected to other features"
1102264960,way,not appliable,not appliable,"Crossings are generally connected to a sidewalk, but some map them lines separately, so <b>watch out for false positives</b>. In general, crossings are designed to be part of a network, they should be connected to other features"
1102264961,way,not appliable,not appliable,"Crossings are generally connected to a sidewalk, but some map them lines separately, so <b>watch out for false positives</b>. In general, crossings are designed to be part of a network, they should be connected to other features"
1102264964,way,not appliable,not appliable,"Crossings are generally connected to a sidewalk, but some map them lines separately, so <b>watch out for false positives</b>. In general, crossings are designed to be part of a network, they should be connected to other features"
1102264968,way,not appliable,not appliable,"Crossings are generally connected to a sidewalk, but some map them lines separately, so <b>watch out for false positives</b>. In general, crossings are designed to be part of a network, they should be connected to other features"
1102264969,way,not appliable,not appliable,"Crossings are generally connected to a sidewalk, but some map them lines separately, so <b>watch out for false positives</b>. In general, crossings are designed to be part of a network, they should be connected to other features"
1102264970,way,not appliable,not appliable,"Crossings are generally connected to a sidewalk, but some map them lines separately, so <b>watch out for false positives</b>. In general, crossings are designed to be part of a network, they should be connected to other features"
1102264971,way,not appliable,not appliable,"Crossings are generally connected to a sidewalk, but some map them lines separately, so <b>watch out for false positives</b>. In general, crossings are designed to be part of a network, they should be connected to other features"
1102264972,way,not appliable,not appliable,"Crossings are generally connected to a sidewalk, but some map them lines separately, so <b>watch out for false positives</b>. In general, crossings are designed to be part of a network, they should be connected to other features"
1102264973,way,not appliable,not appliable,"Crossings are generally connected to a sidewalk, but some map them lines separately, so <b>watch out for false positives</b>. In general, crossings are designed to be part of a network, they should be connected to other features"
1102264974,way,not appliable,not appliable,"Crossings are generally connected to a sidewalk, but some map them lines separately, so <b>watch out for false positives</b>. In general, crossings are designed to be part of a network, they should be connected to other features"
1102264975,way,not appliable,not appliable,"Crossings are generally connected to a sidewalk, but some map them lines separately, so <b>watch out for false positives</b>. In general, crossings are designed to be part of a network, they should be connected to other features"
1102264976,way,not appliable,not appliable,"Crossings are generally connected to a sidewalk, but some map them lines separately, so <b>watch out for false positives</b>. In general, crossings are designed to be part of a network, they should be connected to other features"
1102264977,way,not appliable,not appliable,"Crossings are generally connected to a sidewalk, but some map them lines separately, so <b>watch out for false positives</b>. In general, crossings are designed to be part of a network, they should be connected to other features"
1102264980,way,not appliable,not appliable,"Crossings are generally connected to a sidewalk, but some map them lines separately, so <b>watch out for false positives</b>. In general, crossings are designed to be part of a network, they should be connected to other features"
1102264982,way,not appliable,not appliable,"Crossings are generally connected to a sidewalk, but some map them lines separately, so <b>watch out for false positives</b>. In general, crossings are designed to be part of a network, they should be connected to other features"
1102264983,way,not appliable,not appliable,"Crossings are generally connected to a sidewalk, but some map them lines separately, so <b>watch out for false positives</b>. In general, crossings are designed to be part of a network, they should be connected to other features"
1102264984,way,not appliable,not appliable,"Crossings are generally connected to a sidewalk, but some map them lines separately, so <b>watch out for false positives</b>. In general, crossings are designed to be part of a network, they should be connected to other features"
1102264987,way,not appliable,not appliable,"Crossings are generally connected to a sidewalk, but some map them lines separately, so <b>watch out for false positives</b>. In general, crossings are designed to be part of a network, they should be connected to other features"
1102264989,way,not appliable,not appliable,"Crossings are generally connected to a sidewalk, but some map them lines separately, so <b>watch out for false positives</b>. In general, crossings are designed to be part of a network, they should be connected to other features"
1102264990,way,not appliable,not appliable,"Crossings are generally connected to a sidewalk, but some map them lines separately, so <b>watch out for false positives</b>. In general, crossings are designed to be part of a network, they should be connected to other features"
1102264992,way,not appliable,not appliable,"Crossings are generally connected to a sidewalk, but some map them lines separately, so <b>watch out for false positives</b>. In general, crossings are designed to be part of a network, they should be connected to other features"
1102264993,way,not appliable,not appliable,"Crossings are generally connected to a sidewalk, but some map them lines separately, so <b>watch out for false positives</b>. In general, crossings are designed to be part of a network, they should be connected to other features"
1102400524,way,not appliable,not appliable,"Crossings are generally connected to a sidewalk, but some map them lines separately, so <b>watch out for false positives</b>. In general, crossings are designed to be part of a network, they should be connected to other features"
1103749912,way,not appliable,not appliable,"Crossings are generally connected to a sidewalk, but some map them lines separately, so <b>watch out for false positives</b>. In general, crossings are designed to be part of a network, they should be connected to other features"
1105424603,way,not appliable,not appliable,"Crossings are generally connected to a sidewalk, but some map them lines separately, so <b>watch out for false positives</b>. In general, crossings are designed to be part of a network, they should be connected to other features"
1105424609,way,not appliable,not appliable,"Crossings are generally connected to a sidewalk, but some map them lines separately, so <b>watch out for false positives</b>. In general, crossings are designed to be part of a network, they should be connected to other features"
1105429314,way,not appliable,not appliable,"Crossings are generally connected to a sidewalk, but some map them lines separately, so <b>watch out for false positives</b>. In general, crossings are designed to be part of a network, they should be connected to other features"
1105429315,way,not appliable,not appliable,"Crossings are generally connected to a sidewalk, but some map them lines separately, so <b>watch out for false positives</b>. In general, crossings are designed to be part of a network, they should be connected to other features"
1105429316,way,not appliable,not appliable,"Crossings are generally connected to a sidewalk, but some map them lines separately, so <b>watch out for false positives</b>. In general, crossings are designed to be part of a network, they should be connected to other features"
1105429319,way,not appliable,not appliable,"Crossings are generally connected to a sidewalk, but some map them lines separately, so <b>watch out for false positives</b>. In general, crossings are designed to be part of a network, they should be connected to other features"
1105434330,way,not appliable,not appliable,"Crossings are generally connected to a sidewalk, but some map them lines separately, so <b>watch out for false positives</b>. In general, crossings are designed to be part of a network, they should be connected to other features"
1105434332,way,not appliable,not appliable,"Crossings are generally connected to a sidewalk, but some map them lines separately, so <b>watch out for false positives</b>. In general, crossings are designed to be part of a network, they should be connected to other features"
1105434335,way,not appliable,not appliable,"Crossings are generally connected to a sidewalk, but some map them lines separately, so <b>watch out for false positives</b>. In general, crossings are designed to be part of a network, they should be connected to other features"
1105434338,way,not appliable,not appliable,"Crossings are generally connected to a sidewalk, but some map them lines separately, so <b>watch out for false positives</b>. In general, crossings are designed to be part of a network, they should be connected to other features"
1105434343,way,not appliable,not appliable,"Crossings are generally connected to a sidewalk, but some map them lines separately, so <b>watch out for false positives</b>. In general, crossings are designed to be part of a network, they should be connected to other features"
1105434345,way,not appliable,not appliable,"Crossings are generally connected to a sidewalk, but some map them lines separately, so <b>watch out for false positives</b>. In general, crossings are designed to be part of a network, they should be connected to other features"
1106498129,way,not appliable,not appliable,"Crossings are generally connected to a sidewalk, but some map them lines separately, so <b>watch out for false positives</b>. In general, crossings are designed to be part of a network, they should be connected to other features"
1106498131,way,not appliable,not appliable,"Crossings are generally connected to a sidewalk, but some map them lines separately, so <b>watch out for false positives</b>. In general, crossings are designed to be part of a network, they should be connected to other features"
1106498134,way,not appliable,not appliable,"Crossings are generally connected to a sidewalk, but some map them lines separately, so <b>watch out for false positives</b>. In general, crossings are designed to be part of a network, they should be connected to other features"
1106498135,way,not appliable,not appliable,"Crossings are generally connected to a sidewalk, but some map them lines separately, so <b>watch out for false positives</b>. In general, crossings are designed to be part of a network, they should be connected to other features"
1106498137,way,not appliable,not appliable,"Crossings are generally connected to a sidewalk, but some map them lines separately, so <b>watch out for false positives</b>. In general, crossings are designed to be part of a network, they should be connected to other features"
1106498141,way,not appliable,not appliable,"Crossings are generally connected to a sidewalk, but some map them lines separately, so <b>watch out for false positives</b>. In general, crossings are designed to be part of a network, they should be connected to other features"
1106498142,way,not appliable,not appliable,"Crossings are generally connected to a sidewalk, but some map them lines separately, so <b>watch out for false positives</b>. In general, crossings are designed to be part of a network, they should be connected to other features"
1106498143,way,not appliable,not appliable,"Crossings are generally connected to a sidewalk, but some map them lines separately, so <b>watch out for false positives</b>. In general, crossings are designed to be part of a network, they should be connected to other features"
1106498144,way,not appliable,not appliable,"Crossings are generally connected to a sidewalk, but some map them lines separately, so <b>watch out for false positives</b>. In general, crossings are designed to be part of a network, they should be connected to other features"
1106498145,way,not appliable,not appliable,"Crossings are generally connected to a sidewalk, but some map them lines separately, so <b>watch out for false positives</b>. In general, crossings are designed to be part of a network, they should be connected to other features"
1106498146,way,not appliable,not appliable,"Crossings are generally connected to a sidewalk, but some map them lines separately, so <b>watch out for false positives</b>. In general, crossings are designed to be part of a network, they should be connected to other features"
1106498147,way,not appliable,not appliable,"Crossings are generally connected to a sidewalk, but some map them lines separately, so <b>watch out for false positives</b>. In general, crossings are designed to be part of a network, they should be connected to other features"
1106498158,way,not appliable,not appliable,"Crossings are generally connected to a sidewalk, but some map them lines separately, so <b>watch out for false positives</b>. In general, crossings are designed to be part of a network, they should be connected to other features"
1106498159,way,not appliable,not appliable,"Crossings are generally connected to a sidewalk, but some map them lines separately, so <b>watch out for false positives</b>. In general, crossings are designed to be part of a network, they should be connected to other features"
1106498160,way,not appliable,not appliable,"Crossings are generally connected to a sidewalk, but some map them lines separately, so <b>watch out for false positives</b>. In general, crossings are designed to be part of a network, they should be connected to other features"
1106727939,way,not appliable,not appliable,"Crossings are generally connected to a sidewalk, but some map them lines separately, so <b>watch out for false positives</b>. In general, crossings are designed to be part of a network, they should be connected to other features"
1106727941,way,not appliable,not appliable,"Crossings are generally connected to a sidewalk, but some map them lines separately, so <b>watch out for false positives</b>. In general, crossings are designed to be part of a network, they should be connected to other features"
1106727942,way,not appliable,not appliable,"Crossings are generally connected to a sidewalk, but some map them lines separately, so <b>watch out for false positives</b>. In general, crossings are designed to be part of a network, they should be connected to other features"
1106727946,way,not appliable,not appliable,"Crossings are generally connected to a sidewalk, but some map them lines separately, so <b>watch out for false positives</b>. In general, crossings are designed to be part of a network, they should be connected to other features"
1107035934,way,not appliable,not appliable,"Crossings are generally connected to a sidewalk, but some map them lines separately, so <b>watch out for false positives</b>. In general, crossings are designed to be part of a network, they should be connected to other features"
1109902319,way,not appliable,not appliable,"Crossings are generally connected to a sidewalk, but some map them lines separately, so <b>watch out for false positives</b>. In general, crossings are designed to be part of a network, they should be connected to other features"
1109902321,way,not appliable,not appliable,"Crossings are generally connected to a sidewalk, but some map them lines separately, so <b>watch out for false positives</b>. In general, crossings are designed to be part of a network, they should be connected to other features"
1109902322,way,not appliable,not appliable,"Crossings are generally connected to a sidewalk, but some map them lines separately, so <b>watch out for false positives</b>. In general, crossings are designed to be part of a network, they should be connected to other features"
1109902324,way,not appliable,not appliable,"Crossings are generally connected to a sidewalk, but some map them lines separately, so <b>watch out for false positives</b>. In general, crossings are designed to be part of a network, they should be connected to other features"
1109902325,way,not appliable,not appliable,"Crossings are generally connected to a sidewalk, but some map them lines separately, so <b>watch out for false positives</b>. In general, crossings are designed to be part of a network, they should be connected to other features"
1109902327,way,not appliable,not appliable,"Crossings are generally connected to a sidewalk, but some map them lines separately, so <b>watch out for false positives</b>. In general, crossings are designed to be part of a network, they should be connected to other features"
1109902328,way,not appliable,not appliable,"Crossings are generally connected to a sidewalk, but some map them lines separately, so <b>watch out for false positives</b>. In general, crossings are designed to be part of a network, they should be connected to other features"
1109902330,way,not appliable,not appliable,"Crossings are generally connected to a sidewalk, but some map them lines separately, so <b>watch out for false positives</b>. In general, crossings are designed to be part of a network, they should be connected to other features"
1109902331,way,not appliable,not appliable,"Crossings are generally connected to a sidewalk, but some map them lines separately, so <b>watch out for false positives</b>. In general, crossings are designed to be part of a network, they should be connected to other features"
1109902333,way,not appliable,not appliable,"Crossings are generally connected to a sidewalk, but some map them lines separately, so <b>watch out for false positives</b>. In general, crossings are designed to be part of a network, they should be connected to other features"
1109902334,way,not appliable,not appliable,"Crossings are generally connected to a sidewalk, but some map them lines separately, so <b>watch out for false positives</b>. In general, crossings are designed to be part of a network, they should be connected to other features"
1109902336,way,not appliable,not appliable,"Crossings are generally connected to a sidewalk, but some map them lines separately, so <b>watch out for false positives</b>. In general, crossings are designed to be part of a network, they should be connected to other features"
1109902337,way,not appliable,not appliable,"Crossings are generally connected to a sidewalk, but some map them lines separately, so <b>watch out for false positives</b>. In general, crossings are designed to be part of a network, they should be connected to other features"
1109902339,way,not appliable,not appliable,"Crossings are generally connected to a sidewalk, but some map them lines separately, so <b>watch out for false positives</b>. In general, crossings are designed to be part of a network, they should be connected to other features"
1109902340,way,not appliable,not appliable,"Crossings are generally connected to a sidewalk, but some map them lines separately, so <b>watch out for false positives</b>. In general, crossings are designed to be part of a network, they should be connected to other features"
1109902342,way,not appliable,not appliable,"Crossings are generally connected to a sidewalk, but some map them lines separately, so <b>watch out for false positives</b>. In general, crossings are designed to be part of a network, they should be connected to other features"
1109902343,way,not appliable,not appliable,"Crossings are generally connected to a sidewalk, but some map them lines separately, so <b>watch out for false positives</b>. In general, crossings are designed to be part of a network, they should be connected to other features"
1109902345,way,not appliable,not appliable,"Crossings are generally connected to a sidewalk, but some map them lines separately, so <b>watch out for false positives</b>. In general, crossings are designed to be part of a network, they should be connected to other features"
1109902346,way,not appliable,not appliable,"Crossings are generally connected to a sidewalk, but some map them lines separately, so <b>watch out for false positives</b>. In general, crossings are designed to be part of a network, they should be connected to other features"
1109902348,way,not appliable,not appliable,"Crossings are generally connected to a sidewalk, but some map them lines separately, so <b>watch out for false positives</b>. In general, crossings are designed to be part of a network, they should be connected to other features"
1110167634,way,not appliable,not appliable,"Crossings are generally connected to a sidewalk, but some map them lines separately, so <b>watch out for false positives</b>. In general, crossings are designed to be part of a network, they should be connected to other features"
1110169194,way,not appliable,not appliable,"Crossings are generally connected to a sidewalk, but some map them lines separately, so <b>watch out for false positives</b>. In general, crossings are designed to be part of a network, they should be connected to other features"
1110169196,way,not appliable,not appliable,"Crossings are generally connected to a sidewalk, but some map them lines separately, so <b>watch out for false positives</b>. In general, crossings are designed to be part of a network, they should be connected to other features"
1110169197,way,not appliable,not appliable,"Crossings are generally connected to a sidewalk, but some map them lines separately, so <b>watch out for false positives</b>. In general, crossings are designed to be part of a network, they should be connected to other features"
1110170337,way,not appliable,not appliable,"Crossings are generally connected to a sidewalk, but some map them lines separately, so <b>watch out for false positives</b>. In general, crossings are designed to be part of a network, they should be connected to other features"
1110170340,way,not appliable,not appliable,"Crossings are generally connected to a sidewalk, but some map them lines separately, so <b>watch out for false positives</b>. In general, crossings are designed to be part of a network, they should be connected to other features"
1110170342,way,not appliable,not appliable,"Crossings are generally connected to a sidewalk, but some map them lines separately, so <b>watch out for false positives</b>. In general, crossings are designed to be part of a network, they should be connected to other features"
1110170343,way,not appliable,not appliable,"Crossings are generally connected to a sidewalk, but some map them lines separately, so <b>watch out for false positives</b>. In general, crossings are designed to be part of a network, they should be connected to other features"
1110668730,way,not appliable,not appliable,"Crossings are generally connected to a sidewalk, but some map them lines separately, so <b>watch out for false positives</b>. In general, crossings are designed to be part of a network, they should be connected to other features"
1110668731,way,not appliable,not appliable,"Crossings are generally connected to a sidewalk, but some map them lines separately, so <b>watch out for false positives</b>. In general, crossings are designed to be part of a network, they should be connected to other features"
1110901898,way,not appliable,not appliable,"Crossings are generally connected to a sidewalk, but some map them lines separately, so <b>watch out for false positives</b>. In general, crossings are designed to be part of a network, they should be connected to other features"
1110910253,way,not appliable,not appliable,"Crossings are generally connected to a sidewalk, but some map them lines separately, so <b>watch out for false positives</b>. In general, crossings are designed to be part of a network, they should be connected to other features"
1110913571,way,not appliable,not appliable,"Crossings are generally connected to a sidewalk, but some map them lines separately, so <b>watch out for false positives</b>. In general, crossings are designed to be part of a network, they should be connected to other features"
1110913572,way,not appliable,not appliable,"Crossings are generally connected to a sidewalk, but some map them lines separately, so <b>watch out for false positives</b>. In general, crossings are designed to be part of a network, they should be connected to other features"
1110913573,way,not appliable,not appliable,"Crossings are generally connected to a sidewalk, but some map them lines separately, so <b>watch out for false positives</b>. In general, crossings are designed to be part of a network, they should be connected to other features"
1111698637,way,not appliable,not appliable,"Crossings are generally connected to a sidewalk, but some map them lines separately, so <b>watch out for false positives</b>. In general, crossings are designed to be part of a network, they should be connected to other features"
1111698639,way,not appliable,not appliable,"Crossings are generally connected to a sidewalk, but some map them lines separately, so <b>watch out for false positives</b>. In general, crossings are designed to be part of a network, they should be connected to other features"
1111816963,way,not appliable,not appliable,"Crossings are generally connected to a sidewalk, but some map them lines separately, so <b>watch out for false positives</b>. In general, crossings are designed to be part of a network, they should be connected to other features"
1111816965,way,not appliable,not appliable,"Crossings are generally connected to a sidewalk, but some map them lines separately, so <b>watch out for false positives</b>. In general, crossings are designed to be part of a network, they should be connected to other features"
1111816966,way,not appliable,not appliable,"Crossings are generally connected to a sidewalk, but some map them lines separately, so <b>watch out for false positives</b>. In general, crossings are designed to be part of a network, they should be connected to other features"
1111908062,way,not appliable,not appliable,"Crossings are generally connected to a sidewalk, but some map them lines separately, so <b>watch out for false positives</b>. In general, crossings are designed to be part of a network, they should be connected to other features"
1111908070,way,not appliable,not appliable,"Crossings are generally connected to a sidewalk, but some map them lines separately, so <b>watch out for false positives</b>. In general, crossings are designed to be part of a network, they should be connected to other features"
1111908624,way,not appliable,not appliable,"Crossings are generally connected to a sidewalk, but some map them lines separately, so <b>watch out for false positives</b>. In general, crossings are designed to be part of a network, they should be connected to other features"
1111908625,way,not appliable,not appliable,"Crossings are generally connected to a sidewalk, but some map them lines separately, so <b>watch out for false positives</b>. In general, crossings are designed to be part of a network, they should be connected to other features"
1111908626,way,not appliable,not appliable,"Crossings are generally connected to a sidewalk, but some map them lines separately, so <b>watch out for false positives</b>. In general, crossings are designed to be part of a network, they should be connected to other features"
1111908627,way,not appliable,not appliable,"Crossings are generally connected to a sidewalk, but some map them lines separately, so <b>watch out for false positives</b>. In general, crossings are designed to be part of a network, they should be connected to other features"
1111908628,way,not appliable,not appliable,"Crossings are generally connected to a sidewalk, but some map them lines separately, so <b>watch out for false positives</b>. In general, crossings are designed to be part of a network, they should be connected to other features"
1111908629,way,not appliable,not appliable,"Crossings are generally connected to a sidewalk, but some map them lines separately, so <b>watch out for false positives</b>. In general, crossings are designed to be part of a network, they should be connected to other features"
1111908630,way,not appliable,not appliable,"Crossings are generally connected to a sidewalk, but some map them lines separately, so <b>watch out for false positives</b>. In general, crossings are designed to be part of a network, they should be connected to other features"
1111908983,way,not appliable,not appliable,"Crossings are generally connected to a sidewalk, but some map them lines separately, so <b>watch out for false positives</b>. In general, crossings are designed to be part of a network, they should be connected to other features"
1111908984,way,not appliable,not appliable,"Crossings are generally connected to a sidewalk, but some map them lines separately, so <b>watch out for false positives</b>. In general, crossings are designed to be part of a network, they should be connected to other features"
1115867619,way,not appliable,not appliable,"Crossings are generally connected to a sidewalk, but some map them lines separately, so <b>watch out for false positives</b>. In general, crossings are designed to be part of a network, they should be connected to other features"
1115867620,way,not appliable,not appliable,"Crossings are generally connected to a sidewalk, but some map them lines separately, so <b>watch out for false positives</b>. In general, crossings are designed to be part of a network, they should be connected to other features"
1115867621,way,not appliable,not appliable,"Crossings are generally connected to a sidewalk, but some map them lines separately, so <b>watch out for false positives</b>. In general, crossings are designed to be part of a network, they should be connected to other features"
1115893464,way,not appliable,not appliable,"Crossings are generally connected to a sidewalk, but some map them lines separately, so <b>watch out for false positives</b>. In general, crossings are designed to be part of a network, they should be connected to other features"
1115893465,way,not appliable,not appliable,"Crossings are generally connected to a sidewalk, but some map them lines separately, so <b>watch out for false positives</b>. In general, crossings are designed to be part of a network, they should be connected to other features"
1115893467,way,not appliable,not appliable,"Crossings are generally connected to a sidewalk, but some map them lines separately, so <b>watch out for false positives</b>. In general, crossings are designed to be part of a network, they should be connected to other features"
1115893473,way,not appliable,not appliable,"Crossings are generally connected to a sidewalk, but some map them lines separately, so <b>watch out for false positives</b>. In general, crossings are designed to be part of a network, they should be connected to other features"
1115893474,way,not appliable,not appliable,"Crossings are generally connected to a sidewalk, but some map them lines separately, so <b>watch out for false positives</b>. In general, crossings are designed to be part of a network, they should be connected to other features"
1115893475,way,not appliable,not appliable,"Crossings are generally connected to a sidewalk, but some map them lines separately, so <b>watch out for false positives</b>. In general, crossings are designed to be part of a network, they should be connected to other features"
1115893476,way,not appliable,not appliable,"Crossings are generally connected to a sidewalk, but some map them lines separately, so <b>watch out for false positives</b>. In general, crossings are designed to be part of a network, they should be connected to other features"
1115893478,way,not appliable,not appliable,"Crossings are generally connected to a sidewalk, but some map them lines separately, so <b>watch out for false positives</b>. In general, crossings are designed to be part of a network, they should be connected to other features"
1117725343,way,not appliable,not appliable,"Crossings are generally connected to a sidewalk, but some map them lines separately, so <b>watch out for false positives</b>. In general, crossings are designed to be part of a network, they should be connected to other features"
1117725345,way,not appliable,not appliable,"Crossings are generally connected to a sidewalk, but some map them lines separately, so <b>watch out for false positives</b>. In general, crossings are designed to be part of a network, they should be connected to other features"
1117725348,way,not appliable,not appliable,"Crossings are generally connected to a sidewalk, but some map them lines separately, so <b>watch out for false positives</b>. In general, crossings are designed to be part of a network, they should be connected to other features"
1118199051,way,not appliable,not appliable,"Crossings are generally connected to a sidewalk, but some map them lines separately, so <b>watch out for false positives</b>. In general, crossings are designed to be part of a network, they should be connected to other features"
1118199052,way,not appliable,not appliable,"Crossings are generally connected to a sidewalk, but some map them lines separately, so <b>watch out for false positives</b>. In general, crossings are designed to be part of a network, they should be connected to other features"
1118199053,way,not appliable,not appliable,"Crossings are generally connected to a sidewalk, but some map them lines separately, so <b>watch out for false positives</b>. In general, crossings are designed to be part of a network, they should be connected to other features"
1118199054,way,not appliable,not appliable,"Crossings are generally connected to a sidewalk, but some map them lines separately, so <b>watch out for false positives</b>. In general, crossings are designed to be part of a network, they should be connected to other features"
1118199055,way,not appliable,not appliable,"Crossings are generally connected to a sidewalk, but some map them lines separately, so <b>watch out for false positives</b>. In general, crossings are designed to be part of a network, they should be connected to other features"
1118199056,way,not appliable,not appliable,"Crossings are generally connected to a sidewalk, but some map them lines separately, so <b>watch out for false positives</b>. In general, crossings are designed to be part of a network, they should be connected to other features"
1119096786,way,not appliable,not appliable,"Crossings are generally connected to a sidewalk, but some map them lines separately, so <b>watch out for false positives</b>. In general, crossings are designed to be part of a network, they should be connected to other features"
1119096787,way,not appliable,not appliable,"Crossings are generally connected to a sidewalk, but some map them lines separately, so <b>watch out for false positives</b>. In general, crossings are designed to be part of a network, they should be connected to other features"
1119271650,way,not appliable,not appliable,"Crossings are generally connected to a sidewalk, but some map them lines separately, so <b>watch out for false positives</b>. In general, crossings are designed to be part of a network, they should be connected to other features"
1119271652,way,not appliable,not appliable,"Crossings are generally connected to a sidewalk, but some map them lines separately, so <b>watch out for false positives</b>. In general, crossings are designed to be part of a network, they should be connected to other features"
1120235734,way,not appliable,not appliable,"Crossings are generally connected to a sidewalk, but some map them lines separately, so <b>watch out for false positives</b>. In general, crossings are designed to be part of a network, they should be connected to other features"
1120235735,way,not appliable,not appliable,"Crossings are generally connected to a sidewalk, but some map them lines separately, so <b>watch out for false positives</b>. In general, crossings are designed to be part of a network, they should be connected to other features"
1120235738,way,not appliable,not appliable,"Crossings are generally connected to a sidewalk, but some map them lines separately, so <b>watch out for false positives</b>. In general, crossings are designed to be part of a network, they should be connected to other features"
1120235740,way,not appliable,not appliable,"Crossings are generally connected to a sidewalk, but some map them lines separately, so <b>watch out for false positives</b>. In general, crossings are designed to be part of a network, they should be connected to other features"
1120235879,way,not appliable,not appliable,"Crossings are generally connected to a sidewalk, but some map them lines separately, so <b>watch out for false positives</b>. In general, crossings are designed to be part of a network, they should be connected to other features"
1120235880,way,not appliable,not appliable,"Crossings are generally connected to a sidewalk, but some map them lines separately, so <b>watch out for false positives</b>. In general, crossings are designed to be part of a network, they should be connected to other features"
1120235881,way,not appliable,not appliable,"Crossings are generally connected to a sidewalk, but some map them lines separately, so <b>watch out for false positives</b>. In general, crossings are designed to be part of a network, they should be connected to other features"
1120255208,way,not appliable,not appliable,"Crossings are generally connected to a sidewalk, but some map them lines separately, so <b>watch out for false positives</b>. In general, crossings are designed to be part of a network, they should be connected to other features"
1120255210,way,not appliable,not appliable,"Crossings are generally connected to a sidewalk, but some map them lines separately, so <b>watch out for false positives</b>. In general, crossings are designed to be part of a network, they should be connected to other features"
1120255212,way,not appliable,not appliable,"Crossings are generally connected to a sidewalk, but some map them lines separately, so <b>watch out for false positives</b>. In general, crossings are designed to be part of a network, they should be connected to other features"
1120255214,way,not appliable,not appliable,"Crossings are generally connected to a sidewalk, but some map them lines separately, so <b>watch out for false positives</b>. In general, crossings are designed to be part of a network, they should be connected to other features"
1120255216,way,not appliable,not appliable,"Crossings are generally connected to a sidewalk, but some map them lines separately, so <b>watch out for false positives</b>. In general, crossings are designed to be part of a network, they should be connected to other features"
1120255217,way,not appliable,not appliable,"Crossings are generally connected to a sidewalk, but some map them lines separately, so <b>watch out for false positives</b>. In general, crossings are designed to be part of a network, they should be connected to other features"
1120255874,way,not appliable,not appliable,"Crossings are generally connected to a sidewalk, but some map them lines separately, so <b>watch out for false positives</b>. In general, crossings are designed to be part of a network, they should be connected to other features"
1120255875,way,not appliable,not appliable,"Crossings are generally connected to a sidewalk, but some map them lines separately, so <b>watch out for false positives</b>. In general, crossings are designed to be part of a network, they should be connected to other features"
1120712751,way,not appliable,not appliable,"Crossings are generally connected to a sidewalk, but some map them lines separately, so <b>watch out for false positives</b>. In general, crossings are designed to be part of a network, they should be connected to other features"
1120712754,way,not appliable,not appliable,"Crossings are generally connected to a sidewalk, but some map them lines separately, so <b>watch out for false positives</b>. In general, crossings are designed to be part of a network, they should be connected to other features"
1121520266,way,not appliable,not appliable,"Crossings are generally connected to a sidewalk, but some map them lines separately, so <b>watch out for false positives</b>. In general, crossings are designed to be part of a network, they should be connected to other features"
1123489161,way,not appliable,not appliable,"Crossings are generally connected to a sidewalk, but some map them lines separately, so <b>watch out for false positives</b>. In general, crossings are designed to be part of a network, they should be connected to other features"
1123489182,way,not appliable,not appliable,"Crossings are generally connected to a sidewalk, but some map them lines separately, so <b>watch out for false positives</b>. In general, crossings are designed to be part of a network, they should be connected to other features"
1123489183,way,not appliable,not appliable,"Crossings are generally connected to a sidewalk, but some map them lines separately, so <b>watch out for false positives</b>. In general, crossings are designed to be part of a network, they should be connected to other features"
1123489184,way,not appliable,not appliable,"Crossings are generally connected to a sidewalk, but some map them lines separately, so <b>watch out for false positives</b>. In general, crossings are designed to be part of a network, they should be connected to other features"
1123489191,way,not appliable,not appliable,"Crossings are generally connected to a sidewalk, but some map them lines separately, so <b>watch out for false positives</b>. In general, crossings are designed to be part of a network, they should be connected to other features"
1123489198,way,not appliable,not appliable,"Crossings are generally connected to a sidewalk, but some map them lines separately, so <b>watch out for false positives</b>. In general, crossings are designed to be part of a network, they should be connected to other features"
1123489201,way,not appliable,not appliable,"Crossings are generally connected to a sidewalk, but some map them lines separately, so <b>watch out for false positives</b>. In general, crossings are designed to be part of a network, they should be connected to other features"
1123489202,way,not appliable,not appliable,"Crossings are generally connected to a sidewalk, but some map them lines separately, so <b>watch out for false positives</b>. In general, crossings are designed to be part of a network, they should be connected to other features"
1123507049,way,not appliable,not appliable,"Crossings are generally connected to a sidewalk, but some map them lines separately, so <b>watch out for false positives</b>. In general, crossings are designed to be part of a network, they should be connected to other features"
1124028915,way,not appliable,not appliable,"Crossings are generally connected to a sidewalk, but some map them lines separately, so <b>watch out for false positives</b>. In general, crossings are designed to be part of a network, they should be connected to other features"
1124028917,way,not appliable,not appliable,"Crossings are generally connected to a sidewalk, but some map them lines separately, so <b>watch out for false positives</b>. In general, crossings are designed to be part of a network, they should be connected to other features"
1124028918,way,not appliable,not appliable,"Crossings are generally connected to a sidewalk, but some map them lines separately, so <b>watch out for false positives</b>. In general, crossings are designed to be part of a network, they should be connected to other features"
1124028921,way,not appliable,not appliable,"Crossings are generally connected to a sidewalk, but some map them lines separately, so <b>watch out for false positives</b>. In general, crossings are designed to be part of a network, they should be connected to other features"
1124028923,way,not appliable,not appliable,"Crossings are generally connected to a sidewalk, but some map them lines separately, so <b>watch out for false positives</b>. In general, crossings are designed to be part of a network, they should be connected to other features"
1124028927,way,not appliable,not appliable,"Crossings are generally connected to a sidewalk, but some map them lines separately, so <b>watch out for false positives</b>. In general, crossings are designed to be part of a network, they should be connected to other features"
1124028931,way,not appliable,not appliable,"Crossings are generally connected to a sidewalk, but some map them lines separately, so <b>watch out for false positives</b>. In general, crossings are designed to be part of a network, they should be connected to other features"
1124028934,way,not appliable,not appliable,"Crossings are generally connected to a sidewalk, but some map them lines separately, so <b>watch out for false positives</b>. In general, crossings are designed to be part of a network, they should be connected to other features"
1125077259,way,not appliable,not appliable,"Crossings are generally connected to a sidewalk, but some map them lines separately, so <b>watch out for false positives</b>. In general, crossings are designed to be part of a network, they should be connected to other features"
1125077260,way,not appliable,not appliable,"Crossings are generally connected to a sidewalk, but some map them lines separately, so <b>watch out for false positives</b>. In general, crossings are designed to be part of a network, they should be connected to other features"
1125527498,way,not appliable,not appliable,"Crossings are generally connected to a sidewalk, but some map them lines separately, so <b>watch out for false positives</b>. In general, crossings are designed to be part of a network, they should be connected to other features"
1125527499,way,not appliable,not appliable,"Crossings are generally connected to a sidewalk, but some map them lines separately, so <b>watch out for false positives</b>. In general, crossings are designed to be part of a network, they should be connected to other features"
1125527500,way,not appliable,not appliable,"Crossings are generally connected to a sidewalk, but some map them lines separately, so <b>watch out for false positives</b>. In general, crossings are designed to be part of a network, they should be connected to other features"
1125527501,way,not appliable,not appliable,"Crossings are generally connected to a sidewalk, but some map them lines separately, so <b>watch out for false positives</b>. In general, crossings are designed to be part of a network, they should be connected to other features"
1125527510,way,not appliable,not appliable,"Crossings are generally connected to a sidewalk, but some map them lines separately, so <b>watch out for false positives</b>. In general, crossings are designed to be part of a network, they should be connected to other features"
1125527511,way,not appliable,not appliable,"Crossings are generally connected to a sidewalk, but some map them lines separately, so <b>watch out for false positives</b>. In general, crossings are designed to be part of a network, they should be connected to other features"
1125527512,way,not appliable,not appliable,"Crossings are generally connected to a sidewalk, but some map them lines separately, so <b>watch out for false positives</b>. In general, crossings are designed to be part of a network, they should be connected to other features"
1125530242,way,not appliable,not appliable,"Crossings are generally connected to a sidewalk, but some map them lines separately, so <b>watch out for false positives</b>. In general, crossings are designed to be part of a network, they should be connected to other features"
1125530243,way,not appliable,not appliable,"Crossings are generally connected to a sidewalk, but some map them lines separately, so <b>watch out for false positives</b>. In general, crossings are designed to be part of a network, they should be connected to other features"
1125530245,way,not appliable,not appliable,"Crossings are generally connected to a sidewalk, but some map them lines separately, so <b>watch out for false positives</b>. In general, crossings are designed to be part of a network, they should be connected to other features"
1125530257,way,not appliable,not appliable,"Crossings are generally connected to a sidewalk, but some map them lines separately, so <b>watch out for false positives</b>. In general, crossings are designed to be part of a network, they should be connected to other features"
1125530258,way,not appliable,not appliable,"Crossings are generally connected to a sidewalk, but some map them lines separately, so <b>watch out for false positives</b>. In general, crossings are designed to be part of a network, they should be connected to other features"
1125530266,way,not appliable,not appliable,"Crossings are generally connected to a sidewalk, but some map them lines separately, so <b>watch out for false positives</b>. In general, crossings are designed to be part of a network, they should be connected to other features"
1125533122,way,not appliable,not appliable,"Crossings are generally connected to a sidewalk, but some map them lines separately, so <b>watch out for false positives</b>. In general, crossings are designed to be part of a network, they should be connected to other features"
1125533123,way,not appliable,not appliable,"Crossings are generally connected to a sidewalk, but some map them lines separately, so <b>watch out for false positives</b>. In general, crossings are designed to be part of a network, they should be connected to other features"
1125533124,way,not appliable,not appliable,"Crossings are generally connected to a sidewalk, but some map them lines separately, so <b>watch out for false positives</b>. In general, crossings are designed to be part of a network, they should be connected to other features"
1125533125,way,not appliable,not appliable,"Crossings are generally connected to a sidewalk, but some map them lines separately, so <b>watch out for false positives</b>. In general, crossings are designed to be part of a network, they should be connected to other features"
1125533126,way,not appliable,not appliable,"Crossings are generally connected to a sidewalk, but some map them lines separately, so <b>watch out for false positives</b>. In general, crossings are designed to be part of a network, they should be connected to other features"
1125773807,way,not appliable,not appliable,"Crossings are generally connected to a sidewalk, but some map them lines separately, so <b>watch out for false positives</b>. In general, crossings are designed to be part of a network, they should be connected to other features"
1125773809,way,not appliable,not appliable,"Crossings are generally connected to a sidewalk, but some map them lines separately, so <b>watch out for false positives</b>. In general, crossings are designed to be part of a network, they should be connected to other features"
1125773811,way,not appliable,not appliable,"Crossings are generally connected to a sidewalk, but some map them lines separately, so <b>watch out for false positives</b>. In general, crossings are designed to be part of a network, they should be connected to other features"
1125773814,way,not appliable,not appliable,"Crossings are generally connected to a sidewalk, but some map them lines separately, so <b>watch out for false positives</b>. In general, crossings are designed to be part of a network, they should be connected to other features"
1125773815,way,not appliable,not appliable,"Crossings are generally connected to a sidewalk, but some map them lines separately, so <b>watch out for false positives</b>. In general, crossings are designed to be part of a network, they should be connected to other features"
1125773818,way,not appliable,not appliable,"Crossings are generally connected to a sidewalk, but some map them lines separately, so <b>watch out for false positives</b>. In general, crossings are designed to be part of a network, they should be connected to other features"
1125773819,way,not appliable,not appliable,"Crossings are generally connected to a sidewalk, but some map them lines separately, so <b>watch out for false positives</b>. In general, crossings are designed to be part of a network, they should be connected to other features"
1125773822,way,not appliable,not appliable,"Crossings are generally connected to a sidewalk, but some map them lines separately, so <b>watch out for false positives</b>. In general, crossings are designed to be part of a network, they should be connected to other features"
1125778161,way,not appliable,not appliable,"Crossings are generally connected to a sidewalk, but some map them lines separately, so <b>watch out for false positives</b>. In general, crossings are designed to be part of a network, they should be connected to other features"
1125778164,way,not appliable,not appliable,"Crossings are generally connected to a sidewalk, but some map them lines separately, so <b>watch out for false positives</b>. In general, crossings are designed to be part of a network, they should be connected to other features"
1125778166,way,not appliable,not appliable,"Crossings are generally connected to a sidewalk, but some map them lines separately, so <b>watch out for false positives</b>. In general, crossings are designed to be part of a network, they should be connected to other features"
1125778167,way,not appliable,not appliable,"Crossings are generally connected to a sidewalk, but some map them lines separately, so <b>watch out for false positives</b>. In general, crossings are designed to be part of a network, they should be connected to other features"
1125778311,way,not appliable,not appliable,"Crossings are generally connected to a sidewalk, but some map them lines separately, so <b>watch out for false positives</b>. In general, crossings are designed to be part of a network, they should be connected to other features"
1125778313,way,not appliable,not appliable,"Crossings are generally connected to a sidewalk, but some map them lines separately, so <b>watch out for false positives</b>. In general, crossings are designed to be part of a network, they should be connected to other features"
1125778315,way,not appliable,not appliable,"Crossings are generally connected to a sidewalk, but some map them lines separately, so <b>watch out for false positives</b>. In general, crossings are designed to be part of a network, they should be connected to other features"
1125778316,way,not appliable,not appliable,"Crossings are generally connected to a sidewalk, but some map them lines separately, so <b>watch out for false positives</b>. In general, crossings are designed to be part of a network, they should be connected to other features"
1125778318,way,not appliable,not appliable,"Crossings are generally connected to a sidewalk, but some map them lines separately, so <b>watch out for false positives</b>. In general, crossings are designed to be part of a network, they should be connected to other features"
1125778321,way,not appliable,not appliable,"Crossings are generally connected to a sidewalk, but some map them lines separately, so <b>watch out for false positives</b>. In general, crossings are designed to be part of a network, they should be connected to other features"
1125778322,way,not appliable,not appliable,"Crossings are generally connected to a sidewalk, but some map them lines separately, so <b>watch out for false positives</b>. In general, crossings are designed to be part of a network, they should be connected to other features"
1128083677,way,not appliable,not appliable,"Crossings are generally connected to a sidewalk, but some map them lines separately, so <b>watch out for false positives</b>. In general, crossings are designed to be part of a network, they should be connected to other features"
1130102586,way,not appliable,not appliable,"Crossings are generally connected to a sidewalk, but some map them lines separately, so <b>watch out for false positives</b>. In general, crossings are designed to be part of a network, they should be connected to other features"
1130765829,way,not appliable,not appliable,"Crossings are generally connected to a sidewalk, but some map them lines separately, so <b>watch out for false positives</b>. In general, crossings are designed to be part of a network, they should be connected to other features"
1130765830,way,not appliable,not appliable,"Crossings are generally connected to a sidewalk, but some map them lines separately, so <b>watch out for false positives</b>. In general, crossings are designed to be part of a network, they should be connected to other features"
1130773013,way,not appliable,not appliable,"Crossings are generally connected to a sidewalk, but some map them lines separately, so <b>watch out for false positives</b>. In general, crossings are designed to be part of a network, they should be connected to other features"
1133614384,way,not appliable,not appliable,"Crossings are generally connected to a sidewalk, but some map them lines separately, so <b>watch out for false positives</b>. In general, crossings are designed to be part of a network, they should be connected to other features"
1133614385,way,not appliable,not appliable,"Crossings are generally connected to a sidewalk, but some map them lines separately, so <b>watch out for false positives</b>. In general, crossings are designed to be part of a network, they should be connected to other features"
1135824104,way,not appliable,not appliable,"Crossings are generally connected to a sidewalk, but some map them lines separately, so <b>watch out for false positives</b>. In general, crossings are designed to be part of a network, they should be connected to other features"
1135824105,way,not appliable,not appliable,"Crossings are generally connected to a sidewalk, but some map them lines separately, so <b>watch out for false positives</b>. In general, crossings are designed to be part of a network, they should be connected to other features"
1135824106,way,not appliable,not appliable,"Crossings are generally connected to a sidewalk, but some map them lines separately, so <b>watch out for false positives</b>. In general, crossings are designed to be part of a network, they should be connected to other features"
1135824107,way,not appliable,not appliable,"Crossings are generally connected to a sidewalk, but some map them lines separately, so <b>watch out for false positives</b>. In general, crossings are designed to be part of a network, they should be connected to other features"
1136103224,way,not appliable,not appliable,"Crossings are generally connected to a sidewalk, but some map them lines separately, so <b>watch out for false positives</b>. In general, crossings are designed to be part of a network, they should be connected to other features"
1136103226,way,not appliable,not appliable,"Crossings are generally connected to a sidewalk, but some map them lines separately, so <b>watch out for false positives</b>. In general, crossings are designed to be part of a network, they should be connected to other features"
1136103229,way,not appliable,not appliable,"Crossings are generally connected to a sidewalk, but some map them lines separately, so <b>watch out for false positives</b>. In general, crossings are designed to be part of a network, they should be connected to other features"
1136103230,way,not appliable,not appliable,"Crossings are generally connected to a sidewalk, but some map them lines separately, so <b>watch out for false positives</b>. In general, crossings are designed to be part of a network, they should be connected to other features"
1136103233,way,not appliable,not appliable,"Crossings are generally connected to a sidewalk, but some map them lines separately, so <b>watch out for false positives</b>. In general, crossings are designed to be part of a network, they should be connected to other features"
1136103235,way,not appliable,not appliable,"Crossings are generally connected to a sidewalk, but some map them lines separately, so <b>watch out for false positives</b>. In general, crossings are designed to be part of a network, they should be connected to other features"
1136103237,way,not appliable,not appliable,"Crossings are generally connected to a sidewalk, but some map them lines separately, so <b>watch out for false positives</b>. In general, crossings are designed to be part of a network, they should be connected to other features"
1136103238,way,not appliable,not appliable,"Crossings are generally connected to a sidewalk, but some map them lines separately, so <b>watch out for false positives</b>. In general, crossings are designed to be part of a network, they should be connected to other features"
1136103239,way,not appliable,not appliable,"Crossings are generally connected to a sidewalk, but some map them lines separately, so <b>watch out for false positives</b>. In general, crossings are designed to be part of a network, they should be connected to other features"
1136104594,way,not appliable,not appliable,"Crossings are generally connected to a sidewalk, but some map them lines separately, so <b>watch out for false positives</b>. In general, crossings are designed to be part of a network, they should be connected to other features"
1136104595,way,not appliable,not appliable,"Crossings are generally connected to a sidewalk, but some map them lines separately, so <b>watch out for false positives</b>. In general, crossings are designed to be part of a network, they should be connected to other features"
1136104596,way,not appliable,not appliable,"Crossings are generally connected to a sidewalk, but some map them lines separately, so <b>watch out for false positives</b>. In general, crossings are designed to be part of a network, they should be connected to other features"
1136104598,way,not appliable,not appliable,"Crossings are generally connected to a sidewalk, but some map them lines separately, so <b>watch out for false positives</b>. In general, crossings are designed to be part of a network, they should be connected to other features"
1136904817,way,not appliable,not appliable,"Crossings are generally connected to a sidewalk, but some map them lines separately, so <b>watch out for false positives</b>. In general, crossings are designed to be part of a network, they should be connected to other features"
1137148275,way,not appliable,not appliable,"Crossings are generally connected to a sidewalk, but some map them lines separately, so <b>watch out for false positives</b>. In general, crossings are designed to be part of a network, they should be connected to other features"
1137148277,way,not appliable,not appliable,"Crossings are generally connected to a sidewalk, but some map them lines separately, so <b>watch out for false positives</b>. In general, crossings are designed to be part of a network, they should be connected to other features"
1138582655,way,not appliable,not appliable,"Crossings are generally connected to a sidewalk, but some map them lines separately, so <b>watch out for false positives</b>. In general, crossings are designed to be part of a network, they should be connected to other features"
1138582656,way,not appliable,not appliable,"Crossings are generally connected to a sidewalk, but some map them lines separately, so <b>watch out for false positives</b>. In general, crossings are designed to be part of a network, they should be connected to other features"
1138582657,way,not appliable,not appliable,"Crossings are generally connected to a sidewalk, but some map them lines separately, so <b>watch out for false positives</b>. In general, crossings are designed to be part of a network, they should be connected to other features"
1138582660,way,not appliable,not appliable,"Crossings are generally connected to a sidewalk, but some map them lines separately, so <b>watch out for false positives</b>. In general, crossings are designed to be part of a network, they should be connected to other features"
1138582812,way,not appliable,not appliable,"Crossings are generally connected to a sidewalk, but some map them lines separately, so <b>watch out for false positives</b>. In general, crossings are designed to be part of a network, they should be connected to other features"
1138582813,way,not appliable,not appliable,"Crossings are generally connected to a sidewalk, but some map them lines separately, so <b>watch out for false positives</b>. In general, crossings are designed to be part of a network, they should be connected to other features"
1138582814,way,not appliable,not appliable,"Crossings are generally connected to a sidewalk, but some map them lines separately, so <b>watch out for false positives</b>. In general, crossings are designed to be part of a network, they should be connected to other features"
1138585551,way,not appliable,not appliable,"Crossings are generally connected to a sidewalk, but some map them lines separately, so <b>watch out for false positives</b>. In general, crossings are designed to be part of a network, they should be connected to other features"
1146769693,way,not appliable,not appliable,"Crossings are generally connected to a sidewalk, but some map them lines separately, so <b>watch out for false positives</b>. In general, crossings are designed to be part of a network, they should be connected to other features"
1146769696,way,not appliable,not appliable,"Crossings are generally connected to a sidewalk, but some map them lines separately, so <b>watch out for false positives</b>. In general, crossings are designed to be part of a network, they should be connected to other features"
1146769697,way,not appliable,not appliable,"Crossings are generally connected to a sidewalk, but some map them lines separately, so <b>watch out for false positives</b>. In general, crossings are designed to be part of a network, they should be connected to other features"
1146769698,way,not appliable,not appliable,"Crossings are generally connected to a sidewalk, but some map them lines separately, so <b>watch out for false positives</b>. In general, crossings are designed to be part of a network, they should be connected to other features"
1146809277,way,not appliable,not appliable,"Crossings are generally connected to a sidewalk, but some map them lines separately, so <b>watch out for false positives</b>. In general, crossings are designed to be part of a network, they should be connected to other features"
1146809278,way,not appliable,not appliable,"Crossings are generally connected to a sidewalk, but some map them lines separately, so <b>watch out for false positives</b>. In general, crossings are designed to be part of a network, they should be connected to other features"
1147020789,way,not appliable,not appliable,"Crossings are generally connected to a sidewalk, but some map them lines separately, so <b>watch out for false positives</b>. In general, crossings are designed to be part of a network, they should be connected to other features"
1147047286,way,not appliable,not appliable,"Crossings are generally connected to a sidewalk, but some map them lines separately, so <b>watch out for false positives</b>. In general, crossings are designed to be part of a network, they should be connected to other features"
1147047287,way,not appliable,not appliable,"Crossings are generally connected to a sidewalk, but some map them lines separately, so <b>watch out for false positives</b>. In general, crossings are designed to be part of a network, they should be connected to other features"
1147087766,way,not appliable,not appliable,"Crossings are generally connected to a sidewalk, but some map them lines separately, so <b>watch out for false positives</b>. In general, crossings are designed to be part of a network, they should be connected to other features"
1147090789,way,not appliable,not appliable,"Crossings are generally connected to a sidewalk, but some map them lines separately, so <b>watch out for false positives</b>. In general, crossings are designed to be part of a network, they should be connected to other features"
1148047812,way,not appliable,not appliable,"Crossings are generally connected to a sidewalk, but some map them lines separately, so <b>watch out for false positives</b>. In general, crossings are designed to be part of a network, they should be connected to other features"
1148052918,way,not appliable,not appliable,"Crossings are generally connected to a sidewalk, but some map them lines separately, so <b>watch out for false positives</b>. In general, crossings are designed to be part of a network, they should be connected to other features"
1148289281,way,not appliable,not appliable,"Crossings are generally connected to a sidewalk, but some map them lines separately, so <b>watch out for false positives</b>. In general, crossings are designed to be part of a network, they should be connected to other features"
1148330883,way,not appliable,not appliable,"Crossings are generally connected to a sidewalk, but some map them lines separately, so <b>watch out for false positives</b>. In general, crossings are designed to be part of a network, they should be connected to other features"
1148330884,way,not appliable,not appliable,"Crossings are generally connected to a sidewalk, but some map them lines separately, so <b>watch out for false positives</b>. In general, crossings are designed to be part of a network, they should be connected to other features"
1148355944,way,not appliable,not appliable,"Crossings are generally connected to a sidewalk, but some map them lines separately, so <b>watch out for false positives</b>. In general, crossings are designed to be part of a network, they should be connected to other features"
1148355996,way,not appliable,not appliable,"Crossings are generally connected to a sidewalk, but some map them lines separately, so <b>watch out for false positives</b>. In general, crossings are designed to be part of a network, they should be connected to other features"
1148358834,way,not appliable,not appliable,"Crossings are generally connected to a sidewalk, but some map them lines separately, so <b>watch out for false positives</b>. In general, crossings are designed to be part of a network, they should be connected to other features"
1148561275,way,not appliable,not appliable,"Crossings are generally connected to a sidewalk, but some map them lines separately, so <b>watch out for false positives</b>. In general, crossings are designed to be part of a network, they should be connected to other features"
1148566625,way,not appliable,not appliable,"Crossings are generally connected to a sidewalk, but some map them lines separately, so <b>watch out for false positives</b>. In general, crossings are designed to be part of a network, they should be connected to other features"
1148623009,way,not appliable,not appliable,"Crossings are generally connected to a sidewalk, but some map them lines separately, so <b>watch out for false positives</b>. In general, crossings are designed to be part of a network, they should be connected to other features"
1148623014,way,not appliable,not appliable,"Crossings are generally connected to a sidewalk, but some map them lines separately, so <b>watch out for false positives</b>. In general, crossings are designed to be part of a network, they should be connected to other features"
1148625737,way,not appliable,not appliable,"Crossings are generally connected to a sidewalk, but some map them lines separately, so <b>watch out for false positives</b>. In general, crossings are designed to be part of a network, they should be connected to other features"
1148625738,way,not appliable,not appliable,"Crossings are generally connected to a sidewalk, but some map them lines separately, so <b>watch out for false positives</b>. In general, crossings are designed to be part of a network, they should be connected to other features"
1148625739,way,not appliable,not appliable,"Crossings are generally connected to a sidewalk, but some map them lines separately, so <b>watch out for false positives</b>. In general, crossings are designed to be part of a network, they should be connected to other features"
1148625740,way,not appliable,not appliable,"Crossings are generally connected to a sidewalk, but some map them lines separately, so <b>watch out for false positives</b>. In general, crossings are designed to be part of a network, they should be connected to other features"
1148626238,way,not appliable,not appliable,"Crossings are generally connected to a sidewalk, but some map them lines separately, so <b>watch out for false positives</b>. In general, crossings are designed to be part of a network, they should be connected to other features"
1148626239,way,not appliable,not appliable,"Crossings are generally connected to a sidewalk, but some map them lines separately, so <b>watch out for false positives</b>. In general, crossings are designed to be part of a network, they should be connected to other features"
1148626240,way,not appliable,not appliable,"Crossings are generally connected to a sidewalk, but some map them lines separately, so <b>watch out for false positives</b>. In general, crossings are designed to be part of a network, they should be connected to other features"
1148626241,way,not appliable,not appliable,"Crossings are generally connected to a sidewalk, but some map them lines separately, so <b>watch out for false positives</b>. In general, crossings are designed to be part of a network, they should be connected to other features"
1148626242,way,not appliable,not appliable,"Crossings are generally connected to a sidewalk, but some map them lines separately, so <b>watch out for false positives</b>. In general, crossings are designed to be part of a network, they should be connected to other features"
1148626243,way,not appliable,not appliable,"Crossings are generally connected to a sidewalk, but some map them lines separately, so <b>watch out for false positives</b>. In general, crossings are designed to be part of a network, they should be connected to other features"
1148639915,way,not appliable,not appliable,"Crossings are generally connected to a sidewalk, but some map them lines separately, so <b>watch out for false positives</b>. In general, crossings are designed to be part of a network, they should be connected to other features"
1148640033,way,not appliable,not appliable,"Crossings are generally connected to a sidewalk, but some map them lines separately, so <b>watch out for false positives</b>. In general, crossings are designed to be part of a network, they should be connected to other features"
1148640034,way,not appliable,not appliable,"Crossings are generally connected to a sidewalk, but some map them lines separately, so <b>watch out for false positives</b>. In general, crossings are designed to be part of a network, they should be connected to other features"
1148645852,way,not appliable,not appliable,"Crossings are generally connected to a sidewalk, but some map them lines separately, so <b>watch out for false positives</b>. In general, crossings are designed to be part of a network, they should be connected to other features"
1148646926,way,not appliable,not appliable,"Crossings are generally connected to a sidewalk, but some map them lines separately, so <b>watch out for false positives</b>. In general, crossings are designed to be part of a network, they should be connected to other features"
1148652695,way,not appliable,not appliable,"Crossings are generally connected to a sidewalk, but some map them lines separately, so <b>watch out for false positives</b>. In general, crossings are designed to be part of a network, they should be connected to other features"
1148652698,way,not appliable,not appliable,"Crossings are generally connected to a sidewalk, but some map them lines separately, so <b>watch out for false positives</b>. In general, crossings are designed to be part of a network, they should be connected to other features"
1148652699,way,not appliable,not appliable,"Crossings are generally connected to a sidewalk, but some map them lines separately, so <b>watch out for false positives</b>. In general, crossings are designed to be part of a network, they should be connected to other features"
1148652700,way,not appliable,not appliable,"Crossings are generally connected to a sidewalk, but some map them lines separately, so <b>watch out for false positives</b>. In general, crossings are designed to be part of a network, they should be connected to other features"
1148653809,way,not appliable,not appliable,"Crossings are generally connected to a sidewalk, but some map them lines separately, so <b>watch out for false positives</b>. In general, crossings are designed to be part of a network, they should be connected to other features"
1148653810,way,not appliable,not appliable,"Crossings are generally connected to a sidewalk, but some map them lines separately, so <b>watch out for false positives</b>. In general, crossings are designed to be part of a network, they should be connected to other features"
1148667697,way,not appliable,not appliable,"Crossings are generally connected to a sidewalk, but some map them lines separately, so <b>watch out for false positives</b>. In general, crossings are designed to be part of a network, they should be connected to other features"
1148667698,way,not appliable,not appliable,"Crossings are generally connected to a sidewalk, but some map them lines separately, so <b>watch out for false positives</b>. In general, crossings are designed to be part of a network, they should be connected to other features"
1148667699,way,not appliable,not appliable,"Crossings are generally connected to a sidewalk, but some map them lines separately, so <b>watch out for false positives</b>. In general, crossings are designed to be part of a network, they should be connected to other features"
1148667700,way,not appliable,not appliable,"Crossings are generally connected to a sidewalk, but some map them lines separately, so <b>watch out for false positives</b>. In general, crossings are designed to be part of a network, they should be connected to other features"
1148667701,way,not appliable,not appliable,"Crossings are generally connected to a sidewalk, but some map them lines separately, so <b>watch out for false positives</b>. In general, crossings are designed to be part of a network, they should be connected to other features"
1148667702,way,not appliable,not appliable,"Crossings are generally connected to a sidewalk, but some map them lines separately, so <b>watch out for false positives</b>. In general, crossings are designed to be part of a network, they should be connected to other features"
1148667703,way,not appliable,not appliable,"Crossings are generally connected to a sidewalk, but some map them lines separately, so <b>watch out for false positives</b>. In general, crossings are designed to be part of a network, they should be connected to other features"
1148672568,way,not appliable,not appliable,"Crossings are generally connected to a sidewalk, but some map them lines separately, so <b>watch out for false positives</b>. In general, crossings are designed to be part of a network, they should be connected to other features"
1148672569,way,not appliable,not appliable,"Crossings are generally connected to a sidewalk, but some map them lines separately, so <b>watch out for false positives</b>. In general, crossings are designed to be part of a network, they should be connected to other features"
1148672570,way,not appliable,not appliable,"Crossings are generally connected to a sidewalk, but some map them lines separately, so <b>watch out for false positives</b>. In general, crossings are designed to be part of a network, they should be connected to other features"
1148681447,way,not appliable,not appliable,"Crossings are generally connected to a sidewalk, but some map them lines separately, so <b>watch out for false positives</b>. In general, crossings are designed to be part of a network, they should be connected to other features"
1148681448,way,not appliable,not appliable,"Crossings are generally connected to a sidewalk, but some map them lines separately, so <b>watch out for false positives</b>. In general, crossings are designed to be part of a network, they should be connected to other features"
1148681449,way,not appliable,not appliable,"Crossings are generally connected to a sidewalk, but some map them lines separately, so <b>watch out for false positives</b>. In general, crossings are designed to be part of a network, they should be connected to other features"
1148681960,way,not appliable,not appliable,"Crossings are generally connected to a sidewalk, but some map them lines separately, so <b>watch out for false positives</b>. In general, crossings are designed to be part of a network, they should be connected to other features"
1148681961,way,not appliable,not appliable,"Crossings are generally connected to a sidewalk, but some map them lines separately, so <b>watch out for false positives</b>. In general, crossings are designed to be part of a network, they should be connected to other features"
1148692770,way,not appliable,not appliable,"Crossings are generally connected to a sidewalk, but some map them lines separately, so <b>watch out for false positives</b>. In general, crossings are designed to be part of a network, they should be connected to other features"
1148839336,way,not appliable,not appliable,"Crossings are generally connected to a sidewalk, but some map them lines separately, so <b>watch out for false positives</b>. In general, crossings are designed to be part of a network, they should be connected to other features"
1148864121,way,not appliable,not appliable,"Crossings are generally connected to a sidewalk, but some map them lines separately, so <b>watch out for false positives</b>. In general, crossings are designed to be part of a network, they should be connected to other features"
1148874726,way,not appliable,not appliable,"Crossings are generally connected to a sidewalk, but some map them lines separately, so <b>watch out for false positives</b>. In general, crossings are designed to be part of a network, they should be connected to other features"
1148874727,way,not appliable,not appliable,"Crossings are generally connected to a sidewalk, but some map them lines separately, so <b>watch out for false positives</b>. In general, crossings are designed to be part of a network, they should be connected to other features"
1148874802,way,not appliable,not appliable,"Crossings are generally connected to a sidewalk, but some map them lines separately, so <b>watch out for false positives</b>. In general, crossings are designed to be part of a network, they should be connected to other features"
1149007673,way,not appliable,not appliable,"Crossings are generally connected to a sidewalk, but some map them lines separately, so <b>watch out for false positives</b>. In general, crossings are designed to be part of a network, they should be connected to other features"
1149204919,way,not appliable,not appliable,"Crossings are generally connected to a sidewalk, but some map them lines separately, so <b>watch out for false positives</b>. In general, crossings are designed to be part of a network, they should be connected to other features"
1149214703,way,not appliable,not appliable,"Crossings are generally connected to a sidewalk, but some map them lines separately, so <b>watch out for false positives</b>. In general, crossings are designed to be part of a network, they should be connected to other features"
1149265638,way,not appliable,not appliable,"Crossings are generally connected to a sidewalk, but some map them lines separately, so <b>watch out for false positives</b>. In general, crossings are designed to be part of a network, they should be connected to other features"
1149278422,way,not appliable,not appliable,"Crossings are generally connected to a sidewalk, but some map them lines separately, so <b>watch out for false positives</b>. In general, crossings are designed to be part of a network, they should be connected to other features"
1149285065,way,not appliable,not appliable,"Crossings are generally connected to a sidewalk, but some map them lines separately, so <b>watch out for false positives</b>. In general, crossings are designed to be part of a network, they should be connected to other features"
1150007046,way,not appliable,not appliable,"Crossings are generally connected to a sidewalk, but some map them lines separately, so <b>watch out for false positives</b>. In general, crossings are designed to be part of a network, they should be connected to other features"
1150010092,way,not appliable,not appliable,"Crossings are generally connected to a sidewalk, but some map them lines separately, so <b>watch out for false positives</b>. In general, crossings are designed to be part of a network, they should be connected to other features"
1150010097,way,not appliable,not appliable,"Crossings are generally connected to a sidewalk, but some map them lines separately, so <b>watch out for false positives</b>. In general, crossings are designed to be part of a network, they should be connected to other features"
1150035578,way,not appliable,not appliable,"Crossings are generally connected to a sidewalk, but some map them lines separately, so <b>watch out for false positives</b>. In general, crossings are designed to be part of a network, they should be connected to other features"
1150035579,way,not appliable,not appliable,"Crossings are generally connected to a sidewalk, but some map them lines separately, so <b>watch out for false positives</b>. In general, crossings are designed to be part of a network, they should be connected to other features"
1150212600,way,not appliable,not appliable,"Crossings are generally connected to a sidewalk, but some map them lines separately, so <b>watch out for false positives</b>. In general, crossings are designed to be part of a network, they should be connected to other features"
1150228066,way,not appliable,not appliable,"Crossings are generally connected to a sidewalk, but some map them lines separately, so <b>watch out for false positives</b>. In general, crossings are designed to be part of a network, they should be connected to other features"
1150233968,way,not appliable,not appliable,"Crossings are generally connected to a sidewalk, but some map them lines separately, so <b>watch out for false positives</b>. In general, crossings are designed to be part of a network, they should be connected to other features"
1150260388,way,not appliable,not appliable,"Crossings are generally connected to a sidewalk, but some map them lines separately, so <b>watch out for false positives</b>. In general, crossings are designed to be part of a network, they should be connected to other features"
1150296371,way,not appliable,not appliable,"Crossings are generally connected to a sidewalk, but some map them lines separately, so <b>watch out for false positives</b>. In general, crossings are designed to be part of a network, they should be connected to other features"
1150306261,way,not appliable,not appliable,"Crossings are generally connected to a sidewalk, but some map them lines separately, so <b>watch out for false positives</b>. In general, crossings are designed to be part of a network, they should be connected to other features"
1150306262,way,not appliable,not appliable,"Crossings are generally connected to a sidewalk, but some map them lines separately, so <b>watch out for false positives</b>. In general, crossings are designed to be part of a network, they should be connected to other features"
1150465646,way,not appliable,not appliable,"Crossings are generally connected to a sidewalk, but some map them lines separately, so <b>watch out for false positives</b>. In general, crossings are designed to be part of a network, they should be connected to other features"
1150465647,way,not appliable,not appliable,"Crossings are generally connected to a sidewalk, but some map them lines separately, so <b>watch out for false positives</b>. In general, crossings are designed to be part of a network, they should be connected to other features"
1150469325,way,not appliable,not appliable,"Crossings are generally connected to a sidewalk, but some map them lines separately, so <b>watch out for false positives</b>. In general, crossings are designed to be part of a network, they should be connected to other features"
1150482767,way,not appliable,not appliable,"Crossings are generally connected to a sidewalk, but some map them lines separately, so <b>watch out for false positives</b>. In general, crossings are designed to be part of a network, they should be connected to other features"
1150497032,way,not appliable,not appliable,"Crossings are generally connected to a sidewalk, but some map them lines separately, so <b>watch out for false positives</b>. In general, crossings are designed to be part of a network, they should be connected to other features"
1150529021,way,not appliable,not appliable,"Crossings are generally connected to a sidewalk, but some map them lines separately, so <b>watch out for false positives</b>. In general, crossings are designed to be part of a network, they should be connected to other features"
1150575073,way,not appliable,not appliable,"Crossings are generally connected to a sidewalk, but some map them lines separately, so <b>watch out for false positives</b>. In general, crossings are designed to be part of a network, they should be connected to other features"
1150755073,way,not appliable,not appliable,"Crossings are generally connected to a sidewalk, but some map them lines separately, so <b>watch out for false positives</b>. In general, crossings are designed to be part of a network, they should be connected to other features"
1150804925,way,not appliable,not appliable,"Crossings are generally connected to a sidewalk, but some map them lines separately, so <b>watch out for false positives</b>. In general, crossings are designed to be part of a network, they should be connected to other features"
1150804926,way,not appliable,not appliable,"Crossings are generally connected to a sidewalk, but some map them lines separately, so <b>watch out for false positives</b>. In general, crossings are designed to be part of a network, they should be connected to other features"
1150825131,way,not appliable,not appliable,"Crossings are generally connected to a sidewalk, but some map them lines separately, so <b>watch out for false positives</b>. In general, crossings are designed to be part of a network, they should be connected to other features"
1150825608,way,not appliable,not appliable,"Crossings are generally connected to a sidewalk, but some map them lines separately, so <b>watch out for false positives</b>. In general, crossings are designed to be part of a network, they should be connected to other features"
1150986107,way,not appliable,not appliable,"Crossings are generally connected to a sidewalk, but some map them lines separately, so <b>watch out for false positives</b>. In general, crossings are designed to be part of a network, they should be connected to other features"
1151038390,way,not appliable,not appliable,"Crossings are generally connected to a sidewalk, but some map them lines separately, so <b>watch out for false positives</b>. In general, crossings are designed to be part of a network, they should be connected to other features"
1151071209,way,not appliable,not appliable,"Crossings are generally connected to a sidewalk, but some map them lines separately, so <b>watch out for false positives</b>. In general, crossings are designed to be part of a network, they should be connected to other features"
1152014838,way,not appliable,not appliable,"Crossings are generally connected to a sidewalk, but some map them lines separately, so <b>watch out for false positives</b>. In general, crossings are designed to be part of a network, they should be connected to other features"
1152231667,way,not appliable,not appliable,"Crossings are generally connected to a sidewalk, but some map them lines separately, so <b>watch out for false positives</b>. In general, crossings are designed to be part of a network, they should be connected to other features"
1152251443,way,not appliable,not appliable,"Crossings are generally connected to a sidewalk, but some map them lines separately, so <b>watch out for false positives</b>. In general, crossings are designed to be part of a network, they should be connected to other features"
1152251444,way,not appliable,not appliable,"Crossings are generally connected to a sidewalk, but some map them lines separately, so <b>watch out for false positives</b>. In general, crossings are designed to be part of a network, they should be connected to other features"
1152251445,way,not appliable,not appliable,"Crossings are generally connected to a sidewalk, but some map them lines separately, so <b>watch out for false positives</b>. In general, crossings are designed to be part of a network, they should be connected to other features"
1152276729,way,not appliable,not appliable,"Crossings are generally connected to a sidewalk, but some map them lines separately, so <b>watch out for false positives</b>. In general, crossings are designed to be part of a network, they should be connected to other features"
1152282662,way,not appliable,not appliable,"Crossings are generally connected to a sidewalk, but some map them lines separately, so <b>watch out for false positives</b>. In general, crossings are designed to be part of a network, they should be connected to other features"
1152282664,way,not appliable,not appliable,"Crossings are generally connected to a sidewalk, but some map them lines separately, so <b>watch out for false positives</b>. In general, crossings are designed to be part of a network, they should be connected to other features"
1152291040,way,not appliable,not appliable,"Crossings are generally connected to a sidewalk, but some map them lines separately, so <b>watch out for false positives</b>. In general, crossings are designed to be part of a network, they should be connected to other features"
1152293233,way,not appliable,not appliable,"Crossings are generally connected to a sidewalk, but some map them lines separately, so <b>watch out for false positives</b>. In general, crossings are designed to be part of a network, they should be connected to other features"
1152311676,way,not appliable,not appliable,"Crossings are generally connected to a sidewalk, but some map them lines separately, so <b>watch out for false positives</b>. In general, crossings are designed to be part of a network, they should be connected to other features"
1152311677,way,not appliable,not appliable,"Crossings are generally connected to a sidewalk, but some map them lines separately, so <b>watch out for false positives</b>. In general, crossings are designed to be part of a network, they should be connected to other features"
1152311678,way,not appliable,not appliable,"Crossings are generally connected to a sidewalk, but some map them lines separately, so <b>watch out for false positives</b>. In general, crossings are designed to be part of a network, they should be connected to other features"
1152483394,way,not appliable,not appliable,"Crossings are generally connected to a sidewalk, but some map them lines separately, so <b>watch out for false positives</b>. In general, crossings are designed to be part of a network, they should be connected to other features"
1152483395,way,not appliable,not appliable,"Crossings are generally connected to a sidewalk, but some map them lines separately, so <b>watch out for false positives</b>. In general, crossings are designed to be part of a network, they should be connected to other features"
1152483396,way,not appliable,not appliable,"Crossings are generally connected to a sidewalk, but some map them lines separately, so <b>watch out for false positives</b>. In general, crossings are designed to be part of a network, they should be connected to other features"
1152487993,way,not appliable,not appliable,"Crossings are generally connected to a sidewalk, but some map them lines separately, so <b>watch out for false positives</b>. In general, crossings are designed to be part of a network, they should be connected to other features"
1152487994,way,not appliable,not appliable,"Crossings are generally connected to a sidewalk, but some map them lines separately, so <b>watch out for false positives</b>. In general, crossings are designed to be part of a network, they should be connected to other features"
1152487995,way,not appliable,not appliable,"Crossings are generally connected to a sidewalk, but some map them lines separately, so <b>watch out for false positives</b>. In general, crossings are designed to be part of a network, they should be connected to other features"
1152491801,way,not appliable,not appliable,"Crossings are generally connected to a sidewalk, but some map them lines separately, so <b>watch out for false positives</b>. In general, crossings are designed to be part of a network, they should be connected to other features"
1152491802,way,not appliable,not appliable,"Crossings are generally connected to a sidewalk, but some map them lines separately, so <b>watch out for false positives</b>. In general, crossings are designed to be part of a network, they should be connected to other features"
1152491803,way,not appliable,not appliable,"Crossings are generally connected to a sidewalk, but some map them lines separately, so <b>watch out for false positives</b>. In general, crossings are designed to be part of a network, they should be connected to other features"
1152491804,way,not appliable,not appliable,"Crossings are generally connected to a sidewalk, but some map them lines separately, so <b>watch out for false positives</b>. In general, crossings are designed to be part of a network, they should be connected to other features"
1152491805,way,not appliable,not appliable,"Crossings are generally connected to a sidewalk, but some map them lines separately, so <b>watch out for false positives</b>. In general, crossings are designed to be part of a network, they should be connected to other features"
1152499299,way,not appliable,not appliable,"Crossings are generally connected to a sidewalk, but some map them lines separately, so <b>watch out for false positives</b>. In general, crossings are designed to be part of a network, they should be connected to other features"
1152516209,way,not appliable,not appliable,"Crossings are generally connected to a sidewalk, but some map them lines separately, so <b>watch out for false positives</b>. In general, crossings are designed to be part of a network, they should be connected to other features"
1152516210,way,not appliable,not appliable,"Crossings are generally connected to a sidewalk, but some map them lines separately, so <b>watch out for false positives</b>. In general, crossings are designed to be part of a network, they should be connected to other features"
1152516211,way,not appliable,not appliable,"Crossings are generally connected to a sidewalk, but some map them lines separately, so <b>watch out for false positives</b>. In general, crossings are designed to be part of a network, they should be connected to other features"
1152521185,way,not appliable,not appliable,"Crossings are generally connected to a sidewalk, but some map them lines separately, so <b>watch out for false positives</b>. In general, crossings are designed to be part of a network, they should be connected to other features"
1152521634,way,not appliable,not appliable,"Crossings are generally connected to a sidewalk, but some map them lines separately, so <b>watch out for false positives</b>. In general, crossings are designed to be part of a network, they should be connected to other features"
1152521636,way,not appliable,not appliable,"Crossings are generally connected to a sidewalk, but some map them lines separately, so <b>watch out for false positives</b>. In general, crossings are designed to be part of a network, they should be connected to other features"
1152527125,way,not appliable,not appliable,"Crossings are generally connected to a sidewalk, but some map them lines separately, so <b>watch out for false positives</b>. In general, crossings are designed to be part of a network, they should be connected to other features"
1152534680,way,not appliable,not appliable,"Crossings are generally connected to a sidewalk, but some map them lines separately, so <b>watch out for false positives</b>. In general, crossings are designed to be part of a network, they should be connected to other features"
1152534681,way,not appliable,not appliable,"Crossings are generally connected to a sidewalk, but some map them lines separately, so <b>watch out for false positives</b>. In general, crossings are designed to be part of a network, they should be connected to other features"
1152534684,way,not appliable,not appliable,"Crossings are generally connected to a sidewalk, but some map them lines separately, so <b>watch out for false positives</b>. In general, crossings are designed to be part of a network, they should be connected to other features"
1152563001,way,not appliable,not appliable,"Crossings are generally connected to a sidewalk, but some map them lines separately, so <b>watch out for false positives</b>. In general, crossings are designed to be part of a network, they should be connected to other features"
1152565525,way,not appliable,not appliable,"Crossings are generally connected to a sidewalk, but some map them lines separately, so <b>watch out for false positives</b>. In general, crossings are designed to be part of a network, they should be connected to other features"
1152565526,way,not appliable,not appliable,"Crossings are generally connected to a sidewalk, but some map them lines separately, so <b>watch out for false positives</b>. In general, crossings are designed to be part of a network, they should be connected to other features"
1152725986,way,not appliable,not appliable,"Crossings are generally connected to a sidewalk, but some map them lines separately, so <b>watch out for false positives</b>. In general, crossings are designed to be part of a network, they should be connected to other features"
1152725989,way,not appliable,not appliable,"Crossings are generally connected to a sidewalk, but some map them lines separately, so <b>watch out for false positives</b>. In general, crossings are designed to be part of a network, they should be connected to other features"
1152725990,way,not appliable,not appliable,"Crossings are generally connected to a sidewalk, but some map them lines separately, so <b>watch out for false positives</b>. In general, crossings are designed to be part of a network, they should be connected to other features"
1152725993,way,not appliable,not appliable,"Crossings are generally connected to a sidewalk, but some map them lines separately, so <b>watch out for false positives</b>. In general, crossings are designed to be part of a network, they should be connected to other features"
1152725994,way,not appliable,not appliable,"Crossings are generally connected to a sidewalk, but some map them lines separately, so <b>watch out for false positives</b>. In general, crossings are designed to be part of a network, they should be connected to other features"
1152766440,way,not appliable,not appliable,"Crossings are generally connected to a sidewalk, but some map them lines separately, so <b>watch out for false positives</b>. In general, crossings are designed to be part of a network, they should be connected to other features"
1152775348,way,not appliable,not appliable,"Crossings are generally connected to a sidewalk, but some map them lines separately, so <b>watch out for false positives</b>. In general, crossings are designed to be part of a network, they should be connected to other features"
1152783455,way,not appliable,not appliable,"Crossings are generally connected to a sidewalk, but some map them lines separately, so <b>watch out for false positives</b>. In general, crossings are designed to be part of a network, they should be connected to other features"
1152790101,way,not appliable,not appliable,"Crossings are generally connected to a sidewalk, but some map them lines separately, so <b>watch out for false positives</b>. In general, crossings are designed to be part of a network, they should be connected to other features"
1152790102,way,not appliable,not appliable,"Crossings are generally connected to a sidewalk, but some map them lines separately, so <b>watch out for false positives</b>. In general, crossings are designed to be part of a network, they should be connected to other features"
1152790103,way,not appliable,not appliable,"Crossings are generally connected to a sidewalk, but some map them lines separately, so <b>watch out for false positives</b>. In general, crossings are designed to be part of a network, they should be connected to other features"
1152790104,way,not appliable,not appliable,"Crossings are generally connected to a sidewalk, but some map them lines separately, so <b>watch out for false positives</b>. In general, crossings are designed to be part of a network, they should be connected to other features"
1152790105,way,not appliable,not appliable,"Crossings are generally connected to a sidewalk, but some map them lines separately, so <b>watch out for false positives</b>. In general, crossings are designed to be part of a network, they should be connected to other features"
1152795368,way,not appliable,not appliable,"Crossings are generally connected to a sidewalk, but some map them lines separately, so <b>watch out for false positives</b>. In general, crossings are designed to be part of a network, they should be connected to other features"
1152801366,way,not appliable,not appliable,"Crossings are generally connected to a sidewalk, but some map them lines separately, so <b>watch out for false positives</b>. In general, crossings are designed to be part of a network, they should be connected to other features"
1152801367,way,not appliable,not appliable,"Crossings are generally connected to a sidewalk, but some map them lines separately, so <b>watch out for false positives</b>. In general, crossings are designed to be part of a network, they should be connected to other features"
1152801368,way,not appliable,not appliable,"Crossings are generally connected to a sidewalk, but some map them lines separately, so <b>watch out for false positives</b>. In general, crossings are designed to be part of a network, they should be connected to other features"
1152802193,way,not appliable,not appliable,"Crossings are generally connected to a sidewalk, but some map them lines separately, so <b>watch out for false positives</b>. In general, crossings are designed to be part of a network, they should be connected to other features"
1152987013,way,not appliable,not appliable,"Crossings are generally connected to a sidewalk, but some map them lines separately, so <b>watch out for false positives</b>. In general, crossings are designed to be part of a network, they should be connected to other features"
1152997650,way,not appliable,not appliable,"Crossings are generally connected to a sidewalk, but some map them lines separately, so <b>watch out for false positives</b>. In general, crossings are designed to be part of a network, they should be connected to other features"
1152997651,way,not appliable,not appliable,"Crossings are generally connected to a sidewalk, but some map them lines separately, so <b>watch out for false positives</b>. In general, crossings are designed to be part of a network, they should be connected to other features"
1152997652,way,not appliable,not appliable,"Crossings are generally connected to a sidewalk, but some map them lines separately, so <b>watch out for false positives</b>. In general, crossings are designed to be part of a network, they should be connected to other features"
1152997653,way,not appliable,not appliable,"Crossings are generally connected to a sidewalk, but some map them lines separately, so <b>watch out for false positives</b>. In general, crossings are designed to be part of a network, they should be connected to other features"
1152997654,way,not appliable,not appliable,"Crossings are generally connected to a sidewalk, but some map them lines separately, so <b>watch out for false positives</b>. In general, crossings are designed to be part of a network, they should be connected to other features"
1152997655,way,not appliable,not appliable,"Crossings are generally connected to a sidewalk, but some map them lines separately, so <b>watch out for false positives</b>. In general, crossings are designed to be part of a network, they should be connected to other features"
1152997656,way,not appliable,not appliable,"Crossings are generally connected to a sidewalk, but some map them lines separately, so <b>watch out for false positives</b>. In general, crossings are designed to be part of a network, they should be connected to other features"
1152997659,way,not appliable,not appliable,"Crossings are generally connected to a sidewalk, but some map them lines separately, so <b>watch out for false positives</b>. In general, crossings are designed to be part of a network, they should be connected to other features"
1152997660,way,not appliable,not appliable,"Crossings are generally connected to a sidewalk, but some map them lines separately, so <b>watch out for false positives</b>. In general, crossings are designed to be part of a network, they should be connected to other features"
1153003952,way,not appliable,not appliable,"Crossings are generally connected to a sidewalk, but some map them lines separately, so <b>watch out for false positives</b>. In general, crossings are designed to be part of a network, they should be connected to other features"
1153083030,way,not appliable,not appliable,"Crossings are generally connected to a sidewalk, but some map them lines separately, so <b>watch out for false positives</b>. In general, crossings are designed to be part of a network, they should be connected to other features"
1153083031,way,not appliable,not appliable,"Crossings are generally connected to a sidewalk, but some map them lines separately, so <b>watch out for false positives</b>. In general, crossings are designed to be part of a network, they should be connected to other features"
1153083032,way,not appliable,not appliable,"Crossings are generally connected to a sidewalk, but some map them lines separately, so <b>watch out for false positives</b>. In general, crossings are designed to be part of a network, they should be connected to other features"
1153083033,way,not appliable,not appliable,"Crossings are generally connected to a sidewalk, but some map them lines separately, so <b>watch out for false positives</b>. In general, crossings are designed to be part of a network, they should be connected to other features"
1153362324,way,not appliable,not appliable,"Crossings are generally connected to a sidewalk, but some map them lines separately, so <b>watch out for false positives</b>. In general, crossings are designed to be part of a network, they should be connected to other features"
1153362325,way,not appliable,not appliable,"Crossings are generally connected to a sidewalk, but some map them lines separately, so <b>watch out for false positives</b>. In general, crossings are designed to be part of a network, they should be connected to other features"
1153362327,way,not appliable,not appliable,"Crossings are generally connected to a sidewalk, but some map them lines separately, so <b>watch out for false positives</b>. In general, crossings are designed to be part of a network, they should be connected to other features"
1154075697,way,not appliable,not appliable,"Crossings are generally connected to a sidewalk, but some map them lines separately, so <b>watch out for false positives</b>. In general, crossings are designed to be part of a network, they should be connected to other features"
1154075698,way,not appliable,not appliable,"Crossings are generally connected to a sidewalk, but some map them lines separately, so <b>watch out for false positives</b>. In general, crossings are designed to be part of a network, they should be connected to other features"
1154075699,way,not appliable,not appliable,"Crossings are generally connected to a sidewalk, but some map them lines separately, so <b>watch out for false positives</b>. In general, crossings are designed to be part of a network, they should be connected to other features"
1154075700,way,not appliable,not appliable,"Crossings are generally connected to a sidewalk, but some map them lines separately, so <b>watch out for false positives</b>. In general, crossings are designed to be part of a network, they should be connected to other features"
1154075701,way,not appliable,not appliable,"Crossings are generally connected to a sidewalk, but some map them lines separately, so <b>watch out for false positives</b>. In general, crossings are designed to be part of a network, they should be connected to other features"
1154075705,way,not appliable,not appliable,"Crossings are generally connected to a sidewalk, but some map them lines separately, so <b>watch out for false positives</b>. In general, crossings are designed to be part of a network, they should be connected to other features"
1154075708,way,not appliable,not appliable,"Crossings are generally connected to a sidewalk, but some map them lines separately, so <b>watch out for false positives</b>. In general, crossings are designed to be part of a network, they should be connected to other features"
1154075709,way,not appliable,not appliable,"Crossings are generally connected to a sidewalk, but some map them lines separately, so <b>watch out for false positives</b>. In general, crossings are designed to be part of a network, they should be connected to other features"
1154083358,way,not appliable,not appliable,"Crossings are generally connected to a sidewalk, but some map them lines separately, so <b>watch out for false positives</b>. In general, crossings are designed to be part of a network, they should be connected to other features"
1154089780,way,not appliable,not appliable,"Crossings are generally connected to a sidewalk, but some map them lines separately, so <b>watch out for false positives</b>. In general, crossings are designed to be part of a network, they should be connected to other features"
1154126593,way,not appliable,not appliable,"Crossings are generally connected to a sidewalk, but some map them lines separately, so <b>watch out for false positives</b>. In general, crossings are designed to be part of a network, they should be connected to other features"
1154126594,way,not appliable,not appliable,"Crossings are generally connected to a sidewalk, but some map them lines separately, so <b>watch out for false positives</b>. In general, crossings are designed to be part of a network, they should be connected to other features"
1154339211,way,not appliable,not appliable,"Crossings are generally connected to a sidewalk, but some map them lines separately, so <b>watch out for false positives</b>. In general, crossings are designed to be part of a network, they should be connected to other features"
1154339212,way,not appliable,not appliable,"Crossings are generally connected to a sidewalk, but some map them lines separately, so <b>watch out for false positives</b>. In general, crossings are designed to be part of a network, they should be connected to other features"
1154339213,way,not appliable,not appliable,"Crossings are generally connected to a sidewalk, but some map them lines separately, so <b>watch out for false positives</b>. In general, crossings are designed to be part of a network, they should be connected to other features"
1154375086,way,not appliable,not appliable,"Crossings are generally connected to a sidewalk, but some map them lines separately, so <b>watch out for false positives</b>. In general, crossings are designed to be part of a network, they should be connected to other features"
1154784100,way,not appliable,not appliable,"Crossings are generally connected to a sidewalk, but some map them lines separately, so <b>watch out for false positives</b>. In general, crossings are designed to be part of a network, they should be connected to other features"
1154804107,way,not appliable,not appliable,"Crossings are generally connected to a sidewalk, but some map them lines separately, so <b>watch out for false positives</b>. In general, crossings are designed to be part of a network, they should be connected to other features"
1155101324,way,not appliable,not appliable,"Crossings are generally connected to a sidewalk, but some map them lines separately, so <b>watch out for false positives</b>. In general, crossings are designed to be part of a network, they should be connected to other features"
1155113584,way,not appliable,not appliable,"Crossings are generally connected to a sidewalk, but some map them lines separately, so <b>watch out for false positives</b>. In general, crossings are designed to be part of a network, they should be connected to other features"
1155113586,way,not appliable,not appliable,"Crossings are generally connected to a sidewalk, but some map them lines separately, so <b>watch out for false positives</b>. In general, crossings are designed to be part of a network, they should be connected to other features"
1155132941,way,not appliable,not appliable,"Crossings are generally connected to a sidewalk, but some map them lines separately, so <b>watch out for false positives</b>. In general, crossings are designed to be part of a network, they should be connected to other features"
1155132943,way,not appliable,not appliable,"Crossings are generally connected to a sidewalk, but some map them lines separately, so <b>watch out for false positives</b>. In general, crossings are designed to be part of a network, they should be connected to other features"
1155132944,way,not appliable,not appliable,"Crossings are generally connected to a sidewalk, but some map them lines separately, so <b>watch out for false positives</b>. In general, crossings are designed to be part of a network, they should be connected to other features"
1155828497,way,not appliable,not appliable,"Crossings are generally connected to a sidewalk, but some map them lines separately, so <b>watch out for false positives</b>. In general, crossings are designed to be part of a network, they should be connected to other features"
1155868376,way,not appliable,not appliable,"Crossings are generally connected to a sidewalk, but some map them lines separately, so <b>watch out for false positives</b>. In general, crossings are designed to be part of a network, they should be connected to other features"
1155873427,way,not appliable,not appliable,"Crossings are generally connected to a sidewalk, but some map them lines separately, so <b>watch out for false positives</b>. In general, crossings are designed to be part of a network, they should be connected to other features"
1155877394,way,not appliable,not appliable,"Crossings are generally connected to a sidewalk, but some map them lines separately, so <b>watch out for false positives</b>. In general, crossings are designed to be part of a network, they should be connected to other features"
1155882345,way,not appliable,not appliable,"Crossings are generally connected to a sidewalk, but some map them lines separately, so <b>watch out for false positives</b>. In general, crossings are designed to be part of a network, they should be connected to other features"
1155911261,way,not appliable,not appliable,"Crossings are generally connected to a sidewalk, but some map them lines separately, so <b>watch out for false positives</b>. In general, crossings are designed to be part of a network, they should be connected to other features"
1155911333,way,not appliable,not appliable,"Crossings are generally connected to a sidewalk, but some map them lines separately, so <b>watch out for false positives</b>. In general, crossings are designed to be part of a network, they should be connected to other features"
1155916020,way,not appliable,not appliable,"Crossings are generally connected to a sidewalk, but some map them lines separately, so <b>watch out for false positives</b>. In general, crossings are designed to be part of a network, they should be connected to other features"
1156063029,way,not appliable,not appliable,"Crossings are generally connected to a sidewalk, but some map them lines separately, so <b>watch out for false positives</b>. In general, crossings are designed to be part of a network, they should be connected to other features"
1156097757,way,not appliable,not appliable,"Crossings are generally connected to a sidewalk, but some map them lines separately, so <b>watch out for false positives</b>. In general, crossings are designed to be part of a network, they should be connected to other features"
1156106286,way,not appliable,not appliable,"Crossings are generally connected to a sidewalk, but some map them lines separately, so <b>watch out for false positives</b>. In general, crossings are designed to be part of a network, they should be connected to other features"
1156108179,way,not appliable,not appliable,"Crossings are generally connected to a sidewalk, but some map them lines separately, so <b>watch out for false positives</b>. In general, crossings are designed to be part of a network, they should be connected to other features"
1156119840,way,not appliable,not appliable,"Crossings are generally connected to a sidewalk, but some map them lines separately, so <b>watch out for false positives</b>. In general, crossings are designed to be part of a network, they should be connected to other features"
1156119841,way,not appliable,not appliable,"Crossings are generally connected to a sidewalk, but some map them lines separately, so <b>watch out for false positives</b>. In general, crossings are designed to be part of a network, they should be connected to other features"
1156138596,way,not appliable,not appliable,"Crossings are generally connected to a sidewalk, but some map them lines separately, so <b>watch out for false positives</b>. In general, crossings are designed to be part of a network, they should be connected to other features"
1156140875,way,not appliable,not appliable,"Crossings are generally connected to a sidewalk, but some map them lines separately, so <b>watch out for false positives</b>. In general, crossings are designed to be part of a network, they should be connected to other features"
1156154597,way,not appliable,not appliable,"Crossings are generally connected to a sidewalk, but some map them lines separately, so <b>watch out for false positives</b>. In general, crossings are designed to be part of a network, they should be connected to other features"
1156161935,way,not appliable,not appliable,"Crossings are generally connected to a sidewalk, but some map them lines separately, so <b>watch out for false positives</b>. In general, crossings are designed to be part of a network, they should be connected to other features"
1156324615,way,not appliable,not appliable,"Crossings are generally connected to a sidewalk, but some map them lines separately, so <b>watch out for false positives</b>. In general, crossings are designed to be part of a network, they should be connected to other features"
1156404279,way,not appliable,not appliable,"Crossings are generally connected to a sidewalk, but some map them lines separately, so <b>watch out for false positives</b>. In general, crossings are designed to be part of a network, they should be connected to other features"
1156404281,way,not appliable,not appliable,"Crossings are generally connected to a sidewalk, but some map them lines separately, so <b>watch out for false positives</b>. In general, crossings are designed to be part of a network, they should be connected to other features"
1156404283,way,not appliable,not appliable,"Crossings are generally connected to a sidewalk, but some map them lines separately, so <b>watch out for false positives</b>. In general, crossings are designed to be part of a network, they should be connected to other features"
1156404285,way,not appliable,not appliable,"Crossings are generally connected to a sidewalk, but some map them lines separately, so <b>watch out for false positives</b>. In general, crossings are designed to be part of a network, they should be connected to other features"
1156441489,way,not appliable,not appliable,"Crossings are generally connected to a sidewalk, but some map them lines separately, so <b>watch out for false positives</b>. In general, crossings are designed to be part of a network, they should be connected to other features"
1156531054,way,not appliable,not appliable,"Crossings are generally connected to a sidewalk, but some map them lines separately, so <b>watch out for false positives</b>. In general, crossings are designed to be part of a network, they should be connected to other features"
1156531057,way,not appliable,not appliable,"Crossings are generally connected to a sidewalk, but some map them lines separately, so <b>watch out for false positives</b>. In general, crossings are designed to be part of a network, they should be connected to other features"
1156531059,way,not appliable,not appliable,"Crossings are generally connected to a sidewalk, but some map them lines separately, so <b>watch out for false positives</b>. In general, crossings are designed to be part of a network, they should be connected to other features"
1156531061,way,not appliable,not appliable,"Crossings are generally connected to a sidewalk, but some map them lines separately, so <b>watch out for false positives</b>. In general, crossings are designed to be part of a network, they should be connected to other features"
1156531062,way,not appliable,not appliable,"Crossings are generally connected to a sidewalk, but some map them lines separately, so <b>watch out for false positives</b>. In general, crossings are designed to be part of a network, they should be connected to other features"
1156531063,way,not appliable,not appliable,"Crossings are generally connected to a sidewalk, but some map them lines separately, so <b>watch out for false positives</b>. In general, crossings are designed to be part of a network, they should be connected to other features"
1156531066,way,not appliable,not appliable,"Crossings are generally connected to a sidewalk, but some map them lines separately, so <b>watch out for false positives</b>. In general, crossings are designed to be part of a network, they should be connected to other features"
1156531067,way,not appliable,not appliable,"Crossings are generally connected to a sidewalk, but some map them lines separately, so <b>watch out for false positives</b>. In general, crossings are designed to be part of a network, they should be connected to other features"
1156531071,way,not appliable,not appliable,"Crossings are generally connected to a sidewalk, but some map them lines separately, so <b>watch out for false positives</b>. In general, crossings are designed to be part of a network, they should be connected to other features"
1156531072,way,not appliable,not appliable,"Crossings are generally connected to a sidewalk, but some map them lines separately, so <b>watch out for false positives</b>. In general, crossings are designed to be part of a network, they should be connected to other features"
1156531079,way,not appliable,not appliable,"Crossings are generally connected to a sidewalk, but some map them lines separately, so <b>watch out for false positives</b>. In general, crossings are designed to be part of a network, they should be connected to other features"
1156531080,way,not appliable,not appliable,"Crossings are generally connected to a sidewalk, but some map them lines separately, so <b>watch out for false positives</b>. In general, crossings are designed to be part of a network, they should be connected to other features"
1156531081,way,not appliable,not appliable,"Crossings are generally connected to a sidewalk, but some map them lines separately, so <b>watch out for false positives</b>. In general, crossings are designed to be part of a network, they should be connected to other features"
1156531082,way,not appliable,not appliable,"Crossings are generally connected to a sidewalk, but some map them lines separately, so <b>watch out for false positives</b>. In general, crossings are designed to be part of a network, they should be connected to other features"
1156531090,way,not appliable,not appliable,"Crossings are generally connected to a sidewalk, but some map them lines separately, so <b>watch out for false positives</b>. In general, crossings are designed to be part of a network, they should be connected to other features"
1156531091,way,not appliable,not appliable,"Crossings are generally connected to a sidewalk, but some map them lines separately, so <b>watch out for false positives</b>. In general, crossings are designed to be part of a network, they should be connected to other features"
1156531093,way,not appliable,not appliable,"Crossings are generally connected to a sidewalk, but some map them lines separately, so <b>watch out for false positives</b>. In general, crossings are designed to be part of a network, they should be connected to other features"
1156531094,way,not appliable,not appliable,"Crossings are generally connected to a sidewalk, but some map them lines separately, so <b>watch out for false positives</b>. In general, crossings are designed to be part of a network, they should be connected to other features"
1156531096,way,not appliable,not appliable,"Crossings are generally connected to a sidewalk, but some map them lines separately, so <b>watch out for false positives</b>. In general, crossings are designed to be part of a network, they should be connected to other features"
1156531097,way,not appliable,not appliable,"Crossings are generally connected to a sidewalk, but some map them lines separately, so <b>watch out for false positives</b>. In general, crossings are designed to be part of a network, they should be connected to other features"
1156531104,way,not appliable,not appliable,"Crossings are generally connected to a sidewalk, but some map them lines separately, so <b>watch out for false positives</b>. In general, crossings are designed to be part of a network, they should be connected to other features"
1156531105,way,not appliable,not appliable,"Crossings are generally connected to a sidewalk, but some map them lines separately, so <b>watch out for false positives</b>. In general, crossings are designed to be part of a network, they should be connected to other features"
1156531106,way,not appliable,not appliable,"Crossings are generally connected to a sidewalk, but some map them lines separately, so <b>watch out for false positives</b>. In general, crossings are designed to be part of a network, they should be connected to other features"
1156531107,way,not appliable,not appliable,"Crossings are generally connected to a sidewalk, but some map them lines separately, so <b>watch out for false positives</b>. In general, crossings are designed to be part of a network, they should be connected to other features"
1156531108,way,not appliable,not appliable,"Crossings are generally connected to a sidewalk, but some map them lines separately, so <b>watch out for false positives</b>. In general, crossings are designed to be part of a network, they should be connected to other features"
1156531109,way,not appliable,not appliable,"Crossings are generally connected to a sidewalk, but some map them lines separately, so <b>watch out for false positives</b>. In general, crossings are designed to be part of a network, they should be connected to other features"
1156531110,way,not appliable,not appliable,"Crossings are generally connected to a sidewalk, but some map them lines separately, so <b>watch out for false positives</b>. In general, crossings are designed to be part of a network, they should be connected to other features"
1156531111,way,not appliable,not appliable,"Crossings are generally connected to a sidewalk, but some map them lines separately, so <b>watch out for false positives</b>. In general, crossings are designed to be part of a network, they should be connected to other features"
1156531113,way,not appliable,not appliable,"Crossings are generally connected to a sidewalk, but some map them lines separately, so <b>watch out for false positives</b>. In general, crossings are designed to be part of a network, they should be connected to other features"
1156531114,way,not appliable,not appliable,"Crossings are generally connected to a sidewalk, but some map them lines separately, so <b>watch out for false positives</b>. In general, crossings are designed to be part of a network, they should be connected to other features"
1156531118,way,not appliable,not appliable,"Crossings are generally connected to a sidewalk, but some map them lines separately, so <b>watch out for false positives</b>. In general, crossings are designed to be part of a network, they should be connected to other features"
1156531119,way,not appliable,not appliable,"Crossings are generally connected to a sidewalk, but some map them lines separately, so <b>watch out for false positives</b>. In general, crossings are designed to be part of a network, they should be connected to other features"
1156531120,way,not appliable,not appliable,"Crossings are generally connected to a sidewalk, but some map them lines separately, so <b>watch out for false positives</b>. In general, crossings are designed to be part of a network, they should be connected to other features"
1156531121,way,not appliable,not appliable,"Crossings are generally connected to a sidewalk, but some map them lines separately, so <b>watch out for false positives</b>. In general, crossings are designed to be part of a network, they should be connected to other features"
1156531122,way,not appliable,not appliable,"Crossings are generally connected to a sidewalk, but some map them lines separately, so <b>watch out for false positives</b>. In general, crossings are designed to be part of a network, they should be connected to other features"
1156531123,way,not appliable,not appliable,"Crossings are generally connected to a sidewalk, but some map them lines separately, so <b>watch out for false positives</b>. In general, crossings are designed to be part of a network, they should be connected to other features"
1156531124,way,not appliable,not appliable,"Crossings are generally connected to a sidewalk, but some map them lines separately, so <b>watch out for false positives</b>. In general, crossings are designed to be part of a network, they should be connected to other features"
1156531125,way,not appliable,not appliable,"Crossings are generally connected to a sidewalk, but some map them lines separately, so <b>watch out for false positives</b>. In general, crossings are designed to be part of a network, they should be connected to other features"
1156531126,way,not appliable,not appliable,"Crossings are generally connected to a sidewalk, but some map them lines separately, so <b>watch out for false positives</b>. In general, crossings are designed to be part of a network, they should be connected to other features"
1156531127,way,not appliable,not appliable,"Crossings are generally connected to a sidewalk, but some map them lines separately, so <b>watch out for false positives</b>. In general, crossings are designed to be part of a network, they should be connected to other features"
1156531128,way,not appliable,not appliable,"Crossings are generally connected to a sidewalk, but some map them lines separately, so <b>watch out for false positives</b>. In general, crossings are designed to be part of a network, they should be connected to other features"
1156531130,way,not appliable,not appliable,"Crossings are generally connected to a sidewalk, but some map them lines separately, so <b>watch out for false positives</b>. In general, crossings are designed to be part of a network, they should be connected to other features"
1156531132,way,not appliable,not appliable,"Crossings are generally connected to a sidewalk, but some map them lines separately, so <b>watch out for false positives</b>. In general, crossings are designed to be part of a network, they should be connected to other features"
1156531135,way,not appliable,not appliable,"Crossings are generally connected to a sidewalk, but some map them lines separately, so <b>watch out for false positives</b>. In general, crossings are designed to be part of a network, they should be connected to other features"
1156700163,way,not appliable,not appliable,"Crossings are generally connected to a sidewalk, but some map them lines separately, so <b>watch out for false positives</b>. In general, crossings are designed to be part of a network, they should be connected to other features"
1156711588,way,not appliable,not appliable,"Crossings are generally connected to a sidewalk, but some map them lines separately, so <b>watch out for false positives</b>. In general, crossings are designed to be part of a network, they should be connected to other features"
1156774697,way,not appliable,not appliable,"Crossings are generally connected to a sidewalk, but some map them lines separately, so <b>watch out for false positives</b>. In general, crossings are designed to be part of a network, they should be connected to other features"
1156783488,way,not appliable,not appliable,"Crossings are generally connected to a sidewalk, but some map them lines separately, so <b>watch out for false positives</b>. In general, crossings are designed to be part of a network, they should be connected to other features"
1156792604,way,not appliable,not appliable,"Crossings are generally connected to a sidewalk, but some map them lines separately, so <b>watch out for false positives</b>. In general, crossings are designed to be part of a network, they should be connected to other features"
1156798318,way,not appliable,not appliable,"Crossings are generally connected to a sidewalk, but some map them lines separately, so <b>watch out for false positives</b>. In general, crossings are designed to be part of a network, they should be connected to other features"
1156804559,way,not appliable,not appliable,"Crossings are generally connected to a sidewalk, but some map them lines separately, so <b>watch out for false positives</b>. In general, crossings are designed to be part of a network, they should be connected to other features"
1156804560,way,not appliable,not appliable,"Crossings are generally connected to a sidewalk, but some map them lines separately, so <b>watch out for false positives</b>. In general, crossings are designed to be part of a network, they should be connected to other features"
1156962828,way,not appliable,not appliable,"Crossings are generally connected to a sidewalk, but some map them lines separately, so <b>watch out for false positives</b>. In general, crossings are designed to be part of a network, they should be connected to other features"
1157025212,way,not appliable,not appliable,"Crossings are generally connected to a sidewalk, but some map them lines separately, so <b>watch out for false positives</b>. In general, crossings are designed to be part of a network, they should be connected to other features"
1157025215,way,not appliable,not appliable,"Crossings are generally connected to a sidewalk, but some map them lines separately, so <b>watch out for false positives</b>. In general, crossings are designed to be part of a network, they should be connected to other features"
1157048561,way,not appliable,not appliable,"Crossings are generally connected to a sidewalk, but some map them lines separately, so <b>watch out for false positives</b>. In general, crossings are designed to be part of a network, they should be connected to other features"
1157060732,way,not appliable,not appliable,"Crossings are generally connected to a sidewalk, but some map them lines separately, so <b>watch out for false positives</b>. In general, crossings are designed to be part of a network, they should be connected to other features"
1157076829,way,not appliable,not appliable,"Crossings are generally connected to a sidewalk, but some map them lines separately, so <b>watch out for false positives</b>. In general, crossings are designed to be part of a network, they should be connected to other features"
1157716466,way,not appliable,not appliable,"Crossings are generally connected to a sidewalk, but some map them lines separately, so <b>watch out for false positives</b>. In general, crossings are designed to be part of a network, they should be connected to other features"
1157737741,way,not appliable,not appliable,"Crossings are generally connected to a sidewalk, but some map them lines separately, so <b>watch out for false positives</b>. In general, crossings are designed to be part of a network, they should be connected to other features"
1157737744,way,not appliable,not appliable,"Crossings are generally connected to a sidewalk, but some map them lines separately, so <b>watch out for false positives</b>. In general, crossings are designed to be part of a network, they should be connected to other features"
1157776553,way,not appliable,not appliable,"Crossings are generally connected to a sidewalk, but some map them lines separately, so <b>watch out for false positives</b>. In general, crossings are designed to be part of a network, they should be connected to other features"
1160268411,way,not appliable,not appliable,"Crossings are generally connected to a sidewalk, but some map them lines separately, so <b>watch out for false positives</b>. In general, crossings are designed to be part of a network, they should be connected to other features"
1160289236,way,not appliable,not appliable,"Crossings are generally connected to a sidewalk, but some map them lines separately, so <b>watch out for false positives</b>. In general, crossings are designed to be part of a network, they should be connected to other features"
1160289239,way,not appliable,not appliable,"Crossings are generally connected to a sidewalk, but some map them lines separately, so <b>watch out for false positives</b>. In general, crossings are designed to be part of a network, they should be connected to other features"
1160289240,way,not appliable,not appliable,"Crossings are generally connected to a sidewalk, but some map them lines separately, so <b>watch out for false positives</b>. In general, crossings are designed to be part of a network, they should be connected to other features"
1160302725,way,not appliable,not appliable,"Crossings are generally connected to a sidewalk, but some map them lines separately, so <b>watch out for false positives</b>. In general, crossings are designed to be part of a network, they should be connected to other features"
1160302726,way,not appliable,not appliable,"Crossings are generally connected to a sidewalk, but some map them lines separately, so <b>watch out for false positives</b>. In general, crossings are designed to be part of a network, they should be connected to other features"
1160302727,way,not appliable,not appliable,"Crossings are generally connected to a sidewalk, but some map them lines separately, so <b>watch out for false positives</b>. In general, crossings are designed to be part of a network, they should be connected to other features"
1161256874,way,not appliable,not appliable,"Crossings are generally connected to a sidewalk, but some map them lines separately, so <b>watch out for false positives</b>. In general, crossings are designed to be part of a network, they should be connected to other features"
1161256876,way,not appliable,not appliable,"Crossings are generally connected to a sidewalk, but some map them lines separately, so <b>watch out for false positives</b>. In general, crossings are designed to be part of a network, they should be connected to other features"
1161256879,way,not appliable,not appliable,"Crossings are generally connected to a sidewalk, but some map them lines separately, so <b>watch out for false positives</b>. In general, crossings are designed to be part of a network, they should be connected to other features"
1161256881,way,not appliable,not appliable,"Crossings are generally connected to a sidewalk, but some map them lines separately, so <b>watch out for false positives</b>. In general, crossings are designed to be part of a network, they should be connected to other features"
1161256882,way,not appliable,not appliable,"Crossings are generally connected to a sidewalk, but some map them lines separately, so <b>watch out for false positives</b>. In general, crossings are designed to be part of a network, they should be connected to other features"
1161256884,way,not appliable,not appliable,"Crossings are generally connected to a sidewalk, but some map them lines separately, so <b>watch out for false positives</b>. In general, crossings are designed to be part of a network, they should be connected to other features"
1161256885,way,not appliable,not appliable,"Crossings are generally connected to a sidewalk, but some map them lines separately, so <b>watch out for false positives</b>. In general, crossings are designed to be part of a network, they should be connected to other features"
1161256887,way,not appliable,not appliable,"Crossings are generally connected to a sidewalk, but some map them lines separately, so <b>watch out for false positives</b>. In general, crossings are designed to be part of a network, they should be connected to other features"
1161256888,way,not appliable,not appliable,"Crossings are generally connected to a sidewalk, but some map them lines separately, so <b>watch out for false positives</b>. In general, crossings are designed to be part of a network, they should be connected to other features"
1161256890,way,not appliable,not appliable,"Crossings are generally connected to a sidewalk, but some map them lines separately, so <b>watch out for false positives</b>. In general, crossings are designed to be part of a network, they should be connected to other features"
1161256891,way,not appliable,not appliable,"Crossings are generally connected to a sidewalk, but some map them lines separately, so <b>watch out for false positives</b>. In general, crossings are designed to be part of a network, they should be connected to other features"
1161256892,way,not appliable,not appliable,"Crossings are generally connected to a sidewalk, but some map them lines separately, so <b>watch out for false positives</b>. In general, crossings are designed to be part of a network, they should be connected to other features"
1161256894,way,not appliable,not appliable,"Crossings are generally connected to a sidewalk, but some map them lines separately, so <b>watch out for false positives</b>. In general, crossings are designed to be part of a network, they should be connected to other features"
1161256896,way,not appliable,not appliable,"Crossings are generally connected to a sidewalk, but some map them lines separately, so <b>watch out for false positives</b>. In general, crossings are designed to be part of a network, they should be connected to other features"
1161256897,way,not appliable,not appliable,"Crossings are generally connected to a sidewalk, but some map them lines separately, so <b>watch out for false positives</b>. In general, crossings are designed to be part of a network, they should be connected to other features"
1161256898,way,not appliable,not appliable,"Crossings are generally connected to a sidewalk, but some map them lines separately, so <b>watch out for false positives</b>. In general, crossings are designed to be part of a network, they should be connected to other features"
1161256900,way,not appliable,not appliable,"Crossings are generally connected to a sidewalk, but some map them lines separately, so <b>watch out for false positives</b>. In general, crossings are designed to be part of a network, they should be connected to other features"
1162536600,way,not appliable,not appliable,"Crossings are generally connected to a sidewalk, but some map them lines separately, so <b>watch out for false positives</b>. In general, crossings are designed to be part of a network, they should be connected to other features"
1162661902,way,not appliable,not appliable,"Crossings are generally connected to a sidewalk, but some map them lines separately, so <b>watch out for false positives</b>. In general, crossings are designed to be part of a network, they should be connected to other features"
1162661904,way,not appliable,not appliable,"Crossings are generally connected to a sidewalk, but some map them lines separately, so <b>watch out for false positives</b>. In general, crossings are designed to be part of a network, they should be connected to other features"
1163758364,way,not appliable,not appliable,"Crossings are generally connected to a sidewalk, but some map them lines separately, so <b>watch out for false positives</b>. In general, crossings are designed to be part of a network, they should be connected to other features"
1163758366,way,not appliable,not appliable,"Crossings are generally connected to a sidewalk, but some map them lines separately, so <b>watch out for false positives</b>. In general, crossings are designed to be part of a network, they should be connected to other features"
1168863042,way,not appliable,not appliable,"Crossings are generally connected to a sidewalk, but some map them lines separately, so <b>watch out for false positives</b>. In general, crossings are designed to be part of a network, they should be connected to other features"
1168863044,way,not appliable,not appliable,"Crossings are generally connected to a sidewalk, but some map them lines separately, so <b>watch out for false positives</b>. In general, crossings are designed to be part of a network, they should be connected to other features"
1168863514,way,not appliable,not appliable,"Crossings are generally connected to a sidewalk, but some map them lines separately, so <b>watch out for false positives</b>. In general, crossings are designed to be part of a network, they should be connected to other features"
1168863516,way,not appliable,not appliable,"Crossings are generally connected to a sidewalk, but some map them lines separately, so <b>watch out for false positives</b>. In general, crossings are designed to be part of a network, they should be connected to other features"
1168863987,way,not appliable,not appliable,"Crossings are generally connected to a sidewalk, but some map them lines separately, so <b>watch out for false positives</b>. In general, crossings are designed to be part of a network, they should be connected to other features"
1168863989,way,not appliable,not appliable,"Crossings are generally connected to a sidewalk, but some map them lines separately, so <b>watch out for false positives</b>. In general, crossings are designed to be part of a network, they should be connected to other features"
1168863990,way,not appliable,not appliable,"Crossings are generally connected to a sidewalk, but some map them lines separately, so <b>watch out for false positives</b>. In general, crossings are designed to be part of a network, they should be connected to other features"
1168863992,way,not appliable,not appliable,"Crossings are generally connected to a sidewalk, but some map them lines separately, so <b>watch out for false positives</b>. In general, crossings are designed to be part of a network, they should be connected to other features"
1168863993,way,not appliable,not appliable,"Crossings are generally connected to a sidewalk, but some map them lines separately, so <b>watch out for false positives</b>. In general, crossings are designed to be part of a network, they should be connected to other features"
1168863995,way,not appliable,not appliable,"Crossings are generally connected to a sidewalk, but some map them lines separately, so <b>watch out for false positives</b>. In general, crossings are designed to be part of a network, they should be connected to other features"
1172887351,way,not appliable,not appliable,"Crossings are generally connected to a sidewalk, but some map them lines separately, so <b>watch out for false positives</b>. In general, crossings are designed to be part of a network, they should be connected to other features"
1172887353,way,not appliable,not appliable,"Crossings are generally connected to a sidewalk, but some map them lines separately, so <b>watch out for false positives</b>. In general, crossings are designed to be part of a network, they should be connected to other features"
1172887354,way,not appliable,not appliable,"Crossings are generally connected to a sidewalk, but some map them lines separately, so <b>watch out for false positives</b>. In general, crossings are designed to be part of a network, they should be connected to other features"
1172887356,way,not appliable,not appliable,"Crossings are generally connected to a sidewalk, but some map them lines separately, so <b>watch out for false positives</b>. In general, crossings are designed to be part of a network, they should be connected to other features"
1173185734,way,not appliable,not appliable,"Crossings are generally connected to a sidewalk, but some map them lines separately, so <b>watch out for false positives</b>. In general, crossings are designed to be part of a network, they should be connected to other features"
1173185736,way,not appliable,not appliable,"Crossings are generally connected to a sidewalk, but some map them lines separately, so <b>watch out for false positives</b>. In general, crossings are designed to be part of a network, they should be connected to other features"
1173185738,way,not appliable,not appliable,"Crossings are generally connected to a sidewalk, but some map them lines separately, so <b>watch out for false positives</b>. In general, crossings are designed to be part of a network, they should be connected to other features"
1173185740,way,not appliable,not appliable,"Crossings are generally connected to a sidewalk, but some map them lines separately, so <b>watch out for false positives</b>. In general, crossings are designed to be part of a network, they should be connected to other features"
1173185743,way,not appliable,not appliable,"Crossings are generally connected to a sidewalk, but some map them lines separately, so <b>watch out for false positives</b>. In general, crossings are designed to be part of a network, they should be connected to other features"
1173185746,way,not appliable,not appliable,"Crossings are generally connected to a sidewalk, but some map them lines separately, so <b>watch out for false positives</b>. In general, crossings are designed to be part of a network, they should be connected to other features"
1173185747,way,not appliable,not appliable,"Crossings are generally connected to a sidewalk, but some map them lines separately, so <b>watch out for false positives</b>. In general, crossings are designed to be part of a network, they should be connected to other features"
1173185749,way,not appliable,not appliable,"Crossings are generally connected to a sidewalk, but some map them lines separately, so <b>watch out for false positives</b>. In general, crossings are designed to be part of a network, they should be connected to other features"
1173185750,way,not appliable,not appliable,"Crossings are generally connected to a sidewalk, but some map them lines separately, so <b>watch out for false positives</b>. In general, crossings are designed to be part of a network, they should be connected to other features"
1173185754,way,not appliable,not appliable,"Crossings are generally connected to a sidewalk, but some map them lines separately, so <b>watch out for false positives</b>. In general, crossings are designed to be part of a network, they should be connected to other features"
1173185755,way,not appliable,not appliable,"Crossings are generally connected to a sidewalk, but some map them lines separately, so <b>watch out for false positives</b>. In general, crossings are designed to be part of a network, they should be connected to other features"
1174698079,way,not appliable,not appliable,"Crossings are generally connected to a sidewalk, but some map them lines separately, so <b>watch out for false positives</b>. In general, crossings are designed to be part of a network, they should be connected to other features"
1174924621,way,not appliable,not appliable,"Crossings are generally connected to a sidewalk, but some map them lines separately, so <b>watch out for false positives</b>. In general, crossings are designed to be part of a network, they should be connected to other features"
1174924623,way,not appliable,not appliable,"Crossings are generally connected to a sidewalk, but some map them lines separately, so <b>watch out for false positives</b>. In general, crossings are designed to be part of a network, they should be connected to other features"
1177713993,way,not appliable,not appliable,"Crossings are generally connected to a sidewalk, but some map them lines separately, so <b>watch out for false positives</b>. In general, crossings are designed to be part of a network, they should be connected to other features"
1177713995,way,not appliable,not appliable,"Crossings are generally connected to a sidewalk, but some map them lines separately, so <b>watch out for false positives</b>. In general, crossings are designed to be part of a network, they should be connected to other features"
1177713998,way,not appliable,not appliable,"Crossings are generally connected to a sidewalk, but some map them lines separately, so <b>watch out for false positives</b>. In general, crossings are designed to be part of a network, they should be connected to other features"
1177714000,way,not appliable,not appliable,"Crossings are generally connected to a sidewalk, but some map them lines separately, so <b>watch out for false positives</b>. In general, crossings are designed to be part of a network, they should be connected to other features"
1177714002,way,not appliable,not appliable,"Crossings are generally connected to a sidewalk, but some map them lines separately, so <b>watch out for false positives</b>. In general, crossings are designed to be part of a network, they should be connected to other features"
1179896318,way,not appliable,not appliable,"Crossings are generally connected to a sidewalk, but some map them lines separately, so <b>watch out for false positives</b>. In general, crossings are designed to be part of a network, they should be connected to other features"
1180765340,way,not appliable,not appliable,"Crossings are generally connected to a sidewalk, but some map them lines separately, so <b>watch out for false positives</b>. In general, crossings are designed to be part of a network, they should be connected to other features"
1180765341,way,not appliable,not appliable,"Crossings are generally connected to a sidewalk, but some map them lines separately, so <b>watch out for false positives</b>. In general, crossings are designed to be part of a network, they should be connected to other features"
1180765342,way,not appliable,not appliable,"Crossings are generally connected to a sidewalk, but some map them lines separately, so <b>watch out for false positives</b>. In general, crossings are designed to be part of a network, they should be connected to other features"
1180765343,way,not appliable,not appliable,"Crossings are generally connected to a sidewalk, but some map them lines separately, so <b>watch out for false positives</b>. In general, crossings are designed to be part of a network, they should be connected to other features"
1184932383,way,not appliable,not appliable,"Crossings are generally connected to a sidewalk, but some map them lines separately, so <b>watch out for false positives</b>. In general, crossings are designed to be part of a network, they should be connected to other features"
1187950322,way,not appliable,not appliable,"Crossings are generally connected to a sidewalk, but some map them lines separately, so <b>watch out for false positives</b>. In general, crossings are designed to be part of a network, they should be connected to other features"
1191546455,way,not appliable,not appliable,"Crossings are generally connected to a sidewalk, but some map them lines separately, so <b>watch out for false positives</b>. In general, crossings are designed to be part of a network, they should be connected to other features"
1194869730,way,not appliable,not appliable,"Crossings are generally connected to a sidewalk, but some map them lines separately, so <b>watch out for false positives</b>. In general, crossings are designed to be part of a network, they should be connected to other features"
1194869731,way,not appliable,not appliable,"Crossings are generally connected to a sidewalk, but some map them lines separately, so <b>watch out for false positives</b>. In general, crossings are designed to be part of a network, they should be connected to other features"
1195950226,way,not appliable,not appliable,"Crossings are generally connected to a sidewalk, but some map them lines separately, so <b>watch out for false positives</b>. In general, crossings are designed to be part of a network, they should be connected to other features"
1195964071,way,not appliable,not appliable,"Crossings are generally connected to a sidewalk, but some map them lines separately, so <b>watch out for false positives</b>. In general, crossings are designed to be part of a network, they should be connected to other features"
1195964074,way,not appliable,not appliable,"Crossings are generally connected to a sidewalk, but some map them lines separately, so <b>watch out for false positives</b>. In general, crossings are designed to be part of a network, they should be connected to other features"
1196174607,way,not appliable,not appliable,"Crossings are generally connected to a sidewalk, but some map them lines separately, so <b>watch out for false positives</b>. In general, crossings are designed to be part of a network, they should be connected to other features"
1196193207,way,not appliable,not appliable,"Crossings are generally connected to a sidewalk, but some map them lines separately, so <b>watch out for false positives</b>. In general, crossings are designed to be part of a network, they should be connected to other features"
1196193214,way,not appliable,not appliable,"Crossings are generally connected to a sidewalk, but some map them lines separately, so <b>watch out for false positives</b>. In general, crossings are designed to be part of a network, they should be connected to other features"
1196193215,way,not appliable,not appliable,"Crossings are generally connected to a sidewalk, but some map them lines separately, so <b>watch out for false positives</b>. In general, crossings are designed to be part of a network, they should be connected to other features"
1196194735,way,not appliable,not appliable,"Crossings are generally connected to a sidewalk, but some map them lines separately, so <b>watch out for false positives</b>. In general, crossings are designed to be part of a network, they should be connected to other features"
1196194737,way,not appliable,not appliable,"Crossings are generally connected to a sidewalk, but some map them lines separately, so <b>watch out for false positives</b>. In general, crossings are designed to be part of a network, they should be connected to other features"
1196214733,way,not appliable,not appliable,"Crossings are generally connected to a sidewalk, but some map them lines separately, so <b>watch out for false positives</b>. In general, crossings are designed to be part of a network, they should be connected to other features"
1197165042,way,not appliable,not appliable,"Crossings are generally connected to a sidewalk, but some map them lines separately, so <b>watch out for false positives</b>. In general, crossings are designed to be part of a network, they should be connected to other features"
1199655723,way,not appliable,not appliable,"Crossings are generally connected to a sidewalk, but some map them lines separately, so <b>watch out for false positives</b>. In general, crossings are designed to be part of a network, they should be connected to other features"
1199655724,way,not appliable,not appliable,"Crossings are generally connected to a sidewalk, but some map them lines separately, so <b>watch out for false positives</b>. In general, crossings are designed to be part of a network, they should be connected to other features"
1200709246,way,not appliable,not appliable,"Crossings are generally connected to a sidewalk, but some map them lines separately, so <b>watch out for false positives</b>. In general, crossings are designed to be part of a network, they should be connected to other features"
1200709247,way,not appliable,not appliable,"Crossings are generally connected to a sidewalk, but some map them lines separately, so <b>watch out for false positives</b>. In general, crossings are designed to be part of a network, they should be connected to other features"
1201514058,way,not appliable,not appliable,"Crossings are generally connected to a sidewalk, but some map them lines separately, so <b>watch out for false positives</b>. In general, crossings are designed to be part of a network, they should be connected to other features"
1201514059,way,not appliable,not appliable,"Crossings are generally connected to a sidewalk, but some map them lines separately, so <b>watch out for false positives</b>. In general, crossings are designed to be part of a network, they should be connected to other features"
1201793048,way,not appliable,not appliable,"Crossings are generally connected to a sidewalk, but some map them lines separately, so <b>watch out for false positives</b>. In general, crossings are designed to be part of a network, they should be connected to other features"
1203149934,way,not appliable,not appliable,"Crossings are generally connected to a sidewalk, but some map them lines separately, so <b>watch out for false positives</b>. In general, crossings are designed to be part of a network, they should be connected to other features"
1203330897,way,not appliable,not appliable,"Crossings are generally connected to a sidewalk, but some map them lines separately, so <b>watch out for false positives</b>. In general, crossings are designed to be part of a network, they should be connected to other features"
1203330904,way,not appliable,not appliable,"Crossings are generally connected to a sidewalk, but some map them lines separately, so <b>watch out for false positives</b>. In general, crossings are designed to be part of a network, they should be connected to other features"
1203773841,way,not appliable,not appliable,"Crossings are generally connected to a sidewalk, but some map them lines separately, so <b>watch out for false positives</b>. In general, crossings are designed to be part of a network, they should be connected to other features"
1203773848,way,not appliable,not appliable,"Crossings are generally connected to a sidewalk, but some map them lines separately, so <b>watch out for false positives</b>. In general, crossings are designed to be part of a network, they should be connected to other features"
1204036411,way,not appliable,not appliable,"Crossings are generally connected to a sidewalk, but some map them lines separately, so <b>watch out for false positives</b>. In general, crossings are designed to be part of a network, they should be connected to other features"
1204036412,way,not appliable,not appliable,"Crossings are generally connected to a sidewalk, but some map them lines separately, so <b>watch out for false positives</b>. In general, crossings are designed to be part of a network, they should be connected to other features"
1204040852,way,not appliable,not appliable,"Crossings are generally connected to a sidewalk, but some map them lines separately, so <b>watch out for false positives</b>. In general, crossings are designed to be part of a network, they should be connected to other features"
1204284881,way,not appliable,not appliable,"Crossings are generally connected to a sidewalk, but some map them lines separately, so <b>watch out for false positives</b>. In general, crossings are designed to be part of a network, they should be connected to other features"
1204284882,way,not appliable,not appliable,"Crossings are generally connected to a sidewalk, but some map them lines separately, so <b>watch out for false positives</b>. In general, crossings are designed to be part of a network, they should be connected to other features"
1205085715,way,not appliable,not appliable,"Crossings are generally connected to a sidewalk, but some map them lines separately, so <b>watch out for false positives</b>. In general, crossings are designed to be part of a network, they should be connected to other features"
1205085716,way,not appliable,not appliable,"Crossings are generally connected to a sidewalk, but some map them lines separately, so <b>watch out for false positives</b>. In general, crossings are designed to be part of a network, they should be connected to other features"
1205999413,way,not appliable,not appliable,"Crossings are generally connected to a sidewalk, but some map them lines separately, so <b>watch out for false positives</b>. In general, crossings are designed to be part of a network, they should be connected to other features"
1208143339,way,not appliable,not appliable,"Crossings are generally connected to a sidewalk, but some map them lines separately, so <b>watch out for false positives</b>. In general, crossings are designed to be part of a network, they should be connected to other features"
1208143341,way,not appliable,not appliable,"Crossings are generally connected to a sidewalk, but some map them lines separately, so <b>watch out for false positives</b>. In general, crossings are designed to be part of a network, they should be connected to other features"
1208924404,way,not appliable,not appliable,"Crossings are generally connected to a sidewalk, but some map them lines separately, so <b>watch out for false positives</b>. In general, crossings are designed to be part of a network, they should be connected to other features"
1208924418,way,not appliable,not appliable,"Crossings are generally connected to a sidewalk, but some map them lines separately, so <b>watch out for false positives</b>. In general, crossings are designed to be part of a network, they should be connected to other features"
1209235367,way,not appliable,not appliable,"Crossings are generally connected to a sidewalk, but some map them lines separately, so <b>watch out for false positives</b>. In general, crossings are designed to be part of a network, they should be connected to other features"
1209235368,way,not appliable,not appliable,"Crossings are generally connected to a sidewalk, but some map them lines separately, so <b>watch out for false positives</b>. In general, crossings are designed to be part of a network, they should be connected to other features"
1209235369,way,not appliable,not appliable,"Crossings are generally connected to a sidewalk, but some map them lines separately, so <b>watch out for false positives</b>. In general, crossings are designed to be part of a network, they should be connected to other features"
1210682061,way,not appliable,not appliable,"Crossings are generally connected to a sidewalk, but some map them lines separately, so <b>watch out for false positives</b>. In general, crossings are designed to be part of a network, they should be connected to other features"
1210682062,way,not appliable,not appliable,"Crossings are generally connected to a sidewalk, but some map them lines separately, so <b>watch out for false positives</b>. In general, crossings are designed to be part of a network, they should be connected to other features"
1210684311,way,not appliable,not appliable,"Crossings are generally connected to a sidewalk, but some map them lines separately, so <b>watch out for false positives</b>. In general, crossings are designed to be part of a network, they should be connected to other features"
1210684313,way,not appliable,not appliable,"Crossings are generally connected to a sidewalk, but some map them lines separately, so <b>watch out for false positives</b>. In general, crossings are designed to be part of a network, they should be connected to other features"
1210684315,way,not appliable,not appliable,"Crossings are generally connected to a sidewalk, but some map them lines separately, so <b>watch out for false positives</b>. In general, crossings are designed to be part of a network, they should be connected to other features"
1210684317,way,not appliable,not appliable,"Crossings are generally connected to a sidewalk, but some map them lines separately, so <b>watch out for false positives</b>. In general, crossings are designed to be part of a network, they should be connected to other features"
1210684323,way,not appliable,not appliable,"Crossings are generally connected to a sidewalk, but some map them lines separately, so <b>watch out for false positives</b>. In general, crossings are designed to be part of a network, they should be connected to other features"
1210684324,way,not appliable,not appliable,"Crossings are generally connected to a sidewalk, but some map them lines separately, so <b>watch out for false positives</b>. In general, crossings are designed to be part of a network, they should be connected to other features"
1210684647,way,not appliable,not appliable,"Crossings are generally connected to a sidewalk, but some map them lines separately, so <b>watch out for false positives</b>. In general, crossings are designed to be part of a network, they should be connected to other features"
1210684649,way,not appliable,not appliable,"Crossings are generally connected to a sidewalk, but some map them lines separately, so <b>watch out for false positives</b>. In general, crossings are designed to be part of a network, they should be connected to other features"
1210684651,way,not appliable,not appliable,"Crossings are generally connected to a sidewalk, but some map them lines separately, so <b>watch out for false positives</b>. In general, crossings are designed to be part of a network, they should be connected to other features"
1210684652,way,not appliable,not appliable,"Crossings are generally connected to a sidewalk, but some map them lines separately, so <b>watch out for false positives</b>. In general, crossings are designed to be part of a network, they should be connected to other features"
1210880069,way,not appliable,not appliable,"Crossings are generally connected to a sidewalk, but some map them lines separately, so <b>watch out for false positives</b>. In general, crossings are designed to be part of a network, they should be connected to other features"
1210880070,way,not appliable,not appliable,"Crossings are generally connected to a sidewalk, but some map them lines separately, so <b>watch out for false positives</b>. In general, crossings are designed to be part of a network, they should be connected to other features"
1210880075,way,not appliable,not appliable,"Crossings are generally connected to a sidewalk, but some map them lines separately, so <b>watch out for false positives</b>. In general, crossings are designed to be part of a network, they should be connected to other features"
1211966850,way,not appliable,not appliable,"Crossings are generally connected to a sidewalk, but some map them lines separately, so <b>watch out for false positives</b>. In general, crossings are designed to be part of a network, they should be connected to other features"
1211966851,way,not appliable,not appliable,"Crossings are generally connected to a sidewalk, but some map them lines separately, so <b>watch out for false positives</b>. In general, crossings are designed to be part of a network, they should be connected to other features"
1211966852,way,not appliable,not appliable,"Crossings are generally connected to a sidewalk, but some map them lines separately, so <b>watch out for false positives</b>. In general, crossings are designed to be part of a network, they should be connected to other features"
1211966903,way,not appliable,not appliable,"Crossings are generally connected to a sidewalk, but some map them lines separately, so <b>watch out for false positives</b>. In general, crossings are designed to be part of a network, they should be connected to other features"
1211966904,way,not appliable,not appliable,"Crossings are generally connected to a sidewalk, but some map them lines separately, so <b>watch out for false positives</b>. In general, crossings are designed to be part of a network, they should be connected to other features"
1212889551,way,not appliable,not appliable,"Crossings are generally connected to a sidewalk, but some map them lines separately, so <b>watch out for false positives</b>. In general, crossings are designed to be part of a network, they should be connected to other features"
1216376920,way,not appliable,not appliable,"Crossings are generally connected to a sidewalk, but some map them lines separately, so <b>watch out for false positives</b>. In general, crossings are designed to be part of a network, they should be connected to other features"
1218625434,way,not appliable,not appliable,"Crossings are generally connected to a sidewalk, but some map them lines separately, so <b>watch out for false positives</b>. In general, crossings are designed to be part of a network, they should be connected to other features"
1220452787,way,not appliable,not appliable,"Crossings are generally connected to a sidewalk, but some map them lines separately, so <b>watch out for false positives</b>. In general, crossings are designed to be part of a network, they should be connected to other features"
1223356408,way,not appliable,not appliable,"Crossings are generally connected to a sidewalk, but some map them lines separately, so <b>watch out for false positives</b>. In general, crossings are designed to be part of a network, they should be connected to other features"
1223356438,way,not appliable,not appliable,"Crossings are generally connected to a sidewalk, but some map them lines separately, so <b>watch out for false positives</b>. In general, crossings are designed to be part of a network, they should be connected to other features"
1223356440,way,not appliable,not appliable,"Crossings are generally connected to a sidewalk, but some map them lines separately, so <b>watch out for false positives</b>. In general, crossings are designed to be part of a network, they should be connected to other features"
1223356443,way,not appliable,not appliable,"Crossings are generally connected to a sidewalk, but some map them lines separately, so <b>watch out for false positives</b>. In general, crossings are designed to be part of a network, they should be connected to other features"
1223356444,way,not appliable,not appliable,"Crossings are generally connected to a sidewalk, but some map them lines separately, so <b>watch out for false positives</b>. In general, crossings are designed to be part of a network, they should be connected to other features"
1223356446,way,not appliable,not appliable,"Crossings are generally connected to a sidewalk, but some map them lines separately, so <b>watch out for false positives</b>. In general, crossings are designed to be part of a network, they should be connected to other features"
1224701928,way,not appliable,not appliable,"Crossings are generally connected to a sidewalk, but some map them lines separately, so <b>watch out for false positives</b>. In general, crossings are designed to be part of a network, they should be connected to other features"
1226053745,way,not appliable,not appliable,"Crossings are generally connected to a sidewalk, but some map them lines separately, so <b>watch out for false positives</b>. In general, crossings are designed to be part of a network, they should be connected to other features"
1226053747,way,not appliable,not appliable,"Crossings are generally connected to a sidewalk, but some map them lines separately, so <b>watch out for false positives</b>. In general, crossings are designed to be part of a network, they should be connected to other features"
1226053748,way,not appliable,not appliable,"Crossings are generally connected to a sidewalk, but some map them lines separately, so <b>watch out for false positives</b>. In general, crossings are designed to be part of a network, they should be connected to other features"
1226053749,way,not appliable,not appliable,"Crossings are generally connected to a sidewalk, but some map them lines separately, so <b>watch out for false positives</b>. In general, crossings are designed to be part of a network, they should be connected to other features"
1228886003,way,not appliable,not appliable,"Crossings are generally connected to a sidewalk, but some map them lines separately, so <b>watch out for false positives</b>. In general, crossings are designed to be part of a network, they should be connected to other features"
1228886005,way,not appliable,not appliable,"Crossings are generally connected to a sidewalk, but some map them lines separately, so <b>watch out for false positives</b>. In general, crossings are designed to be part of a network, they should be connected to other features"
1228886011,way,not appliable,not appliable,"Crossings are generally connected to a sidewalk, but some map them lines separately, so <b>watch out for false positives</b>. In general, crossings are designed to be part of a network, they should be connected to other features"
1228886016,way,not appliable,not appliable,"Crossings are generally connected to a sidewalk, but some map them lines separately, so <b>watch out for false positives</b>. In general, crossings are designed to be part of a network, they should be connected to other features"
1228886023,way,not appliable,not appliable,"Crossings are generally connected to a sidewalk, but some map them lines separately, so <b>watch out for false positives</b>. In general, crossings are designed to be part of a network, they should be connected to other features"
1228886028,way,not appliable,not appliable,"Crossings are generally connected to a sidewalk, but some map them lines separately, so <b>watch out for false positives</b>. In general, crossings are designed to be part of a network, they should be connected to other features"
1228886029,way,not appliable,not appliable,"Crossings are generally connected to a sidewalk, but some map them lines separately, so <b>watch out for false positives</b>. In general, crossings are designed to be part of a network, they should be connected to other features"
1228976155,way,not appliable,not appliable,"Crossings are generally connected to a sidewalk, but some map them lines separately, so <b>watch out for false positives</b>. In general, crossings are designed to be part of a network, they should be connected to other features"
1228976156,way,not appliable,not appliable,"Crossings are generally connected to a sidewalk, but some map them lines separately, so <b>watch out for false positives</b>. In general, crossings are designed to be part of a network, they should be connected to other features"
1228976157,way,not appliable,not appliable,"Crossings are generally connected to a sidewalk, but some map them lines separately, so <b>watch out for false positives</b>. In general, crossings are designed to be part of a network, they should be connected to other features"
1228976158,way,not appliable,not appliable,"Crossings are generally connected to a sidewalk, but some map them lines separately, so <b>watch out for false positives</b>. In general, crossings are designed to be part of a network, they should be connected to other features"
1231942748,way,not appliable,not appliable,"Crossings are generally connected to a sidewalk, but some map them lines separately, so <b>watch out for false positives</b>. In general, crossings are designed to be part of a network, they should be connected to other features"
1231942749,way,not appliable,not appliable,"Crossings are generally connected to a sidewalk, but some map them lines separately, so <b>watch out for false positives</b>. In general, crossings are designed to be part of a network, they should be connected to other features"
1231942750,way,not appliable,not appliable,"Crossings are generally connected to a sidewalk, but some map them lines separately, so <b>watch out for false positives</b>. In general, crossings are designed to be part of a network, they should be connected to other features"
1231942751,way,not appliable,not appliable,"Crossings are generally connected to a sidewalk, but some map them lines separately, so <b>watch out for false positives</b>. In general, crossings are designed to be part of a network, they should be connected to other features"
1231942752,way,not appliable,not appliable,"Crossings are generally connected to a sidewalk, but some map them lines separately, so <b>watch out for false positives</b>. In general, crossings are designed to be part of a network, they should be connected to other features"
1231942753,way,not appliable,not appliable,"Crossings are generally connected to a sidewalk, but some map them lines separately, so <b>watch out for false positives</b>. In general, crossings are designed to be part of a network, they should be connected to other features"
1231942754,way,not appliable,not appliable,"Crossings are generally connected to a sidewalk, but some map them lines separately, so <b>watch out for false positives</b>. In general, crossings are designed to be part of a network, they should be connected to other features"
1231942755,way,not appliable,not appliable,"Crossings are generally connected to a sidewalk, but some map them lines separately, so <b>watch out for false positives</b>. In general, crossings are designed to be part of a network, they should be connected to other features"
1232081808,way,not appliable,not appliable,"Crossings are generally connected to a sidewalk, but some map them lines separately, so <b>watch out for false positives</b>. In general, crossings are designed to be part of a network, they should be connected to other features"
1232081809,way,not appliable,not appliable,"Crossings are generally connected to a sidewalk, but some map them lines separately, so <b>watch out for false positives</b>. In general, crossings are designed to be part of a network, they should be connected to other features"
1232081810,way,not appliable,not appliable,"Crossings are generally connected to a sidewalk, but some map them lines separately, so <b>watch out for false positives</b>. In general, crossings are designed to be part of a network, they should be connected to other features"
1232081811,way,not appliable,not appliable,"Crossings are generally connected to a sidewalk, but some map them lines separately, so <b>watch out for false positives</b>. In general, crossings are designed to be part of a network, they should be connected to other features"
1232081841,way,not appliable,not appliable,"Crossings are generally connected to a sidewalk, but some map them lines separately, so <b>watch out for false positives</b>. In general, crossings are designed to be part of a network, they should be connected to other features"
1232081842,way,not appliable,not appliable,"Crossings are generally connected to a sidewalk, but some map them lines separately, so <b>watch out for false positives</b>. In general, crossings are designed to be part of a network, they should be connected to other features"
1232081843,way,not appliable,not appliable,"Crossings are generally connected to a sidewalk, but some map them lines separately, so <b>watch out for false positives</b>. In general, crossings are designed to be part of a network, they should be connected to other features"
1232081844,way,not appliable,not appliable,"Crossings are generally connected to a sidewalk, but some map them lines separately, so <b>watch out for false positives</b>. In general, crossings are designed to be part of a network, they should be connected to other features"
1232697612,way,not appliable,not appliable,"Crossings are generally connected to a sidewalk, but some map them lines separately, so <b>watch out for false positives</b>. In general, crossings are designed to be part of a network, they should be connected to other features"
1233649273,way,not appliable,not appliable,"Crossings are generally connected to a sidewalk, but some map them lines separately, so <b>watch out for false positives</b>. In general, crossings are designed to be part of a network, they should be connected to other features"
1233649274,way,not appliable,not appliable,"Crossings are generally connected to a sidewalk, but some map them lines separately, so <b>watch out for false positives</b>. In general, crossings are designed to be part of a network, they should be connected to other features"
1239981345,way,not appliable,not appliable,"Crossings are generally connected to a sidewalk, but some map them lines separately, so <b>watch out for false positives</b>. In general, crossings are designed to be part of a network, they should be connected to other features"
1240865443,way,not appliable,not appliable,"Crossings are generally connected to a sidewalk, but some map them lines separately, so <b>watch out for false positives</b>. In general, crossings are designed to be part of a network, they should be connected to other features"
1263238543,way,not appliable,not appliable,"Crossings are generally connected to a sidewalk, but some map them lines separately, so <b>watch out for false positives</b>. In general, crossings are designed to be part of a network, they should be connected to other features"
1276633955,way,not appliable,not appliable,"Crossings are generally connected to a sidewalk, but some map them lines separately, so <b>watch out for false positives</b>. In general, crossings are designed to be part of a network, they should be connected to other features"
1280704715,way,not appliable,not appliable,"Crossings are generally connected to a sidewalk, but some map them lines separately, so <b>watch out for false positives</b>. In general, crossings are designed to be part of a network, they should be connected to other features"
1283425145,way,not appliable,not appliable,"Crossings are generally connected to a sidewalk, but some map them lines separately, so <b>watch out for false positives</b>. In general, crossings are designed to be part of a network, they should be connected to other features"
1283425148,way,not appliable,not appliable,"Crossings are generally connected to a sidewalk, but some map them lines separately, so <b>watch out for false positives</b>. In general, crossings are designed to be part of a network, they should be connected to other features"
1283425149,way,not appliable,not appliable,"Crossings are generally connected to a sidewalk, but some map them lines separately, so <b>watch out for false positives</b>. In general, crossings are designed to be part of a network, they should be connected to other features"
1283425150,way,not appliable,not appliable,"Crossings are generally connected to a sidewalk, but some map them lines separately, so <b>watch out for false positives</b>. In general, crossings are designed to be part of a network, they should be connected to other features"
1283425151,way,not appliable,not appliable,"Crossings are generally connected to a sidewalk, but some map them lines separately, so <b>watch out for false positives</b>. In general, crossings are designed to be part of a network, they should be connected to other features"
1283425152,way,not appliable,not appliable,"Crossings are generally connected to a sidewalk, but some map them lines separately, so <b>watch out for false positives</b>. In general, crossings are designed to be part of a network, they should be connected to other features"
1283425153,way,not appliable,not appliable,"Crossings are generally connected to a sidewalk, but some map them lines separately, so <b>watch out for false positives</b>. In general, crossings are designed to be part of a network, they should be connected to other features"
1283425154,way,not appliable,not appliable,"Crossings are generally connected to a sidewalk, but some map them lines separately, so <b>watch out for false positives</b>. In general, crossings are designed to be part of a network, they should be connected to other features"
1283425155,way,not appliable,not appliable,"Crossings are generally connected to a sidewalk, but some map them lines separately, so <b>watch out for false positives</b>. In general, crossings are designed to be part of a network, they should be connected to other features"
1320132856,way,not appliable,not appliable,"Crossings are generally connected to a sidewalk, but some map them lines separately, so <b>watch out for false positives</b>. In general, crossings are designed to be part of a network, they should be connected to other features"
1320132857,way,not appliable,not appliable,"Crossings are generally connected to a sidewalk, but some map them lines separately, so <b>watch out for false positives</b>. In general, crossings are designed to be part of a network, they should be connected to other features"
1332815997,way,not appliable,not appliable,"Crossings are generally connected to a sidewalk, but some map them lines separately, so <b>watch out for false positives</b>. In general, crossings are designed to be part of a network, they should be connected to other features"
1333029778,way,not appliable,not appliable,"Crossings are generally connected to a sidewalk, but some map them lines separately, so <b>watch out for false positives</b>. In general, crossings are designed to be part of a network, they should be connected to other features"
1333111591,way,not appliable,not appliable,"Crossings are generally connected to a sidewalk, but some map them lines separately, so <b>watch out for false positives</b>. In general, crossings are designed to be part of a network, they should be connected to other features"
1333111592,way,not appliable,not appliable,"Crossings are generally connected to a sidewalk, but some map them lines separately, so <b>watch out for false positives</b>. In general, crossings are designed to be part of a network, they should be connected to other features"
1333581278,way,not appliable,not appliable,"Crossings are generally connected to a sidewalk, but some map them lines separately, so <b>watch out for false positives</b>. In general, crossings are designed to be part of a network, they should be connected to other features"
1334268689,way,not appliable,not appliable,"Crossings are generally connected to a sidewalk, but some map them lines separately, so <b>watch out for false positives</b>. In general, crossings are designed to be part of a network, they should be connected to other features"
1335591045,way,not appliable,not appliable,"Crossings are generally connected to a sidewalk, but some map them lines separately, so <b>watch out for false positives</b>. In general, crossings are designed to be part of a network, they should be connected to other features"
1335875084,way,not appliable,not appliable,"Crossings are generally connected to a sidewalk, but some map them lines separately, so <b>watch out for false positives</b>. In general, crossings are designed to be part of a network, they should be connected to other features"
1335875085,way,not appliable,not appliable,"Crossings are generally connected to a sidewalk, but some map them lines separately, so <b>watch out for false positives</b>. In general, crossings are designed to be part of a network, they should be connected to other features"
1335875087,way,not appliable,not appliable,"Crossings are generally connected to a sidewalk, but some map them lines separately, so <b>watch out for false positives</b>. In general, crossings are designed to be part of a network, they should be connected to other features"
1335875088,way,not appliable,not appliable,"Crossings are generally connected to a sidewalk, but some map them lines separately, so <b>watch out for false positives</b>. In general, crossings are designed to be part of a network, they should be connected to other features"
1335875089,way,not appliable,not appliable,"Crossings are generally connected to a sidewalk, but some map them lines separately, so <b>watch out for false positives</b>. In general, crossings are designed to be part of a network, they should be connected to other features"
1335898589,way,not appliable,not appliable,"Crossings are generally connected to a sidewalk, but some map them lines separately, so <b>watch out for false positives</b>. In general, crossings are designed to be part of a network, they should be connected to other features"
1335898590,way,not appliable,not appliable,"Crossings are generally connected to a sidewalk, but some map them lines separately, so <b>watch out for false positives</b>. In general, crossings are designed to be part of a network, they should be connected to other features"
1335898593,way,not appliable,not appliable,"Crossings are generally connected to a sidewalk, but some map them lines separately, so <b>watch out for false positives</b>. In general, crossings are designed to be part of a network, they should be connected to other features"
1335898594,way,not appliable,not appliable,"Crossings are generally connected to a sidewalk, but some map them lines separately, so <b>watch out for false positives</b>. In general, crossings are designed to be part of a network, they should be connected to other features"
1335898595,way,not appliable,not appliable,"Crossings are generally connected to a sidewalk, but some map them lines separately, so <b>watch out for false positives</b>. In general, crossings are designed to be part of a network, they should be connected to other features"
1335898596,way,not appliable,not appliable,"Crossings are generally connected to a sidewalk, but some map them lines separately, so <b>watch out for false positives</b>. In general, crossings are designed to be part of a network, they should be connected to other features"
1335898597,way,not appliable,not appliable,"Crossings are generally connected to a sidewalk, but some map them lines separately, so <b>watch out for false positives</b>. In general, crossings are designed to be part of a network, they should be connected to other features"
1335911086,way,not appliable,not appliable,"Crossings are generally connected to a sidewalk, but some map them lines separately, so <b>watch out for false positives</b>. In general, crossings are designed to be part of a network, they should be connected to other features"
1335911089,way,not appliable,not appliable,"Crossings are generally connected to a sidewalk, but some map them lines separately, so <b>watch out for false positives</b>. In general, crossings are designed to be part of a network, they should be connected to other features"
1336398246,way,not appliable,not appliable,"Crossings are generally connected to a sidewalk, but some map them lines separately, so <b>watch out for false positives</b>. In general, crossings are designed to be part of a network, they should be connected to other features"
1336420392,way,not appliable,not appliable,"Crossings are generally connected to a sidewalk, but some map them lines separately, so <b>watch out for false positives</b>. In general, crossings are designed to be part of a network, they should be connected to other features"
1336420393,way,not appliable,not appliable,"Crossings are generally connected to a sidewalk, but some map them lines separately, so <b>watch out for false positives</b>. In general, crossings are designed to be part of a network, they should be connected to other features"
1336420394,way,not appliable,not appliable,"Crossings are generally connected to a sidewalk, but some map them lines separately, so <b>watch out for false positives</b>. In general, crossings are designed to be part of a network, they should be connected to other features"
1336420396,way,not appliable,not appliable,"Crossings are generally connected to a sidewalk, but some map them lines separately, so <b>watch out for false positives</b>. In general, crossings are designed to be part of a network, they should be connected to other features"
1336420397,way,not appliable,not appliable,"Crossings are generally connected to a sidewalk, but some map them lines separately, so <b>watch out for false positives</b>. In general, crossings are designed to be part of a network, they should be connected to other features"
1336750483,way,not appliable,not appliable,"Crossings are generally connected to a sidewalk, but some map them lines separately, so <b>watch out for false positives</b>. In general, crossings are designed to be part of a network, they should be connected to other features"
1337753022,way,not appliable,not appliable,"Crossings are generally connected to a sidewalk, but some map them lines separately, so <b>watch out for false positives</b>. In general, crossings are designed to be part of a network, they should be connected to other features"
1338024145,way,not appliable,not appliable,"Crossings are generally connected to a sidewalk, but some map them lines separately, so <b>watch out for false positives</b>. In general, crossings are designed to be part of a network, they should be connected to other features"
1338792273,way,not appliable,not appliable,"Crossings are generally connected to a sidewalk, but some map them lines separately, so <b>watch out for false positives</b>. In general, crossings are designed to be part of a network, they should be connected to other features"
1338792274,way,not appliable,not appliable,"Crossings are generally connected to a sidewalk, but some map them lines separately, so <b>watch out for false positives</b>. In general, crossings are designed to be part of a network, they should be connected to other features"
1338792733,way,not appliable,not appliable,"Crossings are generally connected to a sidewalk, but some map them lines separately, so <b>watch out for false positives</b>. In general, crossings are designed to be part of a network, they should be connected to other features"
1339495682,way,not appliable,not appliable,"Crossings are generally connected to a sidewalk, but some map them lines separately, so <b>watch out for false positives</b>. In general, crossings are designed to be part of a network, they should be connected to other features"
1339672751,way,not appliable,not appliable,"Crossings are generally connected to a sidewalk, but some map them lines separately, so <b>watch out for false positives</b>. In general, crossings are designed to be part of a network, they should be connected to other features"
1339888718,way,not appliable,not appliable,"Crossings are generally connected to a sidewalk, but some map them lines separately, so <b>watch out for false positives</b>. In general, crossings are designed to be part of a network, they should be connected to other features"
1339917009,way,not appliable,not appliable,"Crossings are generally connected to a sidewalk, but some map them lines separately, so <b>watch out for false positives</b>. In general, crossings are designed to be part of a network, they should be connected to other features"
1340206696,way,not appliable,not appliable,"Crossings are generally connected to a sidewalk, but some map them lines separately, so <b>watch out for false positives</b>. In general, crossings are designed to be part of a network, they should be connected to other features"
1340214175,way,not appliable,not appliable,"Crossings are generally connected to a sidewalk, but some map them lines separately, so <b>watch out for false positives</b>. In general, crossings are designed to be part of a network, they should be connected to other features"
1340215502,way,not appliable,not appliable,"Crossings are generally connected to a sidewalk, but some map them lines separately, so <b>watch out for false positives</b>. In general, crossings are designed to be part of a network, they should be connected to other features"
1340215503,way,not appliable,not appliable,"Crossings are generally connected to a sidewalk, but some map them lines separately, so <b>watch out for false positives</b>. In general, crossings are designed to be part of a network, they should be connected to other features"
1340215504,way,not appliable,not appliable,"Crossings are generally connected to a sidewalk, but some map them lines separately, so <b>watch out for false positives</b>. In general, crossings are designed to be part of a network, they should be connected to other features"
1340215505,way,not appliable,not appliable,"Crossings are generally connected to a sidewalk, but some map them lines separately, so <b>watch out for false positives</b>. In general, crossings are designed to be part of a network, they should be connected to other features"
1340215506,way,not appliable,not appliable,"Crossings are generally connected to a sidewalk, but some map them lines separately, so <b>watch out for false positives</b>. In general, crossings are designed to be part of a network, they should be connected to other features"
1340215507,way,not appliable,not appliable,"Crossings are generally connected to a sidewalk, but some map them lines separately, so <b>watch out for false positives</b>. In general, crossings are designed to be part of a network, they should be connected to other features"
1340219261,way,not appliable,not appliable,"Crossings are generally connected to a sidewalk, but some map them lines separately, so <b>watch out for false positives</b>. In general, crossings are designed to be part of a network, they should be connected to other features"
1340219262,way,not appliable,not appliable,"Crossings are generally connected to a sidewalk, but some map them lines separately, so <b>watch out for false positives</b>. In general, crossings are designed to be part of a network, they should be connected to other features"
1340219263,way,not appliable,not appliable,"Crossings are generally connected to a sidewalk, but some map them lines separately, so <b>watch out for false positives</b>. In general, crossings are designed to be part of a network, they should be connected to other features"
1340219264,way,not appliable,not appliable,"Crossings are generally connected to a sidewalk, but some map them lines separately, so <b>watch out for false positives</b>. In general, crossings are designed to be part of a network, they should be connected to other features"
1340238251,way,not appliable,not appliable,"Crossings are generally connected to a sidewalk, but some map them lines separately, so <b>watch out for false positives</b>. In general, crossings are designed to be part of a network, they should be connected to other features"
1340238252,way,not appliable,not appliable,"Crossings are generally connected to a sidewalk, but some map them lines separately, so <b>watch out for false positives</b>. In general, crossings are designed to be part of a network, they should be connected to other features"
1340240326,way,not appliable,not appliable,"Crossings are generally connected to a sidewalk, but some map them lines separately, so <b>watch out for false positives</b>. In general, crossings are designed to be part of a network, they should be connected to other features"
1340402763,way,not appliable,not appliable,"Crossings are generally connected to a sidewalk, but some map them lines separately, so <b>watch out for false positives</b>. In general, crossings are designed to be part of a network, they should be connected to other features"
1340402764,way,not appliable,not appliable,"Crossings are generally connected to a sidewalk, but some map them lines separately, so <b>watch out for false positives</b>. In general, crossings are designed to be part of a network, they should be connected to other features"
1340422208,way,not appliable,not appliable,"Crossings are generally connected to a sidewalk, but some map them lines separately, so <b>watch out for false positives</b>. In general, crossings are designed to be part of a network, they should be connected to other features"
1340422209,way,not appliable,not appliable,"Crossings are generally connected to a sidewalk, but some map them lines separately, so <b>watch out for false positives</b>. In general, crossings are designed to be part of a network, they should be connected to other features"
1340422210,way,not appliable,not appliable,"Crossings are generally connected to a sidewalk, but some map them lines separately, so <b>watch out for false positives</b>. In general, crossings are designed to be part of a network, they should be connected to other features"
1340422703,way,not appliable,not appliable,"Crossings are generally connected to a sidewalk, but some map them lines separately, so <b>watch out for false positives</b>. In general, crossings are designed to be part of a network, they should be connected to other features"
1340422704,way,not appliable,not appliable,"Crossings are generally connected to a sidewalk, but some map them lines separately, so <b>watch out for false positives</b>. In general, crossings are designed to be part of a network, they should be connected to other features"
1340422705,way,not appliable,not appliable,"Crossings are generally connected to a sidewalk, but some map them lines separately, so <b>watch out for false positives</b>. In general, crossings are designed to be part of a network, they should be connected to other features"
1340422706,way,not appliable,not appliable,"Crossings are generally connected to a sidewalk, but some map them lines separately, so <b>watch out for false positives</b>. In general, crossings are designed to be part of a network, they should be connected to other features"
1340422707,way,not appliable,not appliable,"Crossings are generally connected to a sidewalk, but some map them lines separately, so <b>watch out for false positives</b>. In general, crossings are designed to be part of a network, they should be connected to other features"
1340464556,way,not appliable,not appliable,"Crossings are generally connected to a sidewalk, but some map them lines separately, so <b>watch out for false positives</b>. In general, crossings are designed to be part of a network, they should be connected to other features"
1340464558,way,not appliable,not appliable,"Crossings are generally connected to a sidewalk, but some map them lines separately, so <b>watch out for false positives</b>. In general, crossings are designed to be part of a network, they should be connected to other features"
1340464559,way,not appliable,not appliable,"Crossings are generally connected to a sidewalk, but some map them lines separately, so <b>watch out for false positives</b>. In general, crossings are designed to be part of a network, they should be connected to other features"
1340464560,way,not appliable,not appliable,"Crossings are generally connected to a sidewalk, but some map them lines separately, so <b>watch out for false positives</b>. In general, crossings are designed to be part of a network, they should be connected to other features"
1340464561,way,not appliable,not appliable,"Crossings are generally connected to a sidewalk, but some map them lines separately, so <b>watch out for false positives</b>. In general, crossings are designed to be part of a network, they should be connected to other features"
1340487227,way,not appliable,not appliable,"Crossings are generally connected to a sidewalk, but some map them lines separately, so <b>watch out for false positives</b>. In general, crossings are designed to be part of a network, they should be connected to other features"
1340494583,way,not appliable,not appliable,"Crossings are generally connected to a sidewalk, but some map them lines separately, so <b>watch out for false positives</b>. In general, crossings are designed to be part of a network, they should be connected to other features"
1340494584,way,not appliable,not appliable,"Crossings are generally connected to a sidewalk, but some map them lines separately, so <b>watch out for false positives</b>. In general, crossings are designed to be part of a network, they should be connected to other features"
1340494585,way,not appliable,not appliable,"Crossings are generally connected to a sidewalk, but some map them lines separately, so <b>watch out for false positives</b>. In general, crossings are designed to be part of a network, they should be connected to other features"
1340600721,way,not appliable,not appliable,"Crossings are generally connected to a sidewalk, but some map them lines separately, so <b>watch out for false positives</b>. In general, crossings are designed to be part of a network, they should be connected to other features"
1340610926,way,not appliable,not appliable,"Crossings are generally connected to a sidewalk, but some map them lines separately, so <b>watch out for false positives</b>. In general, crossings are designed to be part of a network, they should be connected to other features"
1341141045,way,not appliable,not appliable,"Crossings are generally connected to a sidewalk, but some map them lines separately, so <b>watch out for false positives</b>. In general, crossings are designed to be part of a network, they should be connected to other features"
1341141046,way,not appliable,not appliable,"Crossings are generally connected to a sidewalk, but some map them lines separately, so <b>watch out for false positives</b>. In general, crossings are designed to be part of a network, they should be connected to other features"
1341141047,way,not appliable,not appliable,"Crossings are generally connected to a sidewalk, but some map them lines separately, so <b>watch out for false positives</b>. In general, crossings are designed to be part of a network, they should be connected to other features"
1341141048,way,not appliable,not appliable,"Crossings are generally connected to a sidewalk, but some map them lines separately, so <b>watch out for false positives</b>. In general, crossings are designed to be part of a network, they should be connected to other features"
1341141049,way,not appliable,not appliable,"Crossings are generally connected to a sidewalk, but some map them lines separately, so <b>watch out for false positives</b>. In general, crossings are designed to be part of a network, they should be connected to other features"
1341141050,way,not appliable,not appliable,"Crossings are generally connected to a sidewalk, but some map them lines separately, so <b>watch out for false positives</b>. In general, crossings are designed to be part of a network, they should be connected to other features"
1341141051,way,not appliable,not appliable,"Crossings are generally connected to a sidewalk, but some map them lines separately, so <b>watch out for false positives</b>. In general, crossings are designed to be part of a network, they should be connected to other features"
1341142482,way,not appliable,not appliable,"Crossings are generally connected to a sidewalk, but some map them lines separately, so <b>watch out for false positives</b>. In general, crossings are designed to be part of a network, they should be connected to other features"
1341160449,way,not appliable,not appliable,"Crossings are generally connected to a sidewalk, but some map them lines separately, so <b>watch out for false positives</b>. In general, crossings are designed to be part of a network, they should be connected to other features"
1341166113,way,not appliable,not appliable,"Crossings are generally connected to a sidewalk, but some map them lines separately, so <b>watch out for false positives</b>. In general, crossings are designed to be part of a network, they should be connected to other features"
1341166114,way,not appliable,not appliable,"Crossings are generally connected to a sidewalk, but some map them lines separately, so <b>watch out for false positives</b>. In general, crossings are designed to be part of a network, they should be connected to other features"
1341166115,way,not appliable,not appliable,"Crossings are generally connected to a sidewalk, but some map them lines separately, so <b>watch out for false positives</b>. In general, crossings are designed to be part of a network, they should be connected to other features"
1341166116,way,not appliable,not appliable,"Crossings are generally connected to a sidewalk, but some map them lines separately, so <b>watch out for false positives</b>. In general, crossings are designed to be part of a network, they should be connected to other features"
1341166117,way,not appliable,not appliable,"Crossings are generally connected to a sidewalk, but some map them lines separately, so <b>watch out for false positives</b>. In general, crossings are designed to be part of a network, they should be connected to other features"
1341166118,way,not appliable,not appliable,"Crossings are generally connected to a sidewalk, but some map them lines separately, so <b>watch out for false positives</b>. In general, crossings are designed to be part of a network, they should be connected to other features"
1341166119,way,not appliable,not appliable,"Crossings are generally connected to a sidewalk, but some map them lines separately, so <b>watch out for false positives</b>. In general, crossings are designed to be part of a network, they should be connected to other features"
1341166120,way,not appliable,not appliable,"Crossings are generally connected to a sidewalk, but some map them lines separately, so <b>watch out for false positives</b>. In general, crossings are designed to be part of a network, they should be connected to other features"
1341166121,way,not appliable,not appliable,"Crossings are generally connected to a sidewalk, but some map them lines separately, so <b>watch out for false positives</b>. In general, crossings are designed to be part of a network, they should be connected to other features"
1341166122,way,not appliable,not appliable,"Crossings are generally connected to a sidewalk, but some map them lines separately, so <b>watch out for false positives</b>. In general, crossings are designed to be part of a network, they should be connected to other features"
1341166123,way,not appliable,not appliable,"Crossings are generally connected to a sidewalk, but some map them lines separately, so <b>watch out for false positives</b>. In general, crossings are designed to be part of a network, they should be connected to other features"
1341166124,way,not appliable,not appliable,"Crossings are generally connected to a sidewalk, but some map them lines separately, so <b>watch out for false positives</b>. In general, crossings are designed to be part of a network, they should be connected to other features"
1341166125,way,not appliable,not appliable,"Crossings are generally connected to a sidewalk, but some map them lines separately, so <b>watch out for false positives</b>. In general, crossings are designed to be part of a network, they should be connected to other features"
1341166126,way,not appliable,not appliable,"Crossings are generally connected to a sidewalk, but some map them lines separately, so <b>watch out for false positives</b>. In general, crossings are designed to be part of a network, they should be connected to other features"
1341166128,way,not appliable,not appliable,"Crossings are generally connected to a sidewalk, but some map them lines separately, so <b>watch out for false positives</b>. In general, crossings are designed to be part of a network, they should be connected to other features"
1341166130,way,not appliable,not appliable,"Crossings are generally connected to a sidewalk, but some map them lines separately, so <b>watch out for false positives</b>. In general, crossings are designed to be part of a network, they should be connected to other features"
1341166133,way,not appliable,not appliable,"Crossings are generally connected to a sidewalk, but some map them lines separately, so <b>watch out for false positives</b>. In general, crossings are designed to be part of a network, they should be connected to other features"
1341166134,way,not appliable,not appliable,"Crossings are generally connected to a sidewalk, but some map them lines separately, so <b>watch out for false positives</b>. In general, crossings are designed to be part of a network, they should be connected to other features"
1341166135,way,not appliable,not appliable,"Crossings are generally connected to a sidewalk, but some map them lines separately, so <b>watch out for false positives</b>. In general, crossings are designed to be part of a network, they should be connected to other features"
1341166136,way,not appliable,not appliable,"Crossings are generally connected to a sidewalk, but some map them lines separately, so <b>watch out for false positives</b>. In general, crossings are designed to be part of a network, they should be connected to other features"
1341166137,way,not appliable,not appliable,"Crossings are generally connected to a sidewalk, but some map them lines separately, so <b>watch out for false positives</b>. In general, crossings are designed to be part of a network, they should be connected to other features"
1341166138,way,not appliable,not appliable,"Crossings are generally connected to a sidewalk, but some map them lines separately, so <b>watch out for false positives</b>. In general, crossings are designed to be part of a network, they should be connected to other features"
1341166139,way,not appliable,not appliable,"Crossings are generally connected to a sidewalk, but some map them lines separately, so <b>watch out for false positives</b>. In general, crossings are designed to be part of a network, they should be connected to other features"
1341166140,way,not appliable,not appliable,"Crossings are generally connected to a sidewalk, but some map them lines separately, so <b>watch out for false positives</b>. In general, crossings are designed to be part of a network, they should be connected to other features"
1341166141,way,not appliable,not appliable,"Crossings are generally connected to a sidewalk, but some map them lines separately, so <b>watch out for false positives</b>. In general, crossings are designed to be part of a network, they should be connected to other features"
1341166142,way,not appliable,not appliable,"Crossings are generally connected to a sidewalk, but some map them lines separately, so <b>watch out for false positives</b>. In general, crossings are designed to be part of a network, they should be connected to other features"
1341166143,way,not appliable,not appliable,"Crossings are generally connected to a sidewalk, but some map them lines separately, so <b>watch out for false positives</b>. In general, crossings are designed to be part of a network, they should be connected to other features"
1341166144,way,not appliable,not appliable,"Crossings are generally connected to a sidewalk, but some map them lines separately, so <b>watch out for false positives</b>. In general, crossings are designed to be part of a network, they should be connected to other features"
1341166145,way,not appliable,not appliable,"Crossings are generally connected to a sidewalk, but some map them lines separately, so <b>watch out for false positives</b>. In general, crossings are designed to be part of a network, they should be connected to other features"
1341166146,way,not appliable,not appliable,"Crossings are generally connected to a sidewalk, but some map them lines separately, so <b>watch out for false positives</b>. In general, crossings are designed to be part of a network, they should be connected to other features"
1341166147,way,not appliable,not appliable,"Crossings are generally connected to a sidewalk, but some map them lines separately, so <b>watch out for false positives</b>. In general, crossings are designed to be part of a network, they should be connected to other features"
1341198551,way,not appliable,not appliable,"Crossings are generally connected to a sidewalk, but some map them lines separately, so <b>watch out for false positives</b>. In general, crossings are designed to be part of a network, they should be connected to other features"
1341198553,way,not appliable,not appliable,"Crossings are generally connected to a sidewalk, but some map them lines separately, so <b>watch out for false positives</b>. In general, crossings are designed to be part of a network, they should be connected to other features"
1341198554,way,not appliable,not appliable,"Crossings are generally connected to a sidewalk, but some map them lines separately, so <b>watch out for false positives</b>. In general, crossings are designed to be part of a network, they should be connected to other features"
1341206923,way,not appliable,not appliable,"Crossings are generally connected to a sidewalk, but some map them lines separately, so <b>watch out for false positives</b>. In general, crossings are designed to be part of a network, they should be connected to other features"
1341206924,way,not appliable,not appliable,"Crossings are generally connected to a sidewalk, but some map them lines separately, so <b>watch out for false positives</b>. In general, crossings are designed to be part of a network, they should be connected to other features"
1341208687,way,not appliable,not appliable,"Crossings are generally connected to a sidewalk, but some map them lines separately, so <b>watch out for false positives</b>. In general, crossings are designed to be part of a network, they should be connected to other features"
1341208688,way,not appliable,not appliable,"Crossings are generally connected to a sidewalk, but some map them lines separately, so <b>watch out for false positives</b>. In general, crossings are designed to be part of a network, they should be connected to other features"
1341212759,way,not appliable,not appliable,"Crossings are generally connected to a sidewalk, but some map them lines separately, so <b>watch out for false positives</b>. In general, crossings are designed to be part of a network, they should be connected to other features"
1341229265,way,not appliable,not appliable,"Crossings are generally connected to a sidewalk, but some map them lines separately, so <b>watch out for false positives</b>. In general, crossings are designed to be part of a network, they should be connected to other features"
1341229266,way,not appliable,not appliable,"Crossings are generally connected to a sidewalk, but some map them lines separately, so <b>watch out for false positives</b>. In general, crossings are designed to be part of a network, they should be connected to other features"
1341229267,way,not appliable,not appliable,"Crossings are generally connected to a sidewalk, but some map them lines separately, so <b>watch out for false positives</b>. In general, crossings are designed to be part of a network, they should be connected to other features"
1341232417,way,not appliable,not appliable,"Crossings are generally connected to a sidewalk, but some map them lines separately, so <b>watch out for false positives</b>. In general, crossings are designed to be part of a network, they should be connected to other features"
1341232418,way,not appliable,not appliable,"Crossings are generally connected to a sidewalk, but some map them lines separately, so <b>watch out for false positives</b>. In general, crossings are designed to be part of a network, they should be connected to other features"
1341232419,way,not appliable,not appliable,"Crossings are generally connected to a sidewalk, but some map them lines separately, so <b>watch out for false positives</b>. In general, crossings are designed to be part of a network, they should be connected to other features"
1341232420,way,not appliable,not appliable,"Crossings are generally connected to a sidewalk, but some map them lines separately, so <b>watch out for false positives</b>. In general, crossings are designed to be part of a network, they should be connected to other features"
1341232421,way,not appliable,not appliable,"Crossings are generally connected to a sidewalk, but some map them lines separately, so <b>watch out for false positives</b>. In general, crossings are designed to be part of a network, they should be connected to other features"
1341232426,way,not appliable,not appliable,"Crossings are generally connected to a sidewalk, but some map them lines separately, so <b>watch out for false positives</b>. In general, crossings are designed to be part of a network, they should be connected to other features"
1341232427,way,not appliable,not appliable,"Crossings are generally connected to a sidewalk, but some map them lines separately, so <b>watch out for false positives</b>. In general, crossings are designed to be part of a network, they should be connected to other features"
1341347476,way,not appliable,not appliable,"Crossings are generally connected to a sidewalk, but some map them lines separately, so <b>watch out for false positives</b>. In general, crossings are designed to be part of a network, they should be connected to other features"
1341428874,way,not appliable,not appliable,"Crossings are generally connected to a sidewalk, but some map them lines separately, so <b>watch out for false positives</b>. In general, crossings are designed to be part of a network, they should be connected to other features"
1341429471,way,not appliable,not appliable,"Crossings are generally connected to a sidewalk, but some map them lines separately, so <b>watch out for false positives</b>. In general, crossings are designed to be part of a network, they should be connected to other features"
1341429472,way,not appliable,not appliable,"Crossings are generally connected to a sidewalk, but some map them lines separately, so <b>watch out for false positives</b>. In general, crossings are designed to be part of a network, they should be connected to other features"
1341432527,way,not appliable,not appliable,"Crossings are generally connected to a sidewalk, but some map them lines separately, so <b>watch out for false positives</b>. In general, crossings are designed to be part of a network, they should be connected to other features"
1341437596,way,not appliable,not appliable,"Crossings are generally connected to a sidewalk, but some map them lines separately, so <b>watch out for false positives</b>. In general, crossings are designed to be part of a network, they should be connected to other features"
1341437597,way,not appliable,not appliable,"Crossings are generally connected to a sidewalk, but some map them lines separately, so <b>watch out for false positives</b>. In general, crossings are designed to be part of a network, they should be connected to other features"
1341437598,way,not appliable,not appliable,"Crossings are generally connected to a sidewalk, but some map them lines separately, so <b>watch out for false positives</b>. In general, crossings are designed to be part of a network, they should be connected to other features"
1341443968,way,not appliable,not appliable,"Crossings are generally connected to a sidewalk, but some map them lines separately, so <b>watch out for false positives</b>. In general, crossings are designed to be part of a network, they should be connected to other features"
1341456578,way,not appliable,not appliable,"Crossings are generally connected to a sidewalk, but some map them lines separately, so <b>watch out for false positives</b>. In general, crossings are designed to be part of a network, they should be connected to other features"
1341456579,way,not appliable,not appliable,"Crossings are generally connected to a sidewalk, but some map them lines separately, so <b>watch out for false positives</b>. In general, crossings are designed to be part of a network, they should be connected to other features"
1341456580,way,not appliable,not appliable,"Crossings are generally connected to a sidewalk, but some map them lines separately, so <b>watch out for false positives</b>. In general, crossings are designed to be part of a network, they should be connected to other features"
1341456581,way,not appliable,not appliable,"Crossings are generally connected to a sidewalk, but some map them lines separately, so <b>watch out for false positives</b>. In general, crossings are designed to be part of a network, they should be connected to other features"
1341456582,way,not appliable,not appliable,"Crossings are generally connected to a sidewalk, but some map them lines separately, so <b>watch out for false positives</b>. In general, crossings are designed to be part of a network, they should be connected to other features"
1341457289,way,not appliable,not appliable,"Crossings are generally connected to a sidewalk, but some map them lines separately, so <b>watch out for false positives</b>. In general, crossings are designed to be part of a network, they should be connected to other features"
1341457290,way,not appliable,not appliable,"Crossings are generally connected to a sidewalk, but some map them lines separately, so <b>watch out for false positives</b>. In general, crossings are designed to be part of a network, they should be connected to other features"
1341460850,way,not appliable,not appliable,"Crossings are generally connected to a sidewalk, but some map them lines separately, so <b>watch out for false positives</b>. In general, crossings are designed to be part of a network, they should be connected to other features"
1341460851,way,not appliable,not appliable,"Crossings are generally connected to a sidewalk, but some map them lines separately, so <b>watch out for false positives</b>. In general, crossings are designed to be part of a network, they should be connected to other features"
1341461716,way,not appliable,not appliable,"Crossings are generally connected to a sidewalk, but some map them lines separately, so <b>watch out for false positives</b>. In general, crossings are designed to be part of a network, they should be connected to other features"
1341465693,way,not appliable,not appliable,"Crossings are generally connected to a sidewalk, but some map them lines separately, so <b>watch out for false positives</b>. In general, crossings are designed to be part of a network, they should be connected to other features"
1341465694,way,not appliable,not appliable,"Crossings are generally connected to a sidewalk, but some map them lines separately, so <b>watch out for false positives</b>. In general, crossings are designed to be part of a network, they should be connected to other features"
1341465695,way,not appliable,not appliable,"Crossings are generally connected to a sidewalk, but some map them lines separately, so <b>watch out for false positives</b>. In general, crossings are designed to be part of a network, they should be connected to other features"
1341465696,way,not appliable,not appliable,"Crossings are generally connected to a sidewalk, but some map them lines separately, so <b>watch out for false positives</b>. In general, crossings are designed to be part of a network, they should be connected to other features"
1341467164,way,not appliable,not appliable,"Crossings are generally connected to a sidewalk, but some map them lines separately, so <b>watch out for false positives</b>. In general, crossings are designed to be part of a network, they should be connected to other features"
1341468743,way,not appliable,not appliable,"Crossings are generally connected to a sidewalk, but some map them lines separately, so <b>watch out for false positives</b>. In general, crossings are designed to be part of a network, they should be connected to other features"
1341468744,way,not appliable,not appliable,"Crossings are generally connected to a sidewalk, but some map them lines separately, so <b>watch out for false positives</b>. In general, crossings are designed to be part of a network, they should be connected to other features"
1341468745,way,not appliable,not appliable,"Crossings are generally connected to a sidewalk, but some map them lines separately, so <b>watch out for false positives</b>. In general, crossings are designed to be part of a network, they should be connected to other features"
1341468746,way,not appliable,not appliable,"Crossings are generally connected to a sidewalk, but some map them lines separately, so <b>watch out for false positives</b>. In general, crossings are designed to be part of a network, they should be connected to other features"
1341470126,way,not appliable,not appliable,"Crossings are generally connected to a sidewalk, but some map them lines separately, so <b>watch out for false positives</b>. In general, crossings are designed to be part of a network, they should be connected to other features"
1341470127,way,not appliable,not appliable,"Crossings are generally connected to a sidewalk, but some map them lines separately, so <b>watch out for false positives</b>. In general, crossings are designed to be part of a network, they should be connected to other features"
1341471823,way,not appliable,not appliable,"Crossings are generally connected to a sidewalk, but some map them lines separately, so <b>watch out for false positives</b>. In general, crossings are designed to be part of a network, they should be connected to other features"
1341474788,way,not appliable,not appliable,"Crossings are generally connected to a sidewalk, but some map them lines separately, so <b>watch out for false positives</b>. In general, crossings are designed to be part of a network, they should be connected to other features"
1341474789,way,not appliable,not appliable,"Crossings are generally connected to a sidewalk, but some map them lines separately, so <b>watch out for false positives</b>. In general, crossings are designed to be part of a network, they should be connected to other features"
1341478788,way,not appliable,not appliable,"Crossings are generally connected to a sidewalk, but some map them lines separately, so <b>watch out for false positives</b>. In general, crossings are designed to be part of a network, they should be connected to other features"
1341478789,way,not appliable,not appliable,"Crossings are generally connected to a sidewalk, but some map them lines separately, so <b>watch out for false positives</b>. In general, crossings are designed to be part of a network, they should be connected to other features"
1341478790,way,not appliable,not appliable,"Crossings are generally connected to a sidewalk, but some map them lines separately, so <b>watch out for false positives</b>. In general, crossings are designed to be part of a network, they should be connected to other features"
1341478793,way,not appliable,not appliable,"Crossings are generally connected to a sidewalk, but some map them lines separately, so <b>watch out for false positives</b>. In general, crossings are designed to be part of a network, they should be connected to other features"
1341478794,way,not appliable,not appliable,"Crossings are generally connected to a sidewalk, but some map them lines separately, so <b>watch out for false positives</b>. In general, crossings are designed to be part of a network, they should be connected to other features"
1341478796,way,not appliable,not appliable,"Crossings are generally connected to a sidewalk, but some map them lines separately, so <b>watch out for false positives</b>. In general, crossings are designed to be part of a network, they should be connected to other features"
1341478797,way,not appliable,not appliable,"Crossings are generally connected to a sidewalk, but some map them lines separately, so <b>watch out for false positives</b>. In general, crossings are designed to be part of a network, they should be connected to other features"
1341489580,way,not appliable,not appliable,"Crossings are generally connected to a sidewalk, but some map them lines separately, so <b>watch out for false positives</b>. In general, crossings are designed to be part of a network, they should be connected to other features"
1341489581,way,not appliable,not appliable,"Crossings are generally connected to a sidewalk, but some map them lines separately, so <b>watch out for false positives</b>. In general, crossings are designed to be part of a network, they should be connected to other features"
1341489583,way,not appliable,not appliable,"Crossings are generally connected to a sidewalk, but some map them lines separately, so <b>watch out for false positives</b>. In general, crossings are designed to be part of a network, they should be connected to other features"
1341489584,way,not appliable,not appliable,"Crossings are generally connected to a sidewalk, but some map them lines separately, so <b>watch out for false positives</b>. In general, crossings are designed to be part of a network, they should be connected to other features"
1341489585,way,not appliable,not appliable,"Crossings are generally connected to a sidewalk, but some map them lines separately, so <b>watch out for false positives</b>. In general, crossings are designed to be part of a network, they should be connected to other features"
1341489586,way,not appliable,not appliable,"Crossings are generally connected to a sidewalk, but some map them lines separately, so <b>watch out for false positives</b>. In general, crossings are designed to be part of a network, they should be connected to other features"
1341577590,way,not appliable,not appliable,"Crossings are generally connected to a sidewalk, but some map them lines separately, so <b>watch out for false positives</b>. In general, crossings are designed to be part of a network, they should be connected to other features"
1341577591,way,not appliable,not appliable,"Crossings are generally connected to a sidewalk, but some map them lines separately, so <b>watch out for false positives</b>. In general, crossings are designed to be part of a network, they should be connected to other features"
1341659388,way,not appliable,not appliable,"Crossings are generally connected to a sidewalk, but some map them lines separately, so <b>watch out for false positives</b>. In general, crossings are designed to be part of a network, they should be connected to other features"
1341660178,way,not appliable,not appliable,"Crossings are generally connected to a sidewalk, but some map them lines separately, so <b>watch out for false positives</b>. In general, crossings are designed to be part of a network, they should be connected to other features"
1341661224,way,not appliable,not appliable,"Crossings are generally connected to a sidewalk, but some map them lines separately, so <b>watch out for false positives</b>. In general, crossings are designed to be part of a network, they should be connected to other features"
1341661225,way,not appliable,not appliable,"Crossings are generally connected to a sidewalk, but some map them lines separately, so <b>watch out for false positives</b>. In general, crossings are designed to be part of a network, they should be connected to other features"
1341663336,way,not appliable,not appliable,"Crossings are generally connected to a sidewalk, but some map them lines separately, so <b>watch out for false positives</b>. In general, crossings are designed to be part of a network, they should be connected to other features"
1341664770,way,not appliable,not appliable,"Crossings are generally connected to a sidewalk, but some map them lines separately, so <b>watch out for false positives</b>. In general, crossings are designed to be part of a network, they should be connected to other features"
1341664771,way,not appliable,not appliable,"Crossings are generally connected to a sidewalk, but some map them lines separately, so <b>watch out for false positives</b>. In general, crossings are designed to be part of a network, they should be connected to other features"
1341664774,way,not appliable,not appliable,"Crossings are generally connected to a sidewalk, but some map them lines separately, so <b>watch out for false positives</b>. In general, crossings are designed to be part of a network, they should be connected to other features"
1341664775,way,not appliable,not appliable,"Crossings are generally connected to a sidewalk, but some map them lines separately, so <b>watch out for false positives</b>. In general, crossings are designed to be part of a network, they should be connected to other features"
1341665321,way,not appliable,not appliable,"Crossings are generally connected to a sidewalk, but some map them lines separately, so <b>watch out for false positives</b>. In general, crossings are designed to be part of a network, they should be connected to other features"
1341665514,way,not appliable,not appliable,"Crossings are generally connected to a sidewalk, but some map them lines separately, so <b>watch out for false positives</b>. In general, crossings are designed to be part of a network, they should be connected to other features"
1341669052,way,not appliable,not appliable,"Crossings are generally connected to a sidewalk, but some map them lines separately, so <b>watch out for false positives</b>. In general, crossings are designed to be part of a network, they should be connected to other features"
1341673662,way,not appliable,not appliable,"Crossings are generally connected to a sidewalk, but some map them lines separately, so <b>watch out for false positives</b>. In general, crossings are designed to be part of a network, they should be connected to other features"
1341678020,way,not appliable,not appliable,"Crossings are generally connected to a sidewalk, but some map them lines separately, so <b>watch out for false positives</b>. In general, crossings are designed to be part of a network, they should be connected to other features"
1341680803,way,not appliable,not appliable,"Crossings are generally connected to a sidewalk, but some map them lines separately, so <b>watch out for false positives</b>. In general, crossings are designed to be part of a network, they should be connected to other features"
1341680804,way,not appliable,not appliable,"Crossings are generally connected to a sidewalk, but some map them lines separately, so <b>watch out for false positives</b>. In general, crossings are designed to be part of a network, they should be connected to other features"
1341693354,way,not appliable,not appliable,"Crossings are generally connected to a sidewalk, but some map them lines separately, so <b>watch out for false positives</b>. In general, crossings are designed to be part of a network, they should be connected to other features"
1341693357,way,not appliable,not appliable,"Crossings are generally connected to a sidewalk, but some map them lines separately, so <b>watch out for false positives</b>. In general, crossings are designed to be part of a network, they should be connected to other features"
1341722206,way,not appliable,not appliable,"Crossings are generally connected to a sidewalk, but some map them lines separately, so <b>watch out for false positives</b>. In general, crossings are designed to be part of a network, they should be connected to other features"
1341722207,way,not appliable,not appliable,"Crossings are generally connected to a sidewalk, but some map them lines separately, so <b>watch out for false positives</b>. In general, crossings are designed to be part of a network, they should be connected to other features"
1341722208,way,not appliable,not appliable,"Crossings are generally connected to a sidewalk, but some map them lines separately, so <b>watch out for false positives</b>. In general, crossings are designed to be part of a network, they should be connected to other features"
1341722209,way,not appliable,not appliable,"Crossings are generally connected to a sidewalk, but some map them lines separately, so <b>watch out for false positives</b>. In general, crossings are designed to be part of a network, they should be connected to other features"
1341722210,way,not appliable,not appliable,"Crossings are generally connected to a sidewalk, but some map them lines separately, so <b>watch out for false positives</b>. In general, crossings are designed to be part of a network, they should be connected to other features"
1341722211,way,not appliable,not appliable,"Crossings are generally connected to a sidewalk, but some map them lines separately, so <b>watch out for false positives</b>. In general, crossings are designed to be part of a network, they should be connected to other features"
1341724145,way,not appliable,not appliable,"Crossings are generally connected to a sidewalk, but some map them lines separately, so <b>watch out for false positives</b>. In general, crossings are designed to be part of a network, they should be connected to other features"
1341726442,way,not appliable,not appliable,"Crossings are generally connected to a sidewalk, but some map them lines separately, so <b>watch out for false positives</b>. In general, crossings are designed to be part of a network, they should be connected to other features"
1341726444,way,not appliable,not appliable,"Crossings are generally connected to a sidewalk, but some map them lines separately, so <b>watch out for false positives</b>. In general, crossings are designed to be part of a network, they should be connected to other features"
1341726445,way,not appliable,not appliable,"Crossings are generally connected to a sidewalk, but some map them lines separately, so <b>watch out for false positives</b>. In general, crossings are designed to be part of a network, they should be connected to other features"
1341730094,way,not appliable,not appliable,"Crossings are generally connected to a sidewalk, but some map them lines separately, so <b>watch out for false positives</b>. In general, crossings are designed to be part of a network, they should be connected to other features"
1341730095,way,not appliable,not appliable,"Crossings are generally connected to a sidewalk, but some map them lines separately, so <b>watch out for false positives</b>. In general, crossings are designed to be part of a network, they should be connected to other features"
1341730096,way,not appliable,not appliable,"Crossings are generally connected to a sidewalk, but some map them lines separately, so <b>watch out for false positives</b>. In general, crossings are designed to be part of a network, they should be connected to other features"
1341730097,way,not appliable,not appliable,"Crossings are generally connected to a sidewalk, but some map them lines separately, so <b>watch out for false positives</b>. In general, crossings are designed to be part of a network, they should be connected to other features"
1341730098,way,not appliable,not appliable,"Crossings are generally connected to a sidewalk, but some map them lines separately, so <b>watch out for false positives</b>. In general, crossings are designed to be part of a network, they should be connected to other features"
1341730103,way,not appliable,not appliable,"Crossings are generally connected to a sidewalk, but some map them lines separately, so <b>watch out for false positives</b>. In general, crossings are designed to be part of a network, they should be connected to other features"
1341740540,way,not appliable,not appliable,"Crossings are generally connected to a sidewalk, but some map them lines separately, so <b>watch out for false positives</b>. In general, crossings are designed to be part of a network, they should be connected to other features"
1341742516,way,not appliable,not appliable,"Crossings are generally connected to a sidewalk, but some map them lines separately, so <b>watch out for false positives</b>. In general, crossings are designed to be part of a network, they should be connected to other features"
1341745456,way,not appliable,not appliable,"Crossings are generally connected to a sidewalk, but some map them lines separately, so <b>watch out for false positives</b>. In general, crossings are designed to be part of a network, they should be connected to other features"
1341745457,way,not appliable,not appliable,"Crossings are generally connected to a sidewalk, but some map them lines separately, so <b>watch out for false positives</b>. In general, crossings are designed to be part of a network, they should be connected to other features"
1341755950,way,not appliable,not appliable,"Crossings are generally connected to a sidewalk, but some map them lines separately, so <b>watch out for false positives</b>. In general, crossings are designed to be part of a network, they should be connected to other features"
1341756431,way,not appliable,not appliable,"Crossings are generally connected to a sidewalk, but some map them lines separately, so <b>watch out for false positives</b>. In general, crossings are designed to be part of a network, they should be connected to other features"
1341756432,way,not appliable,not appliable,"Crossings are generally connected to a sidewalk, but some map them lines separately, so <b>watch out for false positives</b>. In general, crossings are designed to be part of a network, they should be connected to other features"
1341967408,way,not appliable,not appliable,"Crossings are generally connected to a sidewalk, but some map them lines separately, so <b>watch out for false positives</b>. In general, crossings are designed to be part of a network, they should be connected to other features"
1341970914,way,not appliable,not appliable,"Crossings are generally connected to a sidewalk, but some map them lines separately, so <b>watch out for false positives</b>. In general, crossings are designed to be part of a network, they should be connected to other features"
1341970915,way,not appliable,not appliable,"Crossings are generally connected to a sidewalk, but some map them lines separately, so <b>watch out for false positives</b>. In general, crossings are designed to be part of a network, they should be connected to other features"
1341970916,way,not appliable,not appliable,"Crossings are generally connected to a sidewalk, but some map them lines separately, so <b>watch out for false positives</b>. In general, crossings are designed to be part of a network, they should be connected to other features"
1341970917,way,not appliable,not appliable,"Crossings are generally connected to a sidewalk, but some map them lines separately, so <b>watch out for false positives</b>. In general, crossings are designed to be part of a network, they should be connected to other features"
1341970918,way,not appliable,not appliable,"Crossings are generally connected to a sidewalk, but some map them lines separately, so <b>watch out for false positives</b>. In general, crossings are designed to be part of a network, they should be connected to other features"
1341970919,way,not appliable,not appliable,"Crossings are generally connected to a sidewalk, but some map them lines separately, so <b>watch out for false positives</b>. In general, crossings are designed to be part of a network, they should be connected to other features"
1341971609,way,not appliable,not appliable,"Crossings are generally connected to a sidewalk, but some map them lines separately, so <b>watch out for false positives</b>. In general, crossings are designed to be part of a network, they should be connected to other features"
1341972470,way,not appliable,not appliable,"Crossings are generally connected to a sidewalk, but some map them lines separately, so <b>watch out for false positives</b>. In general, crossings are designed to be part of a network, they should be connected to other features"
1341972483,way,not appliable,not appliable,"Crossings are generally connected to a sidewalk, but some map them lines separately, so <b>watch out for false positives</b>. In general, crossings are designed to be part of a network, they should be connected to other features"
1341972484,way,not appliable,not appliable,"Crossings are generally connected to a sidewalk, but some map them lines separately, so <b>watch out for false positives</b>. In general, crossings are designed to be part of a network, they should be connected to other features"
1341972485,way,not appliable,not appliable,"Crossings are generally connected to a sidewalk, but some map them lines separately, so <b>watch out for false positives</b>. In general, crossings are designed to be part of a network, they should be connected to other features"
1341973459,way,not appliable,not appliable,"Crossings are generally connected to a sidewalk, but some map them lines separately, so <b>watch out for false positives</b>. In general, crossings are designed to be part of a network, they should be connected to other features"
1341973460,way,not appliable,not appliable,"Crossings are generally connected to a sidewalk, but some map them lines separately, so <b>watch out for false positives</b>. In general, crossings are designed to be part of a network, they should be connected to other features"
1341973463,way,not appliable,not appliable,"Crossings are generally connected to a sidewalk, but some map them lines separately, so <b>watch out for false positives</b>. In general, crossings are designed to be part of a network, they should be connected to other features"
1341975214,way,not appliable,not appliable,"Crossings are generally connected to a sidewalk, but some map them lines separately, so <b>watch out for false positives</b>. In general, crossings are designed to be part of a network, they should be connected to other features"
1341975466,way,not appliable,not appliable,"Crossings are generally connected to a sidewalk, but some map them lines separately, so <b>watch out for false positives</b>. In general, crossings are designed to be part of a network, they should be connected to other features"
1341975467,way,not appliable,not appliable,"Crossings are generally connected to a sidewalk, but some map them lines separately, so <b>watch out for false positives</b>. In general, crossings are designed to be part of a network, they should be connected to other features"
1341975469,way,not appliable,not appliable,"Crossings are generally connected to a sidewalk, but some map them lines separately, so <b>watch out for false positives</b>. In general, crossings are designed to be part of a network, they should be connected to other features"
1341975470,way,not appliable,not appliable,"Crossings are generally connected to a sidewalk, but some map them lines separately, so <b>watch out for false positives</b>. In general, crossings are designed to be part of a network, they should be connected to other features"
1341978368,way,not appliable,not appliable,"Crossings are generally connected to a sidewalk, but some map them lines separately, so <b>watch out for false positives</b>. In general, crossings are designed to be part of a network, they should be connected to other features"
1341978429,way,not appliable,not appliable,"Crossings are generally connected to a sidewalk, but some map them lines separately, so <b>watch out for false positives</b>. In general, crossings are designed to be part of a network, they should be connected to other features"
1341980698,way,not appliable,not appliable,"Crossings are generally connected to a sidewalk, but some map them lines separately, so <b>watch out for false positives</b>. In general, crossings are designed to be part of a network, they should be connected to other features"
1341985537,way,not appliable,not appliable,"Crossings are generally connected to a sidewalk, but some map them lines separately, so <b>watch out for false positives</b>. In general, crossings are designed to be part of a network, they should be connected to other features"
1341985538,way,not appliable,not appliable,"Crossings are generally connected to a sidewalk, but some map them lines separately, so <b>watch out for false positives</b>. In general, crossings are designed to be part of a network, they should be connected to other features"
1341987256,way,not appliable,not appliable,"Crossings are generally connected to a sidewalk, but some map them lines separately, so <b>watch out for false positives</b>. In general, crossings are designed to be part of a network, they should be connected to other features"
1341987257,way,not appliable,not appliable,"Crossings are generally connected to a sidewalk, but some map them lines separately, so <b>watch out for false positives</b>. In general, crossings are designed to be part of a network, they should be connected to other features"
1341987260,way,not appliable,not appliable,"Crossings are generally connected to a sidewalk, but some map them lines separately, so <b>watch out for false positives</b>. In general, crossings are designed to be part of a network, they should be connected to other features"
1341987261,way,not appliable,not appliable,"Crossings are generally connected to a sidewalk, but some map them lines separately, so <b>watch out for false positives</b>. In general, crossings are designed to be part of a network, they should be connected to other features"
1341990467,way,not appliable,not appliable,"Crossings are generally connected to a sidewalk, but some map them lines separately, so <b>watch out for false positives</b>. In general, crossings are designed to be part of a network, they should be connected to other features"
1341990470,way,not appliable,not appliable,"Crossings are generally connected to a sidewalk, but some map them lines separately, so <b>watch out for false positives</b>. In general, crossings are designed to be part of a network, they should be connected to other features"
1341990471,way,not appliable,not appliable,"Crossings are generally connected to a sidewalk, but some map them lines separately, so <b>watch out for false positives</b>. In general, crossings are designed to be part of a network, they should be connected to other features"
1341990472,way,not appliable,not appliable,"Crossings are generally connected to a sidewalk, but some map them lines separately, so <b>watch out for false positives</b>. In general, crossings are designed to be part of a network, they should be connected to other features"
1341990475,way,not appliable,not appliable,"Crossings are generally connected to a sidewalk, but some map them lines separately, so <b>watch out for false positives</b>. In general, crossings are designed to be part of a network, they should be connected to other features"
1341991898,way,not appliable,not appliable,"Crossings are generally connected to a sidewalk, but some map them lines separately, so <b>watch out for false positives</b>. In general, crossings are designed to be part of a network, they should be connected to other features"
1341991901,way,not appliable,not appliable,"Crossings are generally connected to a sidewalk, but some map them lines separately, so <b>watch out for false positives</b>. In general, crossings are designed to be part of a network, they should be connected to other features"
1341993318,way,not appliable,not appliable,"Crossings are generally connected to a sidewalk, but some map them lines separately, so <b>watch out for false positives</b>. In general, crossings are designed to be part of a network, they should be connected to other features"
1341993319,way,not appliable,not appliable,"Crossings are generally connected to a sidewalk, but some map them lines separately, so <b>watch out for false positives</b>. In general, crossings are designed to be part of a network, they should be connected to other features"
1341993320,way,not appliable,not appliable,"Crossings are generally connected to a sidewalk, but some map them lines separately, so <b>watch out for false positives</b>. In general, crossings are designed to be part of a network, they should be connected to other features"
1341993321,way,not appliable,not appliable,"Crossings are generally connected to a sidewalk, but some map them lines separately, so <b>watch out for false positives</b>. In general, crossings are designed to be part of a network, they should be connected to other features"
1341993322,way,not appliable,not appliable,"Crossings are generally connected to a sidewalk, but some map them lines separately, so <b>watch out for false positives</b>. In general, crossings are designed to be part of a network, they should be connected to other features"
1341993323,way,not appliable,not appliable,"Crossings are generally connected to a sidewalk, but some map them lines separately, so <b>watch out for false positives</b>. In general, crossings are designed to be part of a network, they should be connected to other features"
1342035958,way,not appliable,not appliable,"Crossings are generally connected to a sidewalk, but some map them lines separately, so <b>watch out for false positives</b>. In general, crossings are designed to be part of a network, they should be connected to other features"
1342035959,way,not appliable,not appliable,"Crossings are generally connected to a sidewalk, but some map them lines separately, so <b>watch out for false positives</b>. In general, crossings are designed to be part of a network, they should be connected to other features"
1342035960,way,not appliable,not appliable,"Crossings are generally connected to a sidewalk, but some map them lines separately, so <b>watch out for false positives</b>. In general, crossings are designed to be part of a network, they should be connected to other features"
1342035961,way,not appliable,not appliable,"Crossings are generally connected to a sidewalk, but some map them lines separately, so <b>watch out for false positives</b>. In general, crossings are designed to be part of a network, they should be connected to other features"
1342035962,way,not appliable,not appliable,"Crossings are generally connected to a sidewalk, but some map them lines separately, so <b>watch out for false positives</b>. In general, crossings are designed to be part of a network, they should be connected to other features"
1342036294,way,not appliable,not appliable,"Crossings are generally connected to a sidewalk, but some map them lines separately, so <b>watch out for false positives</b>. In general, crossings are designed to be part of a network, they should be connected to other features"
1342036295,way,not appliable,not appliable,"Crossings are generally connected to a sidewalk, but some map them lines separately, so <b>watch out for false positives</b>. In general, crossings are designed to be part of a network, they should be connected to other features"
1342036296,way,not appliable,not appliable,"Crossings are generally connected to a sidewalk, but some map them lines separately, so <b>watch out for false positives</b>. In general, crossings are designed to be part of a network, they should be connected to other features"
1342036297,way,not appliable,not appliable,"Crossings are generally connected to a sidewalk, but some map them lines separately, so <b>watch out for false positives</b>. In general, crossings are designed to be part of a network, they should be connected to other features"
1342042398,way,not appliable,not appliable,"Crossings are generally connected to a sidewalk, but some map them lines separately, so <b>watch out for false positives</b>. In general, crossings are designed to be part of a network, they should be connected to other features"
1342046953,way,not appliable,not appliable,"Crossings are generally connected to a sidewalk, but some map them lines separately, so <b>watch out for false positives</b>. In general, crossings are designed to be part of a network, they should be connected to other features"
1342046954,way,not appliable,not appliable,"Crossings are generally connected to a sidewalk, but some map them lines separately, so <b>watch out for false positives</b>. In general, crossings are designed to be part of a network, they should be connected to other features"
1342051559,way,not appliable,not appliable,"Crossings are generally connected to a sidewalk, but some map them lines separately, so <b>watch out for false positives</b>. In general, crossings are designed to be part of a network, they should be connected to other features"
1342051560,way,not appliable,not appliable,"Crossings are generally connected to a sidewalk, but some map them lines separately, so <b>watch out for false positives</b>. In general, crossings are designed to be part of a network, they should be connected to other features"
1342054608,way,not appliable,not appliable,"Crossings are generally connected to a sidewalk, but some map them lines separately, so <b>watch out for false positives</b>. In general, crossings are designed to be part of a network, they should be connected to other features"
1342055614,way,not appliable,not appliable,"Crossings are generally connected to a sidewalk, but some map them lines separately, so <b>watch out for false positives</b>. In general, crossings are designed to be part of a network, they should be connected to other features"
1342059449,way,not appliable,not appliable,"Crossings are generally connected to a sidewalk, but some map them lines separately, so <b>watch out for false positives</b>. In general, crossings are designed to be part of a network, they should be connected to other features"
1342061219,way,not appliable,not appliable,"Crossings are generally connected to a sidewalk, but some map them lines separately, so <b>watch out for false positives</b>. In general, crossings are designed to be part of a network, they should be connected to other features"
1342061220,way,not appliable,not appliable,"Crossings are generally connected to a sidewalk, but some map them lines separately, so <b>watch out for false positives</b>. In general, crossings are designed to be part of a network, they should be connected to other features"
1342227491,way,not appliable,not appliable,"Crossings are generally connected to a sidewalk, but some map them lines separately, so <b>watch out for false positives</b>. In general, crossings are designed to be part of a network, they should be connected to other features"
1342286948,way,not appliable,not appliable,"Crossings are generally connected to a sidewalk, but some map them lines separately, so <b>watch out for false positives</b>. In general, crossings are designed to be part of a network, they should be connected to other features"
1342286949,way,not appliable,not appliable,"Crossings are generally connected to a sidewalk, but some map them lines separately, so <b>watch out for false positives</b>. In general, crossings are designed to be part of a network, they should be connected to other features"
1342286950,way,not appliable,not appliable,"Crossings are generally connected to a sidewalk, but some map them lines separately, so <b>watch out for false positives</b>. In general, crossings are designed to be part of a network, they should be connected to other features"
1342288032,way,not appliable,not appliable,"Crossings are generally connected to a sidewalk, but some map them lines separately, so <b>watch out for false positives</b>. In general, crossings are designed to be part of a network, they should be connected to other features"
1342288033,way,not appliable,not appliable,"Crossings are generally connected to a sidewalk, but some map them lines separately, so <b>watch out for false positives</b>. In general, crossings are designed to be part of a network, they should be connected to other features"
1342288034,way,not appliable,not appliable,"Crossings are generally connected to a sidewalk, but some map them lines separately, so <b>watch out for false positives</b>. In general, crossings are designed to be part of a network, they should be connected to other features"
1342288035,way,not appliable,not appliable,"Crossings are generally connected to a sidewalk, but some map them lines separately, so <b>watch out for false positives</b>. In general, crossings are designed to be part of a network, they should be connected to other features"
1342288038,way,not appliable,not appliable,"Crossings are generally connected to a sidewalk, but some map them lines separately, so <b>watch out for false positives</b>. In general, crossings are designed to be part of a network, they should be connected to other features"
1342289936,way,not appliable,not appliable,"Crossings are generally connected to a sidewalk, but some map them lines separately, so <b>watch out for false positives</b>. In general, crossings are designed to be part of a network, they should be connected to other features"
1342291634,way,not appliable,not appliable,"Crossings are generally connected to a sidewalk, but some map them lines separately, so <b>watch out for false positives</b>. In general, crossings are designed to be part of a network, they should be connected to other features"
1342291635,way,not appliable,not appliable,"Crossings are generally connected to a sidewalk, but some map them lines separately, so <b>watch out for false positives</b>. In general, crossings are designed to be part of a network, they should be connected to other features"
1342291636,way,not appliable,not appliable,"Crossings are generally connected to a sidewalk, but some map them lines separately, so <b>watch out for false positives</b>. In general, crossings are designed to be part of a network, they should be connected to other features"
1342294309,way,not appliable,not appliable,"Crossings are generally connected to a sidewalk, but some map them lines separately, so <b>watch out for false positives</b>. In general, crossings are designed to be part of a network, they should be connected to other features"
1342294310,way,not appliable,not appliable,"Crossings are generally connected to a sidewalk, but some map them lines separately, so <b>watch out for false positives</b>. In general, crossings are designed to be part of a network, they should be connected to other features"
1342294311,way,not appliable,not appliable,"Crossings are generally connected to a sidewalk, but some map them lines separately, so <b>watch out for false positives</b>. In general, crossings are designed to be part of a network, they should be connected to other features"
1342294312,way,not appliable,not appliable,"Crossings are generally connected to a sidewalk, but some map them lines separately, so <b>watch out for false positives</b>. In general, crossings are designed to be part of a network, they should be connected to other features"
1342294313,way,not appliable,not appliable,"Crossings are generally connected to a sidewalk, but some map them lines separately, so <b>watch out for false positives</b>. In general, crossings are designed to be part of a network, they should be connected to other features"
1342294314,way,not appliable,not appliable,"Crossings are generally connected to a sidewalk, but some map them lines separately, so <b>watch out for false positives</b>. In general, crossings are designed to be part of a network, they should be connected to other features"
1342298667,way,not appliable,not appliable,"Crossings are generally connected to a sidewalk, but some map them lines separately, so <b>watch out for false positives</b>. In general, crossings are designed to be part of a network, they should be connected to other features"
1342298668,way,not appliable,not appliable,"Crossings are generally connected to a sidewalk, but some map them lines separately, so <b>watch out for false positives</b>. In general, crossings are designed to be part of a network, they should be connected to other features"
1342298806,way,not appliable,not appliable,"Crossings are generally connected to a sidewalk, but some map them lines separately, so <b>watch out for false positives</b>. In general, crossings are designed to be part of a network, they should be connected to other features"
1342298807,way,not appliable,not appliable,"Crossings are generally connected to a sidewalk, but some map them lines separately, so <b>watch out for false positives</b>. In general, crossings are designed to be part of a network, they should be connected to other features"
1342298808,way,not appliable,not appliable,"Crossings are generally connected to a sidewalk, but some map them lines separately, so <b>watch out for false positives</b>. In general, crossings are designed to be part of a network, they should be connected to other features"
1342302395,way,not appliable,not appliable,"Crossings are generally connected to a sidewalk, but some map them lines separately, so <b>watch out for false positives</b>. In general, crossings are designed to be part of a network, they should be connected to other features"
1342304585,way,not appliable,not appliable,"Crossings are generally connected to a sidewalk, but some map them lines separately, so <b>watch out for false positives</b>. In general, crossings are designed to be part of a network, they should be connected to other features"
1342307949,way,not appliable,not appliable,"Crossings are generally connected to a sidewalk, but some map them lines separately, so <b>watch out for false positives</b>. In general, crossings are designed to be part of a network, they should be connected to other features"
1342307950,way,not appliable,not appliable,"Crossings are generally connected to a sidewalk, but some map them lines separately, so <b>watch out for false positives</b>. In general, crossings are designed to be part of a network, they should be connected to other features"
1342312118,way,not appliable,not appliable,"Crossings are generally connected to a sidewalk, but some map them lines separately, so <b>watch out for false positives</b>. In general, crossings are designed to be part of a network, they should be connected to other features"
1342312119,way,not appliable,not appliable,"Crossings are generally connected to a sidewalk, but some map them lines separately, so <b>watch out for false positives</b>. In general, crossings are designed to be part of a network, they should be connected to other features"
1342312120,way,not appliable,not appliable,"Crossings are generally connected to a sidewalk, but some map them lines separately, so <b>watch out for false positives</b>. In general, crossings are designed to be part of a network, they should be connected to other features"
1342312121,way,not appliable,not appliable,"Crossings are generally connected to a sidewalk, but some map them lines separately, so <b>watch out for false positives</b>. In general, crossings are designed to be part of a network, they should be connected to other features"
1342316857,way,not appliable,not appliable,"Crossings are generally connected to a sidewalk, but some map them lines separately, so <b>watch out for false positives</b>. In general, crossings are designed to be part of a network, they should be connected to other features"
1342317871,way,not appliable,not appliable,"Crossings are generally connected to a sidewalk, but some map them lines separately, so <b>watch out for false positives</b>. In general, crossings are designed to be part of a network, they should be connected to other features"
1342317872,way,not appliable,not appliable,"Crossings are generally connected to a sidewalk, but some map them lines separately, so <b>watch out for false positives</b>. In general, crossings are designed to be part of a network, they should be connected to other features"
1342317873,way,not appliable,not appliable,"Crossings are generally connected to a sidewalk, but some map them lines separately, so <b>watch out for false positives</b>. In general, crossings are designed to be part of a network, they should be connected to other features"
1342318395,way,not appliable,not appliable,"Crossings are generally connected to a sidewalk, but some map them lines separately, so <b>watch out for false positives</b>. In general, crossings are designed to be part of a network, they should be connected to other features"
1342318396,way,not appliable,not appliable,"Crossings are generally connected to a sidewalk, but some map them lines separately, so <b>watch out for false positives</b>. In general, crossings are designed to be part of a network, they should be connected to other features"
1342323054,way,not appliable,not appliable,"Crossings are generally connected to a sidewalk, but some map them lines separately, so <b>watch out for false positives</b>. In general, crossings are designed to be part of a network, they should be connected to other features"
1342323927,way,not appliable,not appliable,"Crossings are generally connected to a sidewalk, but some map them lines separately, so <b>watch out for false positives</b>. In general, crossings are designed to be part of a network, they should be connected to other features"
1342359425,way,not appliable,not appliable,"Crossings are generally connected to a sidewalk, but some map them lines separately, so <b>watch out for false positives</b>. In general, crossings are designed to be part of a network, they should be connected to other features"
1342359426,way,not appliable,not appliable,"Crossings are generally connected to a sidewalk, but some map them lines separately, so <b>watch out for false positives</b>. In general, crossings are designed to be part of a network, they should be connected to other features"
1342360089,way,not appliable,not appliable,"Crossings are generally connected to a sidewalk, but some map them lines separately, so <b>watch out for false positives</b>. In general, crossings are designed to be part of a network, they should be connected to other features"
1342360090,way,not appliable,not appliable,"Crossings are generally connected to a sidewalk, but some map them lines separately, so <b>watch out for false positives</b>. In general, crossings are designed to be part of a network, they should be connected to other features"
1342360091,way,not appliable,not appliable,"Crossings are generally connected to a sidewalk, but some map them lines separately, so <b>watch out for false positives</b>. In general, crossings are designed to be part of a network, they should be connected to other features"
1342360092,way,not appliable,not appliable,"Crossings are generally connected to a sidewalk, but some map them lines separately, so <b>watch out for false positives</b>. In general, crossings are designed to be part of a network, they should be connected to other features"
1342360093,way,not appliable,not appliable,"Crossings are generally connected to a sidewalk, but some map them lines separately, so <b>watch out for false positives</b>. In general, crossings are designed to be part of a network, they should be connected to other features"
1342361331,way,not appliable,not appliable,"Crossings are generally connected to a sidewalk, but some map them lines separately, so <b>watch out for false positives</b>. In general, crossings are designed to be part of a network, they should be connected to other features"
1342361332,way,not appliable,not appliable,"Crossings are generally connected to a sidewalk, but some map them lines separately, so <b>watch out for false positives</b>. In general, crossings are designed to be part of a network, they should be connected to other features"
1342371000,way,not appliable,not appliable,"Crossings are generally connected to a sidewalk, but some map them lines separately, so <b>watch out for false positives</b>. In general, crossings are designed to be part of a network, they should be connected to other features"
1342371001,way,not appliable,not appliable,"Crossings are generally connected to a sidewalk, but some map them lines separately, so <b>watch out for false positives</b>. In general, crossings are designed to be part of a network, they should be connected to other features"
1342371002,way,not appliable,not appliable,"Crossings are generally connected to a sidewalk, but some map them lines separately, so <b>watch out for false positives</b>. In general, crossings are designed to be part of a network, they should be connected to other features"
1342371015,way,not appliable,not appliable,"Crossings are generally connected to a sidewalk, but some map them lines separately, so <b>watch out for false positives</b>. In general, crossings are designed to be part of a network, they should be connected to other features"
1342371016,way,not appliable,not appliable,"Crossings are generally connected to a sidewalk, but some map them lines separately, so <b>watch out for false positives</b>. In general, crossings are designed to be part of a network, they should be connected to other features"
1342371017,way,not appliable,not appliable,"Crossings are generally connected to a sidewalk, but some map them lines separately, so <b>watch out for false positives</b>. In general, crossings are designed to be part of a network, they should be connected to other features"
1342371425,way,not appliable,not appliable,"Crossings are generally connected to a sidewalk, but some map them lines separately, so <b>watch out for false positives</b>. In general, crossings are designed to be part of a network, they should be connected to other features"
1342372095,way,not appliable,not appliable,"Crossings are generally connected to a sidewalk, but some map them lines separately, so <b>watch out for false positives</b>. In general, crossings are designed to be part of a network, they should be connected to other features"
1342372096,way,not appliable,not appliable,"Crossings are generally connected to a sidewalk, but some map them lines separately, so <b>watch out for false positives</b>. In general, crossings are designed to be part of a network, they should be connected to other features"
1342374567,way,not appliable,not appliable,"Crossings are generally connected to a sidewalk, but some map them lines separately, so <b>watch out for false positives</b>. In general, crossings are designed to be part of a network, they should be connected to other features"
1342374568,way,not appliable,not appliable,"Crossings are generally connected to a sidewalk, but some map them lines separately, so <b>watch out for false positives</b>. In general, crossings are designed to be part of a network, they should be connected to other features"
1342374569,way,not appliable,not appliable,"Crossings are generally connected to a sidewalk, but some map them lines separately, so <b>watch out for false positives</b>. In general, crossings are designed to be part of a network, they should be connected to other features"
1342374852,way,not appliable,not appliable,"Crossings are generally connected to a sidewalk, but some map them lines separately, so <b>watch out for false positives</b>. In general, crossings are designed to be part of a network, they should be connected to other features"
1342378535,way,not appliable,not appliable,"Crossings are generally connected to a sidewalk, but some map them lines separately, so <b>watch out for false positives</b>. In general, crossings are designed to be part of a network, they should be connected to other features"
1342378654,way,not appliable,not appliable,"Crossings are generally connected to a sidewalk, but some map them lines separately, so <b>watch out for false positives</b>. In general, crossings are designed to be part of a network, they should be connected to other features"
1342378655,way,not appliable,not appliable,"Crossings are generally connected to a sidewalk, but some map them lines separately, so <b>watch out for false positives</b>. In general, crossings are designed to be part of a network, they should be connected to other features"
1342378656,way,not appliable,not appliable,"Crossings are generally connected to a sidewalk, but some map them lines separately, so <b>watch out for false positives</b>. In general, crossings are designed to be part of a network, they should be connected to other features"
1342378657,way,not appliable,not appliable,"Crossings are generally connected to a sidewalk, but some map them lines separately, so <b>watch out for false positives</b>. In general, crossings are designed to be part of a network, they should be connected to other features"
1342378658,way,not appliable,not appliable,"Crossings are generally connected to a sidewalk, but some map them lines separately, so <b>watch out for false positives</b>. In general, crossings are designed to be part of a network, they should be connected to other features"
1342378659,way,not appliable,not appliable,"Crossings are generally connected to a sidewalk, but some map them lines separately, so <b>watch out for false positives</b>. In general, crossings are designed to be part of a network, they should be connected to other features"
1342380714,way,not appliable,not appliable,"Crossings are generally connected to a sidewalk, but some map them lines separately, so <b>watch out for false positives</b>. In general, crossings are designed to be part of a network, they should be connected to other features"
1342380715,way,not appliable,not appliable,"Crossings are generally connected to a sidewalk, but some map them lines separately, so <b>watch out for false positives</b>. In general, crossings are designed to be part of a network, they should be connected to other features"
1342380716,way,not appliable,not appliable,"Crossings are generally connected to a sidewalk, but some map them lines separately, so <b>watch out for false positives</b>. In general, crossings are designed to be part of a network, they should be connected to other features"
1342380767,way,not appliable,not appliable,"Crossings are generally connected to a sidewalk, but some map them lines separately, so <b>watch out for false positives</b>. In general, crossings are designed to be part of a network, they should be connected to other features"
1342381175,way,not appliable,not appliable,"Crossings are generally connected to a sidewalk, but some map them lines separately, so <b>watch out for false positives</b>. In general, crossings are designed to be part of a network, they should be connected to other features"
1342433692,way,not appliable,not appliable,"Crossings are generally connected to a sidewalk, but some map them lines separately, so <b>watch out for false positives</b>. In general, crossings are designed to be part of a network, they should be connected to other features"
1342439974,way,not appliable,not appliable,"Crossings are generally connected to a sidewalk, but some map them lines separately, so <b>watch out for false positives</b>. In general, crossings are designed to be part of a network, they should be connected to other features"
1342439975,way,not appliable,not appliable,"Crossings are generally connected to a sidewalk, but some map them lines separately, so <b>watch out for false positives</b>. In general, crossings are designed to be part of a network, they should be connected to other features"
1342451922,way,not appliable,not appliable,"Crossings are generally connected to a sidewalk, but some map them lines separately, so <b>watch out for false positives</b>. In general, crossings are designed to be part of a network, they should be connected to other features"
1342451923,way,not appliable,not appliable,"Crossings are generally connected to a sidewalk, but some map them lines separately, so <b>watch out for false positives</b>. In general, crossings are designed to be part of a network, they should be connected to other features"
1342451924,way,not appliable,not appliable,"Crossings are generally connected to a sidewalk, but some map them lines separately, so <b>watch out for false positives</b>. In general, crossings are designed to be part of a network, they should be connected to other features"
1342478387,way,not appliable,not appliable,"Crossings are generally connected to a sidewalk, but some map them lines separately, so <b>watch out for false positives</b>. In general, crossings are designed to be part of a network, they should be connected to other features"
1342479506,way,not appliable,not appliable,"Crossings are generally connected to a sidewalk, but some map them lines separately, so <b>watch out for false positives</b>. In general, crossings are designed to be part of a network, they should be connected to other features"
1342479507,way,not appliable,not appliable,"Crossings are generally connected to a sidewalk, but some map them lines separately, so <b>watch out for false positives</b>. In general, crossings are designed to be part of a network, they should be connected to other features"
1343238723,way,not appliable,not appliable,"Crossings are generally connected to a sidewalk, but some map them lines separately, so <b>watch out for false positives</b>. In general, crossings are designed to be part of a network, they should be connected to other features"
1343238724,way,not appliable,not appliable,"Crossings are generally connected to a sidewalk, but some map them lines separately, so <b>watch out for false positives</b>. In general, crossings are designed to be part of a network, they should be connected to other features"
1343263430,way,not appliable,not appliable,"Crossings are generally connected to a sidewalk, but some map them lines separately, so <b>watch out for false positives</b>. In general, crossings are designed to be part of a network, they should be connected to other features"
1343263438,way,not appliable,not appliable,"Crossings are generally connected to a sidewalk, but some map them lines separately, so <b>watch out for false positives</b>. In general, crossings are designed to be part of a network, they should be connected to other features"
1343263441,way,not appliable,not appliable,"Crossings are generally connected to a sidewalk, but some map them lines separately, so <b>watch out for false positives</b>. In general, crossings are designed to be part of a network, they should be connected to other features"
1343264345,way,not appliable,not appliable,"Crossings are generally connected to a sidewalk, but some map them lines separately, so <b>watch out for false positives</b>. In general, crossings are designed to be part of a network, they should be connected to other features"
1343266378,way,not appliable,not appliable,"Crossings are generally connected to a sidewalk, but some map them lines separately, so <b>watch out for false positives</b>. In general, crossings are designed to be part of a network, they should be connected to other features"
1343266379,way,not appliable,not appliable,"Crossings are generally connected to a sidewalk, but some map them lines separately, so <b>watch out for false positives</b>. In general, crossings are designed to be part of a network, they should be connected to other features"
1343269404,way,not appliable,not appliable,"Crossings are generally connected to a sidewalk, but some map them lines separately, so <b>watch out for false positives</b>. In general, crossings are designed to be part of a network, they should be connected to other features"
1343273257,way,not appliable,not appliable,"Crossings are generally connected to a sidewalk, but some map them lines separately, so <b>watch out for false positives</b>. In general, crossings are designed to be part of a network, they should be connected to other features"
1343274268,way,not appliable,not appliable,"Crossings are generally connected to a sidewalk, but some map them lines separately, so <b>watch out for false positives</b>. In general, crossings are designed to be part of a network, they should be connected to other features"
1343274269,way,not appliable,not appliable,"Crossings are generally connected to a sidewalk, but some map them lines separately, so <b>watch out for false positives</b>. In general, crossings are designed to be part of a network, they should be connected to other features"
1343299171,way,not appliable,not appliable,"Crossings are generally connected to a sidewalk, but some map them lines separately, so <b>watch out for false positives</b>. In general, crossings are designed to be part of a network, they should be connected to other features"
1343301367,way,not appliable,not appliable,"Crossings are generally connected to a sidewalk, but some map them lines separately, so <b>watch out for false positives</b>. In general, crossings are designed to be part of a network, they should be connected to other features"
1343301368,way,not appliable,not appliable,"Crossings are generally connected to a sidewalk, but some map them lines separately, so <b>watch out for false positives</b>. In general, crossings are designed to be part of a network, they should be connected to other features"
1343301369,way,not appliable,not appliable,"Crossings are generally connected to a sidewalk, but some map them lines separately, so <b>watch out for false positives</b>. In general, crossings are designed to be part of a network, they should be connected to other features"
1343332824,way,not appliable,not appliable,"Crossings are generally connected to a sidewalk, but some map them lines separately, so <b>watch out for false positives</b>. In general, crossings are designed to be part of a network, they should be connected to other features"
1343332825,way,not appliable,not appliable,"Crossings are generally connected to a sidewalk, but some map them lines separately, so <b>watch out for false positives</b>. In general, crossings are designed to be part of a network, they should be connected to other features"
1343339921,way,not appliable,not appliable,"Crossings are generally connected to a sidewalk, but some map them lines separately, so <b>watch out for false positives</b>. In general, crossings are designed to be part of a network, they should be connected to other features"
1343339922,way,not appliable,not appliable,"Crossings are generally connected to a sidewalk, but some map them lines separately, so <b>watch out for false positives</b>. In general, crossings are designed to be part of a network, they should be connected to other features"
1343339928,way,not appliable,not appliable,"Crossings are generally connected to a sidewalk, but some map them lines separately, so <b>watch out for false positives</b>. In general, crossings are designed to be part of a network, they should be connected to other features"
1343339929,way,not appliable,not appliable,"Crossings are generally connected to a sidewalk, but some map them lines separately, so <b>watch out for false positives</b>. In general, crossings are designed to be part of a network, they should be connected to other features"
1343344666,way,not appliable,not appliable,"Crossings are generally connected to a sidewalk, but some map them lines separately, so <b>watch out for false positives</b>. In general, crossings are designed to be part of a network, they should be connected to other features"
1343345374,way,not appliable,not appliable,"Crossings are generally connected to a sidewalk, but some map them lines separately, so <b>watch out for false positives</b>. In general, crossings are designed to be part of a network, they should be connected to other features"
1343345375,way,not appliable,not appliable,"Crossings are generally connected to a sidewalk, but some map them lines separately, so <b>watch out for false positives</b>. In general, crossings are designed to be part of a network, they should be connected to other features"
1343350530,way,not appliable,not appliable,"Crossings are generally connected to a sidewalk, but some map them lines separately, so <b>watch out for false positives</b>. In general, crossings are designed to be part of a network, they should be connected to other features"
1343350531,way,not appliable,not appliable,"Crossings are generally connected to a sidewalk, but some map them lines separately, so <b>watch out for false positives</b>. In general, crossings are designed to be part of a network, they should be connected to other features"
1343350532,way,not appliable,not appliable,"Crossings are generally connected to a sidewalk, but some map them lines separately, so <b>watch out for false positives</b>. In general, crossings are designed to be part of a network, they should be connected to other features"
1343350835,way,not appliable,not appliable,"Crossings are generally connected to a sidewalk, but some map them lines separately, so <b>watch out for false positives</b>. In general, crossings are designed to be part of a network, they should be connected to other features"
1343350836,way,not appliable,not appliable,"Crossings are generally connected to a sidewalk, but some map them lines separately, so <b>watch out for false positives</b>. In general, crossings are designed to be part of a network, they should be connected to other features"
1343372764,way,not appliable,not appliable,"Crossings are generally connected to a sidewalk, but some map them lines separately, so <b>watch out for false positives</b>. In general, crossings are designed to be part of a network, they should be connected to other features"
1343374067,way,not appliable,not appliable,"Crossings are generally connected to a sidewalk, but some map them lines separately, so <b>watch out for false positives</b>. In general, crossings are designed to be part of a network, they should be connected to other features"
1343377001,way,not appliable,not appliable,"Crossings are generally connected to a sidewalk, but some map them lines separately, so <b>watch out for false positives</b>. In general, crossings are designed to be part of a network, they should be connected to other features"
1343378170,way,not appliable,not appliable,"Crossings are generally connected to a sidewalk, but some map them lines separately, so <b>watch out for false positives</b>. In general, crossings are designed to be part of a network, they should be connected to other features"
1343378171,way,not appliable,not appliable,"Crossings are generally connected to a sidewalk, but some map them lines separately, so <b>watch out for false positives</b>. In general, crossings are designed to be part of a network, they should be connected to other features"
1343387428,way,not appliable,not appliable,"Crossings are generally connected to a sidewalk, but some map them lines separately, so <b>watch out for false positives</b>. In general, crossings are designed to be part of a network, they should be connected to other features"
1343387429,way,not appliable,not appliable,"Crossings are generally connected to a sidewalk, but some map them lines separately, so <b>watch out for false positives</b>. In general, crossings are designed to be part of a network, they should be connected to other features"
1343387430,way,not appliable,not appliable,"Crossings are generally connected to a sidewalk, but some map them lines separately, so <b>watch out for false positives</b>. In general, crossings are designed to be part of a network, they should be connected to other features"
1343388039,way,not appliable,not appliable,"Crossings are generally connected to a sidewalk, but some map them lines separately, so <b>watch out for false positives</b>. In general, crossings are designed to be part of a network, they should be connected to other features"
1343388047,way,not appliable,not appliable,"Crossings are generally connected to a sidewalk, but some map them lines separately, so <b>watch out for false positives</b>. In general, crossings are designed to be part of a network, they should be connected to other features"
1343388048,way,not appliable,not appliable,"Crossings are generally connected to a sidewalk, but some map them lines separately, so <b>watch out for false positives</b>. In general, crossings are designed to be part of a network, they should be connected to other features"
1343388049,way,not appliable,not appliable,"Crossings are generally connected to a sidewalk, but some map them lines separately, so <b>watch out for false positives</b>. In general, crossings are designed to be part of a network, they should be connected to other features"
1343400411,way,not appliable,not appliable,"Crossings are generally connected to a sidewalk, but some map them lines separately, so <b>watch out for false positives</b>. In general, crossings are designed to be part of a network, they should be connected to other features"
1343400414,way,not appliable,not appliable,"Crossings are generally connected to a sidewalk, but some map them lines separately, so <b>watch out for false positives</b>. In general, crossings are designed to be part of a network, they should be connected to other features"
1343400415,way,not appliable,not appliable,"Crossings are generally connected to a sidewalk, but some map them lines separately, so <b>watch out for false positives</b>. In general, crossings are designed to be part of a network, they should be connected to other features"
1343404515,way,not appliable,not appliable,"Crossings are generally connected to a sidewalk, but some map them lines separately, so <b>watch out for false positives</b>. In general, crossings are designed to be part of a network, they should be connected to other features"
1343404848,way,not appliable,not appliable,"Crossings are generally connected to a sidewalk, but some map them lines separately, so <b>watch out for false positives</b>. In general, crossings are designed to be part of a network, they should be connected to other features"
1343408402,way,not appliable,not appliable,"Crossings are generally connected to a sidewalk, but some map them lines separately, so <b>watch out for false positives</b>. In general, crossings are designed to be part of a network, they should be connected to other features"
1343408403,way,not appliable,not appliable,"Crossings are generally connected to a sidewalk, but some map them lines separately, so <b>watch out for false positives</b>. In general, crossings are designed to be part of a network, they should be connected to other features"
1343409674,way,not appliable,not appliable,"Crossings are generally connected to a sidewalk, but some map them lines separately, so <b>watch out for false positives</b>. In general, crossings are designed to be part of a network, they should be connected to other features"
1343413929,way,not appliable,not appliable,"Crossings are generally connected to a sidewalk, but some map them lines separately, so <b>watch out for false positives</b>. In general, crossings are designed to be part of a network, they should be connected to other features"
1343413930,way,not appliable,not appliable,"Crossings are generally connected to a sidewalk, but some map them lines separately, so <b>watch out for false positives</b>. In general, crossings are designed to be part of a network, they should be connected to other features"
1343417612,way,not appliable,not appliable,"Crossings are generally connected to a sidewalk, but some map them lines separately, so <b>watch out for false positives</b>. In general, crossings are designed to be part of a network, they should be connected to other features"
1343417613,way,not appliable,not appliable,"Crossings are generally connected to a sidewalk, but some map them lines separately, so <b>watch out for false positives</b>. In general, crossings are designed to be part of a network, they should be connected to other features"
1343417614,way,not appliable,not appliable,"Crossings are generally connected to a sidewalk, but some map them lines separately, so <b>watch out for false positives</b>. In general, crossings are designed to be part of a network, they should be connected to other features"
1343438053,way,not appliable,not appliable,"Crossings are generally connected to a sidewalk, but some map them lines separately, so <b>watch out for false positives</b>. In general, crossings are designed to be part of a network, they should be connected to other features"
1343440426,way,not appliable,not appliable,"Crossings are generally connected to a sidewalk, but some map them lines separately, so <b>watch out for false positives</b>. In general, crossings are designed to be part of a network, they should be connected to other features"
1343440427,way,not appliable,not appliable,"Crossings are generally connected to a sidewalk, but some map them lines separately, so <b>watch out for false positives</b>. In general, crossings are designed to be part of a network, they should be connected to other features"
1343440428,way,not appliable,not appliable,"Crossings are generally connected to a sidewalk, but some map them lines separately, so <b>watch out for false positives</b>. In general, crossings are designed to be part of a network, they should be connected to other features"
1343442275,way,not appliable,not appliable,"Crossings are generally connected to a sidewalk, but some map them lines separately, so <b>watch out for false positives</b>. In general, crossings are designed to be part of a network, they should be connected to other features"
1343442276,way,not appliable,not appliable,"Crossings are generally connected to a sidewalk, but some map them lines separately, so <b>watch out for false positives</b>. In general, crossings are designed to be part of a network, they should be connected to other features"
1343444112,way,not appliable,not appliable,"Crossings are generally connected to a sidewalk, but some map them lines separately, so <b>watch out for false positives</b>. In general, crossings are designed to be part of a network, they should be connected to other features"
1343445150,way,not appliable,not appliable,"Crossings are generally connected to a sidewalk, but some map them lines separately, so <b>watch out for false positives</b>. In general, crossings are designed to be part of a network, they should be connected to other features"
1343445151,way,not appliable,not appliable,"Crossings are generally connected to a sidewalk, but some map them lines separately, so <b>watch out for false positives</b>. In general, crossings are designed to be part of a network, they should be connected to other features"
1343446459,way,not appliable,not appliable,"Crossings are generally connected to a sidewalk, but some map them lines separately, so <b>watch out for false positives</b>. In general, crossings are designed to be part of a network, they should be connected to other features"
1343446460,way,not appliable,not appliable,"Crossings are generally connected to a sidewalk, but some map them lines separately, so <b>watch out for false positives</b>. In general, crossings are designed to be part of a network, they should be connected to other features"
1343446992,way,not appliable,not appliable,"Crossings are generally connected to a sidewalk, but some map them lines separately, so <b>watch out for false positives</b>. In general, crossings are designed to be part of a network, they should be connected to other features"
1343446994,way,not appliable,not appliable,"Crossings are generally connected to a sidewalk, but some map them lines separately, so <b>watch out for false positives</b>. In general, crossings are designed to be part of a network, they should be connected to other features"
1343446995,way,not appliable,not appliable,"Crossings are generally connected to a sidewalk, but some map them lines separately, so <b>watch out for false positives</b>. In general, crossings are designed to be part of a network, they should be connected to other features"
1343455811,way,not appliable,not appliable,"Crossings are generally connected to a sidewalk, but some map them lines separately, so <b>watch out for false positives</b>. In general, crossings are designed to be part of a network, they should be connected to other features"
1343455813,way,not appliable,not appliable,"Crossings are generally connected to a sidewalk, but some map them lines separately, so <b>watch out for false positives</b>. In general, crossings are designed to be part of a network, they should be connected to other features"
1343463610,way,not appliable,not appliable,"Crossings are generally connected to a sidewalk, but some map them lines separately, so <b>watch out for false positives</b>. In general, crossings are designed to be part of a network, they should be connected to other features"
1343463612,way,not appliable,not appliable,"Crossings are generally connected to a sidewalk, but some map them lines separately, so <b>watch out for false positives</b>. In general, crossings are designed to be part of a network, they should be connected to other features"
1343463613,way,not appliable,not appliable,"Crossings are generally connected to a sidewalk, but some map them lines separately, so <b>watch out for false positives</b>. In general, crossings are designed to be part of a network, they should be connected to other features"
1343465760,way,not appliable,not appliable,"Crossings are generally connected to a sidewalk, but some map them lines separately, so <b>watch out for false positives</b>. In general, crossings are designed to be part of a network, they should be connected to other features"
1343465761,way,not appliable,not appliable,"Crossings are generally connected to a sidewalk, but some map them lines separately, so <b>watch out for false positives</b>. In general, crossings are designed to be part of a network, they should be connected to other features"
1343468173,way,not appliable,not appliable,"Crossings are generally connected to a sidewalk, but some map them lines separately, so <b>watch out for false positives</b>. In general, crossings are designed to be part of a network, they should be connected to other features"
1343468174,way,not appliable,not appliable,"Crossings are generally connected to a sidewalk, but some map them lines separately, so <b>watch out for false positives</b>. In general, crossings are designed to be part of a network, they should be connected to other features"
1343468175,way,not appliable,not appliable,"Crossings are generally connected to a sidewalk, but some map them lines separately, so <b>watch out for false positives</b>. In general, crossings are designed to be part of a network, they should be connected to other features"
1343468925,way,not appliable,not appliable,"Crossings are generally connected to a sidewalk, but some map them lines separately, so <b>watch out for false positives</b>. In general, crossings are designed to be part of a network, they should be connected to other features"
1343470246,way,not appliable,not appliable,"Crossings are generally connected to a sidewalk, but some map them lines separately, so <b>watch out for false positives</b>. In general, crossings are designed to be part of a network, they should be connected to other features"
1343470247,way,not appliable,not appliable,"Crossings are generally connected to a sidewalk, but some map them lines separately, so <b>watch out for false positives</b>. In general, crossings are designed to be part of a network, they should be connected to other features"
1343470248,way,not appliable,not appliable,"Crossings are generally connected to a sidewalk, but some map them lines separately, so <b>watch out for false positives</b>. In general, crossings are designed to be part of a network, they should be connected to other features"
1343475265,way,not appliable,not appliable,"Crossings are generally connected to a sidewalk, but some map them lines separately, so <b>watch out for false positives</b>. In general, crossings are designed to be part of a network, they should be connected to other features"
1343475266,way,not appliable,not appliable,"Crossings are generally connected to a sidewalk, but some map them lines separately, so <b>watch out for false positives</b>. In general, crossings are designed to be part of a network, they should be connected to other features"
1343475267,way,not appliable,not appliable,"Crossings are generally connected to a sidewalk, but some map them lines separately, so <b>watch out for false positives</b>. In general, crossings are designed to be part of a network, they should be connected to other features"
1343477396,way,not appliable,not appliable,"Crossings are generally connected to a sidewalk, but some map them lines separately, so <b>watch out for false positives</b>. In general, crossings are designed to be part of a network, they should be connected to other features"
1343477399,way,not appliable,not appliable,"Crossings are generally connected to a sidewalk, but some map them lines separately, so <b>watch out for false positives</b>. In general, crossings are designed to be part of a network, they should be connected to other features"
1343477400,way,not appliable,not appliable,"Crossings are generally connected to a sidewalk, but some map them lines separately, so <b>watch out for false positives</b>. In general, crossings are designed to be part of a network, they should be connected to other features"
1343477401,way,not appliable,not appliable,"Crossings are generally connected to a sidewalk, but some map them lines separately, so <b>watch out for false positives</b>. In general, crossings are designed to be part of a network, they should be connected to other features"
1343477402,way,not appliable,not appliable,"Crossings are generally connected to a sidewalk, but some map them lines separately, so <b>watch out for false positives</b>. In general, crossings are designed to be part of a network, they should be connected to other features"
1343480660,way,not appliable,not appliable,"Crossings are generally connected to a sidewalk, but some map them lines separately, so <b>watch out for false positives</b>. In general, crossings are designed to be part of a network, they should be connected to other features"
1343480957,way,not appliable,not appliable,"Crossings are generally connected to a sidewalk, but some map them lines separately, so <b>watch out for false positives</b>. In general, crossings are designed to be part of a network, they should be connected to other features"
1343481094,way,not appliable,not appliable,"Crossings are generally connected to a sidewalk, but some map them lines separately, so <b>watch out for false positives</b>. In general, crossings are designed to be part of a network, they should be connected to other features"
1343481095,way,not appliable,not appliable,"Crossings are generally connected to a sidewalk, but some map them lines separately, so <b>watch out for false positives</b>. In general, crossings are designed to be part of a network, they should be connected to other features"
1343481096,way,not appliable,not appliable,"Crossings are generally connected to a sidewalk, but some map them lines separately, so <b>watch out for false positives</b>. In general, crossings are designed to be part of a network, they should be connected to other features"
1343482129,way,not appliable,not appliable,"Crossings are generally connected to a sidewalk, but some map them lines separately, so <b>watch out for false positives</b>. In general, crossings are designed to be part of a network, they should be connected to other features"
1343482130,way,not appliable,not appliable,"Crossings are generally connected to a sidewalk, but some map them lines separately, so <b>watch out for false positives</b>. In general, crossings are designed to be part of a network, they should be connected to other features"
1343489549,way,not appliable,not appliable,"Crossings are generally connected to a sidewalk, but some map them lines separately, so <b>watch out for false positives</b>. In general, crossings are designed to be part of a network, they should be connected to other features"
1343504450,way,not appliable,not appliable,"Crossings are generally connected to a sidewalk, but some map them lines separately, so <b>watch out for false positives</b>. In general, crossings are designed to be part of a network, they should be connected to other features"
1343509633,way,not appliable,not appliable,"Crossings are generally connected to a sidewalk, but some map them lines separately, so <b>watch out for false positives</b>. In general, crossings are designed to be part of a network, they should be connected to other features"
1343510311,way,not appliable,not appliable,"Crossings are generally connected to a sidewalk, but some map them lines separately, so <b>watch out for false positives</b>. In general, crossings are designed to be part of a network, they should be connected to other features"
1343515570,way,not appliable,not appliable,"Crossings are generally connected to a sidewalk, but some map them lines separately, so <b>watch out for false positives</b>. In general, crossings are designed to be part of a network, they should be connected to other features"
1343515597,way,not appliable,not appliable,"Crossings are generally connected to a sidewalk, but some map them lines separately, so <b>watch out for false positives</b>. In general, crossings are designed to be part of a network, they should be connected to other features"
1343515599,way,not appliable,not appliable,"Crossings are generally connected to a sidewalk, but some map them lines separately, so <b>watch out for false positives</b>. In general, crossings are designed to be part of a network, they should be connected to other features"
1343515600,way,not appliable,not appliable,"Crossings are generally connected to a sidewalk, but some map them lines separately, so <b>watch out for false positives</b>. In general, crossings are designed to be part of a network, they should be connected to other features"
1343520244,way,not appliable,not appliable,"Crossings are generally connected to a sidewalk, but some map them lines separately, so <b>watch out for false positives</b>. In general, crossings are designed to be part of a network, they should be connected to other features"
1343520828,way,not appliable,not appliable,"Crossings are generally connected to a sidewalk, but some map them lines separately, so <b>watch out for false positives</b>. In general, crossings are designed to be part of a network, they should be connected to other features"
1343520829,way,not appliable,not appliable,"Crossings are generally connected to a sidewalk, but some map them lines separately, so <b>watch out for false positives</b>. In general, crossings are designed to be part of a network, they should be connected to other features"
1343521455,way,not appliable,not appliable,"Crossings are generally connected to a sidewalk, but some map them lines separately, so <b>watch out for false positives</b>. In general, crossings are designed to be part of a network, they should be connected to other features"
1343521456,way,not appliable,not appliable,"Crossings are generally connected to a sidewalk, but some map them lines separately, so <b>watch out for false positives</b>. In general, crossings are designed to be part of a network, they should be connected to other features"
1343521457,way,not appliable,not appliable,"Crossings are generally connected to a sidewalk, but some map them lines separately, so <b>watch out for false positives</b>. In general, crossings are designed to be part of a network, they should be connected to other features"
1343524530,way,not appliable,not appliable,"Crossings are generally connected to a sidewalk, but some map them lines separately, so <b>watch out for false positives</b>. In general, crossings are designed to be part of a network, they should be connected to other features"
1343524531,way,not appliable,not appliable,"Crossings are generally connected to a sidewalk, but some map them lines separately, so <b>watch out for false positives</b>. In general, crossings are designed to be part of a network, they should be connected to other features"
1343524532,way,not appliable,not appliable,"Crossings are generally connected to a sidewalk, but some map them lines separately, so <b>watch out for false positives</b>. In general, crossings are designed to be part of a network, they should be connected to other features"
1343524533,way,not appliable,not appliable,"Crossings are generally connected to a sidewalk, but some map them lines separately, so <b>watch out for false positives</b>. In general, crossings are designed to be part of a network, they should be connected to other features"
1343524534,way,not appliable,not appliable,"Crossings are generally connected to a sidewalk, but some map them lines separately, so <b>watch out for false positives</b>. In general, crossings are designed to be part of a network, they should be connected to other features"
1343524535,way,not appliable,not appliable,"Crossings are generally connected to a sidewalk, but some map them lines separately, so <b>watch out for false positives</b>. In general, crossings are designed to be part of a network, they should be connected to other features"
1343532582,way,not appliable,not appliable,"Crossings are generally connected to a sidewalk, but some map them lines separately, so <b>watch out for false positives</b>. In general, crossings are designed to be part of a network, they should be connected to other features"
1343533716,way,not appliable,not appliable,"Crossings are generally connected to a sidewalk, but some map them lines separately, so <b>watch out for false positives</b>. In general, crossings are designed to be part of a network, they should be connected to other features"
1343536263,way,not appliable,not appliable,"Crossings are generally connected to a sidewalk, but some map them lines separately, so <b>watch out for false positives</b>. In general, crossings are designed to be part of a network, they should be connected to other features"
1343538963,way,not appliable,not appliable,"Crossings are generally connected to a sidewalk, but some map them lines separately, so <b>watch out for false positives</b>. In general, crossings are designed to be part of a network, they should be connected to other features"
1343538964,way,not appliable,not appliable,"Crossings are generally connected to a sidewalk, but some map them lines separately, so <b>watch out for false positives</b>. In general, crossings are designed to be part of a network, they should be connected to other features"
1343540160,way,not appliable,not appliable,"Crossings are generally connected to a sidewalk, but some map them lines separately, so <b>watch out for false positives</b>. In general, crossings are designed to be part of a network, they should be connected to other features"
1343540161,way,not appliable,not appliable,"Crossings are generally connected to a sidewalk, but some map them lines separately, so <b>watch out for false positives</b>. In general, crossings are designed to be part of a network, they should be connected to other features"
1343540790,way,not appliable,not appliable,"Crossings are generally connected to a sidewalk, but some map them lines separately, so <b>watch out for false positives</b>. In general, crossings are designed to be part of a network, they should be connected to other features"
1343540791,way,not appliable,not appliable,"Crossings are generally connected to a sidewalk, but some map them lines separately, so <b>watch out for false positives</b>. In general, crossings are designed to be part of a network, they should be connected to other features"
1343540793,way,not appliable,not appliable,"Crossings are generally connected to a sidewalk, but some map them lines separately, so <b>watch out for false positives</b>. In general, crossings are designed to be part of a network, they should be connected to other features"
1343540794,way,not appliable,not appliable,"Crossings are generally connected to a sidewalk, but some map them lines separately, so <b>watch out for false positives</b>. In general, crossings are designed to be part of a network, they should be connected to other features"
1343543512,way,not appliable,not appliable,"Crossings are generally connected to a sidewalk, but some map them lines separately, so <b>watch out for false positives</b>. In general, crossings are designed to be part of a network, they should be connected to other features"
1343543516,way,not appliable,not appliable,"Crossings are generally connected to a sidewalk, but some map them lines separately, so <b>watch out for false positives</b>. In general, crossings are designed to be part of a network, they should be connected to other features"
1343543517,way,not appliable,not appliable,"Crossings are generally connected to a sidewalk, but some map them lines separately, so <b>watch out for false positives</b>. In general, crossings are designed to be part of a network, they should be connected to other features"
1343549667,way,not appliable,not appliable,"Crossings are generally connected to a sidewalk, but some map them lines separately, so <b>watch out for false positives</b>. In general, crossings are designed to be part of a network, they should be connected to other features"
1343550559,way,not appliable,not appliable,"Crossings are generally connected to a sidewalk, but some map them lines separately, so <b>watch out for false positives</b>. In general, crossings are designed to be part of a network, they should be connected to other features"
1343550560,way,not appliable,not appliable,"Crossings are generally connected to a sidewalk, but some map them lines separately, so <b>watch out for false positives</b>. In general, crossings are designed to be part of a network, they should be connected to other features"
1343551765,way,not appliable,not appliable,"Crossings are generally connected to a sidewalk, but some map them lines separately, so <b>watch out for false positives</b>. In general, crossings are designed to be part of a network, they should be connected to other features"
1343555883,way,not appliable,not appliable,"Crossings are generally connected to a sidewalk, but some map them lines separately, so <b>watch out for false positives</b>. In general, crossings are designed to be part of a network, they should be connected to other features"
1343555884,way,not appliable,not appliable,"Crossings are generally connected to a sidewalk, but some map them lines separately, so <b>watch out for false positives</b>. In general, crossings are designed to be part of a network, they should be connected to other features"
1343613606,way,not appliable,not appliable,"Crossings are generally connected to a sidewalk, but some map them lines separately, so <b>watch out for false positives</b>. In general, crossings are designed to be part of a network, they should be connected to other features"
1343613607,way,not appliable,not appliable,"Crossings are generally connected to a sidewalk, but some map them lines separately, so <b>watch out for false positives</b>. In general, crossings are designed to be part of a network, they should be connected to other features"
1343613608,way,not appliable,not appliable,"Crossings are generally connected to a sidewalk, but some map them lines separately, so <b>watch out for false positives</b>. In general, crossings are designed to be part of a network, they should be connected to other features"
1343613609,way,not appliable,not appliable,"Crossings are generally connected to a sidewalk, but some map them lines separately, so <b>watch out for false positives</b>. In general, crossings are designed to be part of a network, they should be connected to other features"
1343617002,way,not appliable,not appliable,"Crossings are generally connected to a sidewalk, but some map them lines separately, so <b>watch out for false positives</b>. In general, crossings are designed to be part of a network, they should be connected to other features"
1343619613,way,not appliable,not appliable,"Crossings are generally connected to a sidewalk, but some map them lines separately, so <b>watch out for false positives</b>. In general, crossings are designed to be part of a network, they should be connected to other features"
1343619614,way,not appliable,not appliable,"Crossings are generally connected to a sidewalk, but some map them lines separately, so <b>watch out for false positives</b>. In general, crossings are designed to be part of a network, they should be connected to other features"
1343620527,way,not appliable,not appliable,"Crossings are generally connected to a sidewalk, but some map them lines separately, so <b>watch out for false positives</b>. In general, crossings are designed to be part of a network, they should be connected to other features"
1343620528,way,not appliable,not appliable,"Crossings are generally connected to a sidewalk, but some map them lines separately, so <b>watch out for false positives</b>. In general, crossings are designed to be part of a network, they should be connected to other features"
1343621149,way,not appliable,not appliable,"Crossings are generally connected to a sidewalk, but some map them lines separately, so <b>watch out for false positives</b>. In general, crossings are designed to be part of a network, they should be connected to other features"
1343621150,way,not appliable,not appliable,"Crossings are generally connected to a sidewalk, but some map them lines separately, so <b>watch out for false positives</b>. In general, crossings are designed to be part of a network, they should be connected to other features"
1343629137,way,not appliable,not appliable,"Crossings are generally connected to a sidewalk, but some map them lines separately, so <b>watch out for false positives</b>. In general, crossings are designed to be part of a network, they should be connected to other features"
1343629138,way,not appliable,not appliable,"Crossings are generally connected to a sidewalk, but some map them lines separately, so <b>watch out for false positives</b>. In general, crossings are designed to be part of a network, they should be connected to other features"
1343629139,way,not appliable,not appliable,"Crossings are generally connected to a sidewalk, but some map them lines separately, so <b>watch out for false positives</b>. In general, crossings are designed to be part of a network, they should be connected to other features"
1343631563,way,not appliable,not appliable,"Crossings are generally connected to a sidewalk, but some map them lines separately, so <b>watch out for false positives</b>. In general, crossings are designed to be part of a network, they should be connected to other features"
1343631564,way,not appliable,not appliable,"Crossings are generally connected to a sidewalk, but some map them lines separately, so <b>watch out for false positives</b>. In general, crossings are designed to be part of a network, they should be connected to other features"
1343635146,way,not appliable,not appliable,"Crossings are generally connected to a sidewalk, but some map them lines separately, so <b>watch out for false positives</b>. In general, crossings are designed to be part of a network, they should be connected to other features"
1343635147,way,not appliable,not appliable,"Crossings are generally connected to a sidewalk, but some map them lines separately, so <b>watch out for false positives</b>. In general, crossings are designed to be part of a network, they should be connected to other features"
1343635148,way,not appliable,not appliable,"Crossings are generally connected to a sidewalk, but some map them lines separately, so <b>watch out for false positives</b>. In general, crossings are designed to be part of a network, they should be connected to other features"
1343635149,way,not appliable,not appliable,"Crossings are generally connected to a sidewalk, but some map them lines separately, so <b>watch out for false positives</b>. In general, crossings are designed to be part of a network, they should be connected to other features"
1343635150,way,not appliable,not appliable,"Crossings are generally connected to a sidewalk, but some map them lines separately, so <b>watch out for false positives</b>. In general, crossings are designed to be part of a network, they should be connected to other features"
1343635345,way,not appliable,not appliable,"Crossings are generally connected to a sidewalk, but some map them lines separately, so <b>watch out for false positives</b>. In general, crossings are designed to be part of a network, they should be connected to other features"
1343637980,way,not appliable,not appliable,"Crossings are generally connected to a sidewalk, but some map them lines separately, so <b>watch out for false positives</b>. In general, crossings are designed to be part of a network, they should be connected to other features"
1343637981,way,not appliable,not appliable,"Crossings are generally connected to a sidewalk, but some map them lines separately, so <b>watch out for false positives</b>. In general, crossings are designed to be part of a network, they should be connected to other features"
1343637982,way,not appliable,not appliable,"Crossings are generally connected to a sidewalk, but some map them lines separately, so <b>watch out for false positives</b>. In general, crossings are designed to be part of a network, they should be connected to other features"
1343656325,way,not appliable,not appliable,"Crossings are generally connected to a sidewalk, but some map them lines separately, so <b>watch out for false positives</b>. In general, crossings are designed to be part of a network, they should be connected to other features"
1343669102,way,not appliable,not appliable,"Crossings are generally connected to a sidewalk, but some map them lines separately, so <b>watch out for false positives</b>. In general, crossings are designed to be part of a network, they should be connected to other features"
1343669103,way,not appliable,not appliable,"Crossings are generally connected to a sidewalk, but some map them lines separately, so <b>watch out for false positives</b>. In general, crossings are designed to be part of a network, they should be connected to other features"
1343956573,way,not appliable,not appliable,"Crossings are generally connected to a sidewalk, but some map them lines separately, so <b>watch out for false positives</b>. In general, crossings are designed to be part of a network, they should be connected to other features"
1357894410,way,not appliable,not appliable,"Crossings are generally connected to a sidewalk, but some map them lines separately, so <b>watch out for false positives</b>. In general, crossings are designed to be part of a network, they should be connected to other features"
1358713917,way,not appliable,not appliable,"Crossings are generally connected to a sidewalk, but some map them lines separately, so <b>watch out for false positives</b>. In general, crossings are designed to be part of a network, they should be connected to other features"
1358713918,way,not appliable,not appliable,"Crossings are generally connected to a sidewalk, but some map them lines separately, so <b>watch out for false positives</b>. In general, crossings are designed to be part of a network, they should be connected to other features"
1359716669,way,not appliable,not appliable,"Crossings are generally connected to a sidewalk, but some map them lines separately, so <b>watch out for false positives</b>. In general, crossings are designed to be part of a network, they should be connected to other features"
1359716671,way,not appliable,not appliable,"Crossings are generally connected to a sidewalk, but some map them lines separately, so <b>watch out for false positives</b>. In general, crossings are designed to be part of a network, they should be connected to other features"
1360966432,way,not appliable,not appliable,"Crossings are generally connected to a sidewalk, but some map them lines separately, so <b>watch out for false positives</b>. In general, crossings are designed to be part of a network, they should be connected to other features"
1360989553,way,not appliable,not appliable,"Crossings are generally connected to a sidewalk, but some map them lines separately, so <b>watch out for false positives</b>. In general, crossings are designed to be part of a network, they should be connected to other features"
1360989554,way,not appliable,not appliable,"Crossings are generally connected to a sidewalk, but some map them lines separately, so <b>watch out for false positives</b>. In general, crossings are designed to be part of a network, they should be connected to other features"
1360989555,way,not appliable,not appliable,"Crossings are generally connected to a sidewalk, but some map them lines separately, so <b>watch out for false positives</b>. In general, crossings are designed to be part of a network, they should be connected to other features"
1361024221,way,not appliable,not appliable,"Crossings are generally connected to a sidewalk, but some map them lines separately, so <b>watch out for false positives</b>. In general, crossings are designed to be part of a network, they should be connected to other features"
1361032702,way,not appliable,not appliable,"Crossings are generally connected to a sidewalk, but some map them lines separately, so <b>watch out for false positives</b>. In general, crossings are designed to be part of a network, they should be connected to other features"
1361033352,way,not appliable,not appliable,"Crossings are generally connected to a sidewalk, but some map them lines separately, so <b>watch out for false positives</b>. In general, crossings are designed to be part of a network, they should be connected to other features"
1361033353,way,not appliable,not appliable,"Crossings are generally connected to a sidewalk, but some map them lines separately, so <b>watch out for false positives</b>. In general, crossings are designed to be part of a network, they should be connected to other features"
1382604480,way,not appliable,not appliable,"Crossings are generally connected to a sidewalk, but some map them lines separately, so <b>watch out for false positives</b>. In general, crossings are designed to be part of a network, they should be connected to other features"
1384422386,way,not appliable,not appliable,"Crossings are generally connected to a sidewalk, but some map them lines separately, so <b>watch out for false positives</b>. In general, crossings are designed to be part of a network, they should be connected to other features"
1384751170,way,not appliable,not appliable,"Crossings are generally connected to a sidewalk, but some map them lines separately, so <b>watch out for false positives</b>. In general, crossings are designed to be part of a network, they should be connected to other features"
1384751171,way,not appliable,not appliable,"Crossings are generally connected to a sidewalk, but some map them lines separately, so <b>watch out for false positives</b>. In general, crossings are designed to be part of a network, they should be connected to other features"
1384751172,way,not appliable,not appliable,"Crossings are generally connected to a sidewalk, but some map them lines separately, so <b>watch out for false positives</b>. In general, crossings are designed to be part of a network, they should be connected to other features"
1384751173,way,not appliable,not appliable,"Crossings are generally connected to a sidewalk, but some map them lines separately, so <b>watch out for false positives</b>. In general, crossings are designed to be part of a network, they should be connected to other features"
1384751175,way,not appliable,not appliable,"Crossings are generally connected to a sidewalk, but some map them lines separately, so <b>watch out for false positives</b>. In general, crossings are designed to be part of a network, they should be connected to other features"
1384751178,way,not appliable,not appliable,"Crossings are generally connected to a sidewalk, but some map them lines separately, so <b>watch out for false positives</b>. In general, crossings are designed to be part of a network, they should be connected to other features"
1384751179,way,not appliable,not appliable,"Crossings are generally connected to a sidewalk, but some map them lines separately, so <b>watch out for false positives</b>. In general, crossings are designed to be part of a network, they should be connected to other features"
1384800793,way,not appliable,not appliable,"Crossings are generally connected to a sidewalk, but some map them lines separately, so <b>watch out for false positives</b>. In general, crossings are designed to be part of a network, they should be connected to other features"
1384800794,way,not appliable,not appliable,"Crossings are generally connected to a sidewalk, but some map them lines separately, so <b>watch out for false positives</b>. In general, crossings are designed to be part of a network, they should be connected to other features"
1384800795,way,not appliable,not appliable,"Crossings are generally connected to a sidewalk, but some map them lines separately, so <b>watch out for false positives</b>. In general, crossings are designed to be part of a network, they should be connected to other features"
1384800796,way,not appliable,not appliable,"Crossings are generally connected to a sidewalk, but some map them lines separately, so <b>watch out for false positives</b>. In general, crossings are designed to be part of a network, they should be connected to other features"
1385132632,way,not appliable,not appliable,"Crossings are generally connected to a sidewalk, but some map them lines separately, so <b>watch out for false positives</b>. In general, crossings are designed to be part of a network, they should be connected to other features"
1385132633,way,not appliable,not appliable,"Crossings are generally connected to a sidewalk, but some map them lines separately, so <b>watch out for false positives</b>. In general, crossings are designed to be part of a network, they should be connected to other features"
1385132634,way,not appliable,not appliable,"Crossings are generally connected to a sidewalk, but some map them lines separately, so <b>watch out for false positives</b>. In general, crossings are designed to be part of a network, they should be connected to other features"
1385132637,way,not appliable,not appliable,"Crossings are generally connected to a sidewalk, but some map them lines separately, so <b>watch out for false positives</b>. In general, crossings are designed to be part of a network, they should be connected to other features"
1385158804,way,not appliable,not appliable,"Crossings are generally connected to a sidewalk, but some map them lines separately, so <b>watch out for false positives</b>. In general, crossings are designed to be part of a network, they should be connected to other features"
1385158805,way,not appliable,not appliable,"Crossings are generally connected to a sidewalk, but some map them lines separately, so <b>watch out for false positives</b>. In general, crossings are designed to be part of a network, they should be connected to other features"
1385158806,way,not appliable,not appliable,"Crossings are generally connected to a sidewalk, but some map them lines separately, so <b>watch out for false positives</b>. In general, crossings are designed to be part of a network, they should be connected to other features"
1385158807,way,not appliable,not appliable,"Crossings are generally connected to a sidewalk, but some map them lines separately, so <b>watch out for false positives</b>. In general, crossings are designed to be part of a network, they should be connected to other features"
1385158808,way,not appliable,not appliable,"Crossings are generally connected to a sidewalk, but some map them lines separately, so <b>watch out for false positives</b>. In general, crossings are designed to be part of a network, they should be connected to other features"
1385158809,way,not appliable,not appliable,"Crossings are generally connected to a sidewalk, but some map them lines separately, so <b>watch out for false positives</b>. In general, crossings are designed to be part of a network, they should be connected to other features"
1385158810,way,not appliable,not appliable,"Crossings are generally connected to a sidewalk, but some map them lines separately, so <b>watch out for false positives</b>. In general, crossings are designed to be part of a network, they should be connected to other features"
1385178908,way,not appliable,not appliable,"Crossings are generally connected to a sidewalk, but some map them lines separately, so <b>watch out for false positives</b>. In general, crossings are designed to be part of a network, they should be connected to other features"
1385178909,way,not appliable,not appliable,"Crossings are generally connected to a sidewalk, but some map them lines separately, so <b>watch out for false positives</b>. In general, crossings are designed to be part of a network, they should be connected to other features"
1385178911,way,not appliable,not appliable,"Crossings are generally connected to a sidewalk, but some map them lines separately, so <b>watch out for false positives</b>. In general, crossings are designed to be part of a network, they should be connected to other features"
1385178912,way,not appliable,not appliable,"Crossings are generally connected to a sidewalk, but some map them lines separately, so <b>watch out for false positives</b>. In general, crossings are designed to be part of a network, they should be connected to other features"
1385178916,way,not appliable,not appliable,"Crossings are generally connected to a sidewalk, but some map them lines separately, so <b>watch out for false positives</b>. In general, crossings are designed to be part of a network, they should be connected to other features"
1385178917,way,not appliable,not appliable,"Crossings are generally connected to a sidewalk, but some map them lines separately, so <b>watch out for false positives</b>. In general, crossings are designed to be part of a network, they should be connected to other features"
1385178918,way,not appliable,not appliable,"Crossings are generally connected to a sidewalk, but some map them lines separately, so <b>watch out for false positives</b>. In general, crossings are designed to be part of a network, they should be connected to other features"
1385178920,way,not appliable,not appliable,"Crossings are generally connected to a sidewalk, but some map them lines separately, so <b>watch out for false positives</b>. In general, crossings are designed to be part of a network, they should be connected to other features"
1385191147,way,not appliable,not appliable,"Crossings are generally connected to a sidewalk, but some map them lines separately, so <b>watch out for false positives</b>. In general, crossings are designed to be part of a network, they should be connected to other features"
1385191148,way,not appliable,not appliable,"Crossings are generally connected to a sidewalk, but some map them lines separately, so <b>watch out for false positives</b>. In general, crossings are designed to be part of a network, they should be connected to other features"
1385211073,way,not appliable,not appliable,"Crossings are generally connected to a sidewalk, but some map them lines separately, so <b>watch out for false positives</b>. In general, crossings are designed to be part of a network, they should be connected to other features"
1385211074,way,not appliable,not appliable,"Crossings are generally connected to a sidewalk, but some map them lines separately, so <b>watch out for false positives</b>. In general, crossings are designed to be part of a network, they should be connected to other features"
1385221177,way,not appliable,not appliable,"Crossings are generally connected to a sidewalk, but some map them lines separately, so <b>watch out for false positives</b>. In general, crossings are designed to be part of a network, they should be connected to other features"
1386025409,way,not appliable,not appliable,"Crossings are generally connected to a sidewalk, but some map them lines separately, so <b>watch out for false positives</b>. In general, crossings are designed to be part of a network, they should be connected to other features"
1386025410,way,not appliable,not appliable,"Crossings are generally connected to a sidewalk, but some map them lines separately, so <b>watch out for false positives</b>. In general, crossings are designed to be part of a network, they should be connected to other features"
1386315532,way,not appliable,not appliable,"Crossings are generally connected to a sidewalk, but some map them lines separately, so <b>watch out for false positives</b>. In general, crossings are designed to be part of a network, they should be connected to other features"
1386315537,way,not appliable,not appliable,"Crossings are generally connected to a sidewalk, but some map them lines separately, so <b>watch out for false positives</b>. In general, crossings are designed to be part of a network, they should be connected to other features"
1386315538,way,not appliable,not appliable,"Crossings are generally connected to a sidewalk, but some map them lines separately, so <b>watch out for false positives</b>. In general, crossings are designed to be part of a network, they should be connected to other features"
1386351188,way,not appliable,not appliable,"Crossings are generally connected to a sidewalk, but some map them lines separately, so <b>watch out for false positives</b>. In general, crossings are designed to be part of a network, they should be connected to other features"
1386351189,way,not appliable,not appliable,"Crossings are generally connected to a sidewalk, but some map them lines separately, so <b>watch out for false positives</b>. In general, crossings are designed to be part of a network, they should be connected to other features"
1386351191,way,not appliable,not appliable,"Crossings are generally connected to a sidewalk, but some map them lines separately, so <b>watch out for false positives</b>. In general, crossings are designed to be part of a network, they should be connected to other features"
1386351192,way,not appliable,not appliable,"Crossings are generally connected to a sidewalk, but some map them lines separately, so <b>watch out for false positives</b>. In general, crossings are designed to be part of a network, they should be connected to other features"
1386657824,way,not appliable,not appliable,"Crossings are generally connected to a sidewalk, but some map them lines separately, so <b>watch out for false positives</b>. In general, crossings are designed to be part of a network, they should be connected to other features"
1386658012,way,not appliable,not appliable,"Crossings are generally connected to a sidewalk, but some map them lines separately, so <b>watch out for false positives</b>. In general, crossings are designed to be part of a network, they should be connected to other features"
1386754996,way,not appliable,not appliable,"Crossings are generally connected to a sidewalk, but some map them lines separately, so <b>watch out for false positives</b>. In general, crossings are designed to be part of a network, they should be connected to other features"
1386754997,way,not appliable,not appliable,"Crossings are generally connected to a sidewalk, but some map them lines separately, so <b>watch out for false positives</b>. In general, crossings are designed to be part of a network, they should be connected to other features"
1386754998,way,not appliable,not appliable,"Crossings are generally connected to a sidewalk, but some map them lines separately, so <b>watch out for false positives</b>. In general, crossings are designed to be part of a network, they should be connected to other features"
1386766952,way,not appliable,not appliable,"Crossings are generally connected to a sidewalk, but some map them lines separately, so <b>watch out for false positives</b>. In general, crossings are designed to be part of a network, they should be connected to other features"
1386766954,way,not appliable,not appliable,"Crossings are generally connected to a sidewalk, but some map them lines separately, so <b>watch out for false positives</b>. In general, crossings are designed to be part of a network, they should be connected to other features"
1386779171,way,not appliable,not appliable,"Crossings are generally connected to a sidewalk, but some map them lines separately, so <b>watch out for false positives</b>. In general, crossings are designed to be part of a network, they should be connected to other features"
1387073304,way,not appliable,not appliable,"Crossings are generally connected to a sidewalk, but some map them lines separately, so <b>watch out for false positives</b>. In general, crossings are designed to be part of a network, they should be connected to other features"
1387108878,way,not appliable,not appliable,"Crossings are generally connected to a sidewalk, but some map them lines separately, so <b>watch out for false positives</b>. In general, crossings are designed to be part of a network, they should be connected to other features"
1387337170,way,not appliable,not appliable,"Crossings are generally connected to a sidewalk, but some map them lines separately, so <b>watch out for false positives</b>. In general, crossings are designed to be part of a network, they should be connected to other features"
1389186032,way,not appliable,not appliable,"Crossings are generally connected to a sidewalk, but some map them lines separately, so <b>watch out for false positives</b>. In general, crossings are designed to be part of a network, they should be connected to other features"
1391711175,way,not appliable,not appliable,"Crossings are generally connected to a sidewalk, but some map them lines separately, so <b>watch out for false positives</b>. In general, crossings are designed to be part of a network, they should be connected to other features"
1391711176,way,not appliable,not appliable,"Crossings are generally connected to a sidewalk, but some map them lines separately, so <b>watch out for false positives</b>. In general, crossings are designed to be part of a network, they should be connected to other features"
1391711177,way,not appliable,not appliable,"Crossings are generally connected to a sidewalk, but some map them lines separately, so <b>watch out for false positives</b>. In general, crossings are designed to be part of a network, they should be connected to other features"
1391711178,way,not appliable,not appliable,"Crossings are generally connected to a sidewalk, but some map them lines separately, so <b>watch out for false positives</b>. In general, crossings are designed to be part of a network, they should be connected to other features"
1391711179,way,not appliable,not appliable,"Crossings are generally connected to a sidewalk, but some map them lines separately, so <b>watch out for false positives</b>. In general, crossings are designed to be part of a network, they should be connected to other features"
1391863717,way,not appliable,not appliable,"Crossings are generally connected to a sidewalk, but some map them lines separately, so <b>watch out for false positives</b>. In general, crossings are designed to be part of a network, they should be connected to other features"
1391863718,way,not appliable,not appliable,"Crossings are generally connected to a sidewalk, but some map them lines separately, so <b>watch out for false positives</b>. In general, crossings are designed to be part of a network, they should be connected to other features"
1391863721,way,not appliable,not appliable,"Crossings are generally connected to a sidewalk, but some map them lines separately, so <b>watch out for false positives</b>. In general, crossings are designed to be part of a network, they should be connected to other features"
1391863722,way,not appliable,not appliable,"Crossings are generally connected to a sidewalk, but some map them lines separately, so <b>watch out for false positives</b>. In general, crossings are designed to be part of a network, they should be connected to other features"
1391879854,way,not appliable,not appliable,"Crossings are generally connected to a sidewalk, but some map them lines separately, so <b>watch out for false positives</b>. In general, crossings are designed to be part of a network, they should be connected to other features"
1391917660,way,not appliable,not appliable,"Crossings are generally connected to a sidewalk, but some map them lines separately, so <b>watch out for false positives</b>. In general, crossings are designed to be part of a network, they should be connected to other features"
1391917661,way,not appliable,not appliable,"Crossings are generally connected to a sidewalk, but some map them lines separately, so <b>watch out for false positives</b>. In general, crossings are designed to be part of a network, they should be connected to other features"
1391917662,way,not appliable,not appliable,"Crossings are generally connected to a sidewalk, but some map them lines separately, so <b>watch out for false positives</b>. In general, crossings are designed to be part of a network, they should be connected to other features"
1391917663,way,not appliable,not appliable,"Crossings are generally connected to a sidewalk, but some map them lines separately, so <b>watch out for false positives</b>. In general, crossings are designed to be part of a network, they should be connected to other features"
1391917664,way,not appliable,not appliable,"Crossings are generally connected to a sidewalk, but some map them lines separately, so <b>watch out for false positives</b>. In general, crossings are designed to be part of a network, they should be connected to other features"
1393140186,way,not appliable,not appliable,"Crossings are generally connected to a sidewalk, but some map them lines separately, so <b>watch out for false positives</b>. In general, crossings are designed to be part of a network, they should be connected to other features"
1393140190,way,not appliable,not appliable,"Crossings are generally connected to a sidewalk, but some map them lines separately, so <b>watch out for false positives</b>. In general, crossings are designed to be part of a network, they should be connected to other features"
1393140191,way,not appliable,not appliable,"Crossings are generally connected to a sidewalk, but some map them lines separately, so <b>watch out for false positives</b>. In general, crossings are designed to be part of a network, they should be connected to other features"
1393140192,way,not appliable,not appliable,"Crossings are generally connected to a sidewalk, but some map them lines separately, so <b>watch out for false positives</b>. In general, crossings are designed to be part of a network, they should be connected to other features"
1393435584,way,not appliable,not appliable,"Crossings are generally connected to a sidewalk, but some map them lines separately, so <b>watch out for false positives</b>. In general, crossings are designed to be part of a network, they should be connected to other features"
1393435585,way,not appliable,not appliable,"Crossings are generally connected to a sidewalk, but some map them lines separately, so <b>watch out for false positives</b>. In general, crossings are designed to be part of a network, they should be connected to other features"
1393454519,way,not appliable,not appliable,"Crossings are generally connected to a sidewalk, but some map them lines separately, so <b>watch out for false positives</b>. In general, crossings are designed to be part of a network, they should be connected to other features"
1393454520,way,not appliable,not appliable,"Crossings are generally connected to a sidewalk, but some map them lines separately, so <b>watch out for false positives</b>. In general, crossings are designed to be part of a network, they should be connected to other features"
1393454523,way,not appliable,not appliable,"Crossings are generally connected to a sidewalk, but some map them lines separately, so <b>watch out for false positives</b>. In general, crossings are designed to be part of a network, they should be connected to other features"
1393454524,way,not appliable,not appliable,"Crossings are generally connected to a sidewalk, but some map them lines separately, so <b>watch out for false positives</b>. In general, crossings are designed to be part of a network, they should be connected to other features"
1393454527,way,not appliable,not appliable,"Crossings are generally connected to a sidewalk, but some map them lines separately, so <b>watch out for false positives</b>. In general, crossings are designed to be part of a network, they should be connected to other features"
1393454528,way,not appliable,not appliable,"Crossings are generally connected to a sidewalk, but some map them lines separately, so <b>watch out for false positives</b>. In general, crossings are designed to be part of a network, they should be connected to other features"
1393454529,way,not appliable,not appliable,"Crossings are generally connected to a sidewalk, but some map them lines separately, so <b>watch out for false positives</b>. In general, crossings are designed to be part of a network, they should be connected to other features"
1393454533,way,not appliable,not appliable,"Crossings are generally connected to a sidewalk, but some map them lines separately, so <b>watch out for false positives</b>. In general, crossings are designed to be part of a network, they should be connected to other features"
1393454534,way,not appliable,not appliable,"Crossings are generally connected to a sidewalk, but some map them lines separately, so <b>watch out for false positives</b>. In general, crossings are designed to be part of a network, they should be connected to other features"
1393454535,way,not appliable,not appliable,"Crossings are generally connected to a sidewalk, but some map them lines separately, so <b>watch out for false positives</b>. In general, crossings are designed to be part of a network, they should be connected to other features"
1393454536,way,not appliable,not appliable,"Crossings are generally connected to a sidewalk, but some map them lines separately, so <b>watch out for false positives</b>. In general, crossings are designed to be part of a network, they should be connected to other features"
1393454539,way,not appliable,not appliable,"Crossings are generally connected to a sidewalk, but some map them lines separately, so <b>watch out for false positives</b>. In general, crossings are designed to be part of a network, they should be connected to other features"
1393454540,way,not appliable,not appliable,"Crossings are generally connected to a sidewalk, but some map them lines separately, so <b>watch out for false positives</b>. In general, crossings are designed to be part of a network, they should be connected to other features"
1393454543,way,not appliable,not appliable,"Crossings are generally connected to a sidewalk, but some map them lines separately, so <b>watch out for false positives</b>. In general, crossings are designed to be part of a network, they should be connected to other features"
1393454544,way,not appliable,not appliable,"Crossings are generally connected to a sidewalk, but some map them lines separately, so <b>watch out for false positives</b>. In general, crossings are designed to be part of a network, they should be connected to other features"
1393454547,way,not appliable,not appliable,"Crossings are generally connected to a sidewalk, but some map them lines separately, so <b>watch out for false positives</b>. In general, crossings are designed to be part of a network, they should be connected to other features"
1393454548,way,not appliable,not appliable,"Crossings are generally connected to a sidewalk, but some map them lines separately, so <b>watch out for false positives</b>. In general, crossings are designed to be part of a network, they should be connected to other features"
1393454551,way,not appliable,not appliable,"Crossings are generally connected to a sidewalk, but some map them lines separately, so <b>watch out for false positives</b>. In general, crossings are designed to be part of a network, they should be connected to other features"
1393454552,way,not appliable,not appliable,"Crossings are generally connected to a sidewalk, but some map them lines separately, so <b>watch out for false positives</b>. In general, crossings are designed to be part of a network, they should be connected to other features"
1393454555,way,not appliable,not appliable,"Crossings are generally connected to a sidewalk, but some map them lines separately, so <b>watch out for false positives</b>. In general, crossings are designed to be part of a network, they should be connected to other features"
1393454556,way,not appliable,not appliable,"Crossings are generally connected to a sidewalk, but some map them lines separately, so <b>watch out for false positives</b>. In general, crossings are designed to be part of a network, they should be connected to other features"
1393454559,way,not appliable,not appliable,"Crossings are generally connected to a sidewalk, but some map them lines separately, so <b>watch out for false positives</b>. In general, crossings are designed to be part of a network, they should be connected to other features"
1393454560,way,not appliable,not appliable,"Crossings are generally connected to a sidewalk, but some map them lines separately, so <b>watch out for false positives</b>. In general, crossings are designed to be part of a network, they should be connected to other features"
1393475453,way,not appliable,not appliable,"Crossings are generally connected to a sidewalk, but some map them lines separately, so <b>watch out for false positives</b>. In general, crossings are designed to be part of a network, they should be connected to other features"
1394870680,way,not appliable,not appliable,"Crossings are generally connected to a sidewalk, but some map them lines separately, so <b>watch out for false positives</b>. In general, crossings are designed to be part of a network, they should be connected to other features"
1410439057,way,not appliable,not appliable,"Crossings are generally connected to a sidewalk, but some map them lines separately, so <b>watch out for false positives</b>. In general, crossings are designed to be part of a network, they should be connected to other features"
1410439058,way,not appliable,not appliable,"Crossings are generally connected to a sidewalk, but some map them lines separately, so <b>watch out for false positives</b>. In general, crossings are designed to be part of a network, they should be connected to other features"
1410439060,way,not appliable,not appliable,"Crossings are generally connected to a sidewalk, but some map them lines separately, so <b>watch out for false positives</b>. In general, crossings are designed to be part of a network, they should be connected to other features"
1410439062,way,not appliable,not appliable,"Crossings are generally connected to a sidewalk, but some map them lines separately, so <b>watch out for false positives</b>. In general, crossings are designed to be part of a network, they should be connected to other features"
1410439066,way,not appliable,not appliable,"Crossings are generally connected to a sidewalk, but some map them lines separately, so <b>watch out for false positives</b>. In general, crossings are designed to be part of a network, they should be connected to other features"
1410455545,way,not appliable,not appliable,"Crossings are generally connected to a sidewalk, but some map them lines separately, so <b>watch out for false positives</b>. In general, crossings are designed to be part of a network, they should be connected to other features"
1410839891,way,not appliable,not appliable,"Crossings are generally connected to a sidewalk, but some map them lines separately, so <b>watch out for false positives</b>. In general, crossings are designed to be part of a network, they should be connected to other features"
1410839893,way,not appliable,not appliable,"Crossings are generally connected to a sidewalk, but some map them lines separately, so <b>watch out for false positives</b>. In general, crossings are designed to be part of a network, they should be connected to other features"
1411072487,way,not appliable,not appliable,"Crossings are generally connected to a sidewalk, but some map them lines separately, so <b>watch out for false positives</b>. In general, crossings are designed to be part of a network, they should be connected to other features"
1411756582,way,not appliable,not appliable,"Crossings are generally connected to a sidewalk, but some map them lines separately, so <b>watch out for false positives</b>. In general, crossings are designed to be part of a network, they should be connected to other features"
1411756583,way,not appliable,not appliable,"Crossings are generally connected to a sidewalk, but some map them lines separately, so <b>watch out for false positives</b>. In general, crossings are designed to be part of a network, they should be connected to other features"
1411756584,way,not appliable,not appliable,"Crossings are generally connected to a sidewalk, but some map them lines separately, so <b>watch out for false positives</b>. In general, crossings are designed to be part of a network, they should be connected to other features"
1411756597,way,not appliable,not appliable,"Crossings are generally connected to a sidewalk, but some map them lines separately, so <b>watch out for false positives</b>. In general, crossings are designed to be part of a network, they should be connected to other features"
1411756600,way,not appliable,not appliable,"Crossings are generally connected to a sidewalk, but some map them lines separately, so <b>watch out for false positives</b>. In general, crossings are designed to be part of a network, they should be connected to other features"
1411756601,way,not appliable,not appliable,"Crossings are generally connected to a sidewalk, but some map them lines separately, so <b>watch out for false positives</b>. In general, crossings are designed to be part of a network, they should be connected to other features"
1411756602,way,not appliable,not appliable,"Crossings are generally connected to a sidewalk, but some map them lines separately, so <b>watch out for false positives</b>. In general, crossings are designed to be part of a network, they should be connected to other features"
1411756603,way,not appliable,not appliable,"Crossings are generally connected to a sidewalk, but some map them lines separately, so <b>watch out for false positives</b>. In general, crossings are designed to be part of a network, they should be connected to other features"
1411756604,way,not appliable,not appliable,"Crossings are generally connected to a sidewalk, but some map them lines separately, so <b>watch out for false positives</b>. In general, crossings are designed to be part of a network, they should be connected to other features"
1411756605,way,not appliable,not appliable,"Crossings are generally connected to a sidewalk, but some map them lines separately, so <b>watch out for false positives</b>. In general, crossings are designed to be part of a network, they should be connected to other features"
1411756606,way,not appliable,not appliable,"Crossings are generally connected to a sidewalk, but some map them lines separately, so <b>watch out for false positives</b>. In general, crossings are designed to be part of a network, they should be connected to other features"
1413368442,way,not appliable,not appliable,"Crossings are generally connected to a sidewalk, but some map them lines separately, so <b>watch out for false positives</b>. In general, crossings are designed to be part of a network, they should be connected to other features"
1413368443,way,not appliable,not appliable,"Crossings are generally connected to a sidewalk, but some map them lines separately, so <b>watch out for false positives</b>. In general, crossings are designed to be part of a network, they should be connected to other features"
1413368444,way,not appliable,not appliable,"Crossings are generally connected to a sidewalk, but some map them lines separately, so <b>watch out for false positives</b>. In general, crossings are designed to be part of a network, they should be connected to other features"
1413368445,way,not appliable,not appliable,"Crossings are generally connected to a sidewalk, but some map them lines separately, so <b>watch out for false positives</b>. In general, crossings are designed to be part of a network, they should be connected to other features"
1413368446,way,not appliable,not appliable,"Crossings are generally connected to a sidewalk, but some map them lines separately, so <b>watch out for false positives</b>. In general, crossings are designed to be part of a network, they should be connected to other features"
1413368447,way,not appliable,not appliable,"Crossings are generally connected to a sidewalk, but some map them lines separately, so <b>watch out for false positives</b>. In general, crossings are designed to be part of a network, they should be connected to other features"
1413368448,way,not appliable,not appliable,"Crossings are generally connected to a sidewalk, but some map them lines separately, so <b>watch out for false positives</b>. In general, crossings are designed to be part of a network, they should be connected to other features"
1413368449,way,not appliable,not appliable,"Crossings are generally connected to a sidewalk, but some map them lines separately, so <b>watch out for false positives</b>. In general, crossings are designed to be part of a network, they should be connected to other features"
1414181084,way,not appliable,not appliable,"Crossings are generally connected to a sidewalk, but some map them lines separately, so <b>watch out for false positives</b>. In general, crossings are designed to be part of a network, they should be connected to other features"
1414181085,way,not appliable,not appliable,"Crossings are generally connected to a sidewalk, but some map them lines separately, so <b>watch out for false positives</b>. In general, crossings are designed to be part of a network, they should be connected to other features"
1414181090,way,not appliable,not appliable,"Crossings are generally connected to a sidewalk, but some map them lines separately, so <b>watch out for false positives</b>. In general, crossings are designed to be part of a network, they should be connected to other features"
1414181092,way,not appliable,not appliable,"Crossings are generally connected to a sidewalk, but some map them lines separately, so <b>watch out for false positives</b>. In general, crossings are designed to be part of a network, they should be connected to other features"
1414181094,way,not appliable,not appliable,"Crossings are generally connected to a sidewalk, but some map them lines separately, so <b>watch out for false positives</b>. In general, crossings are designed to be part of a network, they should be connected to other features"
1414181096,way,not appliable,not appliable,"Crossings are generally connected to a sidewalk, but some map them lines separately, so <b>watch out for false positives</b>. In general, crossings are designed to be part of a network, they should be connected to other features"
1414181098,way,not appliable,not appliable,"Crossings are generally connected to a sidewalk, but some map them lines separately, so <b>watch out for false positives</b>. In general, crossings are designed to be part of a network, they should be connected to other features"
1414181104,way,not appliable,not appliable,"Crossings are generally connected to a sidewalk, but some map them lines separately, so <b>watch out for false positives</b>. In general, crossings are designed to be part of a network, they should be connected to other features"
1420655331,way,not appliable,not appliable,"Crossings are generally connected to a sidewalk, but some map them lines separately, so <b>watch out for false positives</b>. In general, crossings are designed to be part of a network, they should be connected to other features"
1421043520,way,not appliable,not appliable,"Crossings are generally connected to a sidewalk, but some map them lines separately, so <b>watch out for false positives</b>. In general, crossings are designed to be part of a network, they should be connected to other features"
1422322873,way,not appliable,not appliable,"Crossings are generally connected to a sidewalk, but some map them lines separately, so <b>watch out for false positives</b>. In general, crossings are designed to be part of a network, they should be connected to other features"
1422322879,way,not appliable,not appliable,"Crossings are generally connected to a sidewalk, but some map them lines separately, so <b>watch out for false positives</b>. In general, crossings are designed to be part of a network, they should be connected to other features"
1422335033,way,not appliable,not appliable,"Crossings are generally connected to a sidewalk, but some map them lines separately, so <b>watch out for false positives</b>. In general, crossings are designed to be part of a network, they should be connected to other features"
1422751445,way,not appliable,not appliable,"Crossings are generally connected to a sidewalk, but some map them lines separately, so <b>watch out for false positives</b>. In general, crossings are designed to be part of a network, they should be connected to other features"
1423281225,way,not appliable,not appliable,"Crossings are generally connected to a sidewalk, but some map them lines separately, so <b>watch out for false positives</b>. In general, crossings are designed to be part of a network, they should be connected to other features"
1423357140,way,not appliable,not appliable,"Crossings are generally connected to a sidewalk, but some map them lines separately, so <b>watch out for false positives</b>. In general, crossings are designed to be part of a network, they should be connected to other features"
1423486998,way,not appliable,not appliable,"Crossings are generally connected to a sidewalk, but some map them lines separately, so <b>watch out for false positives</b>. In general, crossings are designed to be part of a network, they should be connected to other features"
1423486999,way,not appliable,not appliable,"Crossings are generally connected to a sidewalk, but some map them lines separately, so <b>watch out for false positives</b>. In general, crossings are designed to be part of a network, they should be connected to other features"
1423560663,way,not appliable,not appliable,"Crossings are generally connected to a sidewalk, but some map them lines separately, so <b>watch out for false positives</b>. In general, crossings are designed to be part of a network, they should be connected to other features"
1423560666,way,not appliable,not appliable,"Crossings are generally connected to a sidewalk, but some map them lines separately, so <b>watch out for false positives</b>. In general, crossings are designed to be part of a network, they should be connected to other features"
1423560667,way,not appliable,not appliable,"Crossings are generally connected to a sidewalk, but some map them lines separately, so <b>watch out for false positives</b>. In general, crossings are designed to be part of a network, they should be connected to other features"
1423603214,way,not appliable,not appliable,"Crossings are generally connected to a sidewalk, but some map them lines separately, so <b>watch out for false positives</b>. In general, crossings are designed to be part of a network, they should be connected to other features"
1423630820,way,not appliable,not appliable,"Crossings are generally connected to a sidewalk, but some map them lines separately, so <b>watch out for false positives</b>. In general, crossings are designed to be part of a network, they should be connected to other features"
1423646021,way,not appliable,not appliable,"Crossings are generally connected to a sidewalk, but some map them lines separately, so <b>watch out for false positives</b>. In general, crossings are designed to be part of a network, they should be connected to other features"
1423846478,way,not appliable,not appliable,"Crossings are generally connected to a sidewalk, but some map them lines separately, so <b>watch out for false positives</b>. In general, crossings are designed to be part of a network, they should be connected to other features"
1423846479,way,not appliable,not appliable,"Crossings are generally connected to a sidewalk, but some map them lines separately, so <b>watch out for false positives</b>. In general, crossings are designed to be part of a network, they should be connected to other features"
1423869593,way,not appliable,not appliable,"Crossings are generally connected to a sidewalk, but some map them lines separately, so <b>watch out for false positives</b>. In general, crossings are designed to be part of a network, they should be connected to other features"
1423888802,way,not appliable,not appliable,"Crossings are generally connected to a sidewalk, but some map them lines separately, so <b>watch out for false positives</b>. In general, crossings are designed to be part of a network, they should be connected to other features"
1423897726,way,not appliable,not appliable,"Crossings are generally connected to a sidewalk, but some map them lines separately, so <b>watch out for false positives</b>. In general, crossings are designed to be part of a network, they should be connected to other features"
1423897740,way,not appliable,not appliable,"Crossings are generally connected to a sidewalk, but some map them lines separately, so <b>watch out for false positives</b>. In general, crossings are designed to be part of a network, they should be connected to other features"
1423939245,way,not appliable,not appliable,"Crossings are generally connected to a sidewalk, but some map them lines separately, so <b>watch out for false positives</b>. In general, crossings are designed to be part of a network, they should be connected to other features"
1427922996,way,not appliable,not appliable,"Crossings are generally connected to a sidewalk, but some map them lines separately, so <b>watch out for false positives</b>. In general, crossings are designed to be part of a network, they should be connected to other features"
1428900523,way,not appliable,not appliable,"Crossings are generally connected to a sidewalk, but some map them lines separately, so <b>watch out for false positives</b>. In general, crossings are designed to be part of a network, they should be connected to other features"
1428933533,way,not appliable,not appliable,"Crossings are generally connected to a sidewalk, but some map them lines separately, so <b>watch out for false positives</b>. In general, crossings are designed to be part of a network, they should be connected to other features"
1428933534,way,not appliable,not appliable,"Crossings are generally connected to a sidewalk, but some map them lines separately, so <b>watch out for false positives</b>. In general, crossings are designed to be part of a network, they should be connected to other features"
1428933535,way,not appliable,not appliable,"Crossings are generally connected to a sidewalk, but some map them lines separately, so <b>watch out for false positives</b>. In general, crossings are designed to be part of a network, they should be connected to other features"
1428933536,way,not appliable,not appliable,"Crossings are generally connected to a sidewalk, but some map them lines separately, so <b>watch out for false positives</b>. In general, crossings are designed to be part of a network, they should be connected to other features"
1429144578,way,not appliable,not appliable,"Crossings are generally connected to a sidewalk, but some map them lines separately, so <b>watch out for false positives</b>. In general, crossings are designed to be part of a network, they should be connected to other features"
1430121908,way,not appliable,not appliable,"Crossings are generally connected to a sidewalk, but some map them lines separately, so <b>watch out for false positives</b>. In general, crossings are designed to be part of a network, they should be connected to other features"
1430121909,way,not appliable,not appliable,"Crossings are generally connected to a sidewalk, but some map them lines separately, so <b>watch out for false positives</b>. In general, crossings are designed to be part of a network, they should be connected to other features"
1430126159,way,not appliable,not appliable,"Crossings are generally connected to a sidewalk, but some map them lines separately, so <b>watch out for false positives</b>. In general, crossings are designed to be part of a network, they should be connected to other features"
1430127793,way,not appliable,not appliable,"Crossings are generally connected to a sidewalk, but some map them lines separately, so <b>watch out for false positives</b>. In general, crossings are designed to be part of a network, they should be connected to other features"
1430150166,way,not appliable,not appliable,"Crossings are generally connected to a sidewalk, but some map them lines separately, so <b>watch out for false positives</b>. In general, crossings are designed to be part of a network, they should be connected to other features"
1430150167,way,not appliable,not appliable,"Crossings are generally connected to a sidewalk, but some map them lines separately, so <b>watch out for false positives</b>. In general, crossings are designed to be part of a network, they should be connected to other features"
1430154505,way,not appliable,not appliable,"Crossings are generally connected to a sidewalk, but some map them lines separately, so <b>watch out for false positives</b>. In general, crossings are designed to be part of a network, they should be connected to other features"
1431795072,way,not appliable,not appliable,"Crossings are generally connected to a sidewalk, but some map them lines separately, so <b>watch out for false positives</b>. In general, crossings are designed to be part of a network, they should be connected to other features"
1433964086,way,not appliable,not appliable,"Crossings are generally connected to a sidewalk, but some map them lines separately, so <b>watch out for false positives</b>. In general, crossings are designed to be part of a network, they should be connected to other features"
1442213106,way,not appliable,not appliable,"Crossings are generally connected to a sidewalk, but some map them lines separately, so <b>watch out for false positives</b>. In general, crossings are designed to be part of a network, they should be connected to other features"
1442951062,way,not appliable,not appliable,"Crossings are generally connected to a sidewalk, but some map them lines separately, so <b>watch out for false positives</b>. In general, crossings are designed to be part of a network, they should be connected to other features"
1443331428,way,not appliable,not appliable,"Crossings are generally connected to a sidewalk, but some map them lines separately, so <b>watch out for false positives</b>. In general, crossings are designed to be part of a network, they should be connected to other features"
1443331429,way,not appliable,not appliable,"Crossings are generally connected to a sidewalk, but some map them lines separately, so <b>watch out for false positives</b>. In general, crossings are designed to be part of a network, they should be connected to other features"
1443331430,way,not appliable,not appliable,"Crossings are generally connected to a sidewalk, but some map them lines separately, so <b>watch out for false positives</b>. In general, crossings are designed to be part of a network, they should be connected to other features"
1443331431,way,not appliable,not appliable,"Crossings are generally connected to a sidewalk, but some map them lines separately, so <b>watch out for false positives</b>. In general, crossings are designed to be part of a network, they should be connected to other features"
1443331432,way,not appliable,not appliable,"Crossings are generally connected to a sidewalk, but some map them lines separately, so <b>watch out for false positives</b>. In general, crossings are designed to be part of a network, they should be connected to other features"
1443331433,way,not appliable,not appliable,"Crossings are generally connected to a sidewalk, but some map them lines separately, so <b>watch out for false positives</b>. In general, crossings are designed to be part of a network, they should be connected to other features"
1443331434,way,not appliable,not appliable,"Crossings are generally connected to a sidewalk, but some map them lines separately, so <b>watch out for false positives</b>. In general, crossings are designed to be part of a network, they should be connected to other features"
1443331435,way,not appliable,not appliable,"Crossings are generally connected to a sidewalk, but some map them lines separately, so <b>watch out for false positives</b>. In general, crossings are designed to be part of a network, they should be connected to other features"
1443331436,way,not appliable,not appliable,"Crossings are generally connected to a sidewalk, but some map them lines separately, so <b>watch out for false positives</b>. In general, crossings are designed to be part of a network, they should be connected to other features"
1443331437,way,not appliable,not appliable,"Crossings are generally connected to a sidewalk, but some map them lines separately, so <b>watch out for false positives</b>. In general, crossings are designed to be part of a network, they should be connected to other features"
1443360090,way,not appliable,not appliable,"Crossings are generally connected to a sidewalk, but some map them lines separately, so <b>watch out for false positives</b>. In general, crossings are designed to be part of a network, they should be connected to other features"
1445312287,way,not appliable,not appliable,"Crossings are generally connected to a sidewalk, but some map them lines separately, so <b>watch out for false positives</b>. In general, crossings are designed to be part of a network, they should be connected to other features"
1445312290,way,not appliable,not appliable,"Crossings are generally connected to a sidewalk, but some map them lines separately, so <b>watch out for false positives</b>. In general, crossings are designed to be part of a network, they should be connected to other features"
1445312291,way,not appliable,not appliable,"Crossings are generally connected to a sidewalk, but some map them lines separately, so <b>watch out for false positives</b>. In general, crossings are designed to be part of a network, they should be connected to other features"
1445312292,way,not appliable,not appliable,"Crossings are generally connected to a sidewalk, but some map them lines separately, so <b>watch out for false positives</b>. In general, crossings are designed to be part of a network, they should be connected to other features"
1445312293,way,not appliable,not appliable,"Crossings are generally connected to a sidewalk, but some map them lines separately, so <b>watch out for false positives</b>. In general, crossings are designed to be part of a network, they should be connected to other features"
1445312294,way,not appliable,not appliable,"Crossings are generally connected to a sidewalk, but some map them lines separately, so <b>watch out for false positives</b>. In general, crossings are designed to be part of a network, they should be connected to other features"
1445312295,way,not appliable,not appliable,"Crossings are generally connected to a sidewalk, but some map them lines separately, so <b>watch out for false positives</b>. In general, crossings are designed to be part of a network, they should be connected to other features"
1445312296,way,not appliable,not appliable,"Crossings are generally connected to a sidewalk, but some map them lines separately, so <b>watch out for false positives</b>. In general, crossings are designed to be part of a network, they should be connected to other features"
1445312297,way,not appliable,not appliable,"Crossings are generally connected to a sidewalk, but some map them lines separately, so <b>watch out for false positives</b>. In general, crossings are designed to be part of a network, they should be connected to other features"
1445312298,way,not appliable,not appliable,"Crossings are generally connected to a sidewalk, but some map them lines separately, so <b>watch out for false positives</b>. In general, crossings are designed to be part of a network, they should be connected to other features"
1445312301,way,not appliable,not appliable,"Crossings are generally connected to a sidewalk, but some map them lines separately, so <b>watch out for false positives</b>. In general, crossings are designed to be part of a network, they should be connected to other features"
1445312303,way,not appliable,not appliable,"Crossings are generally connected to a sidewalk, but some map them lines separately, so <b>watch out for false positives</b>. In general, crossings are designed to be part of a network, they should be connected to other features"
1445312304,way,not appliable,not appliable,"Crossings are generally connected to a sidewalk, but some map them lines separately, so <b>watch out for false positives</b>. In general, crossings are designed to be part of a network, they should be connected to other features"
1450175529,way,not appliable,not appliable,"Crossings are generally connected to a sidewalk, but some map them lines separately, so <b>watch out for false positives</b>. In general, crossings are designed to be part of a network, they should be connected to other features"
1450770084,way,not appliable,not appliable,"Crossings are generally connected to a sidewalk, but some map them lines separately, so <b>watch out for false positives</b>. In general, crossings are designed to be part of a network, they should be connected to other features"
1450770085,way,not appliable,not appliable,"Crossings are generally connected to a sidewalk, but some map them lines separately, so <b>watch out for false positives</b>. In general, crossings are designed to be part of a network, they should be connected to other features"
1450770087,way,not appliable,not appliable,"Crossings are generally connected to a sidewalk, but some map them lines separately, so <b>watch out for false positives</b>. In general, crossings are designed to be part of a network, they should be connected to other features"
1450770088,way,not appliable,not appliable,"Crossings are generally connected to a sidewalk, but some map them lines separately, so <b>watch out for false positives</b>. In general, crossings are designed to be part of a network, they should be connected to other features"
1450770089,way,not appliable,not appliable,"Crossings are generally connected to a sidewalk, but some map them lines separately, so <b>watch out for false positives</b>. In general, crossings are designed to be part of a network, they should be connected to other features"
1450770090,way,not appliable,not appliable,"Crossings are generally connected to a sidewalk, but some map them lines separately, so <b>watch out for false positives</b>. In general, crossings are designed to be part of a network, they should be connected to other features"
1450770091,way,not appliable,not appliable,"Crossings are generally connected to a sidewalk, but some map them lines separately, so <b>watch out for false positives</b>. In general, crossings are designed to be part of a network, they should be connected to other features"
1451568825,way,not appliable,not appliable,"Crossings are generally connected to a sidewalk, but some map them lines separately, so <b>watch out for false positives</b>. In general, crossings are designed to be part of a network, they should be connected to other features"
1452552366,way,not appliable,not appliable,"Crossings are generally connected to a sidewalk, but some map them lines separately, so <b>watch out for false positives</b>. In general, crossings are designed to be part of a network, they should be connected to other features"
1452555228,way,not appliable,not appliable,"Crossings are generally connected to a sidewalk, but some map them lines separately, so <b>watch out for false positives</b>. In general, crossings are designed to be part of a network, they should be connected to other features"
1455857866,way,not appliable,not appliable,"Crossings are generally connected to a sidewalk, but some map them lines separately, so <b>watch out for false positives</b>. In general, crossings are designed to be part of a network, they should be connected to other features"
1455857868,way,not appliable,not appliable,"Crossings are generally connected to a sidewalk, but some map them lines separately, so <b>watch out for false positives</b>. In general, crossings are designed to be part of a network, they should be connected to other features"
1460471586,way,not appliable,not appliable,"Crossings are generally connected to a sidewalk, but some map them lines separately, so <b>watch out for false positives</b>. In general, crossings are designed to be part of a network, they should be connected to other features"
1460729991,way,not appliable,not appliable,"Crossings are generally connected to a sidewalk, but some map them lines separately, so <b>watch out for false positives</b>. In general, crossings are designed to be part of a network, they should be connected to other features"
1461316140,way,not appliable,not appliable,"Crossings are generally connected to a sidewalk, but some map them lines separately, so <b>watch out for false positives</b>. In general, crossings are designed to be part of a network, they should be connected to other features"
1461876387,way,not appliable,not appliable,"Crossings are generally connected to a sidewalk, but some map them lines separately, so <b>watch out for false positives</b>. In general, crossings are designed to be part of a network, they should be connected to other features"
1461876388,way,not appliable,not appliable,"Crossings are generally connected to a sidewalk, but some map them lines separately, so <b>watch out for false positives</b>. In general, crossings are designed to be part of a network, they should be connected to other features"
1461883928,way,not appliable,not appliable,"Crossings are generally connected to a sidewalk, but some map them lines separately, so <b>watch out for false positives</b>. In general, crossings are designed to be part of a network, they should be connected to other features"
1461883930,way,not appliable,not appliable,"Crossings are generally connected to a sidewalk, but some map them lines separately, so <b>watch out for false positives</b>. In general, crossings are designed to be part of a network, they should be connected to other features"
1462870745,way,not appliable,not appliable,"Crossings are generally connected to a sidewalk, but some map them lines separately, so <b>watch out for false positives</b>. In general, crossings are designed to be part of a network, they should be connected to other features"
1463695940,way,not appliable,not appliable,"Crossings are generally connected to a sidewalk, but some map them lines separately, so <b>watch out for false positives</b>. In general, crossings are designed to be part of a network, they should be connected to other features"
1463729206,way,not appliable,not appliable,"Crossings are generally connected to a sidewalk, but some map them lines separately, so <b>watch out for false positives</b>. In general, crossings are designed to be part of a network, they should be connected to other features"
1464320243,way,not appliable,not appliable,"Crossings are generally connected to a sidewalk, but some map them lines separately, so <b>watch out for false positives</b>. In general, crossings are designed to be part of a network, they should be connected to other features"
1464320244,way,not appliable,not appliable,"Crossings are generally connected to a sidewalk, but some map them lines separately, so <b>watch out for false positives</b>. In general, crossings are designed to be part of a network, they should be connected to other features"
1464322838,way,not appliable,not appliable,"Crossings are generally connected to a sidewalk, but some map them lines separately, so <b>watch out for false positives</b>. In general, crossings are designed to be part of a network, they should be connected to other features"
1464322839,way,not appliable,not appliable,"Crossings are generally connected to a sidewalk, but some map them lines separately, so <b>watch out for false positives</b>. In general, crossings are designed to be part of a network, they should be connected to other features"
1464330764,way,not appliable,not appliable,"Crossings are generally connected to a sidewalk, but some map them lines separately, so <b>watch out for false positives</b>. In general, crossings are designed to be part of a network, they should be connected to other features"
1466774204,way,not appliable,not appliable,"Crossings are generally connected to a sidewalk, but some map them lines separately, so <b>watch out for false positives</b>. In general, crossings are designed to be part of a network, they should be connected to other features"
1466774205,way,not appliable,not appliable,"Crossings are generally connected to a sidewalk, but some map them lines separately, so <b>watch out for false positives</b>. In general, crossings are designed to be part of a network, they should be connected to other features"
1476291402,way,not appliable,not appliable,"Crossings are generally connected to a sidewalk, but some map them lines separately, so <b>watch out for false positives</b>. In general, crossings are designed to be part of a network, they should be connected to other features"
1476291403,way,not appliable,not appliable,"Crossings are generally connected to a sidewalk, but some map them lines separately, so <b>watch out for false positives</b>. In general, crossings are designed to be part of a network, they should be connected to other features"
1476291404,way,not appliable,not appliable,"Crossings are generally connected to a sidewalk, but some map them lines separately, so <b>watch out for false positives</b>. In general, crossings are designed to be part of a network, they should be connected to other features"
1476291407,way,not appliable,not appliable,"Crossings are generally connected to a sidewalk, but some map them lines separately, so <b>watch out for false positives</b>. In general, crossings are designed to be part of a network, they should be connected to other features"
1476291409,way,not appliable,not appliable,"Crossings are generally connected to a sidewalk, but some map them lines separately, so <b>watch out for false positives</b>. In general, crossings are designed to be part of a network, they should be connected to other features"
1480009548,way,not appliable,not appliable,"Crossings are generally connected to a sidewalk, but some map them lines separately, so <b>watch out for false positives</b>. In general, crossings are designed to be part of a network, they should be connected to other features"
1480009549,way,not appliable,not appliable,"Crossings are generally connected to a sidewalk, but some map them lines separately, so <b>watch out for false positives</b>. In general, crossings are designed to be part of a network, they should be connected to other features"
1480009559,way,not appliable,not appliable,"Crossings are generally connected to a sidewalk, but some map them lines separately, so <b>watch out for false positives</b>. In general, crossings are designed to be part of a network, they should be connected to other features"
1480009560,way,not appliable,not appliable,"Crossings are generally connected to a sidewalk, but some map them lines separately, so <b>watch out for false positives</b>. In general, crossings are designed to be part of a network, they should be connected to other features"
1480009561,way,not appliable,not appliable,"Crossings are generally connected to a sidewalk, but some map them lines separately, so <b>watch out for false positives</b>. In general, crossings are designed to be part of a network, they should be connected to other features"
1480009562,way,not appliable,not appliable,"Crossings are generally connected to a sidewalk, but some map them lines separately, so <b>watch out for false positives</b>. In general, crossings are designed to be part of a network, they should be connected to other features"
1480009566,way,not appliable,not appliable,"Crossings are generally connected to a sidewalk, but some map them lines separately, so <b>watch out for false positives</b>. In general, crossings are designed to be part of a network, they should be connected to other features"
1480009567,way,not appliable,not appliable,"Crossings are generally connected to a sidewalk, but some map them lines separately, so <b>watch out for false positives</b>. In general, crossings are designed to be part of a network, they should be connected to other features"
1480009568,way,not appliable,not appliable,"Crossings are generally connected to a sidewalk, but some map them lines separately, so <b>watch out for false positives</b>. In general, crossings are designed to be part of a network, they should be connected to other features"
1480009569,way,not appliable,not appliable,"Crossings are generally connected to a sidewalk, but some map them lines separately, so <b>watch out for false positives</b>. In general, crossings are designed to be part of a network, they should be connected to other features"
1480009570,way,not appliable,not appliable,"Crossings are generally connected to a sidewalk, but some map them lines separately, so <b>watch out for false positives</b>. In general, crossings are designed to be part of a network, they should be connected to other features"
1480009571,way,not appliable,not appliable,"Crossings are generally connected to a sidewalk, but some map them lines separately, so <b>watch out for false positives</b>. In general, crossings are designed to be part of a network, they should be connected to other features"
1480009574,way,not appliable,not appliable,"Crossings are generally connected to a sidewalk, but some map them lines separately, so <b>watch out for false positives</b>. In general, crossings are designed to be part of a network, they should be connected to other features"
1480009575,way,not appliable,not appliable,"Crossings are generally connected to a sidewalk, but some map them lines separately, so <b>watch out for false positives</b>. In general, crossings are designed to be part of a network, they should be connected to other features"
1480009576,way,not appliable,not appliable,"Crossings are generally connected to a sidewalk, but some map them lines separately, so <b>watch out for false positives</b>. In general, crossings are designed to be part of a network, they should be connected to other features"
1480009577,way,not appliable,not appliable,"Crossings are generally connected to a sidewalk, but some map them lines separately, so <b>watch out for false positives</b>. In general, crossings are designed to be part of a network, they should be connected to other features"
1480009578,way,not appliable,not appliable,"Crossings are generally connected to a sidewalk, but some map them lines separately, so <b>watch out for false positives</b>. In general, crossings are designed to be part of a network, they should be connected to other features"
1480009579,way,not appliable,not appliable,"Crossings are generally connected to a sidewalk, but some map them lines separately, so <b>watch out for false positives</b>. In general, crossings are designed to be part of a network, they should be connected to other features"
1480009580,way,not appliable,not appliable,"Crossings are generally connected to a sidewalk, but some map them lines separately, so <b>watch out for false positives</b>. In general, crossings are designed to be part of a network, they should be connected to other features"
1480009581,way,not appliable,not appliable,"Crossings are generally connected to a sidewalk, but some map them lines separately, so <b>watch out for false positives</b>. In general, crossings are designed to be part of a network, they should be connected to other features"
1482753191,way,not appliable,not appliable,"Crossings are generally connected to a sidewalk, but some map them lines separately, so <b>watch out for false positives</b>. In general, crossings are designed to be part of a network, they should be connected to other features"
1484762415,way,not appliable,not appliable,"Crossings are generally connected to a sidewalk, but some map them lines separately, so <b>watch out for false positives</b>. In general, crossings are designed to be part of a network, they should be connected to other features"
1484762417,way,not appliable,not appliable,"Crossings are generally connected to a sidewalk, but some map them lines separately, so <b>watch out for false positives</b>. In general, crossings are designed to be part of a network, they should be connected to other features"
1487439632,way,not appliable,not appliable,"Crossings are generally connected to a sidewalk, but some map them lines separately, so <b>watch out for false positives</b>. In general, crossings are designed to be part of a network, they should be connected to other features"
1509721178,way,not appliable,not appliable,"Crossings are generally connected to a sidewalk, but some map them lines separately, so <b>watch out for false positives</b>. In general, crossings are designed to be part of a network, they should be connected to other features"
1513271492,way,not appliable,not appliable,"Crossings are generally connected to a sidewalk, but some map them lines separately, so <b>watch out for false positives</b>. In general, crossings are designed to be part of a network, they should be connected to other features"
1513276517,way,not appliable,not appliable,"Crossings are generally connected to a sidewalk, but some map them lines separately, so <b>watch out for false positives</b>. In general, crossings are designed to be part of a network, they should be connected to other features"
1513869180,way,not appliable,not appliable,"Crossings are generally connected to a sidewalk, but some map them lines separately, so <b>watch out for false positives</b>. In general, crossings are designed to be part of a network, they should be connected to other features"
1515747352,way,not appliable,not appliable,"Crossings are generally connected to a sidewalk, but some map them lines separately, so <b>watch out for false positives</b>. In general, crossings are designed to be part of a network, they should be connected to other features"
1516695073,way,not appliable,not appliable,"Crossings are generally connected to a sidewalk, but some map them lines separately, so <b>watch out for false positives</b>. In general, crossings are designed to be part of a network, they should be connected to other features"
1516695074,way,not appliable,not appliable,"Crossings are generally connected to a sidewalk, but some map them lines separately, so <b>watch out for false positives</b>. In general, crossings are designed to be part of a network, they should be connected to other features"
1516695075,way,not appliable,not appliable,"Crossings are generally connected to a sidewalk, but some map them lines separately, so <b>watch out for false positives</b>. In general, crossings are designed to be part of a network, they should be connected to other features"
1521214177,way,not appliable,not appliable,"Crossings are generally connected to a sidewalk, but some map them lines separately, so <b>watch out for false positives</b>. In general, crossings are designed to be part of a network, they should be connected to other features"
1523859638,way,not appliable,not appliable,"Crossings are generally connected to a sidewalk, but some map them lines separately, so <b>watch out for false positives</b>. In general, crossings are designed to be part of a network, they should be connected to other features"
1523859639,way,not appliable,not appliable,"Crossings are generally connected to a sidewalk, but some map them lines separately, so <b>watch out for false positives</b>. In general, crossings are designed to be part of a network, they should be connected to other features"
1523859640,way,not appliable,not appliable,"Crossings are generally connected to a sidewalk, but some map them lines separately, so <b>watch out for false positives</b>. In general, crossings are designed to be part of a network, they should be connected to other features"
1524221182,way,not appliable,not appliable,"Crossings are generally connected to a sidewalk, but some map them lines separately, so <b>watch out for false positives</b>. In general, crossings are designed to be part of a network, they should be connected to other features"
1524221188,way,not appliable,not appliable,"Crossings are generally connected to a sidewalk, but some map them lines separately, so <b>watch out for false positives</b>. In general, crossings are designed to be part of a network, they should be connected to other features"
1524221196,way,not appliable,not appliable,"Crossings are generally connected to a sidewalk, but some map them lines separately, so <b>watch out for false positives</b>. In general, crossings are designed to be part of a network, they should be connected to other features"
1524221197,way,not appliable,not appliable,"Crossings are generally connected to a sidewalk, but some map them lines separately, so <b>watch out for false positives</b>. In general, crossings are designed to be part of a network, they should be connected to other features"
1524221200,way,not appliable,not appliable,"Crossings are generally connected to a sidewalk, but some map them lines separately, so <b>watch out for false positives</b>. In general, crossings are designed to be part of a network, they should be connected to other features"
1524221202,way,not appliable,not appliable,"Crossings are generally connected to a sidewalk, but some map them lines separately, so <b>watch out for false positives</b>. In general, crossings are designed to be part of a network, they should be connected to other features"
1524221207,way,not appliable,not appliable,"Crossings are generally connected to a sidewalk, but some map them lines separately, so <b>watch out for false positives</b>. In general, crossings are designed to be part of a network, they should be connected to other features"
1524998303,way,not appliable,not appliable,"Crossings are generally connected to a sidewalk, but some map them lines separately, so <b>watch out for false positives</b>. In general, crossings are designed to be part of a network, they should be connected to other features"
1524998305,way,not appliable,not appliable,"Crossings are generally connected to a sidewalk, but some map them lines separately, so <b>watch out for false positives</b>. In general, crossings are designed to be part of a network, they should be connected to other features"
1524998306,way,not appliable,not appliable,"Crossings are generally connected to a sidewalk, but some map them lines separately, so <b>watch out for false positives</b>. In general, crossings are designed to be part of a network, they should be connected to other features"
1529944671,way,not appliable,not appliable,"Crossings are generally connected to a sidewalk, but some map them lines separately, so <b>watch out for false positives</b>. In general, crossings are designed to be part of a network, they should be connected to other features"
1530523389,way,not appliable,not appliable,"Crossings are generally connected to a sidewalk, but some map them lines separately, so <b>watch out for false positives</b>. In general, crossings are designed to be part of a network, they should be connected to other features"
1537091262,way,not appliable,not appliable,"Crossings are generally connected to a sidewalk, but some map them lines separately, so <b>watch out for false positives</b>. In general, crossings are designed to be part of a network, they should be connected to other features"
1538971205,way,not appliable,not appliable,"Crossings are generally connected to a sidewalk, but some map them lines separately, so <b>watch out for false positives</b>. In general, crossings are designed to be part of a network, they should be connected to other features"
1538991438,way,not appliable,not appliable,"Crossings are generally connected to a sidewalk, but some map them lines separately, so <b>watch out for false positives</b>. In general, crossings are designed to be part of a network, they should be connected to other features"
1539077972,way,not appliable,not appliable,"Crossings are generally connected to a sidewalk, but some map them lines separately, so <b>watch out for false positives</b>. In general, crossings are designed to be part of a network, they should be connected to other features"
1539685422,way,not appliable,not appliable,"Crossings are generally connected to a sidewalk, but some map them lines separately, so <b>watch out for false positives</b>. In general, crossings are designed to be part of a network, they should be connected to other features"
1539685423,way,not appliable,not appliable,"Crossings are generally connected to a sidewalk, but some map them lines separately, so <b>watch out for false positives</b>. In general, crossings are designed to be part of a network, they should be connected to other features"
1540946669,way,not appliable,not appliable,"Crossings are generally connected to a sidewalk, but some map them lines separately, so <b>watch out for false positives</b>. In general, crossings are designed to be part of a network, they should be connected to other features"
1540954030,way,not appliable,not appliable,"Crossings are generally connected to a sidewalk, but some map them lines separately, so <b>watch out for false positives</b>. In general, crossings are designed to be part of a network, they should be connected to other features"
1541228065,way,not appliable,not appliable,"Crossings are generally connected to a sidewalk, but some map them lines separately, so <b>watch out for false positives</b>. In general, crossings are designed to be part of a network, they should be connected to other features"
1542794828,way,not appliable,not appliable,"Crossings are generally connected to a sidewalk, but some map them lines separately, so <b>watch out for false positives</b>. In general, crossings are designed to be part of a network, they should be connected to other features"
1542794841,way,not appliable,not appliable,"Crossings are generally connected to a sidewalk, but some map them lines separately, so <b>watch out for false positives</b>. In general, crossings are designed to be part of a network, they should be connected to other features"
1542794848,way,not appliable,not appliable,"Crossings are generally connected to a sidewalk, but some map them lines separately, so <b>watch out for false positives</b>. In general, crossings are designed to be part of a network, they should be connected to other features"
1542794861,way,not appliable,not appliable,"Crossings are generally connected to a sidewalk, but some map them lines separately, so <b>watch out for false positives</b>. In general, crossings are designed to be part of a network, they should be connected to other features"
1542794862,way,not appliable,not appliable,"Crossings are generally connected to a sidewalk, but some map them lines separately, so <b>watch out for false positives</b>. In general, crossings are designed to be part of a network, they should be connected to other features"
1542808272,way,not appliable,not appliable,"Crossings are generally connected to a sidewalk, but some map them lines separately, so <b>watch out for false positives</b>. In general, crossings are designed to be part of a network, they should be connected to other features"
1542808273,way,not appliable,not appliable,"Crossings are generally connected to a sidewalk, but some map them lines separately, so <b>watch out for false positives</b>. In general, crossings are designed to be part of a network, they should be connected to other features"
1547791834,way,not appliable,not appliable,"Crossings are generally connected to a sidewalk, but some map them lines separately, so <b>watch out for false positives</b>. In general, crossings are designed to be part of a network, they should be connected to other features"
1547823374,way,not appliable,not appliable,"Crossings are generally connected to a sidewalk, but some map them lines separately, so <b>watch out for false positives</b>. In general, crossings are designed to be part of a network, they should be connected to other features"
1547824709,way,not appliable,not appliable,"Crossings are generally connected to a sidewalk, but some map them lines separately, so <b>watch out for false positives</b>. In general, crossings are designed to be part of a network, they should be connected to other features"
1547824714,way,not appliable,not appliable,"Crossings are generally connected to a sidewalk, but some map them lines separately, so <b>watch out for false positives</b>. In general, crossings are designed to be part of a network, they should be connected to other features"
1547825296,way,not appliable,not appliable,"Crossings are generally connected to a sidewalk, but some map them lines separately, so <b>watch out for false positives</b>. In general, crossings are designed to be part of a network, they should be connected to other features"
1547825977,way,not appliable,not appliable,"Crossings are generally connected to a sidewalk, but some map them lines separately, so <b>watch out for false positives</b>. In general, crossings are designed to be part of a network, they should be connected to other features"
1547827648,way,not appliable,not appliable,"Crossings are generally connected to a sidewalk, but some map them lines separately, so <b>watch out for false positives</b>. In general, crossings are designed to be part of a network, they should be connected to other features"
1547835229,way,not appliable,not appliable,"Crossings are generally connected to a sidewalk, but some map them lines separately, so <b>watch out for false positives</b>. In general, crossings are designed to be part of a network, they should be connected to other features"
1547835230,way,not appliable,not appliable,"Crossings are generally connected to a sidewalk, but some map them lines separately, so <b>watch out for false positives</b>. In general, crossings are designed to be part of a network, they should be connected to other features"
1547837861,way,not appliable,not appliable,"Crossings are generally connected to a sidewalk, but some map them lines separately, so <b>watch out for false positives</b>. In general, crossings are designed to be part of a network, they should be connected to other features"
1547850583,way,not appliable,not appliable,"Crossings are generally connected to a sidewalk, but some map them lines separately, so <b>watch out for false positives</b>. In general, crossings are designed to be part of a network, they should be connected to other features"
1547850584,way,not appliable,not appliable,"Crossings are generally connected to a sidewalk, but some map them lines separately, so <b>watch out for false positives</b>. In general, crossings are designed to be part of a network, they should be connected to other features"
1547857981,way,not appliable,not appliable,"Crossings are generally connected to a sidewalk, but some map them lines separately, so <b>watch out for false positives</b>. In general, crossings are designed to be part of a network, they should be connected to other features"
1547857982,way,not appliable,not appliable,"Crossings are generally connected to a sidewalk, but some map them lines separately, so <b>watch out for false positives</b>. In general, crossings are designed to be part of a network, they should be connected to other features"
1547903407,way,not appliable,not appliable,"Crossings are generally connected to a sidewalk, but some map them lines separately, so <b>watch out for false positives</b>. In general, crossings are designed to be part of a network, they should be connected to other features"
1547933510,way,not appliable,not appliable,"Crossings are generally connected to a sidewalk, but some map them lines separately, so <b>watch out for false positives</b>. In general, crossings are designed to be part of a network, they should be connected to other features"
1548504186,way,not appliable,not appliable,"Crossings are generally connected to a sidewalk, but some map them lines separately, so <b>watch out for false positives</b>. In general, crossings are designed to be part of a network, they should be connected to other features"
1548511984,way,not appliable,not appliable,"Crossings are generally connected to a sidewalk, but some map them lines separately, so <b>watch out for false positives</b>. In general, crossings are designed to be part of a network, they should be connected to other features"
1548511987,way,not appliable,not appliable,"Crossings are generally connected to a sidewalk, but some map them lines separately, so <b>watch out for false positives</b>. In general, crossings are designed to be part of a network, they should be connected to other features"
1548524426,way,not appliable,not appliable,"Crossings are generally connected to a sidewalk, but some map them lines separately, so <b>watch out for false positives</b>. In general, crossings are designed to be part of a network, they should be connected to other features"
1548524427,way,not appliable,not appliable,"Crossings are generally connected to a sidewalk, but some map them lines separately, so <b>watch out for false positives</b>. In general, crossings are designed to be part of a network, they should be connected to other features"
1548545035,way,not appliable,not appliable,"Crossings are generally connected to a sidewalk, but some map them lines separately, so <b>watch out for false positives</b>. In general, crossings are designed to be part of a network, they should be connected to other features"
1548545036,way,not appliable,not appliable,"Crossings are generally connected to a sidewalk, but some map them lines separately, so <b>watch out for false positives</b>. In general, crossings are designed to be part of a network, they should be connected to other features"
1548545037,way,not appliable,not appliable,"Crossings are generally connected to a sidewalk, but some map them lines separately, so <b>watch out for false positives</b>. In general, crossings are designed to be part of a network, they should be connected to other features"
1548545038,way,not appliable,not appliable,"Crossings are generally connected to a sidewalk, but some map them lines separately, so <b>watch out for false positives</b>. In general, crossings are designed to be part of a network, they should be connected to other features"
1548549016,way,not appliable,not appliable,"Crossings are generally connected to a sidewalk, but some map them lines separately, so <b>watch out for false positives</b>. In general, crossings are designed to be part of a network, they should be connected to other features"
1548603369,way,not appliable,not appliable,"Crossings are generally connected to a sidewalk, but some map them lines separately, so <b>watch out for false positives</b>. In general, crossings are designed to be part of a network, they should be connected to other features"
1549011605,way,not appliable,not appliable,"Crossings are generally connected to a sidewalk, but some map them lines separately, so <b>watch out for false positives</b>. In general, crossings are designed to be part of a network, they should be connected to other features"
1549011606,way,not appliable,not appliable,"Crossings are generally connected to a sidewalk, but some map them lines separately, so <b>watch out for false positives</b>. In general, crossings are designed to be part of a network, they should be connected to other features"
1549062114,way,not appliable,not appliable,"Crossings are generally connected to a sidewalk, but some map them lines separately, so <b>watch out for false positives</b>. In general, crossings are designed to be part of a network, they should be connected to other features"
1549062116,way,not appliable,not appliable,"Crossings are generally connected to a sidewalk, but some map them lines separately, so <b>watch out for false positives</b>. In general, crossings are designed to be part of a network, they should be connected to other features"
1549062117,way,not appliable,not appliable,"Crossings are generally connected to a sidewalk, but some map them lines separately, so <b>watch out for false positives</b>. In general, crossings are designed to be part of a network, they should be connected to other features"
1549062118,way,not appliable,not appliable,"Crossings are generally connected to a sidewalk, but some map them lines separately, so <b>watch out for false positives</b>. In general, crossings are designed to be part of a network, they should be connected to other features"
1549097451,way,not appliable,not appliable,"Crossings are generally connected to a sidewalk, but some map them lines separately, so <b>watch out for false positives</b>. In general, crossings are designed to be part of a network, they should be connected to other features"
1549097453,way,not appliable,not appliable,"Crossings are generally connected to a sidewalk, but some map them lines separately, so <b>watch out for false positives</b>. In general, crossings are designed to be part of a network, they should be connected to other features"
1549129130,way,not appliable,not appliable,"Crossings are generally connected to a sidewalk, but some map them lines separately, so <b>watch out for false positives</b>. In general, crossings are designed to be part of a network, they should be connected to other features"
1549129131,way,not appliable,not appliable,"Crossings are generally connected to a sidewalk, but some map them lines separately, so <b>watch out for false positives</b>. In general, crossings are designed to be part of a network, they should be connected to other features"
1549130915,way,not appliable,not appliable,"Crossings are generally connected to a sidewalk, but some map them lines separately, so <b>watch out for false positives</b>. In general, crossings are designed to be part of a network, they should be connected to other features"
1549130916,way,not appliable,not appliable,"Crossings are generally connected to a sidewalk, but some map them lines separately, so <b>watch out for false positives</b>. In general, crossings are designed to be part of a network, they should be connected to other features"
1549152201,way,not appliable,not appliable,"Crossings are generally connected to a sidewalk, but some map them lines separately, so <b>watch out for false positives</b>. In general, crossings are designed to be part of a network, they should be connected to other features"
1549152202,way,not appliable,not appliable,"Crossings are generally connected to a sidewalk, but some map them lines separately, so <b>watch out for false positives</b>. In general, crossings are designed to be part of a network, they should be connected to other features"
1549159496,way,not appliable,not appliable,"Crossings are generally connected to a sidewalk, but some map them lines separately, so <b>watch out for false positives</b>. In general, crossings are designed to be part of a network, they should be connected to other features"
1549159497,way,not appliable,not appliable,"Crossings are generally connected to a sidewalk, but some map them lines separately, so <b>watch out for false positives</b>. In general, crossings are designed to be part of a network, they should be connected to other features"
1549236800,way,not appliable,not appliable,"Crossings are generally connected to a sidewalk, but some map them lines separately, so <b>watch out for false positives</b>. In general, crossings are designed to be part of a network, they should be connected to other features"
1549236801,way,not appliable,not appliable,"Crossings are generally connected to a sidewalk, but some map them lines separately, so <b>watch out for false positives</b>. In general, crossings are designed to be part of a network, they should be connected to other features"
1549236802,way,not appliable,not appliable,"Crossings are generally connected to a sidewalk, but some map them lines separately, so <b>watch out for false positives</b>. In general, crossings are designed to be part of a network, they should be connected to other features"
1549236803,way,not appliable,not appliable,"Crossings are generally connected to a sidewalk, but some map them lines separately, so <b>watch out for false positives</b>. In general, crossings are designed to be part of a network, they should be connected to other features"
1549246914,way,not appliable,not appliable,"Crossings are generally connected to a sidewalk, but some map them lines separately, so <b>watch out for false positives</b>. In general, crossings are designed to be part of a network, they should be connected to other features"
1549246915,way,not appliable,not appliable,"Crossings are generally connected to a sidewalk, but some map them lines separately, so <b>watch out for false positives</b>. In general, crossings are designed to be part of a network, they should be connected to other features"
1549256332,way,not appliable,not appliable,"Crossings are generally connected to a sidewalk, but some map them lines separately, so <b>watch out for false positives</b>. In general, crossings are designed to be part of a network, they should be connected to other features"
1549256339,way,not appliable,not appliable,"Crossings are generally connected to a sidewalk, but some map them lines separately, so <b>watch out for false positives</b>. In general, crossings are designed to be part of a network, they should be connected to other features"
1549256340,way,not appliable,not appliable,"Crossings are generally connected to a sidewalk, but some map them lines separately, so <b>watch out for false positives</b>. In general, crossings are designed to be part of a network, they should be connected to other features"
1549256347,way,not appliable,not appliable,"Crossings are generally connected to a sidewalk, but some map them lines separately, so <b>watch out for false positives</b>. In general, crossings are designed to be part of a network, they should be connected to other features"
1549256348,way,not appliable,not appliable,"Crossings are generally connected to a sidewalk, but some map them lines separately, so <b>watch out for false positives</b>. In general, crossings are designed to be part of a network, they should be connected to other features"
1549256349,way,not appliable,not appliable,"Crossings are generally connected to a sidewalk, but some map them lines separately, so <b>watch out for false positives</b>. In general, crossings are designed to be part of a network, they should be connected to other features"
1549256350,way,not appliable,not appliable,"Crossings are generally connected to a sidewalk, but some map them lines separately, so <b>watch out for false positives</b>. In general, crossings are designed to be part of a network, they should be connected to other features"
1549256351,way,not appliable,not appliable,"Crossings are generally connected to a sidewalk, but some map them lines separately, so <b>watch out for false positives</b>. In general, crossings are designed to be part of a network, they should be connected to other features"
1549262444,way,not appliable,not appliable,"Crossings are generally connected to a sidewalk, but some map them lines separately, so <b>watch out for false positives</b>. In general, crossings are designed to be part of a network, they should be connected to other features"
1549262454,way,not appliable,not appliable,"Crossings are generally connected to a sidewalk, but some map them lines separately, so <b>watch out for false positives</b>. In general, crossings are designed to be part of a network, they should be connected to other features"
1549262455,way,not appliable,not appliable,"Crossings are generally connected to a sidewalk, but some map them lines separately, so <b>watch out for false positives</b>. In general, crossings are designed to be part of a network, they should be connected to other features"
1549262456,way,not appliable,not appliable,"Crossings are generally connected to a sidewalk, but some map them lines separately, so <b>watch out for false positives</b>. In general, crossings are designed to be part of a network, they should be connected to other features"
1549397946,way,not appliable,not appliable,"Crossings are generally connected to a sidewalk, but some map them lines separately, so <b>watch out for false positives</b>. In general, crossings are designed to be part of a network, they should be connected to other features"
1549397951,way,not appliable,not appliable,"Crossings are generally connected to a sidewalk, but some map them lines separately, so <b>watch out for false positives</b>. In general, crossings are designed to be part of a network, they should be connected to other features"
1549397952,way,not appliable,not appliable,"Crossings are generally connected to a sidewalk, but some map them lines separately, so <b>watch out for false positives</b>. In general, crossings are designed to be part of a network, they should be connected to other features"
1549439728,way,not appliable,not appliable,"Crossings are generally connected to a sidewalk, but some map them lines separately, so <b>watch out for false positives</b>. In general, crossings are designed to be part of a network, they should be connected to other features"
1549444205,way,not appliable,not appliable,"Crossings are generally connected to a sidewalk, but some map them lines separately, so <b>watch out for false positives</b>. In general, crossings are designed to be part of a network, they should be connected to other features"
1549444206,way,not appliable,not appliable,"Crossings are generally connected to a sidewalk, but some map them lines separately, so <b>watch out for false positives</b>. In general, crossings are designed to be part of a network, they should be connected to other features"
1549444209,way,not appliable,not appliable,"Crossings are generally connected to a sidewalk, but some map them lines separately, so <b>watch out for false positives</b>. In general, crossings are designed to be part of a network, they should be connected to other features"
1549450256,way,not appliable,not appliable,"Crossings are generally connected to a sidewalk, but some map them lines separately, so <b>watch out for false positives</b>. In general, crossings are designed to be part of a network, they should be connected to other features"
1549450259,way,not appliable,not appliable,"Crossings are generally connected to a sidewalk, but some map them lines separately, so <b>watch out for false positives</b>. In general, crossings are designed to be part of a network, they should be connected to other features"
1549550736,way,not appliable,not appliable,"Crossings are generally connected to a sidewalk, but some map them lines separately, so <b>watch out for false positives</b>. In general, crossings are designed to be part of a network, they should be connected to other features"
1549550737,way,not appliable,not appliable,"Crossings are generally connected to a sidewalk, but some map them lines separately, so <b>watch out for false positives</b>. In general, crossings are designed to be part of a network, they should be connected to other features"
1549569459,way,not appliable,not appliable,"Crossings are generally connected to a sidewalk, but some map them lines separately, so <b>watch out for false positives</b>. In general, crossings are designed to be part of a network, they should be connected to other features"
1549569460,way,not appliable,not appliable,"Crossings are generally connected to a sidewalk, but some map them lines separately, so <b>watch out for false positives</b>. In general, crossings are designed to be part of a network, they should be connected to other features"
1549615643,way,not appliable,not appliable,"Crossings are generally connected to a sidewalk, but some map them lines separately, so <b>watch out for false positives</b>. In general, crossings are designed to be part of a network, they should be connected to other features"
1550001880,way,not appliable,not appliable,"Crossings are generally connected to a sidewalk, but some map them lines separately, so <b>watch out for false positives</b>. In general, crossings are designed to be part of a network, they should be connected to other features"
1550001881,way,not appliable,not appliable,"Crossings are generally connected to a sidewalk, but some map them lines separately, so <b>watch out for false positives</b>. In general, crossings are designed to be part of a network, they should be connected to other features"
1550262250,way,not appliable,not appliable,"Crossings are generally connected to a sidewalk, but some map them lines separately, so <b>watch out for false positives</b>. In general, crossings are designed to be part of a network, they should be connected to other features"
1550262251,way,not appliable,not appliable,"Crossings are generally connected to a sidewalk, but some map them lines separately, so <b>watch out for false positives</b>. In general, crossings are designed to be part of a network, they should be connected to other features"
1550262258,way,not appliable,not appliable,"Crossings are generally connected to a sidewalk, but some map them lines separately, so <b>watch out for false positives</b>. In general, crossings are designed to be part of a network, they should be connected to other features"
1550276213,way,not appliable,not appliable,"Crossings are generally connected to a sidewalk, but some map them lines separately, so <b>watch out for false positives</b>. In general, crossings are designed to be part of a network, they should be connected to other features"
1550295286,way,not appliable,not appliable,"Crossings are generally connected to a sidewalk, but some map them lines separately, so <b>watch out for false positives</b>. In general, crossings are designed to be part of a network, they should be connected to other features"
1550301109,way,not appliable,not appliable,"Crossings are generally connected to a sidewalk, but some map them lines separately, so <b>watch out for false positives</b>. In general, crossings are designed to be part of a network, they should be connected to other features"
1550301110,way,not appliable,not appliable,"Crossings are generally connected to a sidewalk, but some map them lines separately, so <b>watch out for false positives</b>. In general, crossings are designed to be part of a network, they should be connected to other features"
1550306470,way,not appliable,not appliable,"Crossings are generally connected to a sidewalk, but some map them lines separately, so <b>watch out for false positives</b>. In general, crossings are designed to be part of a network, they should be connected to other features"
1550306471,way,not appliable,not appliable,"Crossings are generally connected to a sidewalk, but some map them lines separately, so <b>watch out for false positives</b>. In general, crossings are designed to be part of a network, they should be connected to other features"
1550306478,way,not appliable,not appliable,"Crossings are generally connected to a sidewalk, but some map them lines separately, so <b>watch out for false positives</b>. In general, crossings are designed to be part of a network, they should be connected to other features"
1550306479,way,not appliable,not appliable,"Crossings are generally connected to a sidewalk, but some map them lines separately, so <b>watch out for false positives</b>. In general, crossings are designed to be part of a network, they should be connected to other features"
1550306483,way,not appliable,not appliable,"Crossings are generally connected to a sidewalk, but some map them lines separately, so <b>watch out for false positives</b>. In general, crossings are designed to be part of a network, they should be connected to other features"
1550306491,way,not appliable,not appliable,"Crossings are generally connected to a sidewalk, but some map them lines separately, so <b>watch out for false positives</b>. In general, crossings are designed to be part of a network, they should be connected to other features"
1550306492,way,not appliable,not appliable,"Crossings are generally connected to a sidewalk, but some map them lines separately, so <b>watch out for false positives</b>. In general, crossings are designed to be part of a network, they should be connected to other features"
1550946561,way,not appliable,not appliable,"Crossings are generally connected to a sidewalk, but some map them lines separately, so <b>watch out for false positives</b>. In general, crossings are designed to be part of a network, they should be connected to other features"
1550946562,way,not appliable,not appliable,"Crossings are generally connected to a sidewalk, but some map them lines separately, so <b>watch out for false positives</b>. In general, crossings are designed to be part of a network, they should be connected to other features"
1550946563,way,not appliable,not appliable,"Crossings are generally connected to a sidewalk, but some map them lines separately, so <b>watch out for false positives</b>. In general, crossings are designed to be part of a network, they should be connected to other features"
1550946564,way,not appliable,not appliable,"Crossings are generally connected to a sidewalk, but some map them lines separately, so <b>watch out for false positives</b>. In general, crossings are designed to be part of a network, they should be connected to other features"
1551271173,way,not appliable,not appliable,"Crossings are generally connected to a sidewalk, but some map them lines separately, so <b>watch out for false positives</b>. In general, crossings are designed to be part of a network, they should be connected to other features"
