osm_id,feat_type,key,value,commentary
3992453062,node,surface,MISSING,Surface tag is recommended to assess accessibility
10250119764,node,surface,MISSING,Surface tag is recommended to assess accessibility
10751328763,node,surface,MISSING,Surface tag is recommended to assess accessibility
10751328764,node,surface,MISSING,Surface tag is recommended to assess accessibility
35106620,way,surface,MISSING,Surface tag is recommended to assess accessibility
111821176,way,surface,MISSING,Surface tag is recommended to assess accessibility
111915143,way,surface,MISSING,Surface tag is recommended to assess accessibility
111965219,way,surface,MISSING,Surface tag is recommended to assess accessibility
114504112,way,surface,MISSING,Surface tag is recommended to assess accessibility
134140818,way,surface,MISSING,Surface tag is recommended to assess accessibility
151308223,way,surface,MISSING,Surface tag is recommended to assess accessibility
160442495,way,surface,MISSING,Surface tag is recommended to assess accessibility
241229735,way,surface,MISSING,Surface tag is recommended to assess accessibility
241229738,way,surface,MISSING,Surface tag is recommended to assess accessibility
241233145,way,surface,MISSING,Surface tag is recommended to assess accessibility
241233146,way,surface,MISSING,Surface tag is recommended to assess accessibility
241233148,way,surface,MISSING,Surface tag is recommended to assess accessibility
241235804,way,surface,MISSING,Surface tag is recommended to assess accessibility
241248513,way,surface,MISSING,Surface tag is recommended to assess accessibility
241255956,way,surface,MISSING,Surface tag is recommended to assess accessibility
241256083,way,surface,MISSING,Surface tag is recommended to assess accessibility
241256085,way,surface,MISSING,Surface tag is recommended to assess accessibility
289468771,way,surface,MISSING,Surface tag is recommended to assess accessibility
357596045,way,surface,MISSING,Surface tag is recommended to assess accessibility
370644989,way,surface,MISSING,Surface tag is recommended to assess accessibility
370645004,way,surface,MISSING,Surface tag is recommended to assess accessibility
391699882,way,surface,MISSING,Surface tag is recommended to assess accessibility
391916475,way,surface,MISSING,Surface tag is recommended to assess accessibility
391916476,way,surface,MISSING,Surface tag is recommended to assess accessibility
391995175,way,surface,MISSING,Surface tag is recommended to assess accessibility
392192581,way,surface,MISSING,Surface tag is recommended to assess accessibility
392375211,way,surface,MISSING,Surface tag is recommended to assess accessibility
392384355,way,surface,MISSING,Surface tag is recommended to assess accessibility
392652329,way,surface,MISSING,Surface tag is recommended to assess accessibility
392652338,way,surface,MISSING,Surface tag is recommended to assess accessibility
392652339,way,surface,MISSING,Surface tag is recommended to assess accessibility
393076960,way,surface,MISSING,Surface tag is recommended to assess accessibility
393509408,way,surface,MISSING,Surface tag is recommended to assess accessibility
393509434,way,surface,MISSING,Surface tag is recommended to assess accessibility
393509437,way,surface,MISSING,Surface tag is recommended to assess accessibility
393509452,way,surface,MISSING,Surface tag is recommended to assess accessibility
393879923,way,surface,MISSING,Surface tag is recommended to assess accessibility
393895169,way,surface,MISSING,Surface tag is recommended to assess accessibility
393895171,way,surface,MISSING,Surface tag is recommended to assess accessibility
394166850,way,surface,MISSING,Surface tag is recommended to assess accessibility
394729791,way,surface,MISSING,Surface tag is recommended to assess accessibility
394729792,way,surface,MISSING,Surface tag is recommended to assess accessibility
394736563,way,surface,MISSING,Surface tag is recommended to assess accessibility
394967459,way,surface,MISSING,Surface tag is recommended to assess accessibility
394995220,way,surface,MISSING,Surface tag is recommended to assess accessibility
394995221,way,surface,MISSING,Surface tag is recommended to assess accessibility
394998311,way,surface,MISSING,Surface tag is recommended to assess accessibility
394998312,way,surface,MISSING,Surface tag is recommended to assess accessibility
395001658,way,surface,MISSING,Surface tag is recommended to assess accessibility
395001661,way,surface,MISSING,Surface tag is recommended to assess accessibility
395001662,way,surface,MISSING,Surface tag is recommended to assess accessibility
395906922,way,surface,MISSING,Surface tag is recommended to assess accessibility
396430315,way,surface,MISSING,Surface tag is recommended to assess accessibility
396438029,way,surface,MISSING,Surface tag is recommended to assess accessibility
396438511,way,surface,MISSING,Surface tag is recommended to assess accessibility
396438512,way,surface,MISSING,Surface tag is recommended to assess accessibility
396439309,way,surface,MISSING,Surface tag is recommended to assess accessibility
397382446,way,surface,MISSING,Surface tag is recommended to assess accessibility
397392667,way,surface,MISSING,Surface tag is recommended to assess accessibility
397486726,way,surface,MISSING,Surface tag is recommended to assess accessibility
397486732,way,surface,MISSING,Surface tag is recommended to assess accessibility
397489942,way,surface,MISSING,Surface tag is recommended to assess accessibility
397540709,way,surface,MISSING,Surface tag is recommended to assess accessibility
397546638,way,surface,MISSING,Surface tag is recommended to assess accessibility
397708112,way,surface,MISSING,Surface tag is recommended to assess accessibility
397708116,way,surface,MISSING,Surface tag is recommended to assess accessibility
397712415,way,surface,MISSING,Surface tag is recommended to assess accessibility
397714332,way,surface,MISSING,Surface tag is recommended to assess accessibility
397715240,way,surface,MISSING,Surface tag is recommended to assess accessibility
397721429,way,surface,MISSING,Surface tag is recommended to assess accessibility
397721435,way,surface,MISSING,Surface tag is recommended to assess accessibility
397724669,way,surface,MISSING,Surface tag is recommended to assess accessibility
398849880,way,surface,MISSING,Surface tag is recommended to assess accessibility
399515080,way,surface,MISSING,Surface tag is recommended to assess accessibility
399538215,way,surface,MISSING,Surface tag is recommended to assess accessibility
399538216,way,surface,MISSING,Surface tag is recommended to assess accessibility
399539333,way,surface,MISSING,Surface tag is recommended to assess accessibility
400426408,way,surface,MISSING,Surface tag is recommended to assess accessibility
400448090,way,surface,MISSING,Surface tag is recommended to assess accessibility
400602184,way,surface,MISSING,Surface tag is recommended to assess accessibility
400613454,way,surface,MISSING,Surface tag is recommended to assess accessibility
400616209,way,surface,MISSING,Surface tag is recommended to assess accessibility
400877760,way,surface,MISSING,Surface tag is recommended to assess accessibility
400894251,way,surface,MISSING,Surface tag is recommended to assess accessibility
400894252,way,surface,MISSING,Surface tag is recommended to assess accessibility
400894256,way,surface,MISSING,Surface tag is recommended to assess accessibility
401029774,way,surface,MISSING,Surface tag is recommended to assess accessibility
401029777,way,surface,MISSING,Surface tag is recommended to assess accessibility
401291226,way,surface,MISSING,Surface tag is recommended to assess accessibility
401291228,way,surface,MISSING,Surface tag is recommended to assess accessibility
401299238,way,surface,MISSING,Surface tag is recommended to assess accessibility
401299239,way,surface,MISSING,Surface tag is recommended to assess accessibility
401299242,way,surface,MISSING,Surface tag is recommended to assess accessibility
401299243,way,surface,MISSING,Surface tag is recommended to assess accessibility
401299244,way,surface,MISSING,Surface tag is recommended to assess accessibility
401299245,way,surface,MISSING,Surface tag is recommended to assess accessibility
401494473,way,surface,MISSING,Surface tag is recommended to assess accessibility
401497108,way,surface,MISSING,Surface tag is recommended to assess accessibility
401497109,way,surface,MISSING,Surface tag is recommended to assess accessibility
401689990,way,surface,MISSING,Surface tag is recommended to assess accessibility
401689991,way,surface,MISSING,Surface tag is recommended to assess accessibility
401689998,way,surface,MISSING,Surface tag is recommended to assess accessibility
401689999,way,surface,MISSING,Surface tag is recommended to assess accessibility
401693253,way,surface,MISSING,Surface tag is recommended to assess accessibility
401693653,way,surface,MISSING,Surface tag is recommended to assess accessibility
401693658,way,surface,MISSING,Surface tag is recommended to assess accessibility
401693659,way,surface,MISSING,Surface tag is recommended to assess accessibility
401693660,way,surface,MISSING,Surface tag is recommended to assess accessibility
401693661,way,surface,MISSING,Surface tag is recommended to assess accessibility
401780803,way,surface,MISSING,Surface tag is recommended to assess accessibility
401780823,way,surface,MISSING,Surface tag is recommended to assess accessibility
401833468,way,surface,MISSING,Surface tag is recommended to assess accessibility
401833469,way,surface,MISSING,Surface tag is recommended to assess accessibility
401833470,way,surface,MISSING,Surface tag is recommended to assess accessibility
401846102,way,surface,MISSING,Surface tag is recommended to assess accessibility
401860688,way,surface,MISSING,Surface tag is recommended to assess accessibility
402156147,way,surface,MISSING,Surface tag is recommended to assess accessibility
403120513,way,surface,MISSING,Surface tag is recommended to assess accessibility
403120514,way,surface,MISSING,Surface tag is recommended to assess accessibility
403120516,way,surface,MISSING,Surface tag is recommended to assess accessibility
403122082,way,surface,MISSING,Surface tag is recommended to assess accessibility
404435624,way,surface,MISSING,Surface tag is recommended to assess accessibility
404435625,way,surface,MISSING,Surface tag is recommended to assess accessibility
404435626,way,surface,MISSING,Surface tag is recommended to assess accessibility
404435627,way,surface,MISSING,Surface tag is recommended to assess accessibility
404628286,way,surface,MISSING,Surface tag is recommended to assess accessibility
404628287,way,surface,MISSING,Surface tag is recommended to assess accessibility
404628290,way,surface,MISSING,Surface tag is recommended to assess accessibility
404628310,way,surface,MISSING,Surface tag is recommended to assess accessibility
404628315,way,surface,MISSING,Surface tag is recommended to assess accessibility
404628318,way,surface,MISSING,Surface tag is recommended to assess accessibility
404628327,way,surface,MISSING,Surface tag is recommended to assess accessibility
404628918,way,surface,MISSING,Surface tag is recommended to assess accessibility
404630392,way,surface,MISSING,Surface tag is recommended to assess accessibility
404630393,way,surface,MISSING,Surface tag is recommended to assess accessibility
404631007,way,surface,MISSING,Surface tag is recommended to assess accessibility
404631008,way,surface,MISSING,Surface tag is recommended to assess accessibility
404631009,way,surface,MISSING,Surface tag is recommended to assess accessibility
404631010,way,surface,MISSING,Surface tag is recommended to assess accessibility
404631117,way,surface,MISSING,Surface tag is recommended to assess accessibility
404633916,way,surface,MISSING,Surface tag is recommended to assess accessibility
404633917,way,surface,MISSING,Surface tag is recommended to assess accessibility
404634495,way,surface,MISSING,Surface tag is recommended to assess accessibility
404635175,way,surface,MISSING,Surface tag is recommended to assess accessibility
404636322,way,surface,MISSING,Surface tag is recommended to assess accessibility
404636323,way,surface,MISSING,Surface tag is recommended to assess accessibility
405561325,way,surface,MISSING,Surface tag is recommended to assess accessibility
405561327,way,surface,MISSING,Surface tag is recommended to assess accessibility
405561332,way,surface,MISSING,Surface tag is recommended to assess accessibility
405561359,way,surface,MISSING,Surface tag is recommended to assess accessibility
405561360,way,surface,MISSING,Surface tag is recommended to assess accessibility
405562554,way,surface,MISSING,Surface tag is recommended to assess accessibility
405562556,way,surface,MISSING,Surface tag is recommended to assess accessibility
405562584,way,surface,MISSING,Surface tag is recommended to assess accessibility
405562586,way,surface,MISSING,Surface tag is recommended to assess accessibility
405562617,way,surface,MISSING,Surface tag is recommended to assess accessibility
405562619,way,surface,MISSING,Surface tag is recommended to assess accessibility
405575447,way,surface,MISSING,Surface tag is recommended to assess accessibility
405575451,way,surface,MISSING,Surface tag is recommended to assess accessibility
405585326,way,surface,MISSING,Surface tag is recommended to assess accessibility
405875441,way,surface,MISSING,Surface tag is recommended to assess accessibility
405875442,way,surface,MISSING,Surface tag is recommended to assess accessibility
405875886,way,surface,MISSING,Surface tag is recommended to assess accessibility
405894449,way,surface,MISSING,Surface tag is recommended to assess accessibility
405903444,way,surface,MISSING,Surface tag is recommended to assess accessibility
405903445,way,surface,MISSING,Surface tag is recommended to assess accessibility
405903451,way,surface,MISSING,Surface tag is recommended to assess accessibility
405913227,way,surface,MISSING,Surface tag is recommended to assess accessibility
405913228,way,surface,MISSING,Surface tag is recommended to assess accessibility
405913229,way,surface,MISSING,Surface tag is recommended to assess accessibility
405913230,way,surface,MISSING,Surface tag is recommended to assess accessibility
405913231,way,surface,MISSING,Surface tag is recommended to assess accessibility
406008696,way,surface,MISSING,Surface tag is recommended to assess accessibility
406037575,way,surface,MISSING,Surface tag is recommended to assess accessibility
406262188,way,surface,MISSING,Surface tag is recommended to assess accessibility
406262189,way,surface,MISSING,Surface tag is recommended to assess accessibility
406262191,way,surface,MISSING,Surface tag is recommended to assess accessibility
406264235,way,surface,MISSING,Surface tag is recommended to assess accessibility
406264236,way,surface,MISSING,Surface tag is recommended to assess accessibility
406267915,way,surface,MISSING,Surface tag is recommended to assess accessibility
406622895,way,surface,MISSING,Surface tag is recommended to assess accessibility
406622897,way,surface,MISSING,Surface tag is recommended to assess accessibility
408467434,way,surface,MISSING,Surface tag is recommended to assess accessibility
408467438,way,surface,MISSING,Surface tag is recommended to assess accessibility
408468123,way,surface,MISSING,Surface tag is recommended to assess accessibility
408468125,way,surface,MISSING,Surface tag is recommended to assess accessibility
408468126,way,surface,MISSING,Surface tag is recommended to assess accessibility
408468127,way,surface,MISSING,Surface tag is recommended to assess accessibility
408906839,way,surface,MISSING,Surface tag is recommended to assess accessibility
408906854,way,surface,MISSING,Surface tag is recommended to assess accessibility
408917688,way,surface,MISSING,Surface tag is recommended to assess accessibility
409855851,way,surface,MISSING,Surface tag is recommended to assess accessibility
409855852,way,surface,MISSING,Surface tag is recommended to assess accessibility
410082457,way,surface,MISSING,Surface tag is recommended to assess accessibility
410089529,way,surface,MISSING,Surface tag is recommended to assess accessibility
410708865,way,surface,MISSING,Surface tag is recommended to assess accessibility
410713948,way,surface,MISSING,Surface tag is recommended to assess accessibility
412144025,way,surface,MISSING,Surface tag is recommended to assess accessibility
412147793,way,surface,MISSING,Surface tag is recommended to assess accessibility
412147796,way,surface,MISSING,Surface tag is recommended to assess accessibility
412260094,way,surface,MISSING,Surface tag is recommended to assess accessibility
412296081,way,surface,MISSING,Surface tag is recommended to assess accessibility
412296578,way,surface,MISSING,Surface tag is recommended to assess accessibility
412300801,way,surface,MISSING,Surface tag is recommended to assess accessibility
412482550,way,surface,MISSING,Surface tag is recommended to assess accessibility
412506461,way,surface,MISSING,Surface tag is recommended to assess accessibility
412506463,way,surface,MISSING,Surface tag is recommended to assess accessibility
412573929,way,surface,MISSING,Surface tag is recommended to assess accessibility
412574021,way,surface,MISSING,Surface tag is recommended to assess accessibility
413030082,way,surface,MISSING,Surface tag is recommended to assess accessibility
413035100,way,surface,MISSING,Surface tag is recommended to assess accessibility
413039507,way,surface,MISSING,Surface tag is recommended to assess accessibility
413045056,way,surface,MISSING,Surface tag is recommended to assess accessibility
413045057,way,surface,MISSING,Surface tag is recommended to assess accessibility
413045058,way,surface,MISSING,Surface tag is recommended to assess accessibility
413045059,way,surface,MISSING,Surface tag is recommended to assess accessibility
413193307,way,surface,MISSING,Surface tag is recommended to assess accessibility
413193610,way,surface,MISSING,Surface tag is recommended to assess accessibility
413193731,way,surface,MISSING,Surface tag is recommended to assess accessibility
413193897,way,surface,MISSING,Surface tag is recommended to assess accessibility
413194323,way,surface,MISSING,Surface tag is recommended to assess accessibility
413194696,way,surface,MISSING,Surface tag is recommended to assess accessibility
413194855,way,surface,MISSING,Surface tag is recommended to assess accessibility
413203503,way,surface,MISSING,Surface tag is recommended to assess accessibility
413209385,way,surface,MISSING,Surface tag is recommended to assess accessibility
413983434,way,surface,MISSING,Surface tag is recommended to assess accessibility
413983435,way,surface,MISSING,Surface tag is recommended to assess accessibility
416304114,way,surface,MISSING,Surface tag is recommended to assess accessibility
416304608,way,surface,MISSING,Surface tag is recommended to assess accessibility
421662772,way,surface,MISSING,Surface tag is recommended to assess accessibility
421662774,way,surface,MISSING,Surface tag is recommended to assess accessibility
421672567,way,surface,MISSING,Surface tag is recommended to assess accessibility
421680549,way,surface,MISSING,Surface tag is recommended to assess accessibility
421694328,way,surface,MISSING,Surface tag is recommended to assess accessibility
421694329,way,surface,MISSING,Surface tag is recommended to assess accessibility
421694330,way,surface,MISSING,Surface tag is recommended to assess accessibility
421694353,way,surface,MISSING,Surface tag is recommended to assess accessibility
421694803,way,surface,MISSING,Surface tag is recommended to assess accessibility
421695349,way,surface,MISSING,Surface tag is recommended to assess accessibility
421696078,way,surface,MISSING,Surface tag is recommended to assess accessibility
430458312,way,surface,MISSING,Surface tag is recommended to assess accessibility
432035026,way,surface,MISSING,Surface tag is recommended to assess accessibility
432812248,way,surface,MISSING,Surface tag is recommended to assess accessibility
432812249,way,surface,MISSING,Surface tag is recommended to assess accessibility
432812250,way,surface,MISSING,Surface tag is recommended to assess accessibility
432812251,way,surface,MISSING,Surface tag is recommended to assess accessibility
432812252,way,surface,MISSING,Surface tag is recommended to assess accessibility
432812253,way,surface,MISSING,Surface tag is recommended to assess accessibility
432963068,way,surface,MISSING,Surface tag is recommended to assess accessibility
434692400,way,surface,MISSING,Surface tag is recommended to assess accessibility
434797314,way,surface,MISSING,Surface tag is recommended to assess accessibility
434797315,way,surface,MISSING,Surface tag is recommended to assess accessibility
434797316,way,surface,MISSING,Surface tag is recommended to assess accessibility
435975370,way,surface,MISSING,Surface tag is recommended to assess accessibility
436187977,way,surface,MISSING,Surface tag is recommended to assess accessibility
436256321,way,surface,MISSING,Surface tag is recommended to assess accessibility
436260839,way,surface,MISSING,Surface tag is recommended to assess accessibility
436590687,way,surface,MISSING,Surface tag is recommended to assess accessibility
436917548,way,surface,MISSING,Surface tag is recommended to assess accessibility
437053665,way,surface,MISSING,Surface tag is recommended to assess accessibility
437055560,way,surface,MISSING,Surface tag is recommended to assess accessibility
437069841,way,surface,MISSING,Surface tag is recommended to assess accessibility
437069843,way,surface,MISSING,Surface tag is recommended to assess accessibility
437069844,way,surface,MISSING,Surface tag is recommended to assess accessibility
437069845,way,surface,MISSING,Surface tag is recommended to assess accessibility
437180070,way,surface,MISSING,Surface tag is recommended to assess accessibility
437180077,way,surface,MISSING,Surface tag is recommended to assess accessibility
437180078,way,surface,MISSING,Surface tag is recommended to assess accessibility
437191059,way,surface,MISSING,Surface tag is recommended to assess accessibility
437212070,way,surface,MISSING,Surface tag is recommended to assess accessibility
437636429,way,surface,MISSING,Surface tag is recommended to assess accessibility
437636432,way,surface,MISSING,Surface tag is recommended to assess accessibility
437636434,way,surface,MISSING,Surface tag is recommended to assess accessibility
437636437,way,surface,MISSING,Surface tag is recommended to assess accessibility
438480925,way,surface,MISSING,Surface tag is recommended to assess accessibility
438480926,way,surface,MISSING,Surface tag is recommended to assess accessibility
438489402,way,surface,MISSING,Surface tag is recommended to assess accessibility
438496367,way,surface,MISSING,Surface tag is recommended to assess accessibility
439602866,way,surface,MISSING,Surface tag is recommended to assess accessibility
439602874,way,surface,MISSING,Surface tag is recommended to assess accessibility
439602875,way,surface,MISSING,Surface tag is recommended to assess accessibility
439818604,way,surface,MISSING,Surface tag is recommended to assess accessibility
439818625,way,surface,MISSING,Surface tag is recommended to assess accessibility
439818627,way,surface,MISSING,Surface tag is recommended to assess accessibility
439818628,way,surface,MISSING,Surface tag is recommended to assess accessibility
439818629,way,surface,MISSING,Surface tag is recommended to assess accessibility
439818632,way,surface,MISSING,Surface tag is recommended to assess accessibility
439818635,way,surface,MISSING,Surface tag is recommended to assess accessibility
439941539,way,surface,MISSING,Surface tag is recommended to assess accessibility
439941546,way,surface,MISSING,Surface tag is recommended to assess accessibility
439941549,way,surface,MISSING,Surface tag is recommended to assess accessibility
439941551,way,surface,MISSING,Surface tag is recommended to assess accessibility
440122285,way,surface,MISSING,Surface tag is recommended to assess accessibility
440244423,way,surface,MISSING,Surface tag is recommended to assess accessibility
440541165,way,surface,MISSING,Surface tag is recommended to assess accessibility
440541166,way,surface,MISSING,Surface tag is recommended to assess accessibility
440874015,way,surface,MISSING,Surface tag is recommended to assess accessibility
440874016,way,surface,MISSING,Surface tag is recommended to assess accessibility
440874017,way,surface,MISSING,Surface tag is recommended to assess accessibility
440974615,way,surface,MISSING,Surface tag is recommended to assess accessibility
440974617,way,surface,MISSING,Surface tag is recommended to assess accessibility
440974633,way,surface,MISSING,Surface tag is recommended to assess accessibility
440977149,way,surface,MISSING,Surface tag is recommended to assess accessibility
441001410,way,surface,MISSING,Surface tag is recommended to assess accessibility
441001412,way,surface,MISSING,Surface tag is recommended to assess accessibility
441014161,way,surface,MISSING,Surface tag is recommended to assess accessibility
441049933,way,surface,MISSING,Surface tag is recommended to assess accessibility
441952198,way,surface,MISSING,Surface tag is recommended to assess accessibility
442220477,way,surface,MISSING,Surface tag is recommended to assess accessibility
442220498,way,surface,MISSING,Surface tag is recommended to assess accessibility
442220499,way,surface,MISSING,Surface tag is recommended to assess accessibility
442227848,way,surface,MISSING,Surface tag is recommended to assess accessibility
442464050,way,surface,MISSING,Surface tag is recommended to assess accessibility
442469226,way,surface,MISSING,Surface tag is recommended to assess accessibility
442475957,way,surface,MISSING,Surface tag is recommended to assess accessibility
442681124,way,surface,MISSING,Surface tag is recommended to assess accessibility
442681127,way,surface,MISSING,Surface tag is recommended to assess accessibility
442685321,way,surface,MISSING,Surface tag is recommended to assess accessibility
442685938,way,surface,MISSING,Surface tag is recommended to assess accessibility
442779303,way,surface,MISSING,Surface tag is recommended to assess accessibility
442786050,way,surface,MISSING,Surface tag is recommended to assess accessibility
442788592,way,surface,MISSING,Surface tag is recommended to assess accessibility
442867198,way,surface,MISSING,Surface tag is recommended to assess accessibility
442872376,way,surface,MISSING,Surface tag is recommended to assess accessibility
442872377,way,surface,MISSING,Surface tag is recommended to assess accessibility
442872378,way,surface,MISSING,Surface tag is recommended to assess accessibility
442938915,way,surface,MISSING,Surface tag is recommended to assess accessibility
442973717,way,surface,MISSING,Surface tag is recommended to assess accessibility
442975519,way,surface,MISSING,Surface tag is recommended to assess accessibility
443448515,way,surface,MISSING,Surface tag is recommended to assess accessibility
443448517,way,surface,MISSING,Surface tag is recommended to assess accessibility
443492407,way,surface,MISSING,Surface tag is recommended to assess accessibility
443619704,way,surface,MISSING,Surface tag is recommended to assess accessibility
443619705,way,surface,MISSING,Surface tag is recommended to assess accessibility
443626518,way,surface,MISSING,Surface tag is recommended to assess accessibility
443626535,way,surface,MISSING,Surface tag is recommended to assess accessibility
443626537,way,surface,MISSING,Surface tag is recommended to assess accessibility
443652067,way,surface,MISSING,Surface tag is recommended to assess accessibility
443652068,way,surface,MISSING,Surface tag is recommended to assess accessibility
443652069,way,surface,MISSING,Surface tag is recommended to assess accessibility
443652074,way,surface,MISSING,Surface tag is recommended to assess accessibility
444006028,way,surface,MISSING,Surface tag is recommended to assess accessibility
444278855,way,surface,MISSING,Surface tag is recommended to assess accessibility
444278856,way,surface,MISSING,Surface tag is recommended to assess accessibility
444334443,way,surface,MISSING,Surface tag is recommended to assess accessibility
444442647,way,surface,MISSING,Surface tag is recommended to assess accessibility
444442649,way,surface,MISSING,Surface tag is recommended to assess accessibility
444445012,way,surface,MISSING,Surface tag is recommended to assess accessibility
444445014,way,surface,MISSING,Surface tag is recommended to assess accessibility
444462555,way,surface,MISSING,Surface tag is recommended to assess accessibility
444489514,way,surface,MISSING,Surface tag is recommended to assess accessibility
444984898,way,surface,MISSING,Surface tag is recommended to assess accessibility
445503054,way,surface,MISSING,Surface tag is recommended to assess accessibility
445719139,way,surface,MISSING,Surface tag is recommended to assess accessibility
445722465,way,surface,MISSING,Surface tag is recommended to assess accessibility
445722466,way,surface,MISSING,Surface tag is recommended to assess accessibility
445786771,way,surface,MISSING,Surface tag is recommended to assess accessibility
445786775,way,surface,MISSING,Surface tag is recommended to assess accessibility
445805431,way,surface,MISSING,Surface tag is recommended to assess accessibility
445828924,way,surface,MISSING,Surface tag is recommended to assess accessibility
445828925,way,surface,MISSING,Surface tag is recommended to assess accessibility
445953463,way,surface,MISSING,Surface tag is recommended to assess accessibility
446742635,way,surface,MISSING,Surface tag is recommended to assess accessibility
447086057,way,surface,MISSING,Surface tag is recommended to assess accessibility
447104349,way,surface,MISSING,Surface tag is recommended to assess accessibility
447104350,way,surface,MISSING,Surface tag is recommended to assess accessibility
447105199,way,surface,MISSING,Surface tag is recommended to assess accessibility
447106626,way,surface,MISSING,Surface tag is recommended to assess accessibility
447320231,way,surface,MISSING,Surface tag is recommended to assess accessibility
447320235,way,surface,MISSING,Surface tag is recommended to assess accessibility
447320236,way,surface,MISSING,Surface tag is recommended to assess accessibility
447320241,way,surface,MISSING,Surface tag is recommended to assess accessibility
447320246,way,surface,MISSING,Surface tag is recommended to assess accessibility
447320248,way,surface,MISSING,Surface tag is recommended to assess accessibility
447320249,way,surface,MISSING,Surface tag is recommended to assess accessibility
447320251,way,surface,MISSING,Surface tag is recommended to assess accessibility
447320253,way,surface,MISSING,Surface tag is recommended to assess accessibility
447320254,way,surface,MISSING,Surface tag is recommended to assess accessibility
447320281,way,surface,MISSING,Surface tag is recommended to assess accessibility
447337097,way,surface,MISSING,Surface tag is recommended to assess accessibility
448583365,way,surface,MISSING,Surface tag is recommended to assess accessibility
448583368,way,surface,MISSING,Surface tag is recommended to assess accessibility
448748334,way,surface,MISSING,Surface tag is recommended to assess accessibility
448870898,way,surface,MISSING,Surface tag is recommended to assess accessibility
448870899,way,surface,MISSING,Surface tag is recommended to assess accessibility
449590617,way,surface,MISSING,Surface tag is recommended to assess accessibility
449975968,way,surface,MISSING,Surface tag is recommended to assess accessibility
449975969,way,surface,MISSING,Surface tag is recommended to assess accessibility
449975975,way,surface,MISSING,Surface tag is recommended to assess accessibility
449975991,way,surface,MISSING,Surface tag is recommended to assess accessibility
450129956,way,surface,MISSING,Surface tag is recommended to assess accessibility
450129963,way,surface,MISSING,Surface tag is recommended to assess accessibility
450258882,way,surface,MISSING,Surface tag is recommended to assess accessibility
450258884,way,surface,MISSING,Surface tag is recommended to assess accessibility
450261079,way,surface,MISSING,Surface tag is recommended to assess accessibility
450261094,way,surface,MISSING,Surface tag is recommended to assess accessibility
450512767,way,surface,MISSING,Surface tag is recommended to assess accessibility
450512769,way,surface,MISSING,Surface tag is recommended to assess accessibility
450512770,way,surface,MISSING,Surface tag is recommended to assess accessibility
450512772,way,surface,MISSING,Surface tag is recommended to assess accessibility
450610625,way,surface,MISSING,Surface tag is recommended to assess accessibility
450614695,way,surface,MISSING,Surface tag is recommended to assess accessibility
450614696,way,surface,MISSING,Surface tag is recommended to assess accessibility
451474805,way,surface,MISSING,Surface tag is recommended to assess accessibility
451476314,way,surface,MISSING,Surface tag is recommended to assess accessibility
451476315,way,surface,MISSING,Surface tag is recommended to assess accessibility
451738806,way,surface,MISSING,Surface tag is recommended to assess accessibility
451796575,way,surface,MISSING,Surface tag is recommended to assess accessibility
451796576,way,surface,MISSING,Surface tag is recommended to assess accessibility
453074708,way,surface,MISSING,Surface tag is recommended to assess accessibility
453114493,way,surface,MISSING,Surface tag is recommended to assess accessibility
453114540,way,surface,MISSING,Surface tag is recommended to assess accessibility
453116320,way,surface,MISSING,Surface tag is recommended to assess accessibility
453117557,way,surface,MISSING,Surface tag is recommended to assess accessibility
453117562,way,surface,MISSING,Surface tag is recommended to assess accessibility
453117563,way,surface,MISSING,Surface tag is recommended to assess accessibility
453117564,way,surface,MISSING,Surface tag is recommended to assess accessibility
453133655,way,surface,MISSING,Surface tag is recommended to assess accessibility
453133667,way,surface,MISSING,Surface tag is recommended to assess accessibility
453133678,way,surface,MISSING,Surface tag is recommended to assess accessibility
454057669,way,surface,MISSING,Surface tag is recommended to assess accessibility
454057676,way,surface,MISSING,Surface tag is recommended to assess accessibility
454058481,way,surface,MISSING,Surface tag is recommended to assess accessibility
454119505,way,surface,MISSING,Surface tag is recommended to assess accessibility
454119506,way,surface,MISSING,Surface tag is recommended to assess accessibility
454119534,way,surface,MISSING,Surface tag is recommended to assess accessibility
454519360,way,surface,MISSING,Surface tag is recommended to assess accessibility
454520872,way,surface,MISSING,Surface tag is recommended to assess accessibility
454522736,way,surface,MISSING,Surface tag is recommended to assess accessibility
454528194,way,surface,MISSING,Surface tag is recommended to assess accessibility
454531166,way,surface,MISSING,Surface tag is recommended to assess accessibility
454531894,way,surface,MISSING,Surface tag is recommended to assess accessibility
454531895,way,surface,MISSING,Surface tag is recommended to assess accessibility
454554148,way,surface,MISSING,Surface tag is recommended to assess accessibility
454555642,way,surface,MISSING,Surface tag is recommended to assess accessibility
454555644,way,surface,MISSING,Surface tag is recommended to assess accessibility
454555645,way,surface,MISSING,Surface tag is recommended to assess accessibility
454555647,way,surface,MISSING,Surface tag is recommended to assess accessibility
454555660,way,surface,MISSING,Surface tag is recommended to assess accessibility
454560310,way,surface,MISSING,Surface tag is recommended to assess accessibility
454565027,way,surface,MISSING,Surface tag is recommended to assess accessibility
454570696,way,surface,MISSING,Surface tag is recommended to assess accessibility
454574540,way,surface,MISSING,Surface tag is recommended to assess accessibility
454590922,way,surface,MISSING,Surface tag is recommended to assess accessibility
454590957,way,surface,MISSING,Surface tag is recommended to assess accessibility
454734828,way,surface,MISSING,Surface tag is recommended to assess accessibility
457101298,way,surface,MISSING,Surface tag is recommended to assess accessibility
457101318,way,surface,MISSING,Surface tag is recommended to assess accessibility
457506119,way,surface,MISSING,Surface tag is recommended to assess accessibility
457506132,way,surface,MISSING,Surface tag is recommended to assess accessibility
457506133,way,surface,MISSING,Surface tag is recommended to assess accessibility
458008847,way,surface,MISSING,Surface tag is recommended to assess accessibility
458187898,way,surface,MISSING,Surface tag is recommended to assess accessibility
458187901,way,surface,MISSING,Surface tag is recommended to assess accessibility
458187909,way,surface,MISSING,Surface tag is recommended to assess accessibility
458187982,way,surface,MISSING,Surface tag is recommended to assess accessibility
458188737,way,surface,MISSING,Surface tag is recommended to assess accessibility
458582939,way,surface,MISSING,Surface tag is recommended to assess accessibility
458588227,way,surface,MISSING,Surface tag is recommended to assess accessibility
458789616,way,surface,MISSING,Surface tag is recommended to assess accessibility
459071098,way,surface,MISSING,Surface tag is recommended to assess accessibility
459071106,way,surface,MISSING,Surface tag is recommended to assess accessibility
459071108,way,surface,MISSING,Surface tag is recommended to assess accessibility
459071110,way,surface,MISSING,Surface tag is recommended to assess accessibility
459071137,way,surface,MISSING,Surface tag is recommended to assess accessibility
459071791,way,surface,MISSING,Surface tag is recommended to assess accessibility
459071804,way,surface,MISSING,Surface tag is recommended to assess accessibility
459076489,way,surface,MISSING,Surface tag is recommended to assess accessibility
459076490,way,surface,MISSING,Surface tag is recommended to assess accessibility
459605830,way,surface,MISSING,Surface tag is recommended to assess accessibility
459605832,way,surface,MISSING,Surface tag is recommended to assess accessibility
459620335,way,surface,MISSING,Surface tag is recommended to assess accessibility
459620340,way,surface,MISSING,Surface tag is recommended to assess accessibility
459635668,way,surface,MISSING,Surface tag is recommended to assess accessibility
459635669,way,surface,MISSING,Surface tag is recommended to assess accessibility
459638178,way,surface,MISSING,Surface tag is recommended to assess accessibility
459638653,way,surface,MISSING,Surface tag is recommended to assess accessibility
459645589,way,surface,MISSING,Surface tag is recommended to assess accessibility
459645592,way,surface,MISSING,Surface tag is recommended to assess accessibility
460119439,way,surface,MISSING,Surface tag is recommended to assess accessibility
460121848,way,surface,MISSING,Surface tag is recommended to assess accessibility
460124090,way,surface,MISSING,Surface tag is recommended to assess accessibility
460125568,way,surface,MISSING,Surface tag is recommended to assess accessibility
460242899,way,surface,MISSING,Surface tag is recommended to assess accessibility
460242900,way,surface,MISSING,Surface tag is recommended to assess accessibility
460242918,way,surface,MISSING,Surface tag is recommended to assess accessibility
460250201,way,surface,MISSING,Surface tag is recommended to assess accessibility
460250202,way,surface,MISSING,Surface tag is recommended to assess accessibility
460250227,way,surface,MISSING,Surface tag is recommended to assess accessibility
460250239,way,surface,MISSING,Surface tag is recommended to assess accessibility
460251304,way,surface,MISSING,Surface tag is recommended to assess accessibility
460251305,way,surface,MISSING,Surface tag is recommended to assess accessibility
460360108,way,surface,MISSING,Surface tag is recommended to assess accessibility
460360136,way,surface,MISSING,Surface tag is recommended to assess accessibility
460365475,way,surface,MISSING,Surface tag is recommended to assess accessibility
460365481,way,surface,MISSING,Surface tag is recommended to assess accessibility
460382416,way,surface,MISSING,Surface tag is recommended to assess accessibility
460382417,way,surface,MISSING,Surface tag is recommended to assess accessibility
460390371,way,surface,MISSING,Surface tag is recommended to assess accessibility
460390418,way,surface,MISSING,Surface tag is recommended to assess accessibility
460390419,way,surface,MISSING,Surface tag is recommended to assess accessibility
460394413,way,surface,MISSING,Surface tag is recommended to assess accessibility
460394414,way,surface,MISSING,Surface tag is recommended to assess accessibility
460413601,way,surface,MISSING,Surface tag is recommended to assess accessibility
460417689,way,surface,MISSING,Surface tag is recommended to assess accessibility
460417690,way,surface,MISSING,Surface tag is recommended to assess accessibility
460419651,way,surface,MISSING,Surface tag is recommended to assess accessibility
460421524,way,surface,MISSING,Surface tag is recommended to assess accessibility
460421525,way,surface,MISSING,Surface tag is recommended to assess accessibility
460421527,way,surface,MISSING,Surface tag is recommended to assess accessibility
460422245,way,surface,MISSING,Surface tag is recommended to assess accessibility
461264680,way,surface,MISSING,Surface tag is recommended to assess accessibility
461264681,way,surface,MISSING,Surface tag is recommended to assess accessibility
461264696,way,surface,MISSING,Surface tag is recommended to assess accessibility
461269827,way,surface,MISSING,Surface tag is recommended to assess accessibility
461269828,way,surface,MISSING,Surface tag is recommended to assess accessibility
461269830,way,surface,MISSING,Surface tag is recommended to assess accessibility
461269836,way,surface,MISSING,Surface tag is recommended to assess accessibility
461275817,way,surface,MISSING,Surface tag is recommended to assess accessibility
461275818,way,surface,MISSING,Surface tag is recommended to assess accessibility
461275837,way,surface,MISSING,Surface tag is recommended to assess accessibility
461275861,way,surface,MISSING,Surface tag is recommended to assess accessibility
461275862,way,surface,MISSING,Surface tag is recommended to assess accessibility
461441978,way,surface,MISSING,Surface tag is recommended to assess accessibility
461442009,way,surface,MISSING,Surface tag is recommended to assess accessibility
461442013,way,surface,MISSING,Surface tag is recommended to assess accessibility
461442016,way,surface,MISSING,Surface tag is recommended to assess accessibility
461442801,way,surface,MISSING,Surface tag is recommended to assess accessibility
461448467,way,surface,MISSING,Surface tag is recommended to assess accessibility
461590944,way,surface,MISSING,Surface tag is recommended to assess accessibility
461600101,way,surface,MISSING,Surface tag is recommended to assess accessibility
461617710,way,surface,MISSING,Surface tag is recommended to assess accessibility
461617740,way,surface,MISSING,Surface tag is recommended to assess accessibility
461617746,way,surface,MISSING,Surface tag is recommended to assess accessibility
461998719,way,surface,MISSING,Surface tag is recommended to assess accessibility
461998727,way,surface,MISSING,Surface tag is recommended to assess accessibility
462447104,way,surface,MISSING,Surface tag is recommended to assess accessibility
462447105,way,surface,MISSING,Surface tag is recommended to assess accessibility
462448054,way,surface,MISSING,Surface tag is recommended to assess accessibility
462448055,way,surface,MISSING,Surface tag is recommended to assess accessibility
462448056,way,surface,MISSING,Surface tag is recommended to assess accessibility
462449667,way,surface,MISSING,Surface tag is recommended to assess accessibility
462456189,way,surface,MISSING,Surface tag is recommended to assess accessibility
462456203,way,surface,MISSING,Surface tag is recommended to assess accessibility
462456227,way,surface,MISSING,Surface tag is recommended to assess accessibility
462457250,way,surface,MISSING,Surface tag is recommended to assess accessibility
462457253,way,surface,MISSING,Surface tag is recommended to assess accessibility
462460125,way,surface,MISSING,Surface tag is recommended to assess accessibility
462460618,way,surface,MISSING,Surface tag is recommended to assess accessibility
462460621,way,surface,MISSING,Surface tag is recommended to assess accessibility
462480105,way,surface,MISSING,Surface tag is recommended to assess accessibility
462480170,way,surface,MISSING,Surface tag is recommended to assess accessibility
462693072,way,surface,MISSING,Surface tag is recommended to assess accessibility
462694762,way,surface,MISSING,Surface tag is recommended to assess accessibility
462694767,way,surface,MISSING,Surface tag is recommended to assess accessibility
462696125,way,surface,MISSING,Surface tag is recommended to assess accessibility
463345155,way,surface,MISSING,Surface tag is recommended to assess accessibility
463767740,way,surface,MISSING,Surface tag is recommended to assess accessibility
463768882,way,surface,MISSING,Surface tag is recommended to assess accessibility
463772304,way,surface,MISSING,Surface tag is recommended to assess accessibility
463772305,way,surface,MISSING,Surface tag is recommended to assess accessibility
463984794,way,surface,MISSING,Surface tag is recommended to assess accessibility
464204316,way,surface,MISSING,Surface tag is recommended to assess accessibility
464204317,way,surface,MISSING,Surface tag is recommended to assess accessibility
464226733,way,surface,MISSING,Surface tag is recommended to assess accessibility
464630204,way,surface,MISSING,Surface tag is recommended to assess accessibility
464661763,way,surface,MISSING,Surface tag is recommended to assess accessibility
464662736,way,surface,MISSING,Surface tag is recommended to assess accessibility
464847433,way,surface,MISSING,Surface tag is recommended to assess accessibility
465066858,way,surface,MISSING,Surface tag is recommended to assess accessibility
465066864,way,surface,MISSING,Surface tag is recommended to assess accessibility
465286483,way,surface,MISSING,Surface tag is recommended to assess accessibility
465799390,way,surface,MISSING,Surface tag is recommended to assess accessibility
465801664,way,surface,MISSING,Surface tag is recommended to assess accessibility
465801665,way,surface,MISSING,Surface tag is recommended to assess accessibility
465977768,way,surface,MISSING,Surface tag is recommended to assess accessibility
465977775,way,surface,MISSING,Surface tag is recommended to assess accessibility
465977776,way,surface,MISSING,Surface tag is recommended to assess accessibility
466001725,way,surface,MISSING,Surface tag is recommended to assess accessibility
466001730,way,surface,MISSING,Surface tag is recommended to assess accessibility
466003095,way,surface,MISSING,Surface tag is recommended to assess accessibility
467379972,way,surface,MISSING,Surface tag is recommended to assess accessibility
467837338,way,surface,MISSING,Surface tag is recommended to assess accessibility
467837339,way,surface,MISSING,Surface tag is recommended to assess accessibility
469384064,way,surface,MISSING,Surface tag is recommended to assess accessibility
469590862,way,surface,MISSING,Surface tag is recommended to assess accessibility
470103801,way,surface,MISSING,Surface tag is recommended to assess accessibility
470103803,way,surface,MISSING,Surface tag is recommended to assess accessibility
470103804,way,surface,MISSING,Surface tag is recommended to assess accessibility
470103806,way,surface,MISSING,Surface tag is recommended to assess accessibility
470414792,way,surface,MISSING,Surface tag is recommended to assess accessibility
470414797,way,surface,MISSING,Surface tag is recommended to assess accessibility
470414798,way,surface,MISSING,Surface tag is recommended to assess accessibility
470683211,way,surface,MISSING,Surface tag is recommended to assess accessibility
470884638,way,surface,MISSING,Surface tag is recommended to assess accessibility
470884640,way,surface,MISSING,Surface tag is recommended to assess accessibility
470884641,way,surface,MISSING,Surface tag is recommended to assess accessibility
470884644,way,surface,MISSING,Surface tag is recommended to assess accessibility
470884645,way,surface,MISSING,Surface tag is recommended to assess accessibility
470884648,way,surface,MISSING,Surface tag is recommended to assess accessibility
470884650,way,surface,MISSING,Surface tag is recommended to assess accessibility
470884651,way,surface,MISSING,Surface tag is recommended to assess accessibility
470884665,way,surface,MISSING,Surface tag is recommended to assess accessibility
470884666,way,surface,MISSING,Surface tag is recommended to assess accessibility
470884667,way,surface,MISSING,Surface tag is recommended to assess accessibility
470884670,way,surface,MISSING,Surface tag is recommended to assess accessibility
470884671,way,surface,MISSING,Surface tag is recommended to assess accessibility
470884672,way,surface,MISSING,Surface tag is recommended to assess accessibility
470884674,way,surface,MISSING,Surface tag is recommended to assess accessibility
471288494,way,surface,MISSING,Surface tag is recommended to assess accessibility
471288498,way,surface,MISSING,Surface tag is recommended to assess accessibility
471296611,way,surface,MISSING,Surface tag is recommended to assess accessibility
474917465,way,surface,MISSING,Surface tag is recommended to assess accessibility
474917475,way,surface,MISSING,Surface tag is recommended to assess accessibility
474925405,way,surface,MISSING,Surface tag is recommended to assess accessibility
474927259,way,surface,MISSING,Surface tag is recommended to assess accessibility
474927261,way,surface,MISSING,Surface tag is recommended to assess accessibility
474927307,way,surface,MISSING,Surface tag is recommended to assess accessibility
475988323,way,surface,MISSING,Surface tag is recommended to assess accessibility
478955893,way,surface,MISSING,Surface tag is recommended to assess accessibility
479953781,way,surface,MISSING,Surface tag is recommended to assess accessibility
479953817,way,surface,MISSING,Surface tag is recommended to assess accessibility
479953818,way,surface,MISSING,Surface tag is recommended to assess accessibility
481126076,way,surface,MISSING,Surface tag is recommended to assess accessibility
481126081,way,surface,MISSING,Surface tag is recommended to assess accessibility
481138096,way,surface,MISSING,Surface tag is recommended to assess accessibility
482124647,way,surface,MISSING,Surface tag is recommended to assess accessibility
485696617,way,surface,MISSING,Surface tag is recommended to assess accessibility
485696618,way,surface,MISSING,Surface tag is recommended to assess accessibility
485968630,way,surface,MISSING,Surface tag is recommended to assess accessibility
493471641,way,surface,MISSING,Surface tag is recommended to assess accessibility
493471643,way,surface,MISSING,Surface tag is recommended to assess accessibility
493472350,way,surface,MISSING,Surface tag is recommended to assess accessibility
493472351,way,surface,MISSING,Surface tag is recommended to assess accessibility
493472352,way,surface,MISSING,Surface tag is recommended to assess accessibility
499205792,way,surface,MISSING,Surface tag is recommended to assess accessibility
501092551,way,surface,MISSING,Surface tag is recommended to assess accessibility
501092553,way,surface,MISSING,Surface tag is recommended to assess accessibility
501092556,way,surface,MISSING,Surface tag is recommended to assess accessibility
501092557,way,surface,MISSING,Surface tag is recommended to assess accessibility
501092558,way,surface,MISSING,Surface tag is recommended to assess accessibility
501092564,way,surface,MISSING,Surface tag is recommended to assess accessibility
502197227,way,surface,MISSING,Surface tag is recommended to assess accessibility
502782341,way,surface,MISSING,Surface tag is recommended to assess accessibility
516475727,way,surface,MISSING,Surface tag is recommended to assess accessibility
516640491,way,surface,MISSING,Surface tag is recommended to assess accessibility
516640493,way,surface,MISSING,Surface tag is recommended to assess accessibility
517110195,way,surface,MISSING,Surface tag is recommended to assess accessibility
517432314,way,surface,MISSING,Surface tag is recommended to assess accessibility
517479817,way,surface,MISSING,Surface tag is recommended to assess accessibility
517479818,way,surface,MISSING,Surface tag is recommended to assess accessibility
517486005,way,surface,MISSING,Surface tag is recommended to assess accessibility
517486006,way,surface,MISSING,Surface tag is recommended to assess accessibility
518158247,way,surface,MISSING,Surface tag is recommended to assess accessibility
518158261,way,surface,MISSING,Surface tag is recommended to assess accessibility
518158263,way,surface,MISSING,Surface tag is recommended to assess accessibility
518158264,way,surface,MISSING,Surface tag is recommended to assess accessibility
519691431,way,surface,MISSING,Surface tag is recommended to assess accessibility
519696094,way,surface,MISSING,Surface tag is recommended to assess accessibility
519702111,way,surface,MISSING,Surface tag is recommended to assess accessibility
519702113,way,surface,MISSING,Surface tag is recommended to assess accessibility
519734576,way,surface,MISSING,Surface tag is recommended to assess accessibility
519734614,way,surface,MISSING,Surface tag is recommended to assess accessibility
519734615,way,surface,MISSING,Surface tag is recommended to assess accessibility
521127845,way,surface,MISSING,Surface tag is recommended to assess accessibility
521127846,way,surface,MISSING,Surface tag is recommended to assess accessibility
521127849,way,surface,MISSING,Surface tag is recommended to assess accessibility
521127850,way,surface,MISSING,Surface tag is recommended to assess accessibility
521376204,way,surface,MISSING,Surface tag is recommended to assess accessibility
521376205,way,surface,MISSING,Surface tag is recommended to assess accessibility
521377251,way,surface,MISSING,Surface tag is recommended to assess accessibility
521699100,way,surface,MISSING,Surface tag is recommended to assess accessibility
521947602,way,surface,MISSING,Surface tag is recommended to assess accessibility
521947604,way,surface,MISSING,Surface tag is recommended to assess accessibility
522236241,way,surface,MISSING,Surface tag is recommended to assess accessibility
522236242,way,surface,MISSING,Surface tag is recommended to assess accessibility
522236243,way,surface,MISSING,Surface tag is recommended to assess accessibility
522240239,way,surface,MISSING,Surface tag is recommended to assess accessibility
522292080,way,surface,MISSING,Surface tag is recommended to assess accessibility
522292081,way,surface,MISSING,Surface tag is recommended to assess accessibility
522300861,way,surface,MISSING,Surface tag is recommended to assess accessibility
522713617,way,surface,MISSING,Surface tag is recommended to assess accessibility
522713618,way,surface,MISSING,Surface tag is recommended to assess accessibility
522713619,way,surface,MISSING,Surface tag is recommended to assess accessibility
523501315,way,surface,MISSING,Surface tag is recommended to assess accessibility
523501316,way,surface,MISSING,Surface tag is recommended to assess accessibility
523501321,way,surface,MISSING,Surface tag is recommended to assess accessibility
523506550,way,surface,MISSING,Surface tag is recommended to assess accessibility
523506553,way,surface,MISSING,Surface tag is recommended to assess accessibility
523506556,way,surface,MISSING,Surface tag is recommended to assess accessibility
523510345,way,surface,MISSING,Surface tag is recommended to assess accessibility
523510347,way,surface,MISSING,Surface tag is recommended to assess accessibility
523510349,way,surface,MISSING,Surface tag is recommended to assess accessibility
523510351,way,surface,MISSING,Surface tag is recommended to assess accessibility
523510353,way,surface,MISSING,Surface tag is recommended to assess accessibility
523510379,way,surface,MISSING,Surface tag is recommended to assess accessibility
523510400,way,surface,MISSING,Surface tag is recommended to assess accessibility
523516185,way,surface,MISSING,Surface tag is recommended to assess accessibility
523516186,way,surface,MISSING,Surface tag is recommended to assess accessibility
523519852,way,surface,MISSING,Surface tag is recommended to assess accessibility
523519853,way,surface,MISSING,Surface tag is recommended to assess accessibility
523519854,way,surface,MISSING,Surface tag is recommended to assess accessibility
523519855,way,surface,MISSING,Surface tag is recommended to assess accessibility
524449304,way,surface,MISSING,Surface tag is recommended to assess accessibility
524449305,way,surface,MISSING,Surface tag is recommended to assess accessibility
524449410,way,surface,MISSING,Surface tag is recommended to assess accessibility
529048293,way,surface,MISSING,Surface tag is recommended to assess accessibility
529048294,way,surface,MISSING,Surface tag is recommended to assess accessibility
529057103,way,surface,MISSING,Surface tag is recommended to assess accessibility
529060363,way,surface,MISSING,Surface tag is recommended to assess accessibility
529060364,way,surface,MISSING,Surface tag is recommended to assess accessibility
529062223,way,surface,MISSING,Surface tag is recommended to assess accessibility
530395849,way,surface,MISSING,Surface tag is recommended to assess accessibility
530395850,way,surface,MISSING,Surface tag is recommended to assess accessibility
530395851,way,surface,MISSING,Surface tag is recommended to assess accessibility
532053573,way,surface,MISSING,Surface tag is recommended to assess accessibility
532061695,way,surface,MISSING,Surface tag is recommended to assess accessibility
532844602,way,surface,MISSING,Surface tag is recommended to assess accessibility
548907773,way,surface,MISSING,Surface tag is recommended to assess accessibility
548908247,way,surface,MISSING,Surface tag is recommended to assess accessibility
549066469,way,surface,MISSING,Surface tag is recommended to assess accessibility
549570796,way,surface,MISSING,Surface tag is recommended to assess accessibility
549570802,way,surface,MISSING,Surface tag is recommended to assess accessibility
549576889,way,surface,MISSING,Surface tag is recommended to assess accessibility
549576908,way,surface,MISSING,Surface tag is recommended to assess accessibility
549580925,way,surface,MISSING,Surface tag is recommended to assess accessibility
549580927,way,surface,MISSING,Surface tag is recommended to assess accessibility
549606663,way,surface,MISSING,Surface tag is recommended to assess accessibility
549606664,way,surface,MISSING,Surface tag is recommended to assess accessibility
549609854,way,surface,MISSING,Surface tag is recommended to assess accessibility
549609855,way,surface,MISSING,Surface tag is recommended to assess accessibility
549612177,way,surface,MISSING,Surface tag is recommended to assess accessibility
549618461,way,surface,MISSING,Surface tag is recommended to assess accessibility
549618472,way,surface,MISSING,Surface tag is recommended to assess accessibility
549743214,way,surface,MISSING,Surface tag is recommended to assess accessibility
549743215,way,surface,MISSING,Surface tag is recommended to assess accessibility
549743216,way,surface,MISSING,Surface tag is recommended to assess accessibility
549761433,way,surface,MISSING,Surface tag is recommended to assess accessibility
549763348,way,surface,MISSING,Surface tag is recommended to assess accessibility
550168374,way,surface,MISSING,Surface tag is recommended to assess accessibility
550168375,way,surface,MISSING,Surface tag is recommended to assess accessibility
550444346,way,surface,MISSING,Surface tag is recommended to assess accessibility
550980565,way,surface,MISSING,Surface tag is recommended to assess accessibility
551270033,way,surface,MISSING,Surface tag is recommended to assess accessibility
551270034,way,surface,MISSING,Surface tag is recommended to assess accessibility
551270038,way,surface,MISSING,Surface tag is recommended to assess accessibility
551969140,way,surface,MISSING,Surface tag is recommended to assess accessibility
552668705,way,surface,MISSING,Surface tag is recommended to assess accessibility
552668706,way,surface,MISSING,Surface tag is recommended to assess accessibility
552668707,way,surface,MISSING,Surface tag is recommended to assess accessibility
553362382,way,surface,MISSING,Surface tag is recommended to assess accessibility
553553030,way,surface,MISSING,Surface tag is recommended to assess accessibility
553573804,way,surface,MISSING,Surface tag is recommended to assess accessibility
553573839,way,surface,MISSING,Surface tag is recommended to assess accessibility
553573865,way,surface,MISSING,Surface tag is recommended to assess accessibility
553576696,way,surface,MISSING,Surface tag is recommended to assess accessibility
553576699,way,surface,MISSING,Surface tag is recommended to assess accessibility
553607881,way,surface,MISSING,Surface tag is recommended to assess accessibility
553607882,way,surface,MISSING,Surface tag is recommended to assess accessibility
553611598,way,surface,MISSING,Surface tag is recommended to assess accessibility
553613501,way,surface,MISSING,Surface tag is recommended to assess accessibility
553623458,way,surface,MISSING,Surface tag is recommended to assess accessibility
553625340,way,surface,MISSING,Surface tag is recommended to assess accessibility
553626587,way,surface,MISSING,Surface tag is recommended to assess accessibility
553626588,way,surface,MISSING,Surface tag is recommended to assess accessibility
553629937,way,surface,MISSING,Surface tag is recommended to assess accessibility
553847060,way,surface,MISSING,Surface tag is recommended to assess accessibility
554666426,way,surface,MISSING,Surface tag is recommended to assess accessibility
554666428,way,surface,MISSING,Surface tag is recommended to assess accessibility
554672396,way,surface,MISSING,Surface tag is recommended to assess accessibility
554672399,way,surface,MISSING,Surface tag is recommended to assess accessibility
554676938,way,surface,MISSING,Surface tag is recommended to assess accessibility
554676939,way,surface,MISSING,Surface tag is recommended to assess accessibility
554868295,way,surface,MISSING,Surface tag is recommended to assess accessibility
554868296,way,surface,MISSING,Surface tag is recommended to assess accessibility
554868301,way,surface,MISSING,Surface tag is recommended to assess accessibility
554868303,way,surface,MISSING,Surface tag is recommended to assess accessibility
554868313,way,surface,MISSING,Surface tag is recommended to assess accessibility
554872009,way,surface,MISSING,Surface tag is recommended to assess accessibility
556521405,way,surface,MISSING,Surface tag is recommended to assess accessibility
556521406,way,surface,MISSING,Surface tag is recommended to assess accessibility
556521407,way,surface,MISSING,Surface tag is recommended to assess accessibility
556523276,way,surface,MISSING,Surface tag is recommended to assess accessibility
556523279,way,surface,MISSING,Surface tag is recommended to assess accessibility
556524476,way,surface,MISSING,Surface tag is recommended to assess accessibility
556527171,way,surface,MISSING,Surface tag is recommended to assess accessibility
558862695,way,surface,MISSING,Surface tag is recommended to assess accessibility
558862956,way,surface,MISSING,Surface tag is recommended to assess accessibility
558862957,way,surface,MISSING,Surface tag is recommended to assess accessibility
559148005,way,surface,MISSING,Surface tag is recommended to assess accessibility
559496222,way,surface,MISSING,Surface tag is recommended to assess accessibility
559496231,way,surface,MISSING,Surface tag is recommended to assess accessibility
559768978,way,surface,MISSING,Surface tag is recommended to assess accessibility
559787383,way,surface,MISSING,Surface tag is recommended to assess accessibility
560844898,way,surface,MISSING,Surface tag is recommended to assess accessibility
561049823,way,surface,MISSING,Surface tag is recommended to assess accessibility
561833542,way,surface,MISSING,Surface tag is recommended to assess accessibility
561833564,way,surface,MISSING,Surface tag is recommended to assess accessibility
562790950,way,surface,MISSING,Surface tag is recommended to assess accessibility
563914710,way,surface,MISSING,Surface tag is recommended to assess accessibility
563914711,way,surface,MISSING,Surface tag is recommended to assess accessibility
563923940,way,surface,MISSING,Surface tag is recommended to assess accessibility
563923942,way,surface,MISSING,Surface tag is recommended to assess accessibility
563926384,way,surface,MISSING,Surface tag is recommended to assess accessibility
563926394,way,surface,MISSING,Surface tag is recommended to assess accessibility
563926398,way,surface,MISSING,Surface tag is recommended to assess accessibility
563945108,way,surface,MISSING,Surface tag is recommended to assess accessibility
563945109,way,surface,MISSING,Surface tag is recommended to assess accessibility
563946122,way,surface,MISSING,Surface tag is recommended to assess accessibility
563947285,way,surface,MISSING,Surface tag is recommended to assess accessibility
563954691,way,surface,MISSING,Surface tag is recommended to assess accessibility
563954692,way,surface,MISSING,Surface tag is recommended to assess accessibility
564079836,way,surface,MISSING,Surface tag is recommended to assess accessibility
564371473,way,surface,MISSING,Surface tag is recommended to assess accessibility
564376535,way,surface,MISSING,Surface tag is recommended to assess accessibility
565490120,way,surface,MISSING,Surface tag is recommended to assess accessibility
568371022,way,surface,MISSING,Surface tag is recommended to assess accessibility
568371023,way,surface,MISSING,Surface tag is recommended to assess accessibility
568378754,way,surface,MISSING,Surface tag is recommended to assess accessibility
568378760,way,surface,MISSING,Surface tag is recommended to assess accessibility
568378763,way,surface,MISSING,Surface tag is recommended to assess accessibility
568571727,way,surface,MISSING,Surface tag is recommended to assess accessibility
569436679,way,surface,MISSING,Surface tag is recommended to assess accessibility
569440823,way,surface,MISSING,Surface tag is recommended to assess accessibility
569440825,way,surface,MISSING,Surface tag is recommended to assess accessibility
569460028,way,surface,MISSING,Surface tag is recommended to assess accessibility
569460029,way,surface,MISSING,Surface tag is recommended to assess accessibility
570069502,way,surface,MISSING,Surface tag is recommended to assess accessibility
570080924,way,surface,MISSING,Surface tag is recommended to assess accessibility
570082513,way,surface,MISSING,Surface tag is recommended to assess accessibility
571089624,way,surface,MISSING,Surface tag is recommended to assess accessibility
573330182,way,surface,MISSING,Surface tag is recommended to assess accessibility
579071957,way,surface,MISSING,Surface tag is recommended to assess accessibility
581503736,way,surface,MISSING,Surface tag is recommended to assess accessibility
587342175,way,surface,MISSING,Surface tag is recommended to assess accessibility
589375184,way,surface,MISSING,Surface tag is recommended to assess accessibility
589375185,way,surface,MISSING,Surface tag is recommended to assess accessibility
589375187,way,surface,MISSING,Surface tag is recommended to assess accessibility
589991989,way,surface,MISSING,Surface tag is recommended to assess accessibility
589991990,way,surface,MISSING,Surface tag is recommended to assess accessibility
589991991,way,surface,MISSING,Surface tag is recommended to assess accessibility
591035995,way,surface,MISSING,Surface tag is recommended to assess accessibility
599943862,way,surface,MISSING,Surface tag is recommended to assess accessibility
601091078,way,surface,MISSING,Surface tag is recommended to assess accessibility
601144367,way,surface,MISSING,Surface tag is recommended to assess accessibility
601790890,way,surface,MISSING,Surface tag is recommended to assess accessibility
603218702,way,surface,MISSING,Surface tag is recommended to assess accessibility
607803547,way,surface,MISSING,Surface tag is recommended to assess accessibility
607803560,way,surface,MISSING,Surface tag is recommended to assess accessibility
613421501,way,surface,MISSING,Surface tag is recommended to assess accessibility
613421502,way,surface,MISSING,Surface tag is recommended to assess accessibility
613421505,way,surface,MISSING,Surface tag is recommended to assess accessibility
614083620,way,surface,MISSING,Surface tag is recommended to assess accessibility
614083621,way,surface,MISSING,Surface tag is recommended to assess accessibility
614083622,way,surface,MISSING,Surface tag is recommended to assess accessibility
614583138,way,surface,MISSING,Surface tag is recommended to assess accessibility
615093122,way,surface,MISSING,Surface tag is recommended to assess accessibility
615093123,way,surface,MISSING,Surface tag is recommended to assess accessibility
615093125,way,surface,MISSING,Surface tag is recommended to assess accessibility
615356355,way,surface,MISSING,Surface tag is recommended to assess accessibility
615393140,way,surface,MISSING,Surface tag is recommended to assess accessibility
615414039,way,surface,MISSING,Surface tag is recommended to assess accessibility
615999855,way,surface,MISSING,Surface tag is recommended to assess accessibility
615999856,way,surface,MISSING,Surface tag is recommended to assess accessibility
616000154,way,surface,MISSING,Surface tag is recommended to assess accessibility
616000156,way,surface,MISSING,Surface tag is recommended to assess accessibility
616176381,way,surface,MISSING,Surface tag is recommended to assess accessibility
617438925,way,surface,MISSING,Surface tag is recommended to assess accessibility
617450153,way,surface,MISSING,Surface tag is recommended to assess accessibility
617462941,way,surface,MISSING,Surface tag is recommended to assess accessibility
617638820,way,surface,MISSING,Surface tag is recommended to assess accessibility
620124961,way,surface,MISSING,Surface tag is recommended to assess accessibility
620124962,way,surface,MISSING,Surface tag is recommended to assess accessibility
620124963,way,surface,MISSING,Surface tag is recommended to assess accessibility
620124964,way,surface,MISSING,Surface tag is recommended to assess accessibility
620124965,way,surface,MISSING,Surface tag is recommended to assess accessibility
620124966,way,surface,MISSING,Surface tag is recommended to assess accessibility
620124967,way,surface,MISSING,Surface tag is recommended to assess accessibility
620399649,way,surface,MISSING,Surface tag is recommended to assess accessibility
620399650,way,surface,MISSING,Surface tag is recommended to assess accessibility
620399651,way,surface,MISSING,Surface tag is recommended to assess accessibility
620399652,way,surface,MISSING,Surface tag is recommended to assess accessibility
620399653,way,surface,MISSING,Surface tag is recommended to assess accessibility
620399654,way,surface,MISSING,Surface tag is recommended to assess accessibility
620399656,way,surface,MISSING,Surface tag is recommended to assess accessibility
620399658,way,surface,MISSING,Surface tag is recommended to assess accessibility
620660339,way,surface,MISSING,Surface tag is recommended to assess accessibility
620660340,way,surface,MISSING,Surface tag is recommended to assess accessibility
621550097,way,surface,MISSING,Surface tag is recommended to assess accessibility
621621247,way,surface,MISSING,Surface tag is recommended to assess accessibility
621621250,way,surface,MISSING,Surface tag is recommended to assess accessibility
621819437,way,surface,MISSING,Surface tag is recommended to assess accessibility
621821090,way,surface,MISSING,Surface tag is recommended to assess accessibility
621821093,way,surface,MISSING,Surface tag is recommended to assess accessibility
622546075,way,surface,MISSING,Surface tag is recommended to assess accessibility
622546076,way,surface,MISSING,Surface tag is recommended to assess accessibility
622546078,way,surface,MISSING,Surface tag is recommended to assess accessibility
622546079,way,surface,MISSING,Surface tag is recommended to assess accessibility
622546080,way,surface,MISSING,Surface tag is recommended to assess accessibility
622546081,way,surface,MISSING,Surface tag is recommended to assess accessibility
623947242,way,surface,MISSING,Surface tag is recommended to assess accessibility
623947243,way,surface,MISSING,Surface tag is recommended to assess accessibility
623950325,way,surface,MISSING,Surface tag is recommended to assess accessibility
625175156,way,surface,MISSING,Surface tag is recommended to assess accessibility
625393459,way,surface,MISSING,Surface tag is recommended to assess accessibility
626437623,way,surface,MISSING,Surface tag is recommended to assess accessibility
626437624,way,surface,MISSING,Surface tag is recommended to assess accessibility
626437626,way,surface,MISSING,Surface tag is recommended to assess accessibility
626437627,way,surface,MISSING,Surface tag is recommended to assess accessibility
626437628,way,surface,MISSING,Surface tag is recommended to assess accessibility
626437642,way,surface,MISSING,Surface tag is recommended to assess accessibility
626437643,way,surface,MISSING,Surface tag is recommended to assess accessibility
626437644,way,surface,MISSING,Surface tag is recommended to assess accessibility
626437645,way,surface,MISSING,Surface tag is recommended to assess accessibility
626437646,way,surface,MISSING,Surface tag is recommended to assess accessibility
626437647,way,surface,MISSING,Surface tag is recommended to assess accessibility
626437656,way,surface,MISSING,Surface tag is recommended to assess accessibility
626507782,way,surface,MISSING,Surface tag is recommended to assess accessibility
626514223,way,surface,MISSING,Surface tag is recommended to assess accessibility
626516008,way,surface,MISSING,Surface tag is recommended to assess accessibility
626516011,way,surface,MISSING,Surface tag is recommended to assess accessibility
626521442,way,surface,MISSING,Surface tag is recommended to assess accessibility
627185583,way,surface,MISSING,Surface tag is recommended to assess accessibility
627394488,way,surface,MISSING,Surface tag is recommended to assess accessibility
627394497,way,surface,MISSING,Surface tag is recommended to assess accessibility
627394503,way,surface,MISSING,Surface tag is recommended to assess accessibility
627699877,way,surface,MISSING,Surface tag is recommended to assess accessibility
627799859,way,surface,MISSING,Surface tag is recommended to assess accessibility
627802649,way,surface,MISSING,Surface tag is recommended to assess accessibility
627802652,way,surface,MISSING,Surface tag is recommended to assess accessibility
627802656,way,surface,MISSING,Surface tag is recommended to assess accessibility
627802659,way,surface,MISSING,Surface tag is recommended to assess accessibility
628831996,way,surface,MISSING,Surface tag is recommended to assess accessibility
629701710,way,surface,MISSING,Surface tag is recommended to assess accessibility
629701711,way,surface,MISSING,Surface tag is recommended to assess accessibility
629703337,way,surface,MISSING,Surface tag is recommended to assess accessibility
629703339,way,surface,MISSING,Surface tag is recommended to assess accessibility
630359411,way,surface,MISSING,Surface tag is recommended to assess accessibility
631984163,way,surface,MISSING,Surface tag is recommended to assess accessibility
631984165,way,surface,MISSING,Surface tag is recommended to assess accessibility
634011449,way,surface,MISSING,Surface tag is recommended to assess accessibility
636329600,way,surface,MISSING,Surface tag is recommended to assess accessibility
639832916,way,surface,MISSING,Surface tag is recommended to assess accessibility
640102684,way,surface,MISSING,Surface tag is recommended to assess accessibility
642642494,way,surface,MISSING,Surface tag is recommended to assess accessibility
648234094,way,surface,MISSING,Surface tag is recommended to assess accessibility
650795985,way,surface,MISSING,Surface tag is recommended to assess accessibility
650797389,way,surface,MISSING,Surface tag is recommended to assess accessibility
650797390,way,surface,MISSING,Surface tag is recommended to assess accessibility
651384746,way,surface,MISSING,Surface tag is recommended to assess accessibility
651394050,way,surface,MISSING,Surface tag is recommended to assess accessibility
651394054,way,surface,MISSING,Surface tag is recommended to assess accessibility
651394056,way,surface,MISSING,Surface tag is recommended to assess accessibility
651394057,way,surface,MISSING,Surface tag is recommended to assess accessibility
651394058,way,surface,MISSING,Surface tag is recommended to assess accessibility
651394059,way,surface,MISSING,Surface tag is recommended to assess accessibility
652975724,way,surface,MISSING,Surface tag is recommended to assess accessibility
653650082,way,surface,MISSING,Surface tag is recommended to assess accessibility
654821438,way,surface,MISSING,Surface tag is recommended to assess accessibility
655090862,way,surface,MISSING,Surface tag is recommended to assess accessibility
655095980,way,surface,MISSING,Surface tag is recommended to assess accessibility
655104332,way,surface,MISSING,Surface tag is recommended to assess accessibility
655113309,way,surface,MISSING,Surface tag is recommended to assess accessibility
655114331,way,surface,MISSING,Surface tag is recommended to assess accessibility
655223927,way,surface,MISSING,Surface tag is recommended to assess accessibility
655223929,way,surface,MISSING,Surface tag is recommended to assess accessibility
657975690,way,surface,MISSING,Surface tag is recommended to assess accessibility
657975691,way,surface,MISSING,Surface tag is recommended to assess accessibility
657975692,way,surface,MISSING,Surface tag is recommended to assess accessibility
657975701,way,surface,MISSING,Surface tag is recommended to assess accessibility
657975702,way,surface,MISSING,Surface tag is recommended to assess accessibility
657975703,way,surface,MISSING,Surface tag is recommended to assess accessibility
657975704,way,surface,MISSING,Surface tag is recommended to assess accessibility
670787100,way,surface,MISSING,Surface tag is recommended to assess accessibility
672347248,way,surface,MISSING,Surface tag is recommended to assess accessibility
672347249,way,surface,MISSING,Surface tag is recommended to assess accessibility
674171821,way,surface,MISSING,Surface tag is recommended to assess accessibility
674441691,way,surface,MISSING,Surface tag is recommended to assess accessibility
675314766,way,surface,MISSING,Surface tag is recommended to assess accessibility
675314768,way,surface,MISSING,Surface tag is recommended to assess accessibility
675314774,way,surface,MISSING,Surface tag is recommended to assess accessibility
675314786,way,surface,MISSING,Surface tag is recommended to assess accessibility
675314788,way,surface,MISSING,Surface tag is recommended to assess accessibility
675314790,way,surface,MISSING,Surface tag is recommended to assess accessibility
675314791,way,surface,MISSING,Surface tag is recommended to assess accessibility
675314799,way,surface,MISSING,Surface tag is recommended to assess accessibility
675314803,way,surface,MISSING,Surface tag is recommended to assess accessibility
675314805,way,surface,MISSING,Surface tag is recommended to assess accessibility
676662974,way,surface,MISSING,Surface tag is recommended to assess accessibility
682557925,way,surface,MISSING,Surface tag is recommended to assess accessibility
685925944,way,surface,MISSING,Surface tag is recommended to assess accessibility
688667368,way,surface,MISSING,Surface tag is recommended to assess accessibility
688667370,way,surface,MISSING,Surface tag is recommended to assess accessibility
689787987,way,surface,MISSING,Surface tag is recommended to assess accessibility
690606351,way,surface,MISSING,Surface tag is recommended to assess accessibility
690606352,way,surface,MISSING,Surface tag is recommended to assess accessibility
690606353,way,surface,MISSING,Surface tag is recommended to assess accessibility
690606354,way,surface,MISSING,Surface tag is recommended to assess accessibility
690606355,way,surface,MISSING,Surface tag is recommended to assess accessibility
690606356,way,surface,MISSING,Surface tag is recommended to assess accessibility
691838827,way,surface,MISSING,Surface tag is recommended to assess accessibility
692350557,way,surface,MISSING,Surface tag is recommended to assess accessibility
692350562,way,surface,MISSING,Surface tag is recommended to assess accessibility
692351987,way,surface,MISSING,Surface tag is recommended to assess accessibility
692351991,way,surface,MISSING,Surface tag is recommended to assess accessibility
692351993,way,surface,MISSING,Surface tag is recommended to assess accessibility
692351994,way,surface,MISSING,Surface tag is recommended to assess accessibility
692352345,way,surface,MISSING,Surface tag is recommended to assess accessibility
692355358,way,surface,MISSING,Surface tag is recommended to assess accessibility
692355359,way,surface,MISSING,Surface tag is recommended to assess accessibility
692355364,way,surface,MISSING,Surface tag is recommended to assess accessibility
692355365,way,surface,MISSING,Surface tag is recommended to assess accessibility
692429851,way,surface,MISSING,Surface tag is recommended to assess accessibility
692429856,way,surface,MISSING,Surface tag is recommended to assess accessibility
692432828,way,surface,MISSING,Surface tag is recommended to assess accessibility
692432831,way,surface,MISSING,Surface tag is recommended to assess accessibility
692432847,way,surface,MISSING,Surface tag is recommended to assess accessibility
692432850,way,surface,MISSING,Surface tag is recommended to assess accessibility
692432862,way,surface,MISSING,Surface tag is recommended to assess accessibility
692432863,way,surface,MISSING,Surface tag is recommended to assess accessibility
695889806,way,surface,MISSING,Surface tag is recommended to assess accessibility
695889807,way,surface,MISSING,Surface tag is recommended to assess accessibility
695889809,way,surface,MISSING,Surface tag is recommended to assess accessibility
699320939,way,surface,MISSING,Surface tag is recommended to assess accessibility
699320942,way,surface,MISSING,Surface tag is recommended to assess accessibility
699785611,way,surface,MISSING,Surface tag is recommended to assess accessibility
700429885,way,surface,MISSING,Surface tag is recommended to assess accessibility
705831678,way,surface,MISSING,Surface tag is recommended to assess accessibility
709687462,way,surface,MISSING,Surface tag is recommended to assess accessibility
713440236,way,surface,MISSING,Surface tag is recommended to assess accessibility
717248552,way,surface,MISSING,Surface tag is recommended to assess accessibility
718431619,way,surface,MISSING,Surface tag is recommended to assess accessibility
718431620,way,surface,MISSING,Surface tag is recommended to assess accessibility
718431621,way,surface,MISSING,Surface tag is recommended to assess accessibility
724089675,way,surface,MISSING,Surface tag is recommended to assess accessibility
728922070,way,surface,MISSING,Surface tag is recommended to assess accessibility
728922072,way,surface,MISSING,Surface tag is recommended to assess accessibility
746522109,way,surface,MISSING,Surface tag is recommended to assess accessibility
747162369,way,surface,MISSING,Surface tag is recommended to assess accessibility
747162370,way,surface,MISSING,Surface tag is recommended to assess accessibility
747162371,way,surface,MISSING,Surface tag is recommended to assess accessibility
747162372,way,surface,MISSING,Surface tag is recommended to assess accessibility
747956220,way,surface,MISSING,Surface tag is recommended to assess accessibility
747956233,way,surface,MISSING,Surface tag is recommended to assess accessibility
747956234,way,surface,MISSING,Surface tag is recommended to assess accessibility
753030492,way,surface,MISSING,Surface tag is recommended to assess accessibility
754343041,way,surface,MISSING,Surface tag is recommended to assess accessibility
754343042,way,surface,MISSING,Surface tag is recommended to assess accessibility
754343043,way,surface,MISSING,Surface tag is recommended to assess accessibility
754343045,way,surface,MISSING,Surface tag is recommended to assess accessibility
754343048,way,surface,MISSING,Surface tag is recommended to assess accessibility
754343049,way,surface,MISSING,Surface tag is recommended to assess accessibility
754343050,way,surface,MISSING,Surface tag is recommended to assess accessibility
754343051,way,surface,MISSING,Surface tag is recommended to assess accessibility
754774598,way,surface,MISSING,Surface tag is recommended to assess accessibility
755020172,way,surface,MISSING,Surface tag is recommended to assess accessibility
755021806,way,surface,MISSING,Surface tag is recommended to assess accessibility
755021902,way,surface,MISSING,Surface tag is recommended to assess accessibility
755021903,way,surface,MISSING,Surface tag is recommended to assess accessibility
755022767,way,surface,MISSING,Surface tag is recommended to assess accessibility
755022768,way,surface,MISSING,Surface tag is recommended to assess accessibility
755034897,way,surface,MISSING,Surface tag is recommended to assess accessibility
755034898,way,surface,MISSING,Surface tag is recommended to assess accessibility
755036015,way,surface,MISSING,Surface tag is recommended to assess accessibility
755209677,way,surface,MISSING,Surface tag is recommended to assess accessibility
756031460,way,surface,MISSING,Surface tag is recommended to assess accessibility
756031461,way,surface,MISSING,Surface tag is recommended to assess accessibility
756031462,way,surface,MISSING,Surface tag is recommended to assess accessibility
756054437,way,surface,MISSING,Surface tag is recommended to assess accessibility
756064904,way,surface,MISSING,Surface tag is recommended to assess accessibility
756064905,way,surface,MISSING,Surface tag is recommended to assess accessibility
756064906,way,surface,MISSING,Surface tag is recommended to assess accessibility
756064907,way,surface,MISSING,Surface tag is recommended to assess accessibility
756064908,way,surface,MISSING,Surface tag is recommended to assess accessibility
756065615,way,surface,MISSING,Surface tag is recommended to assess accessibility
756073580,way,surface,MISSING,Surface tag is recommended to assess accessibility
756073581,way,surface,MISSING,Surface tag is recommended to assess accessibility
756076585,way,surface,MISSING,Surface tag is recommended to assess accessibility
756100236,way,surface,MISSING,Surface tag is recommended to assess accessibility
756100439,way,surface,MISSING,Surface tag is recommended to assess accessibility
756100440,way,surface,MISSING,Surface tag is recommended to assess accessibility
756100441,way,surface,MISSING,Surface tag is recommended to assess accessibility
756101760,way,surface,MISSING,Surface tag is recommended to assess accessibility
756328504,way,surface,MISSING,Surface tag is recommended to assess accessibility
756328905,way,surface,MISSING,Surface tag is recommended to assess accessibility
756336728,way,surface,MISSING,Surface tag is recommended to assess accessibility
756639345,way,surface,MISSING,Surface tag is recommended to assess accessibility
756639346,way,surface,MISSING,Surface tag is recommended to assess accessibility
756640610,way,surface,MISSING,Surface tag is recommended to assess accessibility
756640611,way,surface,MISSING,Surface tag is recommended to assess accessibility
756660009,way,surface,MISSING,Surface tag is recommended to assess accessibility
756660010,way,surface,MISSING,Surface tag is recommended to assess accessibility
756660011,way,surface,MISSING,Surface tag is recommended to assess accessibility
756753210,way,surface,MISSING,Surface tag is recommended to assess accessibility
756756156,way,surface,MISSING,Surface tag is recommended to assess accessibility
756760164,way,surface,MISSING,Surface tag is recommended to assess accessibility
756761540,way,surface,MISSING,Surface tag is recommended to assess accessibility
756761750,way,surface,MISSING,Surface tag is recommended to assess accessibility
756761751,way,surface,MISSING,Surface tag is recommended to assess accessibility
756761903,way,surface,MISSING,Surface tag is recommended to assess accessibility
756761904,way,surface,MISSING,Surface tag is recommended to assess accessibility
756762209,way,surface,MISSING,Surface tag is recommended to assess accessibility
756762210,way,surface,MISSING,Surface tag is recommended to assess accessibility
756762327,way,surface,MISSING,Surface tag is recommended to assess accessibility
756772255,way,surface,MISSING,Surface tag is recommended to assess accessibility
756772256,way,surface,MISSING,Surface tag is recommended to assess accessibility
756773741,way,surface,MISSING,Surface tag is recommended to assess accessibility
756776380,way,surface,MISSING,Surface tag is recommended to assess accessibility
756777356,way,surface,MISSING,Surface tag is recommended to assess accessibility
756777357,way,surface,MISSING,Surface tag is recommended to assess accessibility
757042896,way,surface,MISSING,Surface tag is recommended to assess accessibility
757058812,way,surface,MISSING,Surface tag is recommended to assess accessibility
757058813,way,surface,MISSING,Surface tag is recommended to assess accessibility
757058814,way,surface,MISSING,Surface tag is recommended to assess accessibility
757060540,way,surface,MISSING,Surface tag is recommended to assess accessibility
757060618,way,surface,MISSING,Surface tag is recommended to assess accessibility
757063426,way,surface,MISSING,Surface tag is recommended to assess accessibility
757069726,way,surface,MISSING,Surface tag is recommended to assess accessibility
757070824,way,surface,MISSING,Surface tag is recommended to assess accessibility
757082153,way,surface,MISSING,Surface tag is recommended to assess accessibility
757082154,way,surface,MISSING,Surface tag is recommended to assess accessibility
757082155,way,surface,MISSING,Surface tag is recommended to assess accessibility
757082156,way,surface,MISSING,Surface tag is recommended to assess accessibility
757085972,way,surface,MISSING,Surface tag is recommended to assess accessibility
757085973,way,surface,MISSING,Surface tag is recommended to assess accessibility
757085974,way,surface,MISSING,Surface tag is recommended to assess accessibility
757086028,way,surface,MISSING,Surface tag is recommended to assess accessibility
757087059,way,surface,MISSING,Surface tag is recommended to assess accessibility
757095162,way,surface,MISSING,Surface tag is recommended to assess accessibility
757428146,way,surface,MISSING,Surface tag is recommended to assess accessibility
757430734,way,surface,MISSING,Surface tag is recommended to assess accessibility
757430735,way,surface,MISSING,Surface tag is recommended to assess accessibility
757431234,way,surface,MISSING,Surface tag is recommended to assess accessibility
757431235,way,surface,MISSING,Surface tag is recommended to assess accessibility
757433497,way,surface,MISSING,Surface tag is recommended to assess accessibility
757439059,way,surface,MISSING,Surface tag is recommended to assess accessibility
757439060,way,surface,MISSING,Surface tag is recommended to assess accessibility
757446032,way,surface,MISSING,Surface tag is recommended to assess accessibility
757446034,way,surface,MISSING,Surface tag is recommended to assess accessibility
757447212,way,surface,MISSING,Surface tag is recommended to assess accessibility
758163439,way,surface,MISSING,Surface tag is recommended to assess accessibility
758174934,way,surface,MISSING,Surface tag is recommended to assess accessibility
758178789,way,surface,MISSING,Surface tag is recommended to assess accessibility
758178790,way,surface,MISSING,Surface tag is recommended to assess accessibility
758178791,way,surface,MISSING,Surface tag is recommended to assess accessibility
758189945,way,surface,MISSING,Surface tag is recommended to assess accessibility
758189946,way,surface,MISSING,Surface tag is recommended to assess accessibility
758201079,way,surface,MISSING,Surface tag is recommended to assess accessibility
758201080,way,surface,MISSING,Surface tag is recommended to assess accessibility
758202709,way,surface,MISSING,Surface tag is recommended to assess accessibility
758207600,way,surface,MISSING,Surface tag is recommended to assess accessibility
758559056,way,surface,MISSING,Surface tag is recommended to assess accessibility
758559057,way,surface,MISSING,Surface tag is recommended to assess accessibility
758559058,way,surface,MISSING,Surface tag is recommended to assess accessibility
758559059,way,surface,MISSING,Surface tag is recommended to assess accessibility
758559060,way,surface,MISSING,Surface tag is recommended to assess accessibility
758559062,way,surface,MISSING,Surface tag is recommended to assess accessibility
758562497,way,surface,MISSING,Surface tag is recommended to assess accessibility
758562498,way,surface,MISSING,Surface tag is recommended to assess accessibility
759024498,way,surface,MISSING,Surface tag is recommended to assess accessibility
759024499,way,surface,MISSING,Surface tag is recommended to assess accessibility
759024500,way,surface,MISSING,Surface tag is recommended to assess accessibility
759028381,way,surface,MISSING,Surface tag is recommended to assess accessibility
759028383,way,surface,MISSING,Surface tag is recommended to assess accessibility
759030319,way,surface,MISSING,Surface tag is recommended to assess accessibility
759030320,way,surface,MISSING,Surface tag is recommended to assess accessibility
759030321,way,surface,MISSING,Surface tag is recommended to assess accessibility
759030578,way,surface,MISSING,Surface tag is recommended to assess accessibility
759030579,way,surface,MISSING,Surface tag is recommended to assess accessibility
759034125,way,surface,MISSING,Surface tag is recommended to assess accessibility
759034126,way,surface,MISSING,Surface tag is recommended to assess accessibility
759034127,way,surface,MISSING,Surface tag is recommended to assess accessibility
759036942,way,surface,MISSING,Surface tag is recommended to assess accessibility
759039006,way,surface,MISSING,Surface tag is recommended to assess accessibility
759039007,way,surface,MISSING,Surface tag is recommended to assess accessibility
759039008,way,surface,MISSING,Surface tag is recommended to assess accessibility
759039445,way,surface,MISSING,Surface tag is recommended to assess accessibility
759039446,way,surface,MISSING,Surface tag is recommended to assess accessibility
759288127,way,surface,MISSING,Surface tag is recommended to assess accessibility
759921030,way,surface,MISSING,Surface tag is recommended to assess accessibility
762069635,way,surface,MISSING,Surface tag is recommended to assess accessibility
762076012,way,surface,MISSING,Surface tag is recommended to assess accessibility
762088679,way,surface,MISSING,Surface tag is recommended to assess accessibility
762099310,way,surface,MISSING,Surface tag is recommended to assess accessibility
762115756,way,surface,MISSING,Surface tag is recommended to assess accessibility
762115759,way,surface,MISSING,Surface tag is recommended to assess accessibility
762117864,way,surface,MISSING,Surface tag is recommended to assess accessibility
762117865,way,surface,MISSING,Surface tag is recommended to assess accessibility
762120442,way,surface,MISSING,Surface tag is recommended to assess accessibility
762124709,way,surface,MISSING,Surface tag is recommended to assess accessibility
762578170,way,surface,MISSING,Surface tag is recommended to assess accessibility
762578171,way,surface,MISSING,Surface tag is recommended to assess accessibility
762578172,way,surface,MISSING,Surface tag is recommended to assess accessibility
762578173,way,surface,MISSING,Surface tag is recommended to assess accessibility
762578174,way,surface,MISSING,Surface tag is recommended to assess accessibility
762578175,way,surface,MISSING,Surface tag is recommended to assess accessibility
762578176,way,surface,MISSING,Surface tag is recommended to assess accessibility
762578177,way,surface,MISSING,Surface tag is recommended to assess accessibility
769538817,way,surface,MISSING,Surface tag is recommended to assess accessibility
769538818,way,surface,MISSING,Surface tag is recommended to assess accessibility
769538826,way,surface,MISSING,Surface tag is recommended to assess accessibility
769654481,way,surface,MISSING,Surface tag is recommended to assess accessibility
769654482,way,surface,MISSING,Surface tag is recommended to assess accessibility
769654483,way,surface,MISSING,Surface tag is recommended to assess accessibility
769654485,way,surface,MISSING,Surface tag is recommended to assess accessibility
769654486,way,surface,MISSING,Surface tag is recommended to assess accessibility
769695449,way,surface,MISSING,Surface tag is recommended to assess accessibility
769695453,way,surface,MISSING,Surface tag is recommended to assess accessibility
769695454,way,surface,MISSING,Surface tag is recommended to assess accessibility
769704160,way,surface,MISSING,Surface tag is recommended to assess accessibility
769766516,way,surface,MISSING,Surface tag is recommended to assess accessibility
770553952,way,surface,MISSING,Surface tag is recommended to assess accessibility
770553956,way,surface,MISSING,Surface tag is recommended to assess accessibility
770951711,way,surface,MISSING,Surface tag is recommended to assess accessibility
772354578,way,surface,MISSING,Surface tag is recommended to assess accessibility
772705893,way,surface,MISSING,Surface tag is recommended to assess accessibility
772705894,way,surface,MISSING,Surface tag is recommended to assess accessibility
772705899,way,surface,MISSING,Surface tag is recommended to assess accessibility
772705901,way,surface,MISSING,Surface tag is recommended to assess accessibility
776514152,way,surface,MISSING,Surface tag is recommended to assess accessibility
776514153,way,surface,MISSING,Surface tag is recommended to assess accessibility
776514154,way,surface,MISSING,Surface tag is recommended to assess accessibility
776514155,way,surface,MISSING,Surface tag is recommended to assess accessibility
778408551,way,surface,MISSING,Surface tag is recommended to assess accessibility
789694758,way,surface,MISSING,Surface tag is recommended to assess accessibility
807669170,way,surface,MISSING,Surface tag is recommended to assess accessibility
812698603,way,surface,MISSING,Surface tag is recommended to assess accessibility
819544658,way,surface,MISSING,Surface tag is recommended to assess accessibility
819544659,way,surface,MISSING,Surface tag is recommended to assess accessibility
819544660,way,surface,MISSING,Surface tag is recommended to assess accessibility
819544661,way,surface,MISSING,Surface tag is recommended to assess accessibility
820788009,way,surface,MISSING,Surface tag is recommended to assess accessibility
825992467,way,surface,MISSING,Surface tag is recommended to assess accessibility
825992468,way,surface,MISSING,Surface tag is recommended to assess accessibility
825992470,way,surface,MISSING,Surface tag is recommended to assess accessibility
829738375,way,surface,MISSING,Surface tag is recommended to assess accessibility
833936656,way,surface,MISSING,Surface tag is recommended to assess accessibility
836148019,way,surface,MISSING,Surface tag is recommended to assess accessibility
840278500,way,surface,MISSING,Surface tag is recommended to assess accessibility
846786004,way,surface,MISSING,Surface tag is recommended to assess accessibility
870570033,way,surface,MISSING,Surface tag is recommended to assess accessibility
870861621,way,surface,MISSING,Surface tag is recommended to assess accessibility
870861622,way,surface,MISSING,Surface tag is recommended to assess accessibility
870878157,way,surface,MISSING,Surface tag is recommended to assess accessibility
870881399,way,surface,MISSING,Surface tag is recommended to assess accessibility
870881401,way,surface,MISSING,Surface tag is recommended to assess accessibility
870881926,way,surface,MISSING,Surface tag is recommended to assess accessibility
871928503,way,surface,MISSING,Surface tag is recommended to assess accessibility
873275506,way,surface,MISSING,Surface tag is recommended to assess accessibility
873275507,way,surface,MISSING,Surface tag is recommended to assess accessibility
873275508,way,surface,MISSING,Surface tag is recommended to assess accessibility
877548479,way,surface,MISSING,Surface tag is recommended to assess accessibility
877548480,way,surface,MISSING,Surface tag is recommended to assess accessibility
892486889,way,surface,MISSING,Surface tag is recommended to assess accessibility
892486890,way,surface,MISSING,Surface tag is recommended to assess accessibility
892486898,way,surface,MISSING,Surface tag is recommended to assess accessibility
892486899,way,surface,MISSING,Surface tag is recommended to assess accessibility
892486900,way,surface,MISSING,Surface tag is recommended to assess accessibility
892486901,way,surface,MISSING,Surface tag is recommended to assess accessibility
893234642,way,surface,MISSING,Surface tag is recommended to assess accessibility
893234649,way,surface,MISSING,Surface tag is recommended to assess accessibility
893234650,way,surface,MISSING,Surface tag is recommended to assess accessibility
893234651,way,surface,MISSING,Surface tag is recommended to assess accessibility
893234653,way,surface,MISSING,Surface tag is recommended to assess accessibility
893234654,way,surface,MISSING,Surface tag is recommended to assess accessibility
893234655,way,surface,MISSING,Surface tag is recommended to assess accessibility
893234656,way,surface,MISSING,Surface tag is recommended to assess accessibility
893234663,way,surface,MISSING,Surface tag is recommended to assess accessibility
893234667,way,surface,MISSING,Surface tag is recommended to assess accessibility
893246162,way,surface,MISSING,Surface tag is recommended to assess accessibility
893575720,way,surface,MISSING,Surface tag is recommended to assess accessibility
893575721,way,surface,MISSING,Surface tag is recommended to assess accessibility
893575722,way,surface,MISSING,Surface tag is recommended to assess accessibility
893575723,way,surface,MISSING,Surface tag is recommended to assess accessibility
893575724,way,surface,MISSING,Surface tag is recommended to assess accessibility
893575725,way,surface,MISSING,Surface tag is recommended to assess accessibility
893575726,way,surface,MISSING,Surface tag is recommended to assess accessibility
893575729,way,surface,MISSING,Surface tag is recommended to assess accessibility
893575732,way,surface,MISSING,Surface tag is recommended to assess accessibility
893575733,way,surface,MISSING,Surface tag is recommended to assess accessibility
893575755,way,surface,MISSING,Surface tag is recommended to assess accessibility
893575768,way,surface,MISSING,Surface tag is recommended to assess accessibility
894438014,way,surface,MISSING,Surface tag is recommended to assess accessibility
901017020,way,surface,MISSING,Surface tag is recommended to assess accessibility
901017021,way,surface,MISSING,Surface tag is recommended to assess accessibility
901017022,way,surface,MISSING,Surface tag is recommended to assess accessibility
901017023,way,surface,MISSING,Surface tag is recommended to assess accessibility
914789343,way,surface,MISSING,Surface tag is recommended to assess accessibility
914789354,way,surface,MISSING,Surface tag is recommended to assess accessibility
915607886,way,surface,MISSING,Surface tag is recommended to assess accessibility
915607887,way,surface,MISSING,Surface tag is recommended to assess accessibility
915607889,way,surface,MISSING,Surface tag is recommended to assess accessibility
915607890,way,surface,MISSING,Surface tag is recommended to assess accessibility
936575402,way,surface,MISSING,Surface tag is recommended to assess accessibility
936575404,way,surface,MISSING,Surface tag is recommended to assess accessibility
936578535,way,surface,MISSING,Surface tag is recommended to assess accessibility
936578537,way,surface,MISSING,Surface tag is recommended to assess accessibility
936578539,way,surface,MISSING,Surface tag is recommended to assess accessibility
936578541,way,surface,MISSING,Surface tag is recommended to assess accessibility
936581338,way,surface,MISSING,Surface tag is recommended to assess accessibility
936591494,way,surface,MISSING,Surface tag is recommended to assess accessibility
936591496,way,surface,MISSING,Surface tag is recommended to assess accessibility
936591498,way,surface,MISSING,Surface tag is recommended to assess accessibility
936922447,way,surface,MISSING,Surface tag is recommended to assess accessibility
936922448,way,surface,MISSING,Surface tag is recommended to assess accessibility
937436524,way,surface,MISSING,Surface tag is recommended to assess accessibility
937441737,way,surface,MISSING,Surface tag is recommended to assess accessibility
937446835,way,surface,MISSING,Surface tag is recommended to assess accessibility
938204250,way,surface,MISSING,Surface tag is recommended to assess accessibility
938204254,way,surface,MISSING,Surface tag is recommended to assess accessibility
938207034,way,surface,MISSING,Surface tag is recommended to assess accessibility
938207035,way,surface,MISSING,Surface tag is recommended to assess accessibility
938207036,way,surface,MISSING,Surface tag is recommended to assess accessibility
938207037,way,surface,MISSING,Surface tag is recommended to assess accessibility
938254396,way,surface,MISSING,Surface tag is recommended to assess accessibility
938274316,way,surface,MISSING,Surface tag is recommended to assess accessibility
938274317,way,surface,MISSING,Surface tag is recommended to assess accessibility
938274318,way,surface,MISSING,Surface tag is recommended to assess accessibility
938274321,way,surface,MISSING,Surface tag is recommended to assess accessibility
938274323,way,surface,MISSING,Surface tag is recommended to assess accessibility
938274324,way,surface,MISSING,Surface tag is recommended to assess accessibility
938316894,way,surface,MISSING,Surface tag is recommended to assess accessibility
938689327,way,surface,MISSING,Surface tag is recommended to assess accessibility
938689328,way,surface,MISSING,Surface tag is recommended to assess accessibility
938689329,way,surface,MISSING,Surface tag is recommended to assess accessibility
938699462,way,surface,MISSING,Surface tag is recommended to assess accessibility
940178441,way,surface,MISSING,Surface tag is recommended to assess accessibility
940178455,way,surface,MISSING,Surface tag is recommended to assess accessibility
940187776,way,surface,MISSING,Surface tag is recommended to assess accessibility
940626621,way,surface,MISSING,Surface tag is recommended to assess accessibility
940630221,way,surface,MISSING,Surface tag is recommended to assess accessibility
940630222,way,surface,MISSING,Surface tag is recommended to assess accessibility
940636956,way,surface,MISSING,Surface tag is recommended to assess accessibility
940636957,way,surface,MISSING,Surface tag is recommended to assess accessibility
940636958,way,surface,MISSING,Surface tag is recommended to assess accessibility
940636961,way,surface,MISSING,Surface tag is recommended to assess accessibility
940636962,way,surface,MISSING,Surface tag is recommended to assess accessibility
940636964,way,surface,MISSING,Surface tag is recommended to assess accessibility
940919130,way,surface,MISSING,Surface tag is recommended to assess accessibility
940919136,way,surface,MISSING,Surface tag is recommended to assess accessibility
941233578,way,surface,MISSING,Surface tag is recommended to assess accessibility
942728991,way,surface,MISSING,Surface tag is recommended to assess accessibility
942728993,way,surface,MISSING,Surface tag is recommended to assess accessibility
942728995,way,surface,MISSING,Surface tag is recommended to assess accessibility
942728997,way,surface,MISSING,Surface tag is recommended to assess accessibility
942728999,way,surface,MISSING,Surface tag is recommended to assess accessibility
942729002,way,surface,MISSING,Surface tag is recommended to assess accessibility
943413657,way,surface,MISSING,Surface tag is recommended to assess accessibility
944451007,way,surface,MISSING,Surface tag is recommended to assess accessibility
952515346,way,surface,MISSING,Surface tag is recommended to assess accessibility
955204705,way,surface,MISSING,Surface tag is recommended to assess accessibility
955204706,way,surface,MISSING,Surface tag is recommended to assess accessibility
955204711,way,surface,MISSING,Surface tag is recommended to assess accessibility
955206669,way,surface,MISSING,Surface tag is recommended to assess accessibility
955206670,way,surface,MISSING,Surface tag is recommended to assess accessibility
955206673,way,surface,MISSING,Surface tag is recommended to assess accessibility
955206675,way,surface,MISSING,Surface tag is recommended to assess accessibility
955494164,way,surface,MISSING,Surface tag is recommended to assess accessibility
955603549,way,surface,MISSING,Surface tag is recommended to assess accessibility
955603550,way,surface,MISSING,Surface tag is recommended to assess accessibility
956462011,way,surface,MISSING,Surface tag is recommended to assess accessibility
956462013,way,surface,MISSING,Surface tag is recommended to assess accessibility
956462015,way,surface,MISSING,Surface tag is recommended to assess accessibility
956462021,way,surface,MISSING,Surface tag is recommended to assess accessibility
956463519,way,surface,MISSING,Surface tag is recommended to assess accessibility
956463524,way,surface,MISSING,Surface tag is recommended to assess accessibility
957352232,way,surface,MISSING,Surface tag is recommended to assess accessibility
957352234,way,surface,MISSING,Surface tag is recommended to assess accessibility
957352237,way,surface,MISSING,Surface tag is recommended to assess accessibility
957742604,way,surface,MISSING,Surface tag is recommended to assess accessibility
957742605,way,surface,MISSING,Surface tag is recommended to assess accessibility
957742607,way,surface,MISSING,Surface tag is recommended to assess accessibility
957742608,way,surface,MISSING,Surface tag is recommended to assess accessibility
957742609,way,surface,MISSING,Surface tag is recommended to assess accessibility
957746892,way,surface,MISSING,Surface tag is recommended to assess accessibility
957746893,way,surface,MISSING,Surface tag is recommended to assess accessibility
957746897,way,surface,MISSING,Surface tag is recommended to assess accessibility
957746898,way,surface,MISSING,Surface tag is recommended to assess accessibility
957746899,way,surface,MISSING,Surface tag is recommended to assess accessibility
957746900,way,surface,MISSING,Surface tag is recommended to assess accessibility
957746901,way,surface,MISSING,Surface tag is recommended to assess accessibility
957746903,way,surface,MISSING,Surface tag is recommended to assess accessibility
957746906,way,surface,MISSING,Surface tag is recommended to assess accessibility
957746909,way,surface,MISSING,Surface tag is recommended to assess accessibility
958511577,way,surface,MISSING,Surface tag is recommended to assess accessibility
958531563,way,surface,MISSING,Surface tag is recommended to assess accessibility
958549577,way,surface,MISSING,Surface tag is recommended to assess accessibility
958549578,way,surface,MISSING,Surface tag is recommended to assess accessibility
958549579,way,surface,MISSING,Surface tag is recommended to assess accessibility
958549583,way,surface,MISSING,Surface tag is recommended to assess accessibility
958551128,way,surface,MISSING,Surface tag is recommended to assess accessibility
958551129,way,surface,MISSING,Surface tag is recommended to assess accessibility
958561058,way,surface,MISSING,Surface tag is recommended to assess accessibility
958704912,way,surface,MISSING,Surface tag is recommended to assess accessibility
958704913,way,surface,MISSING,Surface tag is recommended to assess accessibility
958708224,way,surface,MISSING,Surface tag is recommended to assess accessibility
958709131,way,surface,MISSING,Surface tag is recommended to assess accessibility
958709132,way,surface,MISSING,Surface tag is recommended to assess accessibility
958709133,way,surface,MISSING,Surface tag is recommended to assess accessibility
958709138,way,surface,MISSING,Surface tag is recommended to assess accessibility
961143437,way,surface,MISSING,Surface tag is recommended to assess accessibility
961143443,way,surface,MISSING,Surface tag is recommended to assess accessibility
961143449,way,surface,MISSING,Surface tag is recommended to assess accessibility
961143450,way,surface,MISSING,Surface tag is recommended to assess accessibility
961143476,way,surface,MISSING,Surface tag is recommended to assess accessibility
961212107,way,surface,MISSING,Surface tag is recommended to assess accessibility
961212109,way,surface,MISSING,Surface tag is recommended to assess accessibility
961829334,way,surface,MISSING,Surface tag is recommended to assess accessibility
962064418,way,surface,MISSING,Surface tag is recommended to assess accessibility
962078989,way,surface,MISSING,Surface tag is recommended to assess accessibility
962078991,way,surface,MISSING,Surface tag is recommended to assess accessibility
962078994,way,surface,MISSING,Surface tag is recommended to assess accessibility
962141067,way,surface,MISSING,Surface tag is recommended to assess accessibility
962141678,way,surface,MISSING,Surface tag is recommended to assess accessibility
962141679,way,surface,MISSING,Surface tag is recommended to assess accessibility
962801003,way,surface,MISSING,Surface tag is recommended to assess accessibility
962801005,way,surface,MISSING,Surface tag is recommended to assess accessibility
962801006,way,surface,MISSING,Surface tag is recommended to assess accessibility
962801008,way,surface,MISSING,Surface tag is recommended to assess accessibility
963306764,way,surface,MISSING,Surface tag is recommended to assess accessibility
963311046,way,surface,MISSING,Surface tag is recommended to assess accessibility
963311048,way,surface,MISSING,Surface tag is recommended to assess accessibility
963311050,way,surface,MISSING,Surface tag is recommended to assess accessibility
963311052,way,surface,MISSING,Surface tag is recommended to assess accessibility
963314070,way,surface,MISSING,Surface tag is recommended to assess accessibility
963314075,way,surface,MISSING,Surface tag is recommended to assess accessibility
963531246,way,surface,MISSING,Surface tag is recommended to assess accessibility
963531247,way,surface,MISSING,Surface tag is recommended to assess accessibility
963534152,way,surface,MISSING,Surface tag is recommended to assess accessibility
963534551,way,surface,MISSING,Surface tag is recommended to assess accessibility
963534552,way,surface,MISSING,Surface tag is recommended to assess accessibility
963541438,way,surface,MISSING,Surface tag is recommended to assess accessibility
963820008,way,surface,MISSING,Surface tag is recommended to assess accessibility
963820009,way,surface,MISSING,Surface tag is recommended to assess accessibility
963820011,way,surface,MISSING,Surface tag is recommended to assess accessibility
963820961,way,surface,MISSING,Surface tag is recommended to assess accessibility
963820962,way,surface,MISSING,Surface tag is recommended to assess accessibility
963822576,way,surface,MISSING,Surface tag is recommended to assess accessibility
963823440,way,surface,MISSING,Surface tag is recommended to assess accessibility
963823441,way,surface,MISSING,Surface tag is recommended to assess accessibility
964042838,way,surface,MISSING,Surface tag is recommended to assess accessibility
964155466,way,surface,MISSING,Surface tag is recommended to assess accessibility
964183769,way,surface,MISSING,Surface tag is recommended to assess accessibility
964183775,way,surface,MISSING,Surface tag is recommended to assess accessibility
964183778,way,surface,MISSING,Surface tag is recommended to assess accessibility
964183781,way,surface,MISSING,Surface tag is recommended to assess accessibility
964183786,way,surface,MISSING,Surface tag is recommended to assess accessibility
964185772,way,surface,MISSING,Surface tag is recommended to assess accessibility
964185773,way,surface,MISSING,Surface tag is recommended to assess accessibility
964185777,way,surface,MISSING,Surface tag is recommended to assess accessibility
964185778,way,surface,MISSING,Surface tag is recommended to assess accessibility
964185783,way,surface,MISSING,Surface tag is recommended to assess accessibility
964185785,way,surface,MISSING,Surface tag is recommended to assess accessibility
964188429,way,surface,MISSING,Surface tag is recommended to assess accessibility
964191129,way,surface,MISSING,Surface tag is recommended to assess accessibility
964191130,way,surface,MISSING,Surface tag is recommended to assess accessibility
964191134,way,surface,MISSING,Surface tag is recommended to assess accessibility
964191136,way,surface,MISSING,Surface tag is recommended to assess accessibility
964191140,way,surface,MISSING,Surface tag is recommended to assess accessibility
964191142,way,surface,MISSING,Surface tag is recommended to assess accessibility
964191147,way,surface,MISSING,Surface tag is recommended to assess accessibility
964195906,way,surface,MISSING,Surface tag is recommended to assess accessibility
964195914,way,surface,MISSING,Surface tag is recommended to assess accessibility
964195916,way,surface,MISSING,Surface tag is recommended to assess accessibility
964195920,way,surface,MISSING,Surface tag is recommended to assess accessibility
964469142,way,surface,MISSING,Surface tag is recommended to assess accessibility
964481687,way,surface,MISSING,Surface tag is recommended to assess accessibility
964481690,way,surface,MISSING,Surface tag is recommended to assess accessibility
964481698,way,surface,MISSING,Surface tag is recommended to assess accessibility
964481699,way,surface,MISSING,Surface tag is recommended to assess accessibility
964481703,way,surface,MISSING,Surface tag is recommended to assess accessibility
964481705,way,surface,MISSING,Surface tag is recommended to assess accessibility
964481711,way,surface,MISSING,Surface tag is recommended to assess accessibility
964481713,way,surface,MISSING,Surface tag is recommended to assess accessibility
964481718,way,surface,MISSING,Surface tag is recommended to assess accessibility
964481723,way,surface,MISSING,Surface tag is recommended to assess accessibility
964481724,way,surface,MISSING,Surface tag is recommended to assess accessibility
964481727,way,surface,MISSING,Surface tag is recommended to assess accessibility
964481728,way,surface,MISSING,Surface tag is recommended to assess accessibility
964481731,way,surface,MISSING,Surface tag is recommended to assess accessibility
964481733,way,surface,MISSING,Surface tag is recommended to assess accessibility
964481735,way,surface,MISSING,Surface tag is recommended to assess accessibility
964481737,way,surface,MISSING,Surface tag is recommended to assess accessibility
964494995,way,surface,MISSING,Surface tag is recommended to assess accessibility
964849227,way,surface,MISSING,Surface tag is recommended to assess accessibility
964849228,way,surface,MISSING,Surface tag is recommended to assess accessibility
966305581,way,surface,MISSING,Surface tag is recommended to assess accessibility
969279395,way,surface,MISSING,Surface tag is recommended to assess accessibility
969279397,way,surface,MISSING,Surface tag is recommended to assess accessibility
969279400,way,surface,MISSING,Surface tag is recommended to assess accessibility
970251164,way,surface,MISSING,Surface tag is recommended to assess accessibility
970516930,way,surface,MISSING,Surface tag is recommended to assess accessibility
970804659,way,surface,MISSING,Surface tag is recommended to assess accessibility
970813143,way,surface,MISSING,Surface tag is recommended to assess accessibility
970813144,way,surface,MISSING,Surface tag is recommended to assess accessibility
970813380,way,surface,MISSING,Surface tag is recommended to assess accessibility
970814618,way,surface,MISSING,Surface tag is recommended to assess accessibility
970814619,way,surface,MISSING,Surface tag is recommended to assess accessibility
970814620,way,surface,MISSING,Surface tag is recommended to assess accessibility
970814621,way,surface,MISSING,Surface tag is recommended to assess accessibility
970814622,way,surface,MISSING,Surface tag is recommended to assess accessibility
970814915,way,surface,MISSING,Surface tag is recommended to assess accessibility
970814916,way,surface,MISSING,Surface tag is recommended to assess accessibility
970814917,way,surface,MISSING,Surface tag is recommended to assess accessibility
970814918,way,surface,MISSING,Surface tag is recommended to assess accessibility
971428009,way,surface,MISSING,Surface tag is recommended to assess accessibility
972103135,way,surface,MISSING,Surface tag is recommended to assess accessibility
972103136,way,surface,MISSING,Surface tag is recommended to assess accessibility
972103137,way,surface,MISSING,Surface tag is recommended to assess accessibility
972103138,way,surface,MISSING,Surface tag is recommended to assess accessibility
972103139,way,surface,MISSING,Surface tag is recommended to assess accessibility
972103140,way,surface,MISSING,Surface tag is recommended to assess accessibility
972103141,way,surface,MISSING,Surface tag is recommended to assess accessibility
972103142,way,surface,MISSING,Surface tag is recommended to assess accessibility
972103144,way,surface,MISSING,Surface tag is recommended to assess accessibility
972103146,way,surface,MISSING,Surface tag is recommended to assess accessibility
972103147,way,surface,MISSING,Surface tag is recommended to assess accessibility
972103148,way,surface,MISSING,Surface tag is recommended to assess accessibility
972103149,way,surface,MISSING,Surface tag is recommended to assess accessibility
972103150,way,surface,MISSING,Surface tag is recommended to assess accessibility
972103151,way,surface,MISSING,Surface tag is recommended to assess accessibility
972103153,way,surface,MISSING,Surface tag is recommended to assess accessibility
972103154,way,surface,MISSING,Surface tag is recommended to assess accessibility
972103155,way,surface,MISSING,Surface tag is recommended to assess accessibility
972103157,way,surface,MISSING,Surface tag is recommended to assess accessibility
972103159,way,surface,MISSING,Surface tag is recommended to assess accessibility
972103160,way,surface,MISSING,Surface tag is recommended to assess accessibility
972103161,way,surface,MISSING,Surface tag is recommended to assess accessibility
972103162,way,surface,MISSING,Surface tag is recommended to assess accessibility
972103163,way,surface,MISSING,Surface tag is recommended to assess accessibility
972103166,way,surface,MISSING,Surface tag is recommended to assess accessibility
972103167,way,surface,MISSING,Surface tag is recommended to assess accessibility
972103170,way,surface,MISSING,Surface tag is recommended to assess accessibility
972103171,way,surface,MISSING,Surface tag is recommended to assess accessibility
972103173,way,surface,MISSING,Surface tag is recommended to assess accessibility
972103180,way,surface,MISSING,Surface tag is recommended to assess accessibility
972103181,way,surface,MISSING,Surface tag is recommended to assess accessibility
972103182,way,surface,MISSING,Surface tag is recommended to assess accessibility
972103184,way,surface,MISSING,Surface tag is recommended to assess accessibility
972103185,way,surface,MISSING,Surface tag is recommended to assess accessibility
972103186,way,surface,MISSING,Surface tag is recommended to assess accessibility
972103187,way,surface,MISSING,Surface tag is recommended to assess accessibility
972103188,way,surface,MISSING,Surface tag is recommended to assess accessibility
972103189,way,surface,MISSING,Surface tag is recommended to assess accessibility
972103195,way,surface,MISSING,Surface tag is recommended to assess accessibility
972103196,way,surface,MISSING,Surface tag is recommended to assess accessibility
972103198,way,surface,MISSING,Surface tag is recommended to assess accessibility
972103202,way,surface,MISSING,Surface tag is recommended to assess accessibility
972103203,way,surface,MISSING,Surface tag is recommended to assess accessibility
972103206,way,surface,MISSING,Surface tag is recommended to assess accessibility
972103207,way,surface,MISSING,Surface tag is recommended to assess accessibility
972103209,way,surface,MISSING,Surface tag is recommended to assess accessibility
972103210,way,surface,MISSING,Surface tag is recommended to assess accessibility
972103211,way,surface,MISSING,Surface tag is recommended to assess accessibility
972103212,way,surface,MISSING,Surface tag is recommended to assess accessibility
972103213,way,surface,MISSING,Surface tag is recommended to assess accessibility
972103214,way,surface,MISSING,Surface tag is recommended to assess accessibility
972103216,way,surface,MISSING,Surface tag is recommended to assess accessibility
972103217,way,surface,MISSING,Surface tag is recommended to assess accessibility
972103218,way,surface,MISSING,Surface tag is recommended to assess accessibility
972103220,way,surface,MISSING,Surface tag is recommended to assess accessibility
972103221,way,surface,MISSING,Surface tag is recommended to assess accessibility
972170199,way,surface,MISSING,Surface tag is recommended to assess accessibility
972170201,way,surface,MISSING,Surface tag is recommended to assess accessibility
972170204,way,surface,MISSING,Surface tag is recommended to assess accessibility
972170206,way,surface,MISSING,Surface tag is recommended to assess accessibility
972170208,way,surface,MISSING,Surface tag is recommended to assess accessibility
972170211,way,surface,MISSING,Surface tag is recommended to assess accessibility
972170213,way,surface,MISSING,Surface tag is recommended to assess accessibility
975724476,way,surface,MISSING,Surface tag is recommended to assess accessibility
981069239,way,surface,MISSING,Surface tag is recommended to assess accessibility
981069240,way,surface,MISSING,Surface tag is recommended to assess accessibility
984595005,way,surface,MISSING,Surface tag is recommended to assess accessibility
984802642,way,surface,MISSING,Surface tag is recommended to assess accessibility
984803295,way,surface,MISSING,Surface tag is recommended to assess accessibility
984803296,way,surface,MISSING,Surface tag is recommended to assess accessibility
984805913,way,surface,MISSING,Surface tag is recommended to assess accessibility
987008504,way,surface,MISSING,Surface tag is recommended to assess accessibility
987008506,way,surface,MISSING,Surface tag is recommended to assess accessibility
989291405,way,surface,MISSING,Surface tag is recommended to assess accessibility
989741669,way,surface,MISSING,Surface tag is recommended to assess accessibility
989750749,way,surface,MISSING,Surface tag is recommended to assess accessibility
990160649,way,surface,MISSING,Surface tag is recommended to assess accessibility
990164498,way,surface,MISSING,Surface tag is recommended to assess accessibility
990182264,way,surface,MISSING,Surface tag is recommended to assess accessibility
990237062,way,surface,MISSING,Surface tag is recommended to assess accessibility
990237064,way,surface,MISSING,Surface tag is recommended to assess accessibility
990505280,way,surface,MISSING,Surface tag is recommended to assess accessibility
990510301,way,surface,MISSING,Surface tag is recommended to assess accessibility
990513971,way,surface,MISSING,Surface tag is recommended to assess accessibility
990513972,way,surface,MISSING,Surface tag is recommended to assess accessibility
990533374,way,surface,MISSING,Surface tag is recommended to assess accessibility
990533801,way,surface,MISSING,Surface tag is recommended to assess accessibility
990564836,way,surface,MISSING,Surface tag is recommended to assess accessibility
991572032,way,surface,MISSING,Surface tag is recommended to assess accessibility
991572034,way,surface,MISSING,Surface tag is recommended to assess accessibility
991573128,way,surface,MISSING,Surface tag is recommended to assess accessibility
992104212,way,surface,MISSING,Surface tag is recommended to assess accessibility
992571144,way,surface,MISSING,Surface tag is recommended to assess accessibility
992659471,way,surface,MISSING,Surface tag is recommended to assess accessibility
993560646,way,surface,MISSING,Surface tag is recommended to assess accessibility
993768048,way,surface,MISSING,Surface tag is recommended to assess accessibility
996760806,way,surface,MISSING,Surface tag is recommended to assess accessibility
996797932,way,surface,MISSING,Surface tag is recommended to assess accessibility
996797936,way,surface,MISSING,Surface tag is recommended to assess accessibility
996797942,way,surface,MISSING,Surface tag is recommended to assess accessibility
996797946,way,surface,MISSING,Surface tag is recommended to assess accessibility
997565188,way,surface,MISSING,Surface tag is recommended to assess accessibility
997565189,way,surface,MISSING,Surface tag is recommended to assess accessibility
997565191,way,surface,MISSING,Surface tag is recommended to assess accessibility
997565193,way,surface,MISSING,Surface tag is recommended to assess accessibility
997565197,way,surface,MISSING,Surface tag is recommended to assess accessibility
997565199,way,surface,MISSING,Surface tag is recommended to assess accessibility
997565200,way,surface,MISSING,Surface tag is recommended to assess accessibility
997565202,way,surface,MISSING,Surface tag is recommended to assess accessibility
997565204,way,surface,MISSING,Surface tag is recommended to assess accessibility
997572573,way,surface,MISSING,Surface tag is recommended to assess accessibility
997572574,way,surface,MISSING,Surface tag is recommended to assess accessibility
997572575,way,surface,MISSING,Surface tag is recommended to assess accessibility
997572578,way,surface,MISSING,Surface tag is recommended to assess accessibility
997574075,way,surface,MISSING,Surface tag is recommended to assess accessibility
997574078,way,surface,MISSING,Surface tag is recommended to assess accessibility
999336817,way,surface,MISSING,Surface tag is recommended to assess accessibility
999336820,way,surface,MISSING,Surface tag is recommended to assess accessibility
999336822,way,surface,MISSING,Surface tag is recommended to assess accessibility
999336824,way,surface,MISSING,Surface tag is recommended to assess accessibility
1000670249,way,surface,MISSING,Surface tag is recommended to assess accessibility
1000670250,way,surface,MISSING,Surface tag is recommended to assess accessibility
1000670259,way,surface,MISSING,Surface tag is recommended to assess accessibility
1000670260,way,surface,MISSING,Surface tag is recommended to assess accessibility
1004514667,way,surface,MISSING,Surface tag is recommended to assess accessibility
1005240474,way,surface,MISSING,Surface tag is recommended to assess accessibility
1005247223,way,surface,MISSING,Surface tag is recommended to assess accessibility
1005288464,way,surface,MISSING,Surface tag is recommended to assess accessibility
1006469700,way,surface,MISSING,Surface tag is recommended to assess accessibility
1006469701,way,surface,MISSING,Surface tag is recommended to assess accessibility
1006648553,way,surface,MISSING,Surface tag is recommended to assess accessibility
1006648561,way,surface,MISSING,Surface tag is recommended to assess accessibility
1006648595,way,surface,MISSING,Surface tag is recommended to assess accessibility
1006648599,way,surface,MISSING,Surface tag is recommended to assess accessibility
1006648601,way,surface,MISSING,Surface tag is recommended to assess accessibility
1006648608,way,surface,MISSING,Surface tag is recommended to assess accessibility
1006648611,way,surface,MISSING,Surface tag is recommended to assess accessibility
1006648623,way,surface,MISSING,Surface tag is recommended to assess accessibility
1006648647,way,surface,MISSING,Surface tag is recommended to assess accessibility
1006648669,way,surface,MISSING,Surface tag is recommended to assess accessibility
1006648677,way,surface,MISSING,Surface tag is recommended to assess accessibility
1006648682,way,surface,MISSING,Surface tag is recommended to assess accessibility
1006648693,way,surface,MISSING,Surface tag is recommended to assess accessibility
1006648712,way,surface,MISSING,Surface tag is recommended to assess accessibility
1006648725,way,surface,MISSING,Surface tag is recommended to assess accessibility
1006648748,way,surface,MISSING,Surface tag is recommended to assess accessibility
1006648766,way,surface,MISSING,Surface tag is recommended to assess accessibility
1006648773,way,surface,MISSING,Surface tag is recommended to assess accessibility
1006648788,way,surface,MISSING,Surface tag is recommended to assess accessibility
1007844396,way,surface,MISSING,Surface tag is recommended to assess accessibility
1007924453,way,surface,MISSING,Surface tag is recommended to assess accessibility
1008690315,way,surface,MISSING,Surface tag is recommended to assess accessibility
1008724010,way,surface,MISSING,Surface tag is recommended to assess accessibility
1008724011,way,surface,MISSING,Surface tag is recommended to assess accessibility
1009348233,way,surface,MISSING,Surface tag is recommended to assess accessibility
1009348234,way,surface,MISSING,Surface tag is recommended to assess accessibility
1009348259,way,surface,MISSING,Surface tag is recommended to assess accessibility
1010805242,way,surface,MISSING,Surface tag is recommended to assess accessibility
1010822452,way,surface,MISSING,Surface tag is recommended to assess accessibility
1010822454,way,surface,MISSING,Surface tag is recommended to assess accessibility
1010822456,way,surface,MISSING,Surface tag is recommended to assess accessibility
1010861495,way,surface,MISSING,Surface tag is recommended to assess accessibility
1010861505,way,surface,MISSING,Surface tag is recommended to assess accessibility
1010862709,way,surface,MISSING,Surface tag is recommended to assess accessibility
1010862710,way,surface,MISSING,Surface tag is recommended to assess accessibility
1010862711,way,surface,MISSING,Surface tag is recommended to assess accessibility
1010865985,way,surface,MISSING,Surface tag is recommended to assess accessibility
1011127103,way,surface,MISSING,Surface tag is recommended to assess accessibility
1011127108,way,surface,MISSING,Surface tag is recommended to assess accessibility
1011127110,way,surface,MISSING,Surface tag is recommended to assess accessibility
1011127115,way,surface,MISSING,Surface tag is recommended to assess accessibility
1011266985,way,surface,MISSING,Surface tag is recommended to assess accessibility
1011272649,way,surface,MISSING,Surface tag is recommended to assess accessibility
1011577695,way,surface,MISSING,Surface tag is recommended to assess accessibility
1011599319,way,surface,MISSING,Surface tag is recommended to assess accessibility
1011599325,way,surface,MISSING,Surface tag is recommended to assess accessibility
1012643546,way,surface,MISSING,Surface tag is recommended to assess accessibility
1015929428,way,surface,MISSING,Surface tag is recommended to assess accessibility
1016945057,way,surface,MISSING,Surface tag is recommended to assess accessibility
1016945058,way,surface,MISSING,Surface tag is recommended to assess accessibility
1016945059,way,surface,MISSING,Surface tag is recommended to assess accessibility
1017021560,way,surface,MISSING,Surface tag is recommended to assess accessibility
1017191654,way,surface,MISSING,Surface tag is recommended to assess accessibility
1017191656,way,surface,MISSING,Surface tag is recommended to assess accessibility
1017191660,way,surface,MISSING,Surface tag is recommended to assess accessibility
1017191663,way,surface,MISSING,Surface tag is recommended to assess accessibility
1017191665,way,surface,MISSING,Surface tag is recommended to assess accessibility
1017191667,way,surface,MISSING,Surface tag is recommended to assess accessibility
1017246074,way,surface,MISSING,Surface tag is recommended to assess accessibility
1017246075,way,surface,MISSING,Surface tag is recommended to assess accessibility
1017246094,way,surface,MISSING,Surface tag is recommended to assess accessibility
1017246099,way,surface,MISSING,Surface tag is recommended to assess accessibility
1017246104,way,surface,MISSING,Surface tag is recommended to assess accessibility
1017246106,way,surface,MISSING,Surface tag is recommended to assess accessibility
1017246128,way,surface,MISSING,Surface tag is recommended to assess accessibility
1017714325,way,surface,MISSING,Surface tag is recommended to assess accessibility
1018156620,way,surface,MISSING,Surface tag is recommended to assess accessibility
1019206702,way,surface,MISSING,Surface tag is recommended to assess accessibility
1019866926,way,surface,MISSING,Surface tag is recommended to assess accessibility
1020725923,way,surface,MISSING,Surface tag is recommended to assess accessibility
1021024010,way,surface,MISSING,Surface tag is recommended to assess accessibility
1021325972,way,surface,MISSING,Surface tag is recommended to assess accessibility
1022731913,way,surface,MISSING,Surface tag is recommended to assess accessibility
1023108072,way,surface,MISSING,Surface tag is recommended to assess accessibility
1023108075,way,surface,MISSING,Surface tag is recommended to assess accessibility
1023504106,way,surface,MISSING,Surface tag is recommended to assess accessibility
1024007223,way,surface,MISSING,Surface tag is recommended to assess accessibility
1024360360,way,surface,MISSING,Surface tag is recommended to assess accessibility
1024600569,way,surface,MISSING,Surface tag is recommended to assess accessibility
1024600571,way,surface,MISSING,Surface tag is recommended to assess accessibility
1024600575,way,surface,MISSING,Surface tag is recommended to assess accessibility
1024600577,way,surface,MISSING,Surface tag is recommended to assess accessibility
1024600578,way,surface,MISSING,Surface tag is recommended to assess accessibility
1024600579,way,surface,MISSING,Surface tag is recommended to assess accessibility
1024600581,way,surface,MISSING,Surface tag is recommended to assess accessibility
1024743795,way,surface,MISSING,Surface tag is recommended to assess accessibility
1024743796,way,surface,MISSING,Surface tag is recommended to assess accessibility
1024745606,way,surface,MISSING,Surface tag is recommended to assess accessibility
1024745615,way,surface,MISSING,Surface tag is recommended to assess accessibility
1024746327,way,surface,MISSING,Surface tag is recommended to assess accessibility
1024746329,way,surface,MISSING,Surface tag is recommended to assess accessibility
1024747688,way,surface,MISSING,Surface tag is recommended to assess accessibility
1024747691,way,surface,MISSING,Surface tag is recommended to assess accessibility
1024748201,way,surface,MISSING,Surface tag is recommended to assess accessibility
1024750328,way,surface,MISSING,Surface tag is recommended to assess accessibility
1024753308,way,surface,MISSING,Surface tag is recommended to assess accessibility
1025080737,way,surface,MISSING,Surface tag is recommended to assess accessibility
1025081309,way,surface,MISSING,Surface tag is recommended to assess accessibility
1025089784,way,surface,MISSING,Surface tag is recommended to assess accessibility
1025089785,way,surface,MISSING,Surface tag is recommended to assess accessibility
1025699668,way,surface,MISSING,Surface tag is recommended to assess accessibility
1025699669,way,surface,MISSING,Surface tag is recommended to assess accessibility
1025699670,way,surface,MISSING,Surface tag is recommended to assess accessibility
1025699672,way,surface,MISSING,Surface tag is recommended to assess accessibility
1025699676,way,surface,MISSING,Surface tag is recommended to assess accessibility
1025699678,way,surface,MISSING,Surface tag is recommended to assess accessibility
1025700337,way,surface,MISSING,Surface tag is recommended to assess accessibility
1025700340,way,surface,MISSING,Surface tag is recommended to assess accessibility
1025700709,way,surface,MISSING,Surface tag is recommended to assess accessibility
1025700710,way,surface,MISSING,Surface tag is recommended to assess accessibility
1025702042,way,surface,MISSING,Surface tag is recommended to assess accessibility
1025702542,way,surface,MISSING,Surface tag is recommended to assess accessibility
1025702543,way,surface,MISSING,Surface tag is recommended to assess accessibility
1025703102,way,surface,MISSING,Surface tag is recommended to assess accessibility
1025706024,way,surface,MISSING,Surface tag is recommended to assess accessibility
1025734149,way,surface,MISSING,Surface tag is recommended to assess accessibility
1025734151,way,surface,MISSING,Surface tag is recommended to assess accessibility
1025735317,way,surface,MISSING,Surface tag is recommended to assess accessibility
1025735318,way,surface,MISSING,Surface tag is recommended to assess accessibility
1025736825,way,surface,MISSING,Surface tag is recommended to assess accessibility
1025737713,way,surface,MISSING,Surface tag is recommended to assess accessibility
1025737714,way,surface,MISSING,Surface tag is recommended to assess accessibility
1025737715,way,surface,MISSING,Surface tag is recommended to assess accessibility
1025737720,way,surface,MISSING,Surface tag is recommended to assess accessibility
1025738866,way,surface,MISSING,Surface tag is recommended to assess accessibility
1025739273,way,surface,MISSING,Surface tag is recommended to assess accessibility
1025740275,way,surface,MISSING,Surface tag is recommended to assess accessibility
1025740279,way,surface,MISSING,Surface tag is recommended to assess accessibility
1025740281,way,surface,MISSING,Surface tag is recommended to assess accessibility
1025740283,way,surface,MISSING,Surface tag is recommended to assess accessibility
1025741853,way,surface,MISSING,Surface tag is recommended to assess accessibility
1025743968,way,surface,MISSING,Surface tag is recommended to assess accessibility
1025745468,way,surface,MISSING,Surface tag is recommended to assess accessibility
1026011579,way,surface,MISSING,Surface tag is recommended to assess accessibility
1026011581,way,surface,MISSING,Surface tag is recommended to assess accessibility
1026011802,way,surface,MISSING,Surface tag is recommended to assess accessibility
1026011803,way,surface,MISSING,Surface tag is recommended to assess accessibility
1026013127,way,surface,MISSING,Surface tag is recommended to assess accessibility
1026013131,way,surface,MISSING,Surface tag is recommended to assess accessibility
1026013137,way,surface,MISSING,Surface tag is recommended to assess accessibility
1026014467,way,surface,MISSING,Surface tag is recommended to assess accessibility
1026015815,way,surface,MISSING,Surface tag is recommended to assess accessibility
1026015816,way,surface,MISSING,Surface tag is recommended to assess accessibility
1026015819,way,surface,MISSING,Surface tag is recommended to assess accessibility
1026015820,way,surface,MISSING,Surface tag is recommended to assess accessibility
1026305360,way,surface,MISSING,Surface tag is recommended to assess accessibility
1026305363,way,surface,MISSING,Surface tag is recommended to assess accessibility
1026305366,way,surface,MISSING,Surface tag is recommended to assess accessibility
1026555127,way,surface,MISSING,Surface tag is recommended to assess accessibility
1026555128,way,surface,MISSING,Surface tag is recommended to assess accessibility
1026555129,way,surface,MISSING,Surface tag is recommended to assess accessibility
1026555130,way,surface,MISSING,Surface tag is recommended to assess accessibility
1026555585,way,surface,MISSING,Surface tag is recommended to assess accessibility
1026555587,way,surface,MISSING,Surface tag is recommended to assess accessibility
1026555588,way,surface,MISSING,Surface tag is recommended to assess accessibility
1026555591,way,surface,MISSING,Surface tag is recommended to assess accessibility
1026556126,way,surface,MISSING,Surface tag is recommended to assess accessibility
1026556127,way,surface,MISSING,Surface tag is recommended to assess accessibility
1026556129,way,surface,MISSING,Surface tag is recommended to assess accessibility
1026556130,way,surface,MISSING,Surface tag is recommended to assess accessibility
1026556837,way,surface,MISSING,Surface tag is recommended to assess accessibility
1026556838,way,surface,MISSING,Surface tag is recommended to assess accessibility
1026556839,way,surface,MISSING,Surface tag is recommended to assess accessibility
1026556840,way,surface,MISSING,Surface tag is recommended to assess accessibility
1026556841,way,surface,MISSING,Surface tag is recommended to assess accessibility
1026556842,way,surface,MISSING,Surface tag is recommended to assess accessibility
1026556843,way,surface,MISSING,Surface tag is recommended to assess accessibility
1026556844,way,surface,MISSING,Surface tag is recommended to assess accessibility
1026599168,way,surface,MISSING,Surface tag is recommended to assess accessibility
1026600732,way,surface,MISSING,Surface tag is recommended to assess accessibility
1026600735,way,surface,MISSING,Surface tag is recommended to assess accessibility
1026600736,way,surface,MISSING,Surface tag is recommended to assess accessibility
1026600738,way,surface,MISSING,Surface tag is recommended to assess accessibility
1026603269,way,surface,MISSING,Surface tag is recommended to assess accessibility
1026603271,way,surface,MISSING,Surface tag is recommended to assess accessibility
1026603274,way,surface,MISSING,Surface tag is recommended to assess accessibility
1026603276,way,surface,MISSING,Surface tag is recommended to assess accessibility
1026603279,way,surface,MISSING,Surface tag is recommended to assess accessibility
1026603281,way,surface,MISSING,Surface tag is recommended to assess accessibility
1027281028,way,surface,MISSING,Surface tag is recommended to assess accessibility
1028856396,way,surface,MISSING,Surface tag is recommended to assess accessibility
1028857603,way,surface,MISSING,Surface tag is recommended to assess accessibility
1028861141,way,surface,MISSING,Surface tag is recommended to assess accessibility
1028861142,way,surface,MISSING,Surface tag is recommended to assess accessibility
1028861144,way,surface,MISSING,Surface tag is recommended to assess accessibility
1028861149,way,surface,MISSING,Surface tag is recommended to assess accessibility
1028861151,way,surface,MISSING,Surface tag is recommended to assess accessibility
1028861152,way,surface,MISSING,Surface tag is recommended to assess accessibility
1028861154,way,surface,MISSING,Surface tag is recommended to assess accessibility
1028861160,way,surface,MISSING,Surface tag is recommended to assess accessibility
1028870348,way,surface,MISSING,Surface tag is recommended to assess accessibility
1028870350,way,surface,MISSING,Surface tag is recommended to assess accessibility
1028870361,way,surface,MISSING,Surface tag is recommended to assess accessibility
1030563166,way,surface,MISSING,Surface tag is recommended to assess accessibility
1030847473,way,surface,MISSING,Surface tag is recommended to assess accessibility
1030847475,way,surface,MISSING,Surface tag is recommended to assess accessibility
1030847477,way,surface,MISSING,Surface tag is recommended to assess accessibility
1030847479,way,surface,MISSING,Surface tag is recommended to assess accessibility
1031507472,way,surface,MISSING,Surface tag is recommended to assess accessibility
1031507474,way,surface,MISSING,Surface tag is recommended to assess accessibility
1031507476,way,surface,MISSING,Surface tag is recommended to assess accessibility
1031507480,way,surface,MISSING,Surface tag is recommended to assess accessibility
1031507481,way,surface,MISSING,Surface tag is recommended to assess accessibility
1031513935,way,surface,MISSING,Surface tag is recommended to assess accessibility
1031513938,way,surface,MISSING,Surface tag is recommended to assess accessibility
1031513940,way,surface,MISSING,Surface tag is recommended to assess accessibility
1031513941,way,surface,MISSING,Surface tag is recommended to assess accessibility
1031513943,way,surface,MISSING,Surface tag is recommended to assess accessibility
1031547433,way,surface,MISSING,Surface tag is recommended to assess accessibility
1031548158,way,surface,MISSING,Surface tag is recommended to assess accessibility
1031548160,way,surface,MISSING,Surface tag is recommended to assess accessibility
1031548162,way,surface,MISSING,Surface tag is recommended to assess accessibility
1031548926,way,surface,MISSING,Surface tag is recommended to assess accessibility
1031548927,way,surface,MISSING,Surface tag is recommended to assess accessibility
1031550042,way,surface,MISSING,Surface tag is recommended to assess accessibility
1031550047,way,surface,MISSING,Surface tag is recommended to assess accessibility
1031551621,way,surface,MISSING,Surface tag is recommended to assess accessibility
1031551623,way,surface,MISSING,Surface tag is recommended to assess accessibility
1031551624,way,surface,MISSING,Surface tag is recommended to assess accessibility
1031905434,way,surface,MISSING,Surface tag is recommended to assess accessibility
1031905436,way,surface,MISSING,Surface tag is recommended to assess accessibility
1031905437,way,surface,MISSING,Surface tag is recommended to assess accessibility
1031905439,way,surface,MISSING,Surface tag is recommended to assess accessibility
1031910246,way,surface,MISSING,Surface tag is recommended to assess accessibility
1031913028,way,surface,MISSING,Surface tag is recommended to assess accessibility
1031913032,way,surface,MISSING,Surface tag is recommended to assess accessibility
1031913033,way,surface,MISSING,Surface tag is recommended to assess accessibility
1031918563,way,surface,MISSING,Surface tag is recommended to assess accessibility
1032080209,way,surface,MISSING,Surface tag is recommended to assess accessibility
1032356288,way,surface,MISSING,Surface tag is recommended to assess accessibility
1032377352,way,surface,MISSING,Surface tag is recommended to assess accessibility
1032409479,way,surface,MISSING,Surface tag is recommended to assess accessibility
1032409485,way,surface,MISSING,Surface tag is recommended to assess accessibility
1032467087,way,surface,MISSING,Surface tag is recommended to assess accessibility
1032467090,way,surface,MISSING,Surface tag is recommended to assess accessibility
1032467091,way,surface,MISSING,Surface tag is recommended to assess accessibility
1032467092,way,surface,MISSING,Surface tag is recommended to assess accessibility
1032468616,way,surface,MISSING,Surface tag is recommended to assess accessibility
1032468617,way,surface,MISSING,Surface tag is recommended to assess accessibility
1032468619,way,surface,MISSING,Surface tag is recommended to assess accessibility
1032614723,way,surface,MISSING,Surface tag is recommended to assess accessibility
1032656608,way,surface,MISSING,Surface tag is recommended to assess accessibility
1034010540,way,surface,MISSING,Surface tag is recommended to assess accessibility
1034010545,way,surface,MISSING,Surface tag is recommended to assess accessibility
1034010547,way,surface,MISSING,Surface tag is recommended to assess accessibility
1034011419,way,surface,MISSING,Surface tag is recommended to assess accessibility
1034011420,way,surface,MISSING,Surface tag is recommended to assess accessibility
1034011423,way,surface,MISSING,Surface tag is recommended to assess accessibility
1034011425,way,surface,MISSING,Surface tag is recommended to assess accessibility
1034012781,way,surface,MISSING,Surface tag is recommended to assess accessibility
1034014317,way,surface,MISSING,Surface tag is recommended to assess accessibility
1034054934,way,surface,MISSING,Surface tag is recommended to assess accessibility
1034054936,way,surface,MISSING,Surface tag is recommended to assess accessibility
1034054938,way,surface,MISSING,Surface tag is recommended to assess accessibility
1034054940,way,surface,MISSING,Surface tag is recommended to assess accessibility
1034054947,way,surface,MISSING,Surface tag is recommended to assess accessibility
1034055502,way,surface,MISSING,Surface tag is recommended to assess accessibility
1034058193,way,surface,MISSING,Surface tag is recommended to assess accessibility
1034058194,way,surface,MISSING,Surface tag is recommended to assess accessibility
1034058483,way,surface,MISSING,Surface tag is recommended to assess accessibility
1034061563,way,surface,MISSING,Surface tag is recommended to assess accessibility
1034061567,way,surface,MISSING,Surface tag is recommended to assess accessibility
1034062615,way,surface,MISSING,Surface tag is recommended to assess accessibility
1034062617,way,surface,MISSING,Surface tag is recommended to assess accessibility
1034062619,way,surface,MISSING,Surface tag is recommended to assess accessibility
1034062620,way,surface,MISSING,Surface tag is recommended to assess accessibility
1034062621,way,surface,MISSING,Surface tag is recommended to assess accessibility
1034062623,way,surface,MISSING,Surface tag is recommended to assess accessibility
1034062626,way,surface,MISSING,Surface tag is recommended to assess accessibility
1034062629,way,surface,MISSING,Surface tag is recommended to assess accessibility
1034062631,way,surface,MISSING,Surface tag is recommended to assess accessibility
1034062632,way,surface,MISSING,Surface tag is recommended to assess accessibility
1034062635,way,surface,MISSING,Surface tag is recommended to assess accessibility
1034062636,way,surface,MISSING,Surface tag is recommended to assess accessibility
1034062637,way,surface,MISSING,Surface tag is recommended to assess accessibility
1034063389,way,surface,MISSING,Surface tag is recommended to assess accessibility
1034064494,way,surface,MISSING,Surface tag is recommended to assess accessibility
1034064497,way,surface,MISSING,Surface tag is recommended to assess accessibility
1034064500,way,surface,MISSING,Surface tag is recommended to assess accessibility
1034064501,way,surface,MISSING,Surface tag is recommended to assess accessibility
1034073206,way,surface,MISSING,Surface tag is recommended to assess accessibility
1034073209,way,surface,MISSING,Surface tag is recommended to assess accessibility
1034073212,way,surface,MISSING,Surface tag is recommended to assess accessibility
1034073829,way,surface,MISSING,Surface tag is recommended to assess accessibility
1034075736,way,surface,MISSING,Surface tag is recommended to assess accessibility
1034330716,way,surface,MISSING,Surface tag is recommended to assess accessibility
1034336805,way,surface,MISSING,Surface tag is recommended to assess accessibility
1034371958,way,surface,MISSING,Surface tag is recommended to assess accessibility
1034371959,way,surface,MISSING,Surface tag is recommended to assess accessibility
1034372451,way,surface,MISSING,Surface tag is recommended to assess accessibility
1034375642,way,surface,MISSING,Surface tag is recommended to assess accessibility
1034375643,way,surface,MISSING,Surface tag is recommended to assess accessibility
1034375645,way,surface,MISSING,Surface tag is recommended to assess accessibility
1034375647,way,surface,MISSING,Surface tag is recommended to assess accessibility
1034377434,way,surface,MISSING,Surface tag is recommended to assess accessibility
1034377436,way,surface,MISSING,Surface tag is recommended to assess accessibility
1034691961,way,surface,MISSING,Surface tag is recommended to assess accessibility
1034691963,way,surface,MISSING,Surface tag is recommended to assess accessibility
1034691969,way,surface,MISSING,Surface tag is recommended to assess accessibility
1034694119,way,surface,MISSING,Surface tag is recommended to assess accessibility
1034694121,way,surface,MISSING,Surface tag is recommended to assess accessibility
1034694128,way,surface,MISSING,Surface tag is recommended to assess accessibility
1034694129,way,surface,MISSING,Surface tag is recommended to assess accessibility
1034697320,way,surface,MISSING,Surface tag is recommended to assess accessibility
1034697321,way,surface,MISSING,Surface tag is recommended to assess accessibility
1034697326,way,surface,MISSING,Surface tag is recommended to assess accessibility
1034697328,way,surface,MISSING,Surface tag is recommended to assess accessibility
1034697973,way,surface,MISSING,Surface tag is recommended to assess accessibility
1034697976,way,surface,MISSING,Surface tag is recommended to assess accessibility
1034697978,way,surface,MISSING,Surface tag is recommended to assess accessibility
1034701076,way,surface,MISSING,Surface tag is recommended to assess accessibility
1034703011,way,surface,MISSING,Surface tag is recommended to assess accessibility
1034703013,way,surface,MISSING,Surface tag is recommended to assess accessibility
1034703015,way,surface,MISSING,Surface tag is recommended to assess accessibility
1034705701,way,surface,MISSING,Surface tag is recommended to assess accessibility
1034705702,way,surface,MISSING,Surface tag is recommended to assess accessibility
1034707157,way,surface,MISSING,Surface tag is recommended to assess accessibility
1034707158,way,surface,MISSING,Surface tag is recommended to assess accessibility
1034707161,way,surface,MISSING,Surface tag is recommended to assess accessibility
1034707164,way,surface,MISSING,Surface tag is recommended to assess accessibility
1039216264,way,surface,MISSING,Surface tag is recommended to assess accessibility
1039216266,way,surface,MISSING,Surface tag is recommended to assess accessibility
1039216268,way,surface,MISSING,Surface tag is recommended to assess accessibility
1039216270,way,surface,MISSING,Surface tag is recommended to assess accessibility
1049824031,way,surface,MISSING,Surface tag is recommended to assess accessibility
1049824032,way,surface,MISSING,Surface tag is recommended to assess accessibility
1049824033,way,surface,MISSING,Surface tag is recommended to assess accessibility
1049824036,way,surface,MISSING,Surface tag is recommended to assess accessibility
1049824038,way,surface,MISSING,Surface tag is recommended to assess accessibility
1052899112,way,surface,MISSING,Surface tag is recommended to assess accessibility
1052899113,way,surface,MISSING,Surface tag is recommended to assess accessibility
1053078307,way,surface,MISSING,Surface tag is recommended to assess accessibility
1054037610,way,surface,MISSING,Surface tag is recommended to assess accessibility
1054037613,way,surface,MISSING,Surface tag is recommended to assess accessibility
1054317134,way,surface,MISSING,Surface tag is recommended to assess accessibility
1054317135,way,surface,MISSING,Surface tag is recommended to assess accessibility
1054317136,way,surface,MISSING,Surface tag is recommended to assess accessibility
1054317137,way,surface,MISSING,Surface tag is recommended to assess accessibility
1054592089,way,surface,MISSING,Surface tag is recommended to assess accessibility
1054592090,way,surface,MISSING,Surface tag is recommended to assess accessibility
1054592092,way,surface,MISSING,Surface tag is recommended to assess accessibility
1054633414,way,surface,MISSING,Surface tag is recommended to assess accessibility
1054633415,way,surface,MISSING,Surface tag is recommended to assess accessibility
1054633417,way,surface,MISSING,Surface tag is recommended to assess accessibility
1054638967,way,surface,MISSING,Surface tag is recommended to assess accessibility
1055552443,way,surface,MISSING,Surface tag is recommended to assess accessibility
1055552445,way,surface,MISSING,Surface tag is recommended to assess accessibility
1055559549,way,surface,MISSING,Surface tag is recommended to assess accessibility
1055559550,way,surface,MISSING,Surface tag is recommended to assess accessibility
1055559551,way,surface,MISSING,Surface tag is recommended to assess accessibility
1055559553,way,surface,MISSING,Surface tag is recommended to assess accessibility
1055559554,way,surface,MISSING,Surface tag is recommended to assess accessibility
1056771241,way,surface,MISSING,Surface tag is recommended to assess accessibility
1056771242,way,surface,MISSING,Surface tag is recommended to assess accessibility
1056771244,way,surface,MISSING,Surface tag is recommended to assess accessibility
1056771246,way,surface,MISSING,Surface tag is recommended to assess accessibility
1056771247,way,surface,MISSING,Surface tag is recommended to assess accessibility
1056771248,way,surface,MISSING,Surface tag is recommended to assess accessibility
1056771249,way,surface,MISSING,Surface tag is recommended to assess accessibility
1056771250,way,surface,MISSING,Surface tag is recommended to assess accessibility
1056771251,way,surface,MISSING,Surface tag is recommended to assess accessibility
1056771252,way,surface,MISSING,Surface tag is recommended to assess accessibility
1056771253,way,surface,MISSING,Surface tag is recommended to assess accessibility
1056772477,way,surface,MISSING,Surface tag is recommended to assess accessibility
1056772479,way,surface,MISSING,Surface tag is recommended to assess accessibility
1056772480,way,surface,MISSING,Surface tag is recommended to assess accessibility
1056772481,way,surface,MISSING,Surface tag is recommended to assess accessibility
1056772482,way,surface,MISSING,Surface tag is recommended to assess accessibility
1056772483,way,surface,MISSING,Surface tag is recommended to assess accessibility
1056772484,way,surface,MISSING,Surface tag is recommended to assess accessibility
1056772485,way,surface,MISSING,Surface tag is recommended to assess accessibility
1056772486,way,surface,MISSING,Surface tag is recommended to assess accessibility
1056772487,way,surface,MISSING,Surface tag is recommended to assess accessibility
1056772488,way,surface,MISSING,Surface tag is recommended to assess accessibility
1056772489,way,surface,MISSING,Surface tag is recommended to assess accessibility
1056772490,way,surface,MISSING,Surface tag is recommended to assess accessibility
1056772491,way,surface,MISSING,Surface tag is recommended to assess accessibility
1056772492,way,surface,MISSING,Surface tag is recommended to assess accessibility
1056772493,way,surface,MISSING,Surface tag is recommended to assess accessibility
1056772494,way,surface,MISSING,Surface tag is recommended to assess accessibility
1056772495,way,surface,MISSING,Surface tag is recommended to assess accessibility
1056772496,way,surface,MISSING,Surface tag is recommended to assess accessibility
1056772497,way,surface,MISSING,Surface tag is recommended to assess accessibility
1056772498,way,surface,MISSING,Surface tag is recommended to assess accessibility
1056772499,way,surface,MISSING,Surface tag is recommended to assess accessibility
1056772500,way,surface,MISSING,Surface tag is recommended to assess accessibility
1056772501,way,surface,MISSING,Surface tag is recommended to assess accessibility
1061262821,way,surface,MISSING,Surface tag is recommended to assess accessibility
1061262822,way,surface,MISSING,Surface tag is recommended to assess accessibility
1061263955,way,surface,MISSING,Surface tag is recommended to assess accessibility
1061264957,way,surface,MISSING,Surface tag is recommended to assess accessibility
1061264958,way,surface,MISSING,Surface tag is recommended to assess accessibility
1061264964,way,surface,MISSING,Surface tag is recommended to assess accessibility
1061266961,way,surface,MISSING,Surface tag is recommended to assess accessibility
1061266964,way,surface,MISSING,Surface tag is recommended to assess accessibility
1061267451,way,surface,MISSING,Surface tag is recommended to assess accessibility
1061267453,way,surface,MISSING,Surface tag is recommended to assess accessibility
1061267459,way,surface,MISSING,Surface tag is recommended to assess accessibility
1061267463,way,surface,MISSING,Surface tag is recommended to assess accessibility
1061268513,way,surface,MISSING,Surface tag is recommended to assess accessibility
1061268515,way,surface,MISSING,Surface tag is recommended to assess accessibility
1061268516,way,surface,MISSING,Surface tag is recommended to assess accessibility
1061268517,way,surface,MISSING,Surface tag is recommended to assess accessibility
1061268520,way,surface,MISSING,Surface tag is recommended to assess accessibility
1061268522,way,surface,MISSING,Surface tag is recommended to assess accessibility
1061268527,way,surface,MISSING,Surface tag is recommended to assess accessibility
1061270925,way,surface,MISSING,Surface tag is recommended to assess accessibility
1061270929,way,surface,MISSING,Surface tag is recommended to assess accessibility
1061270931,way,surface,MISSING,Surface tag is recommended to assess accessibility
1061270932,way,surface,MISSING,Surface tag is recommended to assess accessibility
1061270933,way,surface,MISSING,Surface tag is recommended to assess accessibility
1061280099,way,surface,MISSING,Surface tag is recommended to assess accessibility
1061280100,way,surface,MISSING,Surface tag is recommended to assess accessibility
1062813615,way,surface,MISSING,Surface tag is recommended to assess accessibility
1063399331,way,surface,MISSING,Surface tag is recommended to assess accessibility
1069139851,way,surface,MISSING,Surface tag is recommended to assess accessibility
1070511595,way,surface,MISSING,Surface tag is recommended to assess accessibility
1070511596,way,surface,MISSING,Surface tag is recommended to assess accessibility
1070511598,way,surface,MISSING,Surface tag is recommended to assess accessibility
1070511602,way,surface,MISSING,Surface tag is recommended to assess accessibility
1070511605,way,surface,MISSING,Surface tag is recommended to assess accessibility
1070511621,way,surface,MISSING,Surface tag is recommended to assess accessibility
1070514384,way,surface,MISSING,Surface tag is recommended to assess accessibility
1070514393,way,surface,MISSING,Surface tag is recommended to assess accessibility
1070514824,way,surface,MISSING,Surface tag is recommended to assess accessibility
1070514831,way,surface,MISSING,Surface tag is recommended to assess accessibility
1071431134,way,surface,MISSING,Surface tag is recommended to assess accessibility
1071431135,way,surface,MISSING,Surface tag is recommended to assess accessibility
1071431136,way,surface,MISSING,Surface tag is recommended to assess accessibility
1071431137,way,surface,MISSING,Surface tag is recommended to assess accessibility
1071431138,way,surface,MISSING,Surface tag is recommended to assess accessibility
1071431139,way,surface,MISSING,Surface tag is recommended to assess accessibility
1071431142,way,surface,MISSING,Surface tag is recommended to assess accessibility
1071431143,way,surface,MISSING,Surface tag is recommended to assess accessibility
1071431145,way,surface,MISSING,Surface tag is recommended to assess accessibility
1071431146,way,surface,MISSING,Surface tag is recommended to assess accessibility
1071431147,way,surface,MISSING,Surface tag is recommended to assess accessibility
1071431148,way,surface,MISSING,Surface tag is recommended to assess accessibility
1071431149,way,surface,MISSING,Surface tag is recommended to assess accessibility
1071431150,way,surface,MISSING,Surface tag is recommended to assess accessibility
1071431151,way,surface,MISSING,Surface tag is recommended to assess accessibility
1071431152,way,surface,MISSING,Surface tag is recommended to assess accessibility
1071431153,way,surface,MISSING,Surface tag is recommended to assess accessibility
1071431154,way,surface,MISSING,Surface tag is recommended to assess accessibility
1071431157,way,surface,MISSING,Surface tag is recommended to assess accessibility
1071431158,way,surface,MISSING,Surface tag is recommended to assess accessibility
1071431159,way,surface,MISSING,Surface tag is recommended to assess accessibility
1071431160,way,surface,MISSING,Surface tag is recommended to assess accessibility
1071431163,way,surface,MISSING,Surface tag is recommended to assess accessibility
1071431164,way,surface,MISSING,Surface tag is recommended to assess accessibility
1071431165,way,surface,MISSING,Surface tag is recommended to assess accessibility
1071431166,way,surface,MISSING,Surface tag is recommended to assess accessibility
1071431167,way,surface,MISSING,Surface tag is recommended to assess accessibility
1071431168,way,surface,MISSING,Surface tag is recommended to assess accessibility
1071431171,way,surface,MISSING,Surface tag is recommended to assess accessibility
1071431172,way,surface,MISSING,Surface tag is recommended to assess accessibility
1071431173,way,surface,MISSING,Surface tag is recommended to assess accessibility
1071431174,way,surface,MISSING,Surface tag is recommended to assess accessibility
1071431177,way,surface,MISSING,Surface tag is recommended to assess accessibility
1071431178,way,surface,MISSING,Surface tag is recommended to assess accessibility
1071431179,way,surface,MISSING,Surface tag is recommended to assess accessibility
1071431180,way,surface,MISSING,Surface tag is recommended to assess accessibility
1071431183,way,surface,MISSING,Surface tag is recommended to assess accessibility
1071431184,way,surface,MISSING,Surface tag is recommended to assess accessibility
1071792010,way,surface,MISSING,Surface tag is recommended to assess accessibility
1071792011,way,surface,MISSING,Surface tag is recommended to assess accessibility
1071792012,way,surface,MISSING,Surface tag is recommended to assess accessibility
1071792013,way,surface,MISSING,Surface tag is recommended to assess accessibility
1071792014,way,surface,MISSING,Surface tag is recommended to assess accessibility
1071792015,way,surface,MISSING,Surface tag is recommended to assess accessibility
1071792016,way,surface,MISSING,Surface tag is recommended to assess accessibility
1071792017,way,surface,MISSING,Surface tag is recommended to assess accessibility
1071792018,way,surface,MISSING,Surface tag is recommended to assess accessibility
1071792019,way,surface,MISSING,Surface tag is recommended to assess accessibility
1071792020,way,surface,MISSING,Surface tag is recommended to assess accessibility
1071792021,way,surface,MISSING,Surface tag is recommended to assess accessibility
1071792054,way,surface,MISSING,Surface tag is recommended to assess accessibility
1071792055,way,surface,MISSING,Surface tag is recommended to assess accessibility
1071853741,way,surface,MISSING,Surface tag is recommended to assess accessibility
1071853742,way,surface,MISSING,Surface tag is recommended to assess accessibility
1072012995,way,surface,MISSING,Surface tag is recommended to assess accessibility
1072201946,way,surface,MISSING,Surface tag is recommended to assess accessibility
1072201948,way,surface,MISSING,Surface tag is recommended to assess accessibility
1072201949,way,surface,MISSING,Surface tag is recommended to assess accessibility
1072201953,way,surface,MISSING,Surface tag is recommended to assess accessibility
1072201955,way,surface,MISSING,Surface tag is recommended to assess accessibility
1072205986,way,surface,MISSING,Surface tag is recommended to assess accessibility
1072205987,way,surface,MISSING,Surface tag is recommended to assess accessibility
1072205988,way,surface,MISSING,Surface tag is recommended to assess accessibility
1072205990,way,surface,MISSING,Surface tag is recommended to assess accessibility
1072205991,way,surface,MISSING,Surface tag is recommended to assess accessibility
1072205992,way,surface,MISSING,Surface tag is recommended to assess accessibility
1072205994,way,surface,MISSING,Surface tag is recommended to assess accessibility
1072205996,way,surface,MISSING,Surface tag is recommended to assess accessibility
1072206000,way,surface,MISSING,Surface tag is recommended to assess accessibility
1072206002,way,surface,MISSING,Surface tag is recommended to assess accessibility
1072206004,way,surface,MISSING,Surface tag is recommended to assess accessibility
1072206005,way,surface,MISSING,Surface tag is recommended to assess accessibility
1072206008,way,surface,MISSING,Surface tag is recommended to assess accessibility
1072206010,way,surface,MISSING,Surface tag is recommended to assess accessibility
1072206014,way,surface,MISSING,Surface tag is recommended to assess accessibility
1072206016,way,surface,MISSING,Surface tag is recommended to assess accessibility
1073226896,way,surface,MISSING,Surface tag is recommended to assess accessibility
1073226897,way,surface,MISSING,Surface tag is recommended to assess accessibility
1073226899,way,surface,MISSING,Surface tag is recommended to assess accessibility
1073226901,way,surface,MISSING,Surface tag is recommended to assess accessibility
1073227937,way,surface,MISSING,Surface tag is recommended to assess accessibility
1074059496,way,surface,MISSING,Surface tag is recommended to assess accessibility
1074059497,way,surface,MISSING,Surface tag is recommended to assess accessibility
1074838702,way,surface,MISSING,Surface tag is recommended to assess accessibility
1075203884,way,surface,MISSING,Surface tag is recommended to assess accessibility
1075254235,way,surface,MISSING,Surface tag is recommended to assess accessibility
1075254237,way,surface,MISSING,Surface tag is recommended to assess accessibility
1075254238,way,surface,MISSING,Surface tag is recommended to assess accessibility
1075389412,way,surface,MISSING,Surface tag is recommended to assess accessibility
1075389413,way,surface,MISSING,Surface tag is recommended to assess accessibility
1075389415,way,surface,MISSING,Surface tag is recommended to assess accessibility
1075389417,way,surface,MISSING,Surface tag is recommended to assess accessibility
1075389418,way,surface,MISSING,Surface tag is recommended to assess accessibility
1075389421,way,surface,MISSING,Surface tag is recommended to assess accessibility
1075389422,way,surface,MISSING,Surface tag is recommended to assess accessibility
1075389424,way,surface,MISSING,Surface tag is recommended to assess accessibility
1076168863,way,surface,MISSING,Surface tag is recommended to assess accessibility
1076195591,way,surface,MISSING,Surface tag is recommended to assess accessibility
1076195592,way,surface,MISSING,Surface tag is recommended to assess accessibility
1076195593,way,surface,MISSING,Surface tag is recommended to assess accessibility
1076195596,way,surface,MISSING,Surface tag is recommended to assess accessibility
1076195598,way,surface,MISSING,Surface tag is recommended to assess accessibility
1077559623,way,surface,MISSING,Surface tag is recommended to assess accessibility
1077559624,way,surface,MISSING,Surface tag is recommended to assess accessibility
1077559625,way,surface,MISSING,Surface tag is recommended to assess accessibility
1077559627,way,surface,MISSING,Surface tag is recommended to assess accessibility
1077559628,way,surface,MISSING,Surface tag is recommended to assess accessibility
1077559629,way,surface,MISSING,Surface tag is recommended to assess accessibility
1077559630,way,surface,MISSING,Surface tag is recommended to assess accessibility
1078886746,way,surface,MISSING,Surface tag is recommended to assess accessibility
1078886748,way,surface,MISSING,Surface tag is recommended to assess accessibility
1078886750,way,surface,MISSING,Surface tag is recommended to assess accessibility
1078911639,way,surface,MISSING,Surface tag is recommended to assess accessibility
1078931384,way,surface,MISSING,Surface tag is recommended to assess accessibility
1078931385,way,surface,MISSING,Surface tag is recommended to assess accessibility
1078931389,way,surface,MISSING,Surface tag is recommended to assess accessibility
1078931401,way,surface,MISSING,Surface tag is recommended to assess accessibility
1078931411,way,surface,MISSING,Surface tag is recommended to assess accessibility
1078931416,way,surface,MISSING,Surface tag is recommended to assess accessibility
1078931417,way,surface,MISSING,Surface tag is recommended to assess accessibility
1078931418,way,surface,MISSING,Surface tag is recommended to assess accessibility
1078931420,way,surface,MISSING,Surface tag is recommended to assess accessibility
1078931421,way,surface,MISSING,Surface tag is recommended to assess accessibility
1078931424,way,surface,MISSING,Surface tag is recommended to assess accessibility
1078931425,way,surface,MISSING,Surface tag is recommended to assess accessibility
1078931428,way,surface,MISSING,Surface tag is recommended to assess accessibility
1078931432,way,surface,MISSING,Surface tag is recommended to assess accessibility
1078931433,way,surface,MISSING,Surface tag is recommended to assess accessibility
1078931434,way,surface,MISSING,Surface tag is recommended to assess accessibility
1078950101,way,surface,MISSING,Surface tag is recommended to assess accessibility
1078950113,way,surface,MISSING,Surface tag is recommended to assess accessibility
1078950120,way,surface,MISSING,Surface tag is recommended to assess accessibility
1078951239,way,surface,MISSING,Surface tag is recommended to assess accessibility
1078951240,way,surface,MISSING,Surface tag is recommended to assess accessibility
1078951241,way,surface,MISSING,Surface tag is recommended to assess accessibility
1078951245,way,surface,MISSING,Surface tag is recommended to assess accessibility
1078951785,way,surface,MISSING,Surface tag is recommended to assess accessibility
1078951786,way,surface,MISSING,Surface tag is recommended to assess accessibility
1078951801,way,surface,MISSING,Surface tag is recommended to assess accessibility
1078953072,way,surface,MISSING,Surface tag is recommended to assess accessibility
1078953083,way,surface,MISSING,Surface tag is recommended to assess accessibility
1078953094,way,surface,MISSING,Surface tag is recommended to assess accessibility
1078954259,way,surface,MISSING,Surface tag is recommended to assess accessibility
1078954271,way,surface,MISSING,Surface tag is recommended to assess accessibility
1080158841,way,surface,MISSING,Surface tag is recommended to assess accessibility
1080158847,way,surface,MISSING,Surface tag is recommended to assess accessibility
1080158850,way,surface,MISSING,Surface tag is recommended to assess accessibility
1080158852,way,surface,MISSING,Surface tag is recommended to assess accessibility
1080158854,way,surface,MISSING,Surface tag is recommended to assess accessibility
1080158856,way,surface,MISSING,Surface tag is recommended to assess accessibility
1080158857,way,surface,MISSING,Surface tag is recommended to assess accessibility
1080173536,way,surface,MISSING,Surface tag is recommended to assess accessibility
1080173539,way,surface,MISSING,Surface tag is recommended to assess accessibility
1080173543,way,surface,MISSING,Surface tag is recommended to assess accessibility
1080173545,way,surface,MISSING,Surface tag is recommended to assess accessibility
1080173549,way,surface,MISSING,Surface tag is recommended to assess accessibility
1080173552,way,surface,MISSING,Surface tag is recommended to assess accessibility
1080173554,way,surface,MISSING,Surface tag is recommended to assess accessibility
1080173556,way,surface,MISSING,Surface tag is recommended to assess accessibility
1080173559,way,surface,MISSING,Surface tag is recommended to assess accessibility
1080173561,way,surface,MISSING,Surface tag is recommended to assess accessibility
1080173562,way,surface,MISSING,Surface tag is recommended to assess accessibility
1080173563,way,surface,MISSING,Surface tag is recommended to assess accessibility
1080173564,way,surface,MISSING,Surface tag is recommended to assess accessibility
1080843535,way,surface,MISSING,Surface tag is recommended to assess accessibility
1080843544,way,surface,MISSING,Surface tag is recommended to assess accessibility
1082229321,way,surface,MISSING,Surface tag is recommended to assess accessibility
1083378270,way,surface,MISSING,Surface tag is recommended to assess accessibility
1083379828,way,surface,MISSING,Surface tag is recommended to assess accessibility
1083379830,way,surface,MISSING,Surface tag is recommended to assess accessibility
1083379831,way,surface,MISSING,Surface tag is recommended to assess accessibility
1083379832,way,surface,MISSING,Surface tag is recommended to assess accessibility
1083379834,way,surface,MISSING,Surface tag is recommended to assess accessibility
1083379836,way,surface,MISSING,Surface tag is recommended to assess accessibility
1083379837,way,surface,MISSING,Surface tag is recommended to assess accessibility
1083379839,way,surface,MISSING,Surface tag is recommended to assess accessibility
1083379840,way,surface,MISSING,Surface tag is recommended to assess accessibility
1083379842,way,surface,MISSING,Surface tag is recommended to assess accessibility
1083379843,way,surface,MISSING,Surface tag is recommended to assess accessibility
1083379845,way,surface,MISSING,Surface tag is recommended to assess accessibility
1083379847,way,surface,MISSING,Surface tag is recommended to assess accessibility
1083379848,way,surface,MISSING,Surface tag is recommended to assess accessibility
1083379850,way,surface,MISSING,Surface tag is recommended to assess accessibility
1083379851,way,surface,MISSING,Surface tag is recommended to assess accessibility
1083379853,way,surface,MISSING,Surface tag is recommended to assess accessibility
1083379854,way,surface,MISSING,Surface tag is recommended to assess accessibility
1083379856,way,surface,MISSING,Surface tag is recommended to assess accessibility
1083379857,way,surface,MISSING,Surface tag is recommended to assess accessibility
1083379859,way,surface,MISSING,Surface tag is recommended to assess accessibility
1083379860,way,surface,MISSING,Surface tag is recommended to assess accessibility
1083379862,way,surface,MISSING,Surface tag is recommended to assess accessibility
1083396158,way,surface,MISSING,Surface tag is recommended to assess accessibility
1083396161,way,surface,MISSING,Surface tag is recommended to assess accessibility
1083396164,way,surface,MISSING,Surface tag is recommended to assess accessibility
1083396167,way,surface,MISSING,Surface tag is recommended to assess accessibility
1083396169,way,surface,MISSING,Surface tag is recommended to assess accessibility
1083396171,way,surface,MISSING,Surface tag is recommended to assess accessibility
1083396172,way,surface,MISSING,Surface tag is recommended to assess accessibility
1083396173,way,surface,MISSING,Surface tag is recommended to assess accessibility
1083396174,way,surface,MISSING,Surface tag is recommended to assess accessibility
1083396311,way,surface,MISSING,Surface tag is recommended to assess accessibility
1083396312,way,surface,MISSING,Surface tag is recommended to assess accessibility
1083403992,way,surface,MISSING,Surface tag is recommended to assess accessibility
1083403994,way,surface,MISSING,Surface tag is recommended to assess accessibility
1083403995,way,surface,MISSING,Surface tag is recommended to assess accessibility
1083403997,way,surface,MISSING,Surface tag is recommended to assess accessibility
1083403999,way,surface,MISSING,Surface tag is recommended to assess accessibility
1083404000,way,surface,MISSING,Surface tag is recommended to assess accessibility
1083404002,way,surface,MISSING,Surface tag is recommended to assess accessibility
1083404003,way,surface,MISSING,Surface tag is recommended to assess accessibility
1083404005,way,surface,MISSING,Surface tag is recommended to assess accessibility
1083404006,way,surface,MISSING,Surface tag is recommended to assess accessibility
1083404007,way,surface,MISSING,Surface tag is recommended to assess accessibility
1083404008,way,surface,MISSING,Surface tag is recommended to assess accessibility
1083404009,way,surface,MISSING,Surface tag is recommended to assess accessibility
1083404011,way,surface,MISSING,Surface tag is recommended to assess accessibility
1083404012,way,surface,MISSING,Surface tag is recommended to assess accessibility
1083404013,way,surface,MISSING,Surface tag is recommended to assess accessibility
1083404014,way,surface,MISSING,Surface tag is recommended to assess accessibility
1083404015,way,surface,MISSING,Surface tag is recommended to assess accessibility
1083404016,way,surface,MISSING,Surface tag is recommended to assess accessibility
1083404017,way,surface,MISSING,Surface tag is recommended to assess accessibility
1083404018,way,surface,MISSING,Surface tag is recommended to assess accessibility
1083404617,way,surface,MISSING,Surface tag is recommended to assess accessibility
1083404619,way,surface,MISSING,Surface tag is recommended to assess accessibility
1083404621,way,surface,MISSING,Surface tag is recommended to assess accessibility
1083404622,way,surface,MISSING,Surface tag is recommended to assess accessibility
1083404623,way,surface,MISSING,Surface tag is recommended to assess accessibility
1083404625,way,surface,MISSING,Surface tag is recommended to assess accessibility
1083404626,way,surface,MISSING,Surface tag is recommended to assess accessibility
1083404628,way,surface,MISSING,Surface tag is recommended to assess accessibility
1083404629,way,surface,MISSING,Surface tag is recommended to assess accessibility
1083404631,way,surface,MISSING,Surface tag is recommended to assess accessibility
1083404632,way,surface,MISSING,Surface tag is recommended to assess accessibility
1083404634,way,surface,MISSING,Surface tag is recommended to assess accessibility
1083404635,way,surface,MISSING,Surface tag is recommended to assess accessibility
1083404636,way,surface,MISSING,Surface tag is recommended to assess accessibility
1083404637,way,surface,MISSING,Surface tag is recommended to assess accessibility
1083404638,way,surface,MISSING,Surface tag is recommended to assess accessibility
1083404639,way,surface,MISSING,Surface tag is recommended to assess accessibility
1083404641,way,surface,MISSING,Surface tag is recommended to assess accessibility
1083404642,way,surface,MISSING,Surface tag is recommended to assess accessibility
1083404643,way,surface,MISSING,Surface tag is recommended to assess accessibility
1083405603,way,surface,MISSING,Surface tag is recommended to assess accessibility
1083405604,way,surface,MISSING,Surface tag is recommended to assess accessibility
1083405609,way,surface,MISSING,Surface tag is recommended to assess accessibility
1083405611,way,surface,MISSING,Surface tag is recommended to assess accessibility
1083405612,way,surface,MISSING,Surface tag is recommended to assess accessibility
1083405615,way,surface,MISSING,Surface tag is recommended to assess accessibility
1083406450,way,surface,MISSING,Surface tag is recommended to assess accessibility
1083406453,way,surface,MISSING,Surface tag is recommended to assess accessibility
1083406454,way,surface,MISSING,Surface tag is recommended to assess accessibility
1083696406,way,surface,MISSING,Surface tag is recommended to assess accessibility
1083930273,way,surface,MISSING,Surface tag is recommended to assess accessibility
1084333744,way,surface,MISSING,Surface tag is recommended to assess accessibility
1084994910,way,surface,MISSING,Surface tag is recommended to assess accessibility
1084994911,way,surface,MISSING,Surface tag is recommended to assess accessibility
1084994912,way,surface,MISSING,Surface tag is recommended to assess accessibility
1084994913,way,surface,MISSING,Surface tag is recommended to assess accessibility
1084994916,way,surface,MISSING,Surface tag is recommended to assess accessibility
1084994917,way,surface,MISSING,Surface tag is recommended to assess accessibility
1084995640,way,surface,MISSING,Surface tag is recommended to assess accessibility
1084995643,way,surface,MISSING,Surface tag is recommended to assess accessibility
1084995645,way,surface,MISSING,Surface tag is recommended to assess accessibility
1084995647,way,surface,MISSING,Surface tag is recommended to assess accessibility
1084996627,way,surface,MISSING,Surface tag is recommended to assess accessibility
1084996628,way,surface,MISSING,Surface tag is recommended to assess accessibility
1084996629,way,surface,MISSING,Surface tag is recommended to assess accessibility
1084996630,way,surface,MISSING,Surface tag is recommended to assess accessibility
1084996631,way,surface,MISSING,Surface tag is recommended to assess accessibility
1084996632,way,surface,MISSING,Surface tag is recommended to assess accessibility
1084996633,way,surface,MISSING,Surface tag is recommended to assess accessibility
1084996634,way,surface,MISSING,Surface tag is recommended to assess accessibility
1084996635,way,surface,MISSING,Surface tag is recommended to assess accessibility
1084996636,way,surface,MISSING,Surface tag is recommended to assess accessibility
1084996637,way,surface,MISSING,Surface tag is recommended to assess accessibility
1084996638,way,surface,MISSING,Surface tag is recommended to assess accessibility
1084996639,way,surface,MISSING,Surface tag is recommended to assess accessibility
1084996640,way,surface,MISSING,Surface tag is recommended to assess accessibility
1084996641,way,surface,MISSING,Surface tag is recommended to assess accessibility
1084996642,way,surface,MISSING,Surface tag is recommended to assess accessibility
1084996643,way,surface,MISSING,Surface tag is recommended to assess accessibility
1084996644,way,surface,MISSING,Surface tag is recommended to assess accessibility
1084996645,way,surface,MISSING,Surface tag is recommended to assess accessibility
1084996646,way,surface,MISSING,Surface tag is recommended to assess accessibility
1084996647,way,surface,MISSING,Surface tag is recommended to assess accessibility
1084996649,way,surface,MISSING,Surface tag is recommended to assess accessibility
1086100520,way,surface,MISSING,Surface tag is recommended to assess accessibility
1086872083,way,surface,MISSING,Surface tag is recommended to assess accessibility
1086872084,way,surface,MISSING,Surface tag is recommended to assess accessibility
1086872091,way,surface,MISSING,Surface tag is recommended to assess accessibility
1086872092,way,surface,MISSING,Surface tag is recommended to assess accessibility
1086872099,way,surface,MISSING,Surface tag is recommended to assess accessibility
1086872107,way,surface,MISSING,Surface tag is recommended to assess accessibility
1086872110,way,surface,MISSING,Surface tag is recommended to assess accessibility
1086872111,way,surface,MISSING,Surface tag is recommended to assess accessibility
1086872120,way,surface,MISSING,Surface tag is recommended to assess accessibility
1086874208,way,surface,MISSING,Surface tag is recommended to assess accessibility
1086874227,way,surface,MISSING,Surface tag is recommended to assess accessibility
1087104336,way,surface,MISSING,Surface tag is recommended to assess accessibility
1087106695,way,surface,MISSING,Surface tag is recommended to assess accessibility
1087106697,way,surface,MISSING,Surface tag is recommended to assess accessibility
1087109707,way,surface,MISSING,Surface tag is recommended to assess accessibility
1087110371,way,surface,MISSING,Surface tag is recommended to assess accessibility
1087110373,way,surface,MISSING,Surface tag is recommended to assess accessibility
1087110375,way,surface,MISSING,Surface tag is recommended to assess accessibility
1087110376,way,surface,MISSING,Surface tag is recommended to assess accessibility
1087647110,way,surface,MISSING,Surface tag is recommended to assess accessibility
1087647112,way,surface,MISSING,Surface tag is recommended to assess accessibility
1087647114,way,surface,MISSING,Surface tag is recommended to assess accessibility
1087647117,way,surface,MISSING,Surface tag is recommended to assess accessibility
1087647118,way,surface,MISSING,Surface tag is recommended to assess accessibility
1087647120,way,surface,MISSING,Surface tag is recommended to assess accessibility
1087647942,way,surface,MISSING,Surface tag is recommended to assess accessibility
1089774735,way,surface,MISSING,Surface tag is recommended to assess accessibility
1090001805,way,surface,MISSING,Surface tag is recommended to assess accessibility
1090001810,way,surface,MISSING,Surface tag is recommended to assess accessibility
1090001838,way,surface,MISSING,Surface tag is recommended to assess accessibility
1090009093,way,surface,MISSING,Surface tag is recommended to assess accessibility
1090009094,way,surface,MISSING,Surface tag is recommended to assess accessibility
1090009096,way,surface,MISSING,Surface tag is recommended to assess accessibility
1090380894,way,surface,MISSING,Surface tag is recommended to assess accessibility
1090380895,way,surface,MISSING,Surface tag is recommended to assess accessibility
1090637212,way,surface,MISSING,Surface tag is recommended to assess accessibility
1090656497,way,surface,MISSING,Surface tag is recommended to assess accessibility
1090656506,way,surface,MISSING,Surface tag is recommended to assess accessibility
1090810632,way,surface,MISSING,Surface tag is recommended to assess accessibility
1091128520,way,surface,MISSING,Surface tag is recommended to assess accessibility
1091128521,way,surface,MISSING,Surface tag is recommended to assess accessibility
1091128523,way,surface,MISSING,Surface tag is recommended to assess accessibility
1091128524,way,surface,MISSING,Surface tag is recommended to assess accessibility
1091144721,way,surface,MISSING,Surface tag is recommended to assess accessibility
1091144723,way,surface,MISSING,Surface tag is recommended to assess accessibility
1091144724,way,surface,MISSING,Surface tag is recommended to assess accessibility
1091144725,way,surface,MISSING,Surface tag is recommended to assess accessibility
1091144729,way,surface,MISSING,Surface tag is recommended to assess accessibility
1091144730,way,surface,MISSING,Surface tag is recommended to assess accessibility
1091144732,way,surface,MISSING,Surface tag is recommended to assess accessibility
1091144733,way,surface,MISSING,Surface tag is recommended to assess accessibility
1091144734,way,surface,MISSING,Surface tag is recommended to assess accessibility
1091144735,way,surface,MISSING,Surface tag is recommended to assess accessibility
1091144736,way,surface,MISSING,Surface tag is recommended to assess accessibility
1091144737,way,surface,MISSING,Surface tag is recommended to assess accessibility
1091144738,way,surface,MISSING,Surface tag is recommended to assess accessibility
1091736789,way,surface,MISSING,Surface tag is recommended to assess accessibility
1091736790,way,surface,MISSING,Surface tag is recommended to assess accessibility
1091736791,way,surface,MISSING,Surface tag is recommended to assess accessibility
1091736792,way,surface,MISSING,Surface tag is recommended to assess accessibility
1091736793,way,surface,MISSING,Surface tag is recommended to assess accessibility
1091736794,way,surface,MISSING,Surface tag is recommended to assess accessibility
1091736803,way,surface,MISSING,Surface tag is recommended to assess accessibility
1091736804,way,surface,MISSING,Surface tag is recommended to assess accessibility
1091736805,way,surface,MISSING,Surface tag is recommended to assess accessibility
1091736806,way,surface,MISSING,Surface tag is recommended to assess accessibility
1091736807,way,surface,MISSING,Surface tag is recommended to assess accessibility
1091736808,way,surface,MISSING,Surface tag is recommended to assess accessibility
1091736813,way,surface,MISSING,Surface tag is recommended to assess accessibility
1091736814,way,surface,MISSING,Surface tag is recommended to assess accessibility
1091736819,way,surface,MISSING,Surface tag is recommended to assess accessibility
1091736820,way,surface,MISSING,Surface tag is recommended to assess accessibility
1091736821,way,surface,MISSING,Surface tag is recommended to assess accessibility
1091736822,way,surface,MISSING,Surface tag is recommended to assess accessibility
1091736823,way,surface,MISSING,Surface tag is recommended to assess accessibility
1091736824,way,surface,MISSING,Surface tag is recommended to assess accessibility
1091736825,way,surface,MISSING,Surface tag is recommended to assess accessibility
1091736826,way,surface,MISSING,Surface tag is recommended to assess accessibility
1091736836,way,surface,MISSING,Surface tag is recommended to assess accessibility
1091736837,way,surface,MISSING,Surface tag is recommended to assess accessibility
1091736838,way,surface,MISSING,Surface tag is recommended to assess accessibility
1091736839,way,surface,MISSING,Surface tag is recommended to assess accessibility
1091736840,way,surface,MISSING,Surface tag is recommended to assess accessibility
1091736841,way,surface,MISSING,Surface tag is recommended to assess accessibility
1091736842,way,surface,MISSING,Surface tag is recommended to assess accessibility
1091736843,way,surface,MISSING,Surface tag is recommended to assess accessibility
1091737382,way,surface,MISSING,Surface tag is recommended to assess accessibility
1091737383,way,surface,MISSING,Surface tag is recommended to assess accessibility
1091994114,way,surface,MISSING,Surface tag is recommended to assess accessibility
1091994115,way,surface,MISSING,Surface tag is recommended to assess accessibility
1091995412,way,surface,MISSING,Surface tag is recommended to assess accessibility
1091998675,way,surface,MISSING,Surface tag is recommended to assess accessibility
1092008897,way,surface,MISSING,Surface tag is recommended to assess accessibility
1092012764,way,surface,MISSING,Surface tag is recommended to assess accessibility
1092012766,way,surface,MISSING,Surface tag is recommended to assess accessibility
1092012768,way,surface,MISSING,Surface tag is recommended to assess accessibility
1092012769,way,surface,MISSING,Surface tag is recommended to assess accessibility
1092012773,way,surface,MISSING,Surface tag is recommended to assess accessibility
1092012775,way,surface,MISSING,Surface tag is recommended to assess accessibility
1092012777,way,surface,MISSING,Surface tag is recommended to assess accessibility
1092012778,way,surface,MISSING,Surface tag is recommended to assess accessibility
1092012781,way,surface,MISSING,Surface tag is recommended to assess accessibility
1092012784,way,surface,MISSING,Surface tag is recommended to assess accessibility
1092012785,way,surface,MISSING,Surface tag is recommended to assess accessibility
1092013275,way,surface,MISSING,Surface tag is recommended to assess accessibility
1092013277,way,surface,MISSING,Surface tag is recommended to assess accessibility
1092013279,way,surface,MISSING,Surface tag is recommended to assess accessibility
1092013284,way,surface,MISSING,Surface tag is recommended to assess accessibility
1092013286,way,surface,MISSING,Surface tag is recommended to assess accessibility
1092013288,way,surface,MISSING,Surface tag is recommended to assess accessibility
1092013289,way,surface,MISSING,Surface tag is recommended to assess accessibility
1092013291,way,surface,MISSING,Surface tag is recommended to assess accessibility
1092019362,way,surface,MISSING,Surface tag is recommended to assess accessibility
1092019369,way,surface,MISSING,Surface tag is recommended to assess accessibility
1092019371,way,surface,MISSING,Surface tag is recommended to assess accessibility
1092019376,way,surface,MISSING,Surface tag is recommended to assess accessibility
1092019377,way,surface,MISSING,Surface tag is recommended to assess accessibility
1092019378,way,surface,MISSING,Surface tag is recommended to assess accessibility
1092019384,way,surface,MISSING,Surface tag is recommended to assess accessibility
1092020621,way,surface,MISSING,Surface tag is recommended to assess accessibility
1092028170,way,surface,MISSING,Surface tag is recommended to assess accessibility
1092028171,way,surface,MISSING,Surface tag is recommended to assess accessibility
1092028173,way,surface,MISSING,Surface tag is recommended to assess accessibility
1092028175,way,surface,MISSING,Surface tag is recommended to assess accessibility
1092028176,way,surface,MISSING,Surface tag is recommended to assess accessibility
1092028177,way,surface,MISSING,Surface tag is recommended to assess accessibility
1092028179,way,surface,MISSING,Surface tag is recommended to assess accessibility
1092028181,way,surface,MISSING,Surface tag is recommended to assess accessibility
1092028185,way,surface,MISSING,Surface tag is recommended to assess accessibility
1092028188,way,surface,MISSING,Surface tag is recommended to assess accessibility
1092028189,way,surface,MISSING,Surface tag is recommended to assess accessibility
1092028190,way,surface,MISSING,Surface tag is recommended to assess accessibility
1092028198,way,surface,MISSING,Surface tag is recommended to assess accessibility
1092028200,way,surface,MISSING,Surface tag is recommended to assess accessibility
1092028202,way,surface,MISSING,Surface tag is recommended to assess accessibility
1092028204,way,surface,MISSING,Surface tag is recommended to assess accessibility
1092028206,way,surface,MISSING,Surface tag is recommended to assess accessibility
1092028208,way,surface,MISSING,Surface tag is recommended to assess accessibility
1092028210,way,surface,MISSING,Surface tag is recommended to assess accessibility
1092028212,way,surface,MISSING,Surface tag is recommended to assess accessibility
1092028214,way,surface,MISSING,Surface tag is recommended to assess accessibility
1092028216,way,surface,MISSING,Surface tag is recommended to assess accessibility
1092028218,way,surface,MISSING,Surface tag is recommended to assess accessibility
1092028221,way,surface,MISSING,Surface tag is recommended to assess accessibility
1092028223,way,surface,MISSING,Surface tag is recommended to assess accessibility
1092028225,way,surface,MISSING,Surface tag is recommended to assess accessibility
1092028226,way,surface,MISSING,Surface tag is recommended to assess accessibility
1092028227,way,surface,MISSING,Surface tag is recommended to assess accessibility
1092028229,way,surface,MISSING,Surface tag is recommended to assess accessibility
1092028232,way,surface,MISSING,Surface tag is recommended to assess accessibility
1092028233,way,surface,MISSING,Surface tag is recommended to assess accessibility
1092028235,way,surface,MISSING,Surface tag is recommended to assess accessibility
1092028237,way,surface,MISSING,Surface tag is recommended to assess accessibility
1092028240,way,surface,MISSING,Surface tag is recommended to assess accessibility
1092028242,way,surface,MISSING,Surface tag is recommended to assess accessibility
1092235163,way,surface,MISSING,Surface tag is recommended to assess accessibility
1092235167,way,surface,MISSING,Surface tag is recommended to assess accessibility
1092235168,way,surface,MISSING,Surface tag is recommended to assess accessibility
1092235169,way,surface,MISSING,Surface tag is recommended to assess accessibility
1092235171,way,surface,MISSING,Surface tag is recommended to assess accessibility
1092235174,way,surface,MISSING,Surface tag is recommended to assess accessibility
1092235176,way,surface,MISSING,Surface tag is recommended to assess accessibility
1092235178,way,surface,MISSING,Surface tag is recommended to assess accessibility
1092235179,way,surface,MISSING,Surface tag is recommended to assess accessibility
1092235182,way,surface,MISSING,Surface tag is recommended to assess accessibility
1092249923,way,surface,MISSING,Surface tag is recommended to assess accessibility
1092256367,way,surface,MISSING,Surface tag is recommended to assess accessibility
1092256368,way,surface,MISSING,Surface tag is recommended to assess accessibility
1092256370,way,surface,MISSING,Surface tag is recommended to assess accessibility
1092256372,way,surface,MISSING,Surface tag is recommended to assess accessibility
1092258473,way,surface,MISSING,Surface tag is recommended to assess accessibility
1092258476,way,surface,MISSING,Surface tag is recommended to assess accessibility
1092258478,way,surface,MISSING,Surface tag is recommended to assess accessibility
1092258480,way,surface,MISSING,Surface tag is recommended to assess accessibility
1092258482,way,surface,MISSING,Surface tag is recommended to assess accessibility
1092258484,way,surface,MISSING,Surface tag is recommended to assess accessibility
1092258911,way,surface,MISSING,Surface tag is recommended to assess accessibility
1092260805,way,surface,MISSING,Surface tag is recommended to assess accessibility
1092260806,way,surface,MISSING,Surface tag is recommended to assess accessibility
1092260808,way,surface,MISSING,Surface tag is recommended to assess accessibility
1092260810,way,surface,MISSING,Surface tag is recommended to assess accessibility
1092260811,way,surface,MISSING,Surface tag is recommended to assess accessibility
1092260813,way,surface,MISSING,Surface tag is recommended to assess accessibility
1092260815,way,surface,MISSING,Surface tag is recommended to assess accessibility
1092260816,way,surface,MISSING,Surface tag is recommended to assess accessibility
1092260817,way,surface,MISSING,Surface tag is recommended to assess accessibility
1092260818,way,surface,MISSING,Surface tag is recommended to assess accessibility
1092260819,way,surface,MISSING,Surface tag is recommended to assess accessibility
1092260820,way,surface,MISSING,Surface tag is recommended to assess accessibility
1092260821,way,surface,MISSING,Surface tag is recommended to assess accessibility
1092260823,way,surface,MISSING,Surface tag is recommended to assess accessibility
1092533918,way,surface,MISSING,Surface tag is recommended to assess accessibility
1092533920,way,surface,MISSING,Surface tag is recommended to assess accessibility
1092533922,way,surface,MISSING,Surface tag is recommended to assess accessibility
1092533925,way,surface,MISSING,Surface tag is recommended to assess accessibility
1092533927,way,surface,MISSING,Surface tag is recommended to assess accessibility
1092534352,way,surface,MISSING,Surface tag is recommended to assess accessibility
1092534354,way,surface,MISSING,Surface tag is recommended to assess accessibility
1092534358,way,surface,MISSING,Surface tag is recommended to assess accessibility
1092534361,way,surface,MISSING,Surface tag is recommended to assess accessibility
1092534363,way,surface,MISSING,Surface tag is recommended to assess accessibility
1092537598,way,surface,MISSING,Surface tag is recommended to assess accessibility
1093019247,way,surface,MISSING,Surface tag is recommended to assess accessibility
1093019248,way,surface,MISSING,Surface tag is recommended to assess accessibility
1093019250,way,surface,MISSING,Surface tag is recommended to assess accessibility
1093019252,way,surface,MISSING,Surface tag is recommended to assess accessibility
1093019254,way,surface,MISSING,Surface tag is recommended to assess accessibility
1093019255,way,surface,MISSING,Surface tag is recommended to assess accessibility
1093019257,way,surface,MISSING,Surface tag is recommended to assess accessibility
1093276556,way,surface,MISSING,Surface tag is recommended to assess accessibility
1093276557,way,surface,MISSING,Surface tag is recommended to assess accessibility
1093276563,way,surface,MISSING,Surface tag is recommended to assess accessibility
1093276564,way,surface,MISSING,Surface tag is recommended to assess accessibility
1093276566,way,surface,MISSING,Surface tag is recommended to assess accessibility
1093276567,way,surface,MISSING,Surface tag is recommended to assess accessibility
1093276569,way,surface,MISSING,Surface tag is recommended to assess accessibility
1093276570,way,surface,MISSING,Surface tag is recommended to assess accessibility
1093276573,way,surface,MISSING,Surface tag is recommended to assess accessibility
1093276574,way,surface,MISSING,Surface tag is recommended to assess accessibility
1093276576,way,surface,MISSING,Surface tag is recommended to assess accessibility
1093276580,way,surface,MISSING,Surface tag is recommended to assess accessibility
1093276581,way,surface,MISSING,Surface tag is recommended to assess accessibility
1093276583,way,surface,MISSING,Surface tag is recommended to assess accessibility
1093276584,way,surface,MISSING,Surface tag is recommended to assess accessibility
1093276587,way,surface,MISSING,Surface tag is recommended to assess accessibility
1093276588,way,surface,MISSING,Surface tag is recommended to assess accessibility
1093276601,way,surface,MISSING,Surface tag is recommended to assess accessibility
1093276603,way,surface,MISSING,Surface tag is recommended to assess accessibility
1093276609,way,surface,MISSING,Surface tag is recommended to assess accessibility
1093276610,way,surface,MISSING,Surface tag is recommended to assess accessibility
1093276612,way,surface,MISSING,Surface tag is recommended to assess accessibility
1093276613,way,surface,MISSING,Surface tag is recommended to assess accessibility
1093276614,way,surface,MISSING,Surface tag is recommended to assess accessibility
1093276615,way,surface,MISSING,Surface tag is recommended to assess accessibility
1093276622,way,surface,MISSING,Surface tag is recommended to assess accessibility
1093942259,way,surface,MISSING,Surface tag is recommended to assess accessibility
1094543659,way,surface,MISSING,Surface tag is recommended to assess accessibility
1095308242,way,surface,MISSING,Surface tag is recommended to assess accessibility
1095308243,way,surface,MISSING,Surface tag is recommended to assess accessibility
1095308244,way,surface,MISSING,Surface tag is recommended to assess accessibility
1095308245,way,surface,MISSING,Surface tag is recommended to assess accessibility
1095308248,way,surface,MISSING,Surface tag is recommended to assess accessibility
1095308274,way,surface,MISSING,Surface tag is recommended to assess accessibility
1095308275,way,surface,MISSING,Surface tag is recommended to assess accessibility
1095308276,way,surface,MISSING,Surface tag is recommended to assess accessibility
1095308277,way,surface,MISSING,Surface tag is recommended to assess accessibility
1095308278,way,surface,MISSING,Surface tag is recommended to assess accessibility
1095308279,way,surface,MISSING,Surface tag is recommended to assess accessibility
1095308754,way,surface,MISSING,Surface tag is recommended to assess accessibility
1095308755,way,surface,MISSING,Surface tag is recommended to assess accessibility
1096210621,way,surface,MISSING,Surface tag is recommended to assess accessibility
1096210622,way,surface,MISSING,Surface tag is recommended to assess accessibility
1096210624,way,surface,MISSING,Surface tag is recommended to assess accessibility
1097615005,way,surface,MISSING,Surface tag is recommended to assess accessibility
1098027812,way,surface,MISSING,Surface tag is recommended to assess accessibility
1098880316,way,surface,MISSING,Surface tag is recommended to assess accessibility
1098881185,way,surface,MISSING,Surface tag is recommended to assess accessibility
1098890861,way,surface,MISSING,Surface tag is recommended to assess accessibility
1098890864,way,surface,MISSING,Surface tag is recommended to assess accessibility
1098890865,way,surface,MISSING,Surface tag is recommended to assess accessibility
1098896580,way,surface,MISSING,Surface tag is recommended to assess accessibility
1098896581,way,surface,MISSING,Surface tag is recommended to assess accessibility
1098896583,way,surface,MISSING,Surface tag is recommended to assess accessibility
1098896589,way,surface,MISSING,Surface tag is recommended to assess accessibility
1098896590,way,surface,MISSING,Surface tag is recommended to assess accessibility
1098926320,way,surface,MISSING,Surface tag is recommended to assess accessibility
1098926321,way,surface,MISSING,Surface tag is recommended to assess accessibility
1098926324,way,surface,MISSING,Surface tag is recommended to assess accessibility
1098948789,way,surface,MISSING,Surface tag is recommended to assess accessibility
1098948793,way,surface,MISSING,Surface tag is recommended to assess accessibility
1098948794,way,surface,MISSING,Surface tag is recommended to assess accessibility
1098948795,way,surface,MISSING,Surface tag is recommended to assess accessibility
1098952822,way,surface,MISSING,Surface tag is recommended to assess accessibility
1098964578,way,surface,MISSING,Surface tag is recommended to assess accessibility
1098964579,way,surface,MISSING,Surface tag is recommended to assess accessibility
1099470416,way,surface,MISSING,Surface tag is recommended to assess accessibility
1099778695,way,surface,MISSING,Surface tag is recommended to assess accessibility
1099778699,way,surface,MISSING,Surface tag is recommended to assess accessibility
1099778701,way,surface,MISSING,Surface tag is recommended to assess accessibility
1099778702,way,surface,MISSING,Surface tag is recommended to assess accessibility
1099778704,way,surface,MISSING,Surface tag is recommended to assess accessibility
1099778705,way,surface,MISSING,Surface tag is recommended to assess accessibility
1099778707,way,surface,MISSING,Surface tag is recommended to assess accessibility
1099778709,way,surface,MISSING,Surface tag is recommended to assess accessibility
1099778712,way,surface,MISSING,Surface tag is recommended to assess accessibility
1099778714,way,surface,MISSING,Surface tag is recommended to assess accessibility
1099778719,way,surface,MISSING,Surface tag is recommended to assess accessibility
1099778723,way,surface,MISSING,Surface tag is recommended to assess accessibility
1099778724,way,surface,MISSING,Surface tag is recommended to assess accessibility
1099778727,way,surface,MISSING,Surface tag is recommended to assess accessibility
1099984361,way,surface,MISSING,Surface tag is recommended to assess accessibility
1099984362,way,surface,MISSING,Surface tag is recommended to assess accessibility
1099984363,way,surface,MISSING,Surface tag is recommended to assess accessibility
1099984364,way,surface,MISSING,Surface tag is recommended to assess accessibility
1099984365,way,surface,MISSING,Surface tag is recommended to assess accessibility
1099984366,way,surface,MISSING,Surface tag is recommended to assess accessibility
1099984367,way,surface,MISSING,Surface tag is recommended to assess accessibility
1099984368,way,surface,MISSING,Surface tag is recommended to assess accessibility
1099984369,way,surface,MISSING,Surface tag is recommended to assess accessibility
1099984382,way,surface,MISSING,Surface tag is recommended to assess accessibility
1099984384,way,surface,MISSING,Surface tag is recommended to assess accessibility
1099984385,way,surface,MISSING,Surface tag is recommended to assess accessibility
1099984386,way,surface,MISSING,Surface tag is recommended to assess accessibility
1099984387,way,surface,MISSING,Surface tag is recommended to assess accessibility
1099984391,way,surface,MISSING,Surface tag is recommended to assess accessibility
1099984393,way,surface,MISSING,Surface tag is recommended to assess accessibility
1100733540,way,surface,MISSING,Surface tag is recommended to assess accessibility
1100984433,way,surface,MISSING,Surface tag is recommended to assess accessibility
1100984434,way,surface,MISSING,Surface tag is recommended to assess accessibility
1100984435,way,surface,MISSING,Surface tag is recommended to assess accessibility
1100984436,way,surface,MISSING,Surface tag is recommended to assess accessibility
1100984437,way,surface,MISSING,Surface tag is recommended to assess accessibility
1100984438,way,surface,MISSING,Surface tag is recommended to assess accessibility
1100984439,way,surface,MISSING,Surface tag is recommended to assess accessibility
1100984440,way,surface,MISSING,Surface tag is recommended to assess accessibility
1100984441,way,surface,MISSING,Surface tag is recommended to assess accessibility
1100984442,way,surface,MISSING,Surface tag is recommended to assess accessibility
1100984443,way,surface,MISSING,Surface tag is recommended to assess accessibility
1100984444,way,surface,MISSING,Surface tag is recommended to assess accessibility
1100984446,way,surface,MISSING,Surface tag is recommended to assess accessibility
1100984449,way,surface,MISSING,Surface tag is recommended to assess accessibility
1100984450,way,surface,MISSING,Surface tag is recommended to assess accessibility
1100984451,way,surface,MISSING,Surface tag is recommended to assess accessibility
1100984452,way,surface,MISSING,Surface tag is recommended to assess accessibility
1100984453,way,surface,MISSING,Surface tag is recommended to assess accessibility
1100984454,way,surface,MISSING,Surface tag is recommended to assess accessibility
1100984455,way,surface,MISSING,Surface tag is recommended to assess accessibility
1100984457,way,surface,MISSING,Surface tag is recommended to assess accessibility
1100984458,way,surface,MISSING,Surface tag is recommended to assess accessibility
1100984459,way,surface,MISSING,Surface tag is recommended to assess accessibility
1100984466,way,surface,MISSING,Surface tag is recommended to assess accessibility
1100984473,way,surface,MISSING,Surface tag is recommended to assess accessibility
1100984478,way,surface,MISSING,Surface tag is recommended to assess accessibility
1100984480,way,surface,MISSING,Surface tag is recommended to assess accessibility
1100984481,way,surface,MISSING,Surface tag is recommended to assess accessibility
1100984483,way,surface,MISSING,Surface tag is recommended to assess accessibility
1100984484,way,surface,MISSING,Surface tag is recommended to assess accessibility
1101285758,way,surface,MISSING,Surface tag is recommended to assess accessibility
1101285761,way,surface,MISSING,Surface tag is recommended to assess accessibility
1101285762,way,surface,MISSING,Surface tag is recommended to assess accessibility
1101285766,way,surface,MISSING,Surface tag is recommended to assess accessibility
1101355356,way,surface,MISSING,Surface tag is recommended to assess accessibility
1101400755,way,surface,MISSING,Surface tag is recommended to assess accessibility
1101400762,way,surface,MISSING,Surface tag is recommended to assess accessibility
1101400768,way,surface,MISSING,Surface tag is recommended to assess accessibility
1101400774,way,surface,MISSING,Surface tag is recommended to assess accessibility
1101816234,way,surface,MISSING,Surface tag is recommended to assess accessibility
1102260453,way,surface,MISSING,Surface tag is recommended to assess accessibility
1102264943,way,surface,MISSING,Surface tag is recommended to assess accessibility
1102264944,way,surface,MISSING,Surface tag is recommended to assess accessibility
1102264954,way,surface,MISSING,Surface tag is recommended to assess accessibility
1102264955,way,surface,MISSING,Surface tag is recommended to assess accessibility
1102264956,way,surface,MISSING,Surface tag is recommended to assess accessibility
1102264957,way,surface,MISSING,Surface tag is recommended to assess accessibility
1102264959,way,surface,MISSING,Surface tag is recommended to assess accessibility
1102264960,way,surface,MISSING,Surface tag is recommended to assess accessibility
1102264961,way,surface,MISSING,Surface tag is recommended to assess accessibility
1102264964,way,surface,MISSING,Surface tag is recommended to assess accessibility
1102264968,way,surface,MISSING,Surface tag is recommended to assess accessibility
1102264969,way,surface,MISSING,Surface tag is recommended to assess accessibility
1102264970,way,surface,MISSING,Surface tag is recommended to assess accessibility
1102264971,way,surface,MISSING,Surface tag is recommended to assess accessibility
1102264972,way,surface,MISSING,Surface tag is recommended to assess accessibility
1102264973,way,surface,MISSING,Surface tag is recommended to assess accessibility
1102264974,way,surface,MISSING,Surface tag is recommended to assess accessibility
1102264975,way,surface,MISSING,Surface tag is recommended to assess accessibility
1102264976,way,surface,MISSING,Surface tag is recommended to assess accessibility
1102264977,way,surface,MISSING,Surface tag is recommended to assess accessibility
1102264980,way,surface,MISSING,Surface tag is recommended to assess accessibility
1102264982,way,surface,MISSING,Surface tag is recommended to assess accessibility
1102264983,way,surface,MISSING,Surface tag is recommended to assess accessibility
1102264984,way,surface,MISSING,Surface tag is recommended to assess accessibility
1102264987,way,surface,MISSING,Surface tag is recommended to assess accessibility
1102264989,way,surface,MISSING,Surface tag is recommended to assess accessibility
1102264990,way,surface,MISSING,Surface tag is recommended to assess accessibility
1102264992,way,surface,MISSING,Surface tag is recommended to assess accessibility
1102264993,way,surface,MISSING,Surface tag is recommended to assess accessibility
1102394576,way,surface,MISSING,Surface tag is recommended to assess accessibility
1102400524,way,surface,MISSING,Surface tag is recommended to assess accessibility
1103749912,way,surface,MISSING,Surface tag is recommended to assess accessibility
1103753284,way,surface,MISSING,Surface tag is recommended to assess accessibility
1103753286,way,surface,MISSING,Surface tag is recommended to assess accessibility
1103770622,way,surface,MISSING,Surface tag is recommended to assess accessibility
1103770632,way,surface,MISSING,Surface tag is recommended to assess accessibility
1103770633,way,surface,MISSING,Surface tag is recommended to assess accessibility
1103770634,way,surface,MISSING,Surface tag is recommended to assess accessibility
1103770636,way,surface,MISSING,Surface tag is recommended to assess accessibility
1103770647,way,surface,MISSING,Surface tag is recommended to assess accessibility
1103770655,way,surface,MISSING,Surface tag is recommended to assess accessibility
1103770656,way,surface,MISSING,Surface tag is recommended to assess accessibility
1103770662,way,surface,MISSING,Surface tag is recommended to assess accessibility
1103770663,way,surface,MISSING,Surface tag is recommended to assess accessibility
1103770666,way,surface,MISSING,Surface tag is recommended to assess accessibility
1103770668,way,surface,MISSING,Surface tag is recommended to assess accessibility
1103999063,way,surface,MISSING,Surface tag is recommended to assess accessibility
1104008901,way,surface,MISSING,Surface tag is recommended to assess accessibility
1104008902,way,surface,MISSING,Surface tag is recommended to assess accessibility
1104338962,way,surface,MISSING,Surface tag is recommended to assess accessibility
1104543785,way,surface,MISSING,Surface tag is recommended to assess accessibility
1104543786,way,surface,MISSING,Surface tag is recommended to assess accessibility
1104713375,way,surface,MISSING,Surface tag is recommended to assess accessibility
1105424595,way,surface,MISSING,Surface tag is recommended to assess accessibility
1105424603,way,surface,MISSING,Surface tag is recommended to assess accessibility
1105424605,way,surface,MISSING,Surface tag is recommended to assess accessibility
1105424606,way,surface,MISSING,Surface tag is recommended to assess accessibility
1105424609,way,surface,MISSING,Surface tag is recommended to assess accessibility
1105426739,way,surface,MISSING,Surface tag is recommended to assess accessibility
1105426742,way,surface,MISSING,Surface tag is recommended to assess accessibility
1105426743,way,surface,MISSING,Surface tag is recommended to assess accessibility
1105426745,way,surface,MISSING,Surface tag is recommended to assess accessibility
1105426746,way,surface,MISSING,Surface tag is recommended to assess accessibility
1105426748,way,surface,MISSING,Surface tag is recommended to assess accessibility
1105426749,way,surface,MISSING,Surface tag is recommended to assess accessibility
1105426750,way,surface,MISSING,Surface tag is recommended to assess accessibility
1105426753,way,surface,MISSING,Surface tag is recommended to assess accessibility
1105429322,way,surface,MISSING,Surface tag is recommended to assess accessibility
1105434330,way,surface,MISSING,Surface tag is recommended to assess accessibility
1105434332,way,surface,MISSING,Surface tag is recommended to assess accessibility
1105434333,way,surface,MISSING,Surface tag is recommended to assess accessibility
1105434335,way,surface,MISSING,Surface tag is recommended to assess accessibility
1105434336,way,surface,MISSING,Surface tag is recommended to assess accessibility
1105434338,way,surface,MISSING,Surface tag is recommended to assess accessibility
1105434343,way,surface,MISSING,Surface tag is recommended to assess accessibility
1105434345,way,surface,MISSING,Surface tag is recommended to assess accessibility
1105930115,way,surface,MISSING,Surface tag is recommended to assess accessibility
1105930116,way,surface,MISSING,Surface tag is recommended to assess accessibility
1105930117,way,surface,MISSING,Surface tag is recommended to assess accessibility
1105930118,way,surface,MISSING,Surface tag is recommended to assess accessibility
1105969399,way,surface,MISSING,Surface tag is recommended to assess accessibility
1105969411,way,surface,MISSING,Surface tag is recommended to assess accessibility
1105969413,way,surface,MISSING,Surface tag is recommended to assess accessibility
1105969414,way,surface,MISSING,Surface tag is recommended to assess accessibility
1105969417,way,surface,MISSING,Surface tag is recommended to assess accessibility
1105969429,way,surface,MISSING,Surface tag is recommended to assess accessibility
1105969430,way,surface,MISSING,Surface tag is recommended to assess accessibility
1106242723,way,surface,MISSING,Surface tag is recommended to assess accessibility
1106242724,way,surface,MISSING,Surface tag is recommended to assess accessibility
1106242725,way,surface,MISSING,Surface tag is recommended to assess accessibility
1106242727,way,surface,MISSING,Surface tag is recommended to assess accessibility
1106498129,way,surface,MISSING,Surface tag is recommended to assess accessibility
1106498131,way,surface,MISSING,Surface tag is recommended to assess accessibility
1106498134,way,surface,MISSING,Surface tag is recommended to assess accessibility
1106498135,way,surface,MISSING,Surface tag is recommended to assess accessibility
1106498137,way,surface,MISSING,Surface tag is recommended to assess accessibility
1106498141,way,surface,MISSING,Surface tag is recommended to assess accessibility
1106498142,way,surface,MISSING,Surface tag is recommended to assess accessibility
1106498143,way,surface,MISSING,Surface tag is recommended to assess accessibility
1106498144,way,surface,MISSING,Surface tag is recommended to assess accessibility
1106498145,way,surface,MISSING,Surface tag is recommended to assess accessibility
1106498146,way,surface,MISSING,Surface tag is recommended to assess accessibility
1106498147,way,surface,MISSING,Surface tag is recommended to assess accessibility
1106498154,way,surface,MISSING,Surface tag is recommended to assess accessibility
1106498158,way,surface,MISSING,Surface tag is recommended to assess accessibility
1106498159,way,surface,MISSING,Surface tag is recommended to assess accessibility
1106498160,way,surface,MISSING,Surface tag is recommended to assess accessibility
1106498163,way,surface,MISSING,Surface tag is recommended to assess accessibility
1106498164,way,surface,MISSING,Surface tag is recommended to assess accessibility
1106498166,way,surface,MISSING,Surface tag is recommended to assess accessibility
1106498167,way,surface,MISSING,Surface tag is recommended to assess accessibility
1106498168,way,surface,MISSING,Surface tag is recommended to assess accessibility
1107035928,way,surface,MISSING,Surface tag is recommended to assess accessibility
1107035934,way,surface,MISSING,Surface tag is recommended to assess accessibility
1107035969,way,surface,MISSING,Surface tag is recommended to assess accessibility
1107035971,way,surface,MISSING,Surface tag is recommended to assess accessibility
1107035973,way,surface,MISSING,Surface tag is recommended to assess accessibility
1108783497,way,surface,MISSING,Surface tag is recommended to assess accessibility
1109174955,way,surface,MISSING,Surface tag is recommended to assess accessibility
1109874862,way,surface,MISSING,Surface tag is recommended to assess accessibility
1109874864,way,surface,MISSING,Surface tag is recommended to assess accessibility
1109874866,way,surface,MISSING,Surface tag is recommended to assess accessibility
1109874877,way,surface,MISSING,Surface tag is recommended to assess accessibility
1109874878,way,surface,MISSING,Surface tag is recommended to assess accessibility
1109874881,way,surface,MISSING,Surface tag is recommended to assess accessibility
1109874885,way,surface,MISSING,Surface tag is recommended to assess accessibility
1109874887,way,surface,MISSING,Surface tag is recommended to assess accessibility
1109874888,way,surface,MISSING,Surface tag is recommended to assess accessibility
1109874890,way,surface,MISSING,Surface tag is recommended to assess accessibility
1109902319,way,surface,MISSING,Surface tag is recommended to assess accessibility
1109902321,way,surface,MISSING,Surface tag is recommended to assess accessibility
1109902322,way,surface,MISSING,Surface tag is recommended to assess accessibility
1109902324,way,surface,MISSING,Surface tag is recommended to assess accessibility
1109902325,way,surface,MISSING,Surface tag is recommended to assess accessibility
1109902327,way,surface,MISSING,Surface tag is recommended to assess accessibility
1109902328,way,surface,MISSING,Surface tag is recommended to assess accessibility
1109902330,way,surface,MISSING,Surface tag is recommended to assess accessibility
1109902331,way,surface,MISSING,Surface tag is recommended to assess accessibility
1109902333,way,surface,MISSING,Surface tag is recommended to assess accessibility
1109902334,way,surface,MISSING,Surface tag is recommended to assess accessibility
1109902336,way,surface,MISSING,Surface tag is recommended to assess accessibility
1109902337,way,surface,MISSING,Surface tag is recommended to assess accessibility
1109902339,way,surface,MISSING,Surface tag is recommended to assess accessibility
1109902340,way,surface,MISSING,Surface tag is recommended to assess accessibility
1109902342,way,surface,MISSING,Surface tag is recommended to assess accessibility
1109902343,way,surface,MISSING,Surface tag is recommended to assess accessibility
1109902345,way,surface,MISSING,Surface tag is recommended to assess accessibility
1109902346,way,surface,MISSING,Surface tag is recommended to assess accessibility
1109902348,way,surface,MISSING,Surface tag is recommended to assess accessibility
1110167634,way,surface,MISSING,Surface tag is recommended to assess accessibility
1110169194,way,surface,MISSING,Surface tag is recommended to assess accessibility
1110169198,way,surface,MISSING,Surface tag is recommended to assess accessibility
1110169199,way,surface,MISSING,Surface tag is recommended to assess accessibility
1110169201,way,surface,MISSING,Surface tag is recommended to assess accessibility
1110170337,way,surface,MISSING,Surface tag is recommended to assess accessibility
1110170340,way,surface,MISSING,Surface tag is recommended to assess accessibility
1110170342,way,surface,MISSING,Surface tag is recommended to assess accessibility
1110170343,way,surface,MISSING,Surface tag is recommended to assess accessibility
1110619404,way,surface,MISSING,Surface tag is recommended to assess accessibility
1110668730,way,surface,MISSING,Surface tag is recommended to assess accessibility
1110668731,way,surface,MISSING,Surface tag is recommended to assess accessibility
1110901898,way,surface,MISSING,Surface tag is recommended to assess accessibility
1110910253,way,surface,MISSING,Surface tag is recommended to assess accessibility
1110913570,way,surface,MISSING,Surface tag is recommended to assess accessibility
1110913572,way,surface,MISSING,Surface tag is recommended to assess accessibility
1110913573,way,surface,MISSING,Surface tag is recommended to assess accessibility
1111175186,way,surface,MISSING,Surface tag is recommended to assess accessibility
1111175187,way,surface,MISSING,Surface tag is recommended to assess accessibility
1111186244,way,surface,MISSING,Surface tag is recommended to assess accessibility
1111192670,way,surface,MISSING,Surface tag is recommended to assess accessibility
1111203647,way,surface,MISSING,Surface tag is recommended to assess accessibility
1111208310,way,surface,MISSING,Surface tag is recommended to assess accessibility
1111208311,way,surface,MISSING,Surface tag is recommended to assess accessibility
1111698620,way,surface,MISSING,Surface tag is recommended to assess accessibility
1111698625,way,surface,MISSING,Surface tag is recommended to assess accessibility
1111698633,way,surface,MISSING,Surface tag is recommended to assess accessibility
1111698637,way,surface,MISSING,Surface tag is recommended to assess accessibility
1111698639,way,surface,MISSING,Surface tag is recommended to assess accessibility
1111698641,way,surface,MISSING,Surface tag is recommended to assess accessibility
1111698655,way,surface,MISSING,Surface tag is recommended to assess accessibility
1111718246,way,surface,MISSING,Surface tag is recommended to assess accessibility
1111718248,way,surface,MISSING,Surface tag is recommended to assess accessibility
1111718250,way,surface,MISSING,Surface tag is recommended to assess accessibility
1111782894,way,surface,MISSING,Surface tag is recommended to assess accessibility
1111782899,way,surface,MISSING,Surface tag is recommended to assess accessibility
1111816963,way,surface,MISSING,Surface tag is recommended to assess accessibility
1111908062,way,surface,MISSING,Surface tag is recommended to assess accessibility
1111908070,way,surface,MISSING,Surface tag is recommended to assess accessibility
1111908077,way,surface,MISSING,Surface tag is recommended to assess accessibility
1111908081,way,surface,MISSING,Surface tag is recommended to assess accessibility
1111908083,way,surface,MISSING,Surface tag is recommended to assess accessibility
1111908624,way,surface,MISSING,Surface tag is recommended to assess accessibility
1111908625,way,surface,MISSING,Surface tag is recommended to assess accessibility
1111908626,way,surface,MISSING,Surface tag is recommended to assess accessibility
1111908627,way,surface,MISSING,Surface tag is recommended to assess accessibility
1111908628,way,surface,MISSING,Surface tag is recommended to assess accessibility
1111908629,way,surface,MISSING,Surface tag is recommended to assess accessibility
1111908630,way,surface,MISSING,Surface tag is recommended to assess accessibility
1111908982,way,surface,MISSING,Surface tag is recommended to assess accessibility
1111908983,way,surface,MISSING,Surface tag is recommended to assess accessibility
1111908985,way,surface,MISSING,Surface tag is recommended to assess accessibility
1112264665,way,surface,MISSING,Surface tag is recommended to assess accessibility
1112651134,way,surface,MISSING,Surface tag is recommended to assess accessibility
1112651137,way,surface,MISSING,Surface tag is recommended to assess accessibility
1112651143,way,surface,MISSING,Surface tag is recommended to assess accessibility
1112651144,way,surface,MISSING,Surface tag is recommended to assess accessibility
1112651147,way,surface,MISSING,Surface tag is recommended to assess accessibility
1112651165,way,surface,MISSING,Surface tag is recommended to assess accessibility
1112654762,way,surface,MISSING,Surface tag is recommended to assess accessibility
1112654766,way,surface,MISSING,Surface tag is recommended to assess accessibility
1112654774,way,surface,MISSING,Surface tag is recommended to assess accessibility
1112654776,way,surface,MISSING,Surface tag is recommended to assess accessibility
1115131629,way,surface,MISSING,Surface tag is recommended to assess accessibility
1115131630,way,surface,MISSING,Surface tag is recommended to assess accessibility
1115131632,way,surface,MISSING,Surface tag is recommended to assess accessibility
1115131635,way,surface,MISSING,Surface tag is recommended to assess accessibility
1115131636,way,surface,MISSING,Surface tag is recommended to assess accessibility
1115131643,way,surface,MISSING,Surface tag is recommended to assess accessibility
1115131647,way,surface,MISSING,Surface tag is recommended to assess accessibility
1115133109,way,surface,MISSING,Surface tag is recommended to assess accessibility
1115133110,way,surface,MISSING,Surface tag is recommended to assess accessibility
1115133118,way,surface,MISSING,Surface tag is recommended to assess accessibility
1115133120,way,surface,MISSING,Surface tag is recommended to assess accessibility
1115411802,way,surface,MISSING,Surface tag is recommended to assess accessibility
1115411804,way,surface,MISSING,Surface tag is recommended to assess accessibility
1115411805,way,surface,MISSING,Surface tag is recommended to assess accessibility
1115411807,way,surface,MISSING,Surface tag is recommended to assess accessibility
1115411809,way,surface,MISSING,Surface tag is recommended to assess accessibility
1115411811,way,surface,MISSING,Surface tag is recommended to assess accessibility
1115411813,way,surface,MISSING,Surface tag is recommended to assess accessibility
1115793106,way,surface,MISSING,Surface tag is recommended to assess accessibility
1115793113,way,surface,MISSING,Surface tag is recommended to assess accessibility
1115867619,way,surface,MISSING,Surface tag is recommended to assess accessibility
1115867620,way,surface,MISSING,Surface tag is recommended to assess accessibility
1115867621,way,surface,MISSING,Surface tag is recommended to assess accessibility
1115893467,way,surface,MISSING,Surface tag is recommended to assess accessibility
1115921579,way,surface,MISSING,Surface tag is recommended to assess accessibility
1117966389,way,surface,MISSING,Surface tag is recommended to assess accessibility
1118195695,way,surface,MISSING,Surface tag is recommended to assess accessibility
1118195696,way,surface,MISSING,Surface tag is recommended to assess accessibility
1118195697,way,surface,MISSING,Surface tag is recommended to assess accessibility
1118195698,way,surface,MISSING,Surface tag is recommended to assess accessibility
1118195699,way,surface,MISSING,Surface tag is recommended to assess accessibility
1118195701,way,surface,MISSING,Surface tag is recommended to assess accessibility
1118195703,way,surface,MISSING,Surface tag is recommended to assess accessibility
1118195704,way,surface,MISSING,Surface tag is recommended to assess accessibility
1118195706,way,surface,MISSING,Surface tag is recommended to assess accessibility
1118197413,way,surface,MISSING,Surface tag is recommended to assess accessibility
1118199051,way,surface,MISSING,Surface tag is recommended to assess accessibility
1118199052,way,surface,MISSING,Surface tag is recommended to assess accessibility
1118199053,way,surface,MISSING,Surface tag is recommended to assess accessibility
1118199054,way,surface,MISSING,Surface tag is recommended to assess accessibility
1118199055,way,surface,MISSING,Surface tag is recommended to assess accessibility
1118199056,way,surface,MISSING,Surface tag is recommended to assess accessibility
1118222529,way,surface,MISSING,Surface tag is recommended to assess accessibility
1118810503,way,surface,MISSING,Surface tag is recommended to assess accessibility
1118810513,way,surface,MISSING,Surface tag is recommended to assess accessibility
1118810514,way,surface,MISSING,Surface tag is recommended to assess accessibility
1118957258,way,surface,MISSING,Surface tag is recommended to assess accessibility
1119096786,way,surface,MISSING,Surface tag is recommended to assess accessibility
1119096787,way,surface,MISSING,Surface tag is recommended to assess accessibility
1119271650,way,surface,MISSING,Surface tag is recommended to assess accessibility
1119271652,way,surface,MISSING,Surface tag is recommended to assess accessibility
1119998516,way,surface,MISSING,Surface tag is recommended to assess accessibility
1119998517,way,surface,MISSING,Surface tag is recommended to assess accessibility
1119998518,way,surface,MISSING,Surface tag is recommended to assess accessibility
1119998523,way,surface,MISSING,Surface tag is recommended to assess accessibility
1120235436,way,surface,MISSING,Surface tag is recommended to assess accessibility
1120235439,way,surface,MISSING,Surface tag is recommended to assess accessibility
1120235441,way,surface,MISSING,Surface tag is recommended to assess accessibility
1120235734,way,surface,MISSING,Surface tag is recommended to assess accessibility
1120235735,way,surface,MISSING,Surface tag is recommended to assess accessibility
1120235738,way,surface,MISSING,Surface tag is recommended to assess accessibility
1120235740,way,surface,MISSING,Surface tag is recommended to assess accessibility
1120235879,way,surface,MISSING,Surface tag is recommended to assess accessibility
1120235880,way,surface,MISSING,Surface tag is recommended to assess accessibility
1120235881,way,surface,MISSING,Surface tag is recommended to assess accessibility
1120255208,way,surface,MISSING,Surface tag is recommended to assess accessibility
1120255210,way,surface,MISSING,Surface tag is recommended to assess accessibility
1120255212,way,surface,MISSING,Surface tag is recommended to assess accessibility
1120255214,way,surface,MISSING,Surface tag is recommended to assess accessibility
1120255216,way,surface,MISSING,Surface tag is recommended to assess accessibility
1120255217,way,surface,MISSING,Surface tag is recommended to assess accessibility
1120255855,way,surface,MISSING,Surface tag is recommended to assess accessibility
1120255857,way,surface,MISSING,Surface tag is recommended to assess accessibility
1120255858,way,surface,MISSING,Surface tag is recommended to assess accessibility
1120255859,way,surface,MISSING,Surface tag is recommended to assess accessibility
1120255862,way,surface,MISSING,Surface tag is recommended to assess accessibility
1120255863,way,surface,MISSING,Surface tag is recommended to assess accessibility
1120255868,way,surface,MISSING,Surface tag is recommended to assess accessibility
1120255871,way,surface,MISSING,Surface tag is recommended to assess accessibility
1120255873,way,surface,MISSING,Surface tag is recommended to assess accessibility
1120255874,way,surface,MISSING,Surface tag is recommended to assess accessibility
1120255875,way,surface,MISSING,Surface tag is recommended to assess accessibility
1120258762,way,surface,MISSING,Surface tag is recommended to assess accessibility
1120258765,way,surface,MISSING,Surface tag is recommended to assess accessibility
1120258768,way,surface,MISSING,Surface tag is recommended to assess accessibility
1120258769,way,surface,MISSING,Surface tag is recommended to assess accessibility
1120258773,way,surface,MISSING,Surface tag is recommended to assess accessibility
1120258775,way,surface,MISSING,Surface tag is recommended to assess accessibility
1120258776,way,surface,MISSING,Surface tag is recommended to assess accessibility
1120258777,way,surface,MISSING,Surface tag is recommended to assess accessibility
1120258779,way,surface,MISSING,Surface tag is recommended to assess accessibility
1120258781,way,surface,MISSING,Surface tag is recommended to assess accessibility
1120712751,way,surface,MISSING,Surface tag is recommended to assess accessibility
1120712754,way,surface,MISSING,Surface tag is recommended to assess accessibility
1121520266,way,surface,MISSING,Surface tag is recommended to assess accessibility
1121542582,way,surface,MISSING,Surface tag is recommended to assess accessibility
1121542584,way,surface,MISSING,Surface tag is recommended to assess accessibility
1121542587,way,surface,MISSING,Surface tag is recommended to assess accessibility
1121542591,way,surface,MISSING,Surface tag is recommended to assess accessibility
1121542594,way,surface,MISSING,Surface tag is recommended to assess accessibility
1121554580,way,surface,MISSING,Surface tag is recommended to assess accessibility
1121554585,way,surface,MISSING,Surface tag is recommended to assess accessibility
1121554588,way,surface,MISSING,Surface tag is recommended to assess accessibility
1121554589,way,surface,MISSING,Surface tag is recommended to assess accessibility
1121554591,way,surface,MISSING,Surface tag is recommended to assess accessibility
1121554596,way,surface,MISSING,Surface tag is recommended to assess accessibility
1121554597,way,surface,MISSING,Surface tag is recommended to assess accessibility
1121554599,way,surface,MISSING,Surface tag is recommended to assess accessibility
1121554601,way,surface,MISSING,Surface tag is recommended to assess accessibility
1121554603,way,surface,MISSING,Surface tag is recommended to assess accessibility
1121554607,way,surface,MISSING,Surface tag is recommended to assess accessibility
1121554609,way,surface,MISSING,Surface tag is recommended to assess accessibility
1121554610,way,surface,MISSING,Surface tag is recommended to assess accessibility
1121584378,way,surface,MISSING,Surface tag is recommended to assess accessibility
1121584385,way,surface,MISSING,Surface tag is recommended to assess accessibility
1121912754,way,surface,MISSING,Surface tag is recommended to assess accessibility
1121935021,way,surface,MISSING,Surface tag is recommended to assess accessibility
1122160891,way,surface,MISSING,Surface tag is recommended to assess accessibility
1122160893,way,surface,MISSING,Surface tag is recommended to assess accessibility
1122169923,way,surface,MISSING,Surface tag is recommended to assess accessibility
1122174177,way,surface,MISSING,Surface tag is recommended to assess accessibility
1122191701,way,surface,MISSING,Surface tag is recommended to assess accessibility
1122219559,way,surface,MISSING,Surface tag is recommended to assess accessibility
1122219566,way,surface,MISSING,Surface tag is recommended to assess accessibility
1122219573,way,surface,MISSING,Surface tag is recommended to assess accessibility
1122219577,way,surface,MISSING,Surface tag is recommended to assess accessibility
1122512848,way,surface,MISSING,Surface tag is recommended to assess accessibility
1122512849,way,surface,MISSING,Surface tag is recommended to assess accessibility
1122524116,way,surface,MISSING,Surface tag is recommended to assess accessibility
1122524118,way,surface,MISSING,Surface tag is recommended to assess accessibility
1122524119,way,surface,MISSING,Surface tag is recommended to assess accessibility
1122524729,way,surface,MISSING,Surface tag is recommended to assess accessibility
1122524730,way,surface,MISSING,Surface tag is recommended to assess accessibility
1122524974,way,surface,MISSING,Surface tag is recommended to assess accessibility
1122524978,way,surface,MISSING,Surface tag is recommended to assess accessibility
1122524979,way,surface,MISSING,Surface tag is recommended to assess accessibility
1122524980,way,surface,MISSING,Surface tag is recommended to assess accessibility
1122525357,way,surface,MISSING,Surface tag is recommended to assess accessibility
1122525743,way,surface,MISSING,Surface tag is recommended to assess accessibility
1122525744,way,surface,MISSING,Surface tag is recommended to assess accessibility
1122525745,way,surface,MISSING,Surface tag is recommended to assess accessibility
1122525746,way,surface,MISSING,Surface tag is recommended to assess accessibility
1122525979,way,surface,MISSING,Surface tag is recommended to assess accessibility
1122525980,way,surface,MISSING,Surface tag is recommended to assess accessibility
1122525981,way,surface,MISSING,Surface tag is recommended to assess accessibility
1122525982,way,surface,MISSING,Surface tag is recommended to assess accessibility
1122528964,way,surface,MISSING,Surface tag is recommended to assess accessibility
1123489161,way,surface,MISSING,Surface tag is recommended to assess accessibility
1123489171,way,surface,MISSING,Surface tag is recommended to assess accessibility
1123489182,way,surface,MISSING,Surface tag is recommended to assess accessibility
1123489183,way,surface,MISSING,Surface tag is recommended to assess accessibility
1123489184,way,surface,MISSING,Surface tag is recommended to assess accessibility
1123489191,way,surface,MISSING,Surface tag is recommended to assess accessibility
1123489198,way,surface,MISSING,Surface tag is recommended to assess accessibility
1123489201,way,surface,MISSING,Surface tag is recommended to assess accessibility
1123489202,way,surface,MISSING,Surface tag is recommended to assess accessibility
1123507048,way,surface,MISSING,Surface tag is recommended to assess accessibility
1123507049,way,surface,MISSING,Surface tag is recommended to assess accessibility
1124017763,way,surface,MISSING,Surface tag is recommended to assess accessibility
1124028915,way,surface,MISSING,Surface tag is recommended to assess accessibility
1124028916,way,surface,MISSING,Surface tag is recommended to assess accessibility
1124028917,way,surface,MISSING,Surface tag is recommended to assess accessibility
1124028918,way,surface,MISSING,Surface tag is recommended to assess accessibility
1124028921,way,surface,MISSING,Surface tag is recommended to assess accessibility
1124028923,way,surface,MISSING,Surface tag is recommended to assess accessibility
1124028927,way,surface,MISSING,Surface tag is recommended to assess accessibility
1124028931,way,surface,MISSING,Surface tag is recommended to assess accessibility
1124028934,way,surface,MISSING,Surface tag is recommended to assess accessibility
1124032719,way,surface,MISSING,Surface tag is recommended to assess accessibility
1124032720,way,surface,MISSING,Surface tag is recommended to assess accessibility
1124032721,way,surface,MISSING,Surface tag is recommended to assess accessibility
1124032722,way,surface,MISSING,Surface tag is recommended to assess accessibility
1124032723,way,surface,MISSING,Surface tag is recommended to assess accessibility
1124032724,way,surface,MISSING,Surface tag is recommended to assess accessibility
1124032725,way,surface,MISSING,Surface tag is recommended to assess accessibility
1124032726,way,surface,MISSING,Surface tag is recommended to assess accessibility
1124032727,way,surface,MISSING,Surface tag is recommended to assess accessibility
1124032728,way,surface,MISSING,Surface tag is recommended to assess accessibility
1124032729,way,surface,MISSING,Surface tag is recommended to assess accessibility
1124032730,way,surface,MISSING,Surface tag is recommended to assess accessibility
1124309918,way,surface,MISSING,Surface tag is recommended to assess accessibility
1124309919,way,surface,MISSING,Surface tag is recommended to assess accessibility
1124309920,way,surface,MISSING,Surface tag is recommended to assess accessibility
1124309921,way,surface,MISSING,Surface tag is recommended to assess accessibility
1124309924,way,surface,MISSING,Surface tag is recommended to assess accessibility
1124309926,way,surface,MISSING,Surface tag is recommended to assess accessibility
1124309928,way,surface,MISSING,Surface tag is recommended to assess accessibility
1124317780,way,surface,MISSING,Surface tag is recommended to assess accessibility
1124317781,way,surface,MISSING,Surface tag is recommended to assess accessibility
1124317783,way,surface,MISSING,Surface tag is recommended to assess accessibility
1124324488,way,surface,MISSING,Surface tag is recommended to assess accessibility
1124324490,way,surface,MISSING,Surface tag is recommended to assess accessibility
1124324491,way,surface,MISSING,Surface tag is recommended to assess accessibility
1124324492,way,surface,MISSING,Surface tag is recommended to assess accessibility
1124324493,way,surface,MISSING,Surface tag is recommended to assess accessibility
1125077259,way,surface,MISSING,Surface tag is recommended to assess accessibility
1125077260,way,surface,MISSING,Surface tag is recommended to assess accessibility
1125111986,way,surface,MISSING,Surface tag is recommended to assess accessibility
1125111989,way,surface,MISSING,Surface tag is recommended to assess accessibility
1125111990,way,surface,MISSING,Surface tag is recommended to assess accessibility
1125111992,way,surface,MISSING,Surface tag is recommended to assess accessibility
1125111995,way,surface,MISSING,Surface tag is recommended to assess accessibility
1125111998,way,surface,MISSING,Surface tag is recommended to assess accessibility
1125111999,way,surface,MISSING,Surface tag is recommended to assess accessibility
1125527498,way,surface,MISSING,Surface tag is recommended to assess accessibility
1125527499,way,surface,MISSING,Surface tag is recommended to assess accessibility
1125527500,way,surface,MISSING,Surface tag is recommended to assess accessibility
1125527501,way,surface,MISSING,Surface tag is recommended to assess accessibility
1125527510,way,surface,MISSING,Surface tag is recommended to assess accessibility
1125527511,way,surface,MISSING,Surface tag is recommended to assess accessibility
1125527512,way,surface,MISSING,Surface tag is recommended to assess accessibility
1125530242,way,surface,MISSING,Surface tag is recommended to assess accessibility
1125530243,way,surface,MISSING,Surface tag is recommended to assess accessibility
1125530245,way,surface,MISSING,Surface tag is recommended to assess accessibility
1125530246,way,surface,MISSING,Surface tag is recommended to assess accessibility
1125530256,way,surface,MISSING,Surface tag is recommended to assess accessibility
1125530257,way,surface,MISSING,Surface tag is recommended to assess accessibility
1125530258,way,surface,MISSING,Surface tag is recommended to assess accessibility
1125530266,way,surface,MISSING,Surface tag is recommended to assess accessibility
1125530267,way,surface,MISSING,Surface tag is recommended to assess accessibility
1125533122,way,surface,MISSING,Surface tag is recommended to assess accessibility
1125533123,way,surface,MISSING,Surface tag is recommended to assess accessibility
1125533124,way,surface,MISSING,Surface tag is recommended to assess accessibility
1125533125,way,surface,MISSING,Surface tag is recommended to assess accessibility
1125533126,way,surface,MISSING,Surface tag is recommended to assess accessibility
1125754608,way,surface,MISSING,Surface tag is recommended to assess accessibility
1125773807,way,surface,MISSING,Surface tag is recommended to assess accessibility
1125773809,way,surface,MISSING,Surface tag is recommended to assess accessibility
1125773811,way,surface,MISSING,Surface tag is recommended to assess accessibility
1125773814,way,surface,MISSING,Surface tag is recommended to assess accessibility
1125773815,way,surface,MISSING,Surface tag is recommended to assess accessibility
1125773818,way,surface,MISSING,Surface tag is recommended to assess accessibility
1125773819,way,surface,MISSING,Surface tag is recommended to assess accessibility
1125773822,way,surface,MISSING,Surface tag is recommended to assess accessibility
1125778161,way,surface,MISSING,Surface tag is recommended to assess accessibility
1125778164,way,surface,MISSING,Surface tag is recommended to assess accessibility
1125778166,way,surface,MISSING,Surface tag is recommended to assess accessibility
1125778167,way,surface,MISSING,Surface tag is recommended to assess accessibility
1125778311,way,surface,MISSING,Surface tag is recommended to assess accessibility
1125778313,way,surface,MISSING,Surface tag is recommended to assess accessibility
1125778315,way,surface,MISSING,Surface tag is recommended to assess accessibility
1125778316,way,surface,MISSING,Surface tag is recommended to assess accessibility
1125778318,way,surface,MISSING,Surface tag is recommended to assess accessibility
1125778321,way,surface,MISSING,Surface tag is recommended to assess accessibility
1125778322,way,surface,MISSING,Surface tag is recommended to assess accessibility
1127375787,way,surface,MISSING,Surface tag is recommended to assess accessibility
1127375788,way,surface,MISSING,Surface tag is recommended to assess accessibility
1127375790,way,surface,MISSING,Surface tag is recommended to assess accessibility
1127375792,way,surface,MISSING,Surface tag is recommended to assess accessibility
1127375795,way,surface,MISSING,Surface tag is recommended to assess accessibility
1127375797,way,surface,MISSING,Surface tag is recommended to assess accessibility
1127375799,way,surface,MISSING,Surface tag is recommended to assess accessibility
1127378947,way,surface,MISSING,Surface tag is recommended to assess accessibility
1127378952,way,surface,MISSING,Surface tag is recommended to assess accessibility
1127378958,way,surface,MISSING,Surface tag is recommended to assess accessibility
1127378960,way,surface,MISSING,Surface tag is recommended to assess accessibility
1127378963,way,surface,MISSING,Surface tag is recommended to assess accessibility
1127378965,way,surface,MISSING,Surface tag is recommended to assess accessibility
1127378968,way,surface,MISSING,Surface tag is recommended to assess accessibility
1127378970,way,surface,MISSING,Surface tag is recommended to assess accessibility
1127378971,way,surface,MISSING,Surface tag is recommended to assess accessibility
1127378972,way,surface,MISSING,Surface tag is recommended to assess accessibility
1127378974,way,surface,MISSING,Surface tag is recommended to assess accessibility
1127380488,way,surface,MISSING,Surface tag is recommended to assess accessibility
1127924924,way,surface,MISSING,Surface tag is recommended to assess accessibility
1127924932,way,surface,MISSING,Surface tag is recommended to assess accessibility
1127924934,way,surface,MISSING,Surface tag is recommended to assess accessibility
1127924936,way,surface,MISSING,Surface tag is recommended to assess accessibility
1127924938,way,surface,MISSING,Surface tag is recommended to assess accessibility
1127924940,way,surface,MISSING,Surface tag is recommended to assess accessibility
1127924949,way,surface,MISSING,Surface tag is recommended to assess accessibility
1127924956,way,surface,MISSING,Surface tag is recommended to assess accessibility
1127929765,way,surface,MISSING,Surface tag is recommended to assess accessibility
1127929766,way,surface,MISSING,Surface tag is recommended to assess accessibility
1127929774,way,surface,MISSING,Surface tag is recommended to assess accessibility
1127929775,way,surface,MISSING,Surface tag is recommended to assess accessibility
1127929776,way,surface,MISSING,Surface tag is recommended to assess accessibility
1127929777,way,surface,MISSING,Surface tag is recommended to assess accessibility
1127929778,way,surface,MISSING,Surface tag is recommended to assess accessibility
1127929779,way,surface,MISSING,Surface tag is recommended to assess accessibility
1127929780,way,surface,MISSING,Surface tag is recommended to assess accessibility
1127929781,way,surface,MISSING,Surface tag is recommended to assess accessibility
1127929782,way,surface,MISSING,Surface tag is recommended to assess accessibility
1127929784,way,surface,MISSING,Surface tag is recommended to assess accessibility
1127929785,way,surface,MISSING,Surface tag is recommended to assess accessibility
1127929786,way,surface,MISSING,Surface tag is recommended to assess accessibility
1127929787,way,surface,MISSING,Surface tag is recommended to assess accessibility
1127929788,way,surface,MISSING,Surface tag is recommended to assess accessibility
1127929789,way,surface,MISSING,Surface tag is recommended to assess accessibility
1127929827,way,surface,MISSING,Surface tag is recommended to assess accessibility
1127929852,way,surface,MISSING,Surface tag is recommended to assess accessibility
1130102584,way,surface,MISSING,Surface tag is recommended to assess accessibility
1130102586,way,surface,MISSING,Surface tag is recommended to assess accessibility
1130761540,way,surface,MISSING,Surface tag is recommended to assess accessibility
1130761790,way,surface,MISSING,Surface tag is recommended to assess accessibility
1130761792,way,surface,MISSING,Surface tag is recommended to assess accessibility
1130761794,way,surface,MISSING,Surface tag is recommended to assess accessibility
1130761795,way,surface,MISSING,Surface tag is recommended to assess accessibility
1130764707,way,surface,MISSING,Surface tag is recommended to assess accessibility
1130764709,way,surface,MISSING,Surface tag is recommended to assess accessibility
1130764712,way,surface,MISSING,Surface tag is recommended to assess accessibility
1130764713,way,surface,MISSING,Surface tag is recommended to assess accessibility
1130764715,way,surface,MISSING,Surface tag is recommended to assess accessibility
1130764718,way,surface,MISSING,Surface tag is recommended to assess accessibility
1130765812,way,surface,MISSING,Surface tag is recommended to assess accessibility
1130765829,way,surface,MISSING,Surface tag is recommended to assess accessibility
1130765830,way,surface,MISSING,Surface tag is recommended to assess accessibility
1130766398,way,surface,MISSING,Surface tag is recommended to assess accessibility
1130766400,way,surface,MISSING,Surface tag is recommended to assess accessibility
1130766401,way,surface,MISSING,Surface tag is recommended to assess accessibility
1130766403,way,surface,MISSING,Surface tag is recommended to assess accessibility
1130766404,way,surface,MISSING,Surface tag is recommended to assess accessibility
1130766406,way,surface,MISSING,Surface tag is recommended to assess accessibility
1130766408,way,surface,MISSING,Surface tag is recommended to assess accessibility
1130768653,way,surface,MISSING,Surface tag is recommended to assess accessibility
1130773010,way,surface,MISSING,Surface tag is recommended to assess accessibility
1130829428,way,surface,MISSING,Surface tag is recommended to assess accessibility
1130829430,way,surface,MISSING,Surface tag is recommended to assess accessibility
1130829432,way,surface,MISSING,Surface tag is recommended to assess accessibility
1130829434,way,surface,MISSING,Surface tag is recommended to assess accessibility
1130829435,way,surface,MISSING,Surface tag is recommended to assess accessibility
1130829438,way,surface,MISSING,Surface tag is recommended to assess accessibility
1130829440,way,surface,MISSING,Surface tag is recommended to assess accessibility
1130829442,way,surface,MISSING,Surface tag is recommended to assess accessibility
1130829443,way,surface,MISSING,Surface tag is recommended to assess accessibility
1131830630,way,surface,MISSING,Surface tag is recommended to assess accessibility
1131855242,way,surface,MISSING,Surface tag is recommended to assess accessibility
1131855245,way,surface,MISSING,Surface tag is recommended to assess accessibility
1131855249,way,surface,MISSING,Surface tag is recommended to assess accessibility
1131855250,way,surface,MISSING,Surface tag is recommended to assess accessibility
1133614384,way,surface,MISSING,Surface tag is recommended to assess accessibility
1133614385,way,surface,MISSING,Surface tag is recommended to assess accessibility
1135817348,way,surface,MISSING,Surface tag is recommended to assess accessibility
1135817350,way,surface,MISSING,Surface tag is recommended to assess accessibility
1135817352,way,surface,MISSING,Surface tag is recommended to assess accessibility
1135824104,way,surface,MISSING,Surface tag is recommended to assess accessibility
1135824105,way,surface,MISSING,Surface tag is recommended to assess accessibility
1135824106,way,surface,MISSING,Surface tag is recommended to assess accessibility
1135824107,way,surface,MISSING,Surface tag is recommended to assess accessibility
1135849759,way,surface,MISSING,Surface tag is recommended to assess accessibility
1135849763,way,surface,MISSING,Surface tag is recommended to assess accessibility
1135849765,way,surface,MISSING,Surface tag is recommended to assess accessibility
1135849766,way,surface,MISSING,Surface tag is recommended to assess accessibility
1135850275,way,surface,MISSING,Surface tag is recommended to assess accessibility
1136103224,way,surface,MISSING,Surface tag is recommended to assess accessibility
1136103226,way,surface,MISSING,Surface tag is recommended to assess accessibility
1136103229,way,surface,MISSING,Surface tag is recommended to assess accessibility
1136103230,way,surface,MISSING,Surface tag is recommended to assess accessibility
1136103233,way,surface,MISSING,Surface tag is recommended to assess accessibility
1136103235,way,surface,MISSING,Surface tag is recommended to assess accessibility
1136103237,way,surface,MISSING,Surface tag is recommended to assess accessibility
1136103238,way,surface,MISSING,Surface tag is recommended to assess accessibility
1136103239,way,surface,MISSING,Surface tag is recommended to assess accessibility
1136104594,way,surface,MISSING,Surface tag is recommended to assess accessibility
1136104595,way,surface,MISSING,Surface tag is recommended to assess accessibility
1136104596,way,surface,MISSING,Surface tag is recommended to assess accessibility
1136104598,way,surface,MISSING,Surface tag is recommended to assess accessibility
1136858966,way,surface,MISSING,Surface tag is recommended to assess accessibility
1136899027,way,surface,MISSING,Surface tag is recommended to assess accessibility
1136899030,way,surface,MISSING,Surface tag is recommended to assess accessibility
1136899035,way,surface,MISSING,Surface tag is recommended to assess accessibility
1136899036,way,surface,MISSING,Surface tag is recommended to assess accessibility
1136904817,way,surface,MISSING,Surface tag is recommended to assess accessibility
1136905571,way,surface,MISSING,Surface tag is recommended to assess accessibility
1138582655,way,surface,MISSING,Surface tag is recommended to assess accessibility
1138582656,way,surface,MISSING,Surface tag is recommended to assess accessibility
1138582657,way,surface,MISSING,Surface tag is recommended to assess accessibility
1138582660,way,surface,MISSING,Surface tag is recommended to assess accessibility
1138582812,way,surface,MISSING,Surface tag is recommended to assess accessibility
1138582813,way,surface,MISSING,Surface tag is recommended to assess accessibility
1138582814,way,surface,MISSING,Surface tag is recommended to assess accessibility
1138584189,way,surface,MISSING,Surface tag is recommended to assess accessibility
1138584190,way,surface,MISSING,Surface tag is recommended to assess accessibility
1138584195,way,surface,MISSING,Surface tag is recommended to assess accessibility
1138585551,way,surface,MISSING,Surface tag is recommended to assess accessibility
1138588508,way,surface,MISSING,Surface tag is recommended to assess accessibility
1138588509,way,surface,MISSING,Surface tag is recommended to assess accessibility
1138588510,way,surface,MISSING,Surface tag is recommended to assess accessibility
1138588511,way,surface,MISSING,Surface tag is recommended to assess accessibility
1138588512,way,surface,MISSING,Surface tag is recommended to assess accessibility
1138589523,way,surface,MISSING,Surface tag is recommended to assess accessibility
1138589525,way,surface,MISSING,Surface tag is recommended to assess accessibility
1138592696,way,surface,MISSING,Surface tag is recommended to assess accessibility
1138592699,way,surface,MISSING,Surface tag is recommended to assess accessibility
1139076638,way,surface,MISSING,Surface tag is recommended to assess accessibility
1139076639,way,surface,MISSING,Surface tag is recommended to assess accessibility
1139078157,way,surface,MISSING,Surface tag is recommended to assess accessibility
1139078158,way,surface,MISSING,Surface tag is recommended to assess accessibility
1139078161,way,surface,MISSING,Surface tag is recommended to assess accessibility
1139078162,way,surface,MISSING,Surface tag is recommended to assess accessibility
1139078169,way,surface,MISSING,Surface tag is recommended to assess accessibility
1139078170,way,surface,MISSING,Surface tag is recommended to assess accessibility
1139080813,way,surface,MISSING,Surface tag is recommended to assess accessibility
1139080814,way,surface,MISSING,Surface tag is recommended to assess accessibility
1139080815,way,surface,MISSING,Surface tag is recommended to assess accessibility
1139080816,way,surface,MISSING,Surface tag is recommended to assess accessibility
1139080817,way,surface,MISSING,Surface tag is recommended to assess accessibility
1139080818,way,surface,MISSING,Surface tag is recommended to assess accessibility
1139080820,way,surface,MISSING,Surface tag is recommended to assess accessibility
1139080825,way,surface,MISSING,Surface tag is recommended to assess accessibility
1139080829,way,surface,MISSING,Surface tag is recommended to assess accessibility
1139080830,way,surface,MISSING,Surface tag is recommended to assess accessibility
1139080832,way,surface,MISSING,Surface tag is recommended to assess accessibility
1139080834,way,surface,MISSING,Surface tag is recommended to assess accessibility
1139084068,way,surface,MISSING,Surface tag is recommended to assess accessibility
1139084069,way,surface,MISSING,Surface tag is recommended to assess accessibility
1139084071,way,surface,MISSING,Surface tag is recommended to assess accessibility
1139084073,way,surface,MISSING,Surface tag is recommended to assess accessibility
1139084074,way,surface,MISSING,Surface tag is recommended to assess accessibility
1139084764,way,surface,MISSING,Surface tag is recommended to assess accessibility
1139084766,way,surface,MISSING,Surface tag is recommended to assess accessibility
1139084770,way,surface,MISSING,Surface tag is recommended to assess accessibility
1139084773,way,surface,MISSING,Surface tag is recommended to assess accessibility
1139084775,way,surface,MISSING,Surface tag is recommended to assess accessibility
1139084776,way,surface,MISSING,Surface tag is recommended to assess accessibility
1139084777,way,surface,MISSING,Surface tag is recommended to assess accessibility
1139084778,way,surface,MISSING,Surface tag is recommended to assess accessibility
1139084941,way,surface,MISSING,Surface tag is recommended to assess accessibility
1139084948,way,surface,MISSING,Surface tag is recommended to assess accessibility
1144549625,way,surface,MISSING,Surface tag is recommended to assess accessibility
1144549627,way,surface,MISSING,Surface tag is recommended to assess accessibility
1144549637,way,surface,MISSING,Surface tag is recommended to assess accessibility
1144549638,way,surface,MISSING,Surface tag is recommended to assess accessibility
1144555769,way,surface,MISSING,Surface tag is recommended to assess accessibility
1144555770,way,surface,MISSING,Surface tag is recommended to assess accessibility
1144555774,way,surface,MISSING,Surface tag is recommended to assess accessibility
1144555778,way,surface,MISSING,Surface tag is recommended to assess accessibility
1144555780,way,surface,MISSING,Surface tag is recommended to assess accessibility
1144555795,way,surface,MISSING,Surface tag is recommended to assess accessibility
1144555796,way,surface,MISSING,Surface tag is recommended to assess accessibility
1144555797,way,surface,MISSING,Surface tag is recommended to assess accessibility
1144555798,way,surface,MISSING,Surface tag is recommended to assess accessibility
1146769693,way,surface,MISSING,Surface tag is recommended to assess accessibility
1146769696,way,surface,MISSING,Surface tag is recommended to assess accessibility
1146769697,way,surface,MISSING,Surface tag is recommended to assess accessibility
1146769698,way,surface,MISSING,Surface tag is recommended to assess accessibility
1146809275,way,surface,MISSING,Surface tag is recommended to assess accessibility
1146809276,way,surface,MISSING,Surface tag is recommended to assess accessibility
1146809277,way,surface,MISSING,Surface tag is recommended to assess accessibility
1146809278,way,surface,MISSING,Surface tag is recommended to assess accessibility
1146813875,way,surface,MISSING,Surface tag is recommended to assess accessibility
1147020789,way,surface,MISSING,Surface tag is recommended to assess accessibility
1147047286,way,surface,MISSING,Surface tag is recommended to assess accessibility
1147047287,way,surface,MISSING,Surface tag is recommended to assess accessibility
1147087766,way,surface,MISSING,Surface tag is recommended to assess accessibility
1147090789,way,surface,MISSING,Surface tag is recommended to assess accessibility
1148047812,way,surface,MISSING,Surface tag is recommended to assess accessibility
1148052918,way,surface,MISSING,Surface tag is recommended to assess accessibility
1148071731,way,surface,MISSING,Surface tag is recommended to assess accessibility
1148280708,way,surface,MISSING,Surface tag is recommended to assess accessibility
1148280709,way,surface,MISSING,Surface tag is recommended to assess accessibility
1148289279,way,surface,MISSING,Surface tag is recommended to assess accessibility
1148289281,way,surface,MISSING,Surface tag is recommended to assess accessibility
1148330883,way,surface,MISSING,Surface tag is recommended to assess accessibility
1148330884,way,surface,MISSING,Surface tag is recommended to assess accessibility
1148355944,way,surface,MISSING,Surface tag is recommended to assess accessibility
1148355996,way,surface,MISSING,Surface tag is recommended to assess accessibility
1148358834,way,surface,MISSING,Surface tag is recommended to assess accessibility
1148566625,way,surface,MISSING,Surface tag is recommended to assess accessibility
1148578291,way,surface,MISSING,Surface tag is recommended to assess accessibility
1148623009,way,surface,MISSING,Surface tag is recommended to assess accessibility
1148623014,way,surface,MISSING,Surface tag is recommended to assess accessibility
1148625737,way,surface,MISSING,Surface tag is recommended to assess accessibility
1148625738,way,surface,MISSING,Surface tag is recommended to assess accessibility
1148625739,way,surface,MISSING,Surface tag is recommended to assess accessibility
1148625740,way,surface,MISSING,Surface tag is recommended to assess accessibility
1148626238,way,surface,MISSING,Surface tag is recommended to assess accessibility
1148626239,way,surface,MISSING,Surface tag is recommended to assess accessibility
1148626240,way,surface,MISSING,Surface tag is recommended to assess accessibility
1148626241,way,surface,MISSING,Surface tag is recommended to assess accessibility
1148626242,way,surface,MISSING,Surface tag is recommended to assess accessibility
1148626243,way,surface,MISSING,Surface tag is recommended to assess accessibility
1148639915,way,surface,MISSING,Surface tag is recommended to assess accessibility
1148640033,way,surface,MISSING,Surface tag is recommended to assess accessibility
1148640034,way,surface,MISSING,Surface tag is recommended to assess accessibility
1148646926,way,surface,MISSING,Surface tag is recommended to assess accessibility
1148652695,way,surface,MISSING,Surface tag is recommended to assess accessibility
1148652698,way,surface,MISSING,Surface tag is recommended to assess accessibility
1148652699,way,surface,MISSING,Surface tag is recommended to assess accessibility
1148652700,way,surface,MISSING,Surface tag is recommended to assess accessibility
1148653809,way,surface,MISSING,Surface tag is recommended to assess accessibility
1148653810,way,surface,MISSING,Surface tag is recommended to assess accessibility
1148660753,way,surface,MISSING,Surface tag is recommended to assess accessibility
1148667697,way,surface,MISSING,Surface tag is recommended to assess accessibility
1148667698,way,surface,MISSING,Surface tag is recommended to assess accessibility
1148667699,way,surface,MISSING,Surface tag is recommended to assess accessibility
1148667700,way,surface,MISSING,Surface tag is recommended to assess accessibility
1148667701,way,surface,MISSING,Surface tag is recommended to assess accessibility
1148667702,way,surface,MISSING,Surface tag is recommended to assess accessibility
1148667703,way,surface,MISSING,Surface tag is recommended to assess accessibility
1148672568,way,surface,MISSING,Surface tag is recommended to assess accessibility
1148672569,way,surface,MISSING,Surface tag is recommended to assess accessibility
1148672570,way,surface,MISSING,Surface tag is recommended to assess accessibility
1148674165,way,surface,MISSING,Surface tag is recommended to assess accessibility
1148681447,way,surface,MISSING,Surface tag is recommended to assess accessibility
1148681449,way,surface,MISSING,Surface tag is recommended to assess accessibility
1148681960,way,surface,MISSING,Surface tag is recommended to assess accessibility
1148681961,way,surface,MISSING,Surface tag is recommended to assess accessibility
1148692770,way,surface,MISSING,Surface tag is recommended to assess accessibility
1148864121,way,surface,MISSING,Surface tag is recommended to assess accessibility
1148874726,way,surface,MISSING,Surface tag is recommended to assess accessibility
1148874727,way,surface,MISSING,Surface tag is recommended to assess accessibility
1148874802,way,surface,MISSING,Surface tag is recommended to assess accessibility
1148877862,way,surface,MISSING,Surface tag is recommended to assess accessibility
1148877864,way,surface,MISSING,Surface tag is recommended to assess accessibility
1148932390,way,surface,MISSING,Surface tag is recommended to assess accessibility
1148939024,way,surface,MISSING,Surface tag is recommended to assess accessibility
1148939026,way,surface,MISSING,Surface tag is recommended to assess accessibility
1148966001,way,surface,MISSING,Surface tag is recommended to assess accessibility
1148986833,way,surface,MISSING,Surface tag is recommended to assess accessibility
1149007673,way,surface,MISSING,Surface tag is recommended to assess accessibility
1149167971,way,surface,MISSING,Surface tag is recommended to assess accessibility
1149204919,way,surface,MISSING,Surface tag is recommended to assess accessibility
1149214703,way,surface,MISSING,Surface tag is recommended to assess accessibility
1149239319,way,surface,MISSING,Surface tag is recommended to assess accessibility
1149265638,way,surface,MISSING,Surface tag is recommended to assess accessibility
1149278422,way,surface,MISSING,Surface tag is recommended to assess accessibility
1149285065,way,surface,MISSING,Surface tag is recommended to assess accessibility
1149910494,way,surface,MISSING,Surface tag is recommended to assess accessibility
1149919270,way,surface,MISSING,Surface tag is recommended to assess accessibility
1149919271,way,surface,MISSING,Surface tag is recommended to assess accessibility
1149920432,way,surface,MISSING,Surface tag is recommended to assess accessibility
1149920434,way,surface,MISSING,Surface tag is recommended to assess accessibility
1149920437,way,surface,MISSING,Surface tag is recommended to assess accessibility
1149920929,way,surface,MISSING,Surface tag is recommended to assess accessibility
1149920931,way,surface,MISSING,Surface tag is recommended to assess accessibility
1149957005,way,surface,MISSING,Surface tag is recommended to assess accessibility
1149957008,way,surface,MISSING,Surface tag is recommended to assess accessibility
1149957009,way,surface,MISSING,Surface tag is recommended to assess accessibility
1149999304,way,surface,MISSING,Surface tag is recommended to assess accessibility
1150007046,way,surface,MISSING,Surface tag is recommended to assess accessibility
1150010092,way,surface,MISSING,Surface tag is recommended to assess accessibility
1150010097,way,surface,MISSING,Surface tag is recommended to assess accessibility
1150015344,way,surface,MISSING,Surface tag is recommended to assess accessibility
1150035578,way,surface,MISSING,Surface tag is recommended to assess accessibility
1150035579,way,surface,MISSING,Surface tag is recommended to assess accessibility
1150212600,way,surface,MISSING,Surface tag is recommended to assess accessibility
1150214822,way,surface,MISSING,Surface tag is recommended to assess accessibility
1150228066,way,surface,MISSING,Surface tag is recommended to assess accessibility
1150260388,way,surface,MISSING,Surface tag is recommended to assess accessibility
1150296371,way,surface,MISSING,Surface tag is recommended to assess accessibility
1150306261,way,surface,MISSING,Surface tag is recommended to assess accessibility
1150465646,way,surface,MISSING,Surface tag is recommended to assess accessibility
1150465647,way,surface,MISSING,Surface tag is recommended to assess accessibility
1150469325,way,surface,MISSING,Surface tag is recommended to assess accessibility
1150482767,way,surface,MISSING,Surface tag is recommended to assess accessibility
1150485331,way,surface,MISSING,Surface tag is recommended to assess accessibility
1150497031,way,surface,MISSING,Surface tag is recommended to assess accessibility
1150497032,way,surface,MISSING,Surface tag is recommended to assess accessibility
1150529021,way,surface,MISSING,Surface tag is recommended to assess accessibility
1150575073,way,surface,MISSING,Surface tag is recommended to assess accessibility
1150578753,way,surface,MISSING,Surface tag is recommended to assess accessibility
1150578754,way,surface,MISSING,Surface tag is recommended to assess accessibility
1150578755,way,surface,MISSING,Surface tag is recommended to assess accessibility
1150578756,way,surface,MISSING,Surface tag is recommended to assess accessibility
1150578757,way,surface,MISSING,Surface tag is recommended to assess accessibility
1150755073,way,surface,MISSING,Surface tag is recommended to assess accessibility
1150779158,way,surface,MISSING,Surface tag is recommended to assess accessibility
1150779160,way,surface,MISSING,Surface tag is recommended to assess accessibility
1150779162,way,surface,MISSING,Surface tag is recommended to assess accessibility
1150783767,way,surface,MISSING,Surface tag is recommended to assess accessibility
1150804925,way,surface,MISSING,Surface tag is recommended to assess accessibility
1150804926,way,surface,MISSING,Surface tag is recommended to assess accessibility
1150825129,way,surface,MISSING,Surface tag is recommended to assess accessibility
1150825130,way,surface,MISSING,Surface tag is recommended to assess accessibility
1150827452,way,surface,MISSING,Surface tag is recommended to assess accessibility
1150827454,way,surface,MISSING,Surface tag is recommended to assess accessibility
1150986107,way,surface,MISSING,Surface tag is recommended to assess accessibility
1151028432,way,surface,MISSING,Surface tag is recommended to assess accessibility
1151038390,way,surface,MISSING,Surface tag is recommended to assess accessibility
1151038391,way,surface,MISSING,Surface tag is recommended to assess accessibility
1151043271,way,surface,MISSING,Surface tag is recommended to assess accessibility
1151071209,way,surface,MISSING,Surface tag is recommended to assess accessibility
1151076303,way,surface,MISSING,Surface tag is recommended to assess accessibility
1151126642,way,surface,MISSING,Surface tag is recommended to assess accessibility
1151126643,way,surface,MISSING,Surface tag is recommended to assess accessibility
1151126647,way,surface,MISSING,Surface tag is recommended to assess accessibility
1151126649,way,surface,MISSING,Surface tag is recommended to assess accessibility
1152014838,way,surface,MISSING,Surface tag is recommended to assess accessibility
1152231667,way,surface,MISSING,Surface tag is recommended to assess accessibility
1152251443,way,surface,MISSING,Surface tag is recommended to assess accessibility
1152251444,way,surface,MISSING,Surface tag is recommended to assess accessibility
1152251445,way,surface,MISSING,Surface tag is recommended to assess accessibility
1152269380,way,surface,MISSING,Surface tag is recommended to assess accessibility
1152276729,way,surface,MISSING,Surface tag is recommended to assess accessibility
1152282662,way,surface,MISSING,Surface tag is recommended to assess accessibility
1152282664,way,surface,MISSING,Surface tag is recommended to assess accessibility
1152291040,way,surface,MISSING,Surface tag is recommended to assess accessibility
1152293233,way,surface,MISSING,Surface tag is recommended to assess accessibility
1152311676,way,surface,MISSING,Surface tag is recommended to assess accessibility
1152311677,way,surface,MISSING,Surface tag is recommended to assess accessibility
1152311678,way,surface,MISSING,Surface tag is recommended to assess accessibility
1152422009,way,surface,MISSING,Surface tag is recommended to assess accessibility
1152422010,way,surface,MISSING,Surface tag is recommended to assess accessibility
1152482142,way,surface,MISSING,Surface tag is recommended to assess accessibility
1152483394,way,surface,MISSING,Surface tag is recommended to assess accessibility
1152483395,way,surface,MISSING,Surface tag is recommended to assess accessibility
1152483396,way,surface,MISSING,Surface tag is recommended to assess accessibility
1152491801,way,surface,MISSING,Surface tag is recommended to assess accessibility
1152491802,way,surface,MISSING,Surface tag is recommended to assess accessibility
1152491803,way,surface,MISSING,Surface tag is recommended to assess accessibility
1152491804,way,surface,MISSING,Surface tag is recommended to assess accessibility
1152491805,way,surface,MISSING,Surface tag is recommended to assess accessibility
1152499299,way,surface,MISSING,Surface tag is recommended to assess accessibility
1152499300,way,surface,MISSING,Surface tag is recommended to assess accessibility
1152516209,way,surface,MISSING,Surface tag is recommended to assess accessibility
1152516210,way,surface,MISSING,Surface tag is recommended to assess accessibility
1152516211,way,surface,MISSING,Surface tag is recommended to assess accessibility
1152521185,way,surface,MISSING,Surface tag is recommended to assess accessibility
1152527125,way,surface,MISSING,Surface tag is recommended to assess accessibility
1152534682,way,surface,MISSING,Surface tag is recommended to assess accessibility
1152534684,way,surface,MISSING,Surface tag is recommended to assess accessibility
1152536679,way,surface,MISSING,Surface tag is recommended to assess accessibility
1152563001,way,surface,MISSING,Surface tag is recommended to assess accessibility
1152565525,way,surface,MISSING,Surface tag is recommended to assess accessibility
1152565526,way,surface,MISSING,Surface tag is recommended to assess accessibility
1152725986,way,surface,MISSING,Surface tag is recommended to assess accessibility
1152725989,way,surface,MISSING,Surface tag is recommended to assess accessibility
1152725990,way,surface,MISSING,Surface tag is recommended to assess accessibility
1152725993,way,surface,MISSING,Surface tag is recommended to assess accessibility
1152725994,way,surface,MISSING,Surface tag is recommended to assess accessibility
1152766440,way,surface,MISSING,Surface tag is recommended to assess accessibility
1152775347,way,surface,MISSING,Surface tag is recommended to assess accessibility
1152775348,way,surface,MISSING,Surface tag is recommended to assess accessibility
1152783455,way,surface,MISSING,Surface tag is recommended to assess accessibility
1152790101,way,surface,MISSING,Surface tag is recommended to assess accessibility
1152790102,way,surface,MISSING,Surface tag is recommended to assess accessibility
1152790103,way,surface,MISSING,Surface tag is recommended to assess accessibility
1152790104,way,surface,MISSING,Surface tag is recommended to assess accessibility
1152790105,way,surface,MISSING,Surface tag is recommended to assess accessibility
1152795368,way,surface,MISSING,Surface tag is recommended to assess accessibility
1152800600,way,surface,MISSING,Surface tag is recommended to assess accessibility
1152800603,way,surface,MISSING,Surface tag is recommended to assess accessibility
1152800604,way,surface,MISSING,Surface tag is recommended to assess accessibility
1152801365,way,surface,MISSING,Surface tag is recommended to assess accessibility
1152801366,way,surface,MISSING,Surface tag is recommended to assess accessibility
1152801367,way,surface,MISSING,Surface tag is recommended to assess accessibility
1152801368,way,surface,MISSING,Surface tag is recommended to assess accessibility
1152801534,way,surface,MISSING,Surface tag is recommended to assess accessibility
1152801538,way,surface,MISSING,Surface tag is recommended to assess accessibility
1152801539,way,surface,MISSING,Surface tag is recommended to assess accessibility
1152801542,way,surface,MISSING,Surface tag is recommended to assess accessibility
1152802193,way,surface,MISSING,Surface tag is recommended to assess accessibility
1152987013,way,surface,MISSING,Surface tag is recommended to assess accessibility
1152997650,way,surface,MISSING,Surface tag is recommended to assess accessibility
1152997651,way,surface,MISSING,Surface tag is recommended to assess accessibility
1152997652,way,surface,MISSING,Surface tag is recommended to assess accessibility
1152997653,way,surface,MISSING,Surface tag is recommended to assess accessibility
1152997654,way,surface,MISSING,Surface tag is recommended to assess accessibility
1152997655,way,surface,MISSING,Surface tag is recommended to assess accessibility
1152997656,way,surface,MISSING,Surface tag is recommended to assess accessibility
1152997659,way,surface,MISSING,Surface tag is recommended to assess accessibility
1152997660,way,surface,MISSING,Surface tag is recommended to assess accessibility
1153003952,way,surface,MISSING,Surface tag is recommended to assess accessibility
1153083030,way,surface,MISSING,Surface tag is recommended to assess accessibility
1153083031,way,surface,MISSING,Surface tag is recommended to assess accessibility
1153083032,way,surface,MISSING,Surface tag is recommended to assess accessibility
1153083033,way,surface,MISSING,Surface tag is recommended to assess accessibility
1153362324,way,surface,MISSING,Surface tag is recommended to assess accessibility
1153362325,way,surface,MISSING,Surface tag is recommended to assess accessibility
1153362327,way,surface,MISSING,Surface tag is recommended to assess accessibility
1153380295,way,surface,MISSING,Surface tag is recommended to assess accessibility
1154075697,way,surface,MISSING,Surface tag is recommended to assess accessibility
1154075698,way,surface,MISSING,Surface tag is recommended to assess accessibility
1154075699,way,surface,MISSING,Surface tag is recommended to assess accessibility
1154075700,way,surface,MISSING,Surface tag is recommended to assess accessibility
1154075701,way,surface,MISSING,Surface tag is recommended to assess accessibility
1154075705,way,surface,MISSING,Surface tag is recommended to assess accessibility
1154075708,way,surface,MISSING,Surface tag is recommended to assess accessibility
1154075709,way,surface,MISSING,Surface tag is recommended to assess accessibility
1154083358,way,surface,MISSING,Surface tag is recommended to assess accessibility
1154089780,way,surface,MISSING,Surface tag is recommended to assess accessibility
1154089783,way,surface,MISSING,Surface tag is recommended to assess accessibility
1154126593,way,surface,MISSING,Surface tag is recommended to assess accessibility
1154126594,way,surface,MISSING,Surface tag is recommended to assess accessibility
1154339211,way,surface,MISSING,Surface tag is recommended to assess accessibility
1154339212,way,surface,MISSING,Surface tag is recommended to assess accessibility
1154375086,way,surface,MISSING,Surface tag is recommended to assess accessibility
1154444800,way,surface,MISSING,Surface tag is recommended to assess accessibility
1154784100,way,surface,MISSING,Surface tag is recommended to assess accessibility
1154804107,way,surface,MISSING,Surface tag is recommended to assess accessibility
1154812419,way,surface,MISSING,Surface tag is recommended to assess accessibility
1154812420,way,surface,MISSING,Surface tag is recommended to assess accessibility
1154812421,way,surface,MISSING,Surface tag is recommended to assess accessibility
1155052133,way,surface,MISSING,Surface tag is recommended to assess accessibility
1155101324,way,surface,MISSING,Surface tag is recommended to assess accessibility
1155113584,way,surface,MISSING,Surface tag is recommended to assess accessibility
1155113586,way,surface,MISSING,Surface tag is recommended to assess accessibility
1155132941,way,surface,MISSING,Surface tag is recommended to assess accessibility
1155132943,way,surface,MISSING,Surface tag is recommended to assess accessibility
1155132944,way,surface,MISSING,Surface tag is recommended to assess accessibility
1155828497,way,surface,MISSING,Surface tag is recommended to assess accessibility
1155868376,way,surface,MISSING,Surface tag is recommended to assess accessibility
1155873427,way,surface,MISSING,Surface tag is recommended to assess accessibility
1155877394,way,surface,MISSING,Surface tag is recommended to assess accessibility
1155882345,way,surface,MISSING,Surface tag is recommended to assess accessibility
1155900745,way,surface,MISSING,Surface tag is recommended to assess accessibility
1155911261,way,surface,MISSING,Surface tag is recommended to assess accessibility
1155911333,way,surface,MISSING,Surface tag is recommended to assess accessibility
1155916020,way,surface,MISSING,Surface tag is recommended to assess accessibility
1156063029,way,surface,MISSING,Surface tag is recommended to assess accessibility
1156097757,way,surface,MISSING,Surface tag is recommended to assess accessibility
1156106286,way,surface,MISSING,Surface tag is recommended to assess accessibility
1156108179,way,surface,MISSING,Surface tag is recommended to assess accessibility
1156119840,way,surface,MISSING,Surface tag is recommended to assess accessibility
1156119841,way,surface,MISSING,Surface tag is recommended to assess accessibility
1156138596,way,surface,MISSING,Surface tag is recommended to assess accessibility
1156140875,way,surface,MISSING,Surface tag is recommended to assess accessibility
1156154597,way,surface,MISSING,Surface tag is recommended to assess accessibility
1156161934,way,surface,MISSING,Surface tag is recommended to assess accessibility
1156161935,way,surface,MISSING,Surface tag is recommended to assess accessibility
1156324615,way,surface,MISSING,Surface tag is recommended to assess accessibility
1156404279,way,surface,MISSING,Surface tag is recommended to assess accessibility
1156404281,way,surface,MISSING,Surface tag is recommended to assess accessibility
1156404283,way,surface,MISSING,Surface tag is recommended to assess accessibility
1156404285,way,surface,MISSING,Surface tag is recommended to assess accessibility
1156441489,way,surface,MISSING,Surface tag is recommended to assess accessibility
1156531054,way,surface,MISSING,Surface tag is recommended to assess accessibility
1156531057,way,surface,MISSING,Surface tag is recommended to assess accessibility
1156531059,way,surface,MISSING,Surface tag is recommended to assess accessibility
1156531061,way,surface,MISSING,Surface tag is recommended to assess accessibility
1156531062,way,surface,MISSING,Surface tag is recommended to assess accessibility
1156531063,way,surface,MISSING,Surface tag is recommended to assess accessibility
1156531066,way,surface,MISSING,Surface tag is recommended to assess accessibility
1156531067,way,surface,MISSING,Surface tag is recommended to assess accessibility
1156531071,way,surface,MISSING,Surface tag is recommended to assess accessibility
1156531072,way,surface,MISSING,Surface tag is recommended to assess accessibility
1156531079,way,surface,MISSING,Surface tag is recommended to assess accessibility
1156531080,way,surface,MISSING,Surface tag is recommended to assess accessibility
1156531081,way,surface,MISSING,Surface tag is recommended to assess accessibility
1156531082,way,surface,MISSING,Surface tag is recommended to assess accessibility
1156531090,way,surface,MISSING,Surface tag is recommended to assess accessibility
1156531091,way,surface,MISSING,Surface tag is recommended to assess accessibility
1156531093,way,surface,MISSING,Surface tag is recommended to assess accessibility
1156531094,way,surface,MISSING,Surface tag is recommended to assess accessibility
1156531096,way,surface,MISSING,Surface tag is recommended to assess accessibility
1156531097,way,surface,MISSING,Surface tag is recommended to assess accessibility
1156531104,way,surface,MISSING,Surface tag is recommended to assess accessibility
1156531105,way,surface,MISSING,Surface tag is recommended to assess accessibility
1156531106,way,surface,MISSING,Surface tag is recommended to assess accessibility
1156531107,way,surface,MISSING,Surface tag is recommended to assess accessibility
1156531108,way,surface,MISSING,Surface tag is recommended to assess accessibility
1156531109,way,surface,MISSING,Surface tag is recommended to assess accessibility
1156531110,way,surface,MISSING,Surface tag is recommended to assess accessibility
1156531111,way,surface,MISSING,Surface tag is recommended to assess accessibility
1156531113,way,surface,MISSING,Surface tag is recommended to assess accessibility
1156531114,way,surface,MISSING,Surface tag is recommended to assess accessibility
1156531118,way,surface,MISSING,Surface tag is recommended to assess accessibility
1156531119,way,surface,MISSING,Surface tag is recommended to assess accessibility
1156531120,way,surface,MISSING,Surface tag is recommended to assess accessibility
1156531121,way,surface,MISSING,Surface tag is recommended to assess accessibility
1156531122,way,surface,MISSING,Surface tag is recommended to assess accessibility
1156531123,way,surface,MISSING,Surface tag is recommended to assess accessibility
1156531124,way,surface,MISSING,Surface tag is recommended to assess accessibility
1156531125,way,surface,MISSING,Surface tag is recommended to assess accessibility
1156531126,way,surface,MISSING,Surface tag is recommended to assess accessibility
1156531127,way,surface,MISSING,Surface tag is recommended to assess accessibility
1156531128,way,surface,MISSING,Surface tag is recommended to assess accessibility
1156531130,way,surface,MISSING,Surface tag is recommended to assess accessibility
1156531132,way,surface,MISSING,Surface tag is recommended to assess accessibility
1156531135,way,surface,MISSING,Surface tag is recommended to assess accessibility
1156700163,way,surface,MISSING,Surface tag is recommended to assess accessibility
1156711588,way,surface,MISSING,Surface tag is recommended to assess accessibility
1156762512,way,surface,MISSING,Surface tag is recommended to assess accessibility
1156774697,way,surface,MISSING,Surface tag is recommended to assess accessibility
1156783488,way,surface,MISSING,Surface tag is recommended to assess accessibility
1156792604,way,surface,MISSING,Surface tag is recommended to assess accessibility
1156792605,way,surface,MISSING,Surface tag is recommended to assess accessibility
1156798318,way,surface,MISSING,Surface tag is recommended to assess accessibility
1156804559,way,surface,MISSING,Surface tag is recommended to assess accessibility
1156804560,way,surface,MISSING,Surface tag is recommended to assess accessibility
1156962828,way,surface,MISSING,Surface tag is recommended to assess accessibility
1156976252,way,surface,MISSING,Surface tag is recommended to assess accessibility
1157025212,way,surface,MISSING,Surface tag is recommended to assess accessibility
1157025215,way,surface,MISSING,Surface tag is recommended to assess accessibility
1157048561,way,surface,MISSING,Surface tag is recommended to assess accessibility
1157060732,way,surface,MISSING,Surface tag is recommended to assess accessibility
1157076829,way,surface,MISSING,Surface tag is recommended to assess accessibility
1157086548,way,surface,MISSING,Surface tag is recommended to assess accessibility
1157086550,way,surface,MISSING,Surface tag is recommended to assess accessibility
1157086551,way,surface,MISSING,Surface tag is recommended to assess accessibility
1157086553,way,surface,MISSING,Surface tag is recommended to assess accessibility
1157086557,way,surface,MISSING,Surface tag is recommended to assess accessibility
1157086564,way,surface,MISSING,Surface tag is recommended to assess accessibility
1157086565,way,surface,MISSING,Surface tag is recommended to assess accessibility
1157086566,way,surface,MISSING,Surface tag is recommended to assess accessibility
1157716466,way,surface,MISSING,Surface tag is recommended to assess accessibility
1157737741,way,surface,MISSING,Surface tag is recommended to assess accessibility
1157737744,way,surface,MISSING,Surface tag is recommended to assess accessibility
1157776553,way,surface,MISSING,Surface tag is recommended to assess accessibility
1157776555,way,surface,MISSING,Surface tag is recommended to assess accessibility
1159303711,way,surface,MISSING,Surface tag is recommended to assess accessibility
1159303712,way,surface,MISSING,Surface tag is recommended to assess accessibility
1159303722,way,surface,MISSING,Surface tag is recommended to assess accessibility
1159305241,way,surface,MISSING,Surface tag is recommended to assess accessibility
1159305242,way,surface,MISSING,Surface tag is recommended to assess accessibility
1159305248,way,surface,MISSING,Surface tag is recommended to assess accessibility
1159305249,way,surface,MISSING,Surface tag is recommended to assess accessibility
1159305612,way,surface,MISSING,Surface tag is recommended to assess accessibility
1159305615,way,surface,MISSING,Surface tag is recommended to assess accessibility
1159308723,way,surface,MISSING,Surface tag is recommended to assess accessibility
1159308728,way,surface,MISSING,Surface tag is recommended to assess accessibility
1159308744,way,surface,MISSING,Surface tag is recommended to assess accessibility
1160268408,way,surface,MISSING,Surface tag is recommended to assess accessibility
1160268411,way,surface,MISSING,Surface tag is recommended to assess accessibility
1160268415,way,surface,MISSING,Surface tag is recommended to assess accessibility
1160289236,way,surface,MISSING,Surface tag is recommended to assess accessibility
1160289239,way,surface,MISSING,Surface tag is recommended to assess accessibility
1160289240,way,surface,MISSING,Surface tag is recommended to assess accessibility
1160301152,way,surface,MISSING,Surface tag is recommended to assess accessibility
1160302725,way,surface,MISSING,Surface tag is recommended to assess accessibility
1160302726,way,surface,MISSING,Surface tag is recommended to assess accessibility
1160302727,way,surface,MISSING,Surface tag is recommended to assess accessibility
1160819076,way,surface,MISSING,Surface tag is recommended to assess accessibility
1160819082,way,surface,MISSING,Surface tag is recommended to assess accessibility
1160819083,way,surface,MISSING,Surface tag is recommended to assess accessibility
1160819086,way,surface,MISSING,Surface tag is recommended to assess accessibility
1160819092,way,surface,MISSING,Surface tag is recommended to assess accessibility
1160819095,way,surface,MISSING,Surface tag is recommended to assess accessibility
1160819096,way,surface,MISSING,Surface tag is recommended to assess accessibility
1160819100,way,surface,MISSING,Surface tag is recommended to assess accessibility
1160819102,way,surface,MISSING,Surface tag is recommended to assess accessibility
1160819104,way,surface,MISSING,Surface tag is recommended to assess accessibility
1160819105,way,surface,MISSING,Surface tag is recommended to assess accessibility
1160819106,way,surface,MISSING,Surface tag is recommended to assess accessibility
1160819107,way,surface,MISSING,Surface tag is recommended to assess accessibility
1160819109,way,surface,MISSING,Surface tag is recommended to assess accessibility
1160819111,way,surface,MISSING,Surface tag is recommended to assess accessibility
1160819119,way,surface,MISSING,Surface tag is recommended to assess accessibility
1160819120,way,surface,MISSING,Surface tag is recommended to assess accessibility
1160819122,way,surface,MISSING,Surface tag is recommended to assess accessibility
1160819123,way,surface,MISSING,Surface tag is recommended to assess accessibility
1160819124,way,surface,MISSING,Surface tag is recommended to assess accessibility
1160819126,way,surface,MISSING,Surface tag is recommended to assess accessibility
1161015562,way,surface,MISSING,Surface tag is recommended to assess accessibility
1161015564,way,surface,MISSING,Surface tag is recommended to assess accessibility
1161016331,way,surface,MISSING,Surface tag is recommended to assess accessibility
1161016332,way,surface,MISSING,Surface tag is recommended to assess accessibility
1161016333,way,surface,MISSING,Surface tag is recommended to assess accessibility
1161256874,way,surface,MISSING,Surface tag is recommended to assess accessibility
1161256876,way,surface,MISSING,Surface tag is recommended to assess accessibility
1161256877,way,surface,MISSING,Surface tag is recommended to assess accessibility
1161256878,way,surface,MISSING,Surface tag is recommended to assess accessibility
1161256879,way,surface,MISSING,Surface tag is recommended to assess accessibility
1161256881,way,surface,MISSING,Surface tag is recommended to assess accessibility
1161256882,way,surface,MISSING,Surface tag is recommended to assess accessibility
1161256884,way,surface,MISSING,Surface tag is recommended to assess accessibility
1161256885,way,surface,MISSING,Surface tag is recommended to assess accessibility
1161256887,way,surface,MISSING,Surface tag is recommended to assess accessibility
1161256888,way,surface,MISSING,Surface tag is recommended to assess accessibility
1161256890,way,surface,MISSING,Surface tag is recommended to assess accessibility
1161256891,way,surface,MISSING,Surface tag is recommended to assess accessibility
1161256892,way,surface,MISSING,Surface tag is recommended to assess accessibility
1161256894,way,surface,MISSING,Surface tag is recommended to assess accessibility
1161256896,way,surface,MISSING,Surface tag is recommended to assess accessibility
1161256897,way,surface,MISSING,Surface tag is recommended to assess accessibility
1161256898,way,surface,MISSING,Surface tag is recommended to assess accessibility
1161256900,way,surface,MISSING,Surface tag is recommended to assess accessibility
1161256903,way,surface,MISSING,Surface tag is recommended to assess accessibility
1161256904,way,surface,MISSING,Surface tag is recommended to assess accessibility
1161256905,way,surface,MISSING,Surface tag is recommended to assess accessibility
1161260040,way,surface,MISSING,Surface tag is recommended to assess accessibility
1161260041,way,surface,MISSING,Surface tag is recommended to assess accessibility
1161260042,way,surface,MISSING,Surface tag is recommended to assess accessibility
1161260043,way,surface,MISSING,Surface tag is recommended to assess accessibility
1161260044,way,surface,MISSING,Surface tag is recommended to assess accessibility
1161260046,way,surface,MISSING,Surface tag is recommended to assess accessibility
1161260048,way,surface,MISSING,Surface tag is recommended to assess accessibility
1161260050,way,surface,MISSING,Surface tag is recommended to assess accessibility
1161260052,way,surface,MISSING,Surface tag is recommended to assess accessibility
1161260054,way,surface,MISSING,Surface tag is recommended to assess accessibility
1161260056,way,surface,MISSING,Surface tag is recommended to assess accessibility
1161260058,way,surface,MISSING,Surface tag is recommended to assess accessibility
1161260063,way,surface,MISSING,Surface tag is recommended to assess accessibility
1161260064,way,surface,MISSING,Surface tag is recommended to assess accessibility
1161260072,way,surface,MISSING,Surface tag is recommended to assess accessibility
1161260073,way,surface,MISSING,Surface tag is recommended to assess accessibility
1161260076,way,surface,MISSING,Surface tag is recommended to assess accessibility
1161260080,way,surface,MISSING,Surface tag is recommended to assess accessibility
1161260081,way,surface,MISSING,Surface tag is recommended to assess accessibility
1161260082,way,surface,MISSING,Surface tag is recommended to assess accessibility
1161260086,way,surface,MISSING,Surface tag is recommended to assess accessibility
1161260089,way,surface,MISSING,Surface tag is recommended to assess accessibility
1161260091,way,surface,MISSING,Surface tag is recommended to assess accessibility
1161260092,way,surface,MISSING,Surface tag is recommended to assess accessibility
1162536600,way,surface,MISSING,Surface tag is recommended to assess accessibility
1162661902,way,surface,MISSING,Surface tag is recommended to assess accessibility
1162661904,way,surface,MISSING,Surface tag is recommended to assess accessibility
1162725426,way,surface,MISSING,Surface tag is recommended to assess accessibility
1162725428,way,surface,MISSING,Surface tag is recommended to assess accessibility
1162725432,way,surface,MISSING,Surface tag is recommended to assess accessibility
1162725442,way,surface,MISSING,Surface tag is recommended to assess accessibility
1162725444,way,surface,MISSING,Surface tag is recommended to assess accessibility
1162725448,way,surface,MISSING,Surface tag is recommended to assess accessibility
1162725454,way,surface,MISSING,Surface tag is recommended to assess accessibility
1162725458,way,surface,MISSING,Surface tag is recommended to assess accessibility
1162725466,way,surface,MISSING,Surface tag is recommended to assess accessibility
1162725468,way,surface,MISSING,Surface tag is recommended to assess accessibility
1162725470,way,surface,MISSING,Surface tag is recommended to assess accessibility
1162735583,way,surface,MISSING,Surface tag is recommended to assess accessibility
1162735590,way,surface,MISSING,Surface tag is recommended to assess accessibility
1162735591,way,surface,MISSING,Surface tag is recommended to assess accessibility
1162735601,way,surface,MISSING,Surface tag is recommended to assess accessibility
1162735602,way,surface,MISSING,Surface tag is recommended to assess accessibility
1162735603,way,surface,MISSING,Surface tag is recommended to assess accessibility
1162735604,way,surface,MISSING,Surface tag is recommended to assess accessibility
1162735608,way,surface,MISSING,Surface tag is recommended to assess accessibility
1162735609,way,surface,MISSING,Surface tag is recommended to assess accessibility
1162735612,way,surface,MISSING,Surface tag is recommended to assess accessibility
1162735632,way,surface,MISSING,Surface tag is recommended to assess accessibility
1162735643,way,surface,MISSING,Surface tag is recommended to assess accessibility
1162735644,way,surface,MISSING,Surface tag is recommended to assess accessibility
1163758356,way,surface,MISSING,Surface tag is recommended to assess accessibility
1163758357,way,surface,MISSING,Surface tag is recommended to assess accessibility
1163758362,way,surface,MISSING,Surface tag is recommended to assess accessibility
1163758363,way,surface,MISSING,Surface tag is recommended to assess accessibility
1163758364,way,surface,MISSING,Surface tag is recommended to assess accessibility
1163758372,way,surface,MISSING,Surface tag is recommended to assess accessibility
1163758376,way,surface,MISSING,Surface tag is recommended to assess accessibility
1163758377,way,surface,MISSING,Surface tag is recommended to assess accessibility
1164064318,way,surface,MISSING,Surface tag is recommended to assess accessibility
1164064319,way,surface,MISSING,Surface tag is recommended to assess accessibility
1164064322,way,surface,MISSING,Surface tag is recommended to assess accessibility
1164064324,way,surface,MISSING,Surface tag is recommended to assess accessibility
1164064326,way,surface,MISSING,Surface tag is recommended to assess accessibility
1168863514,way,surface,MISSING,Surface tag is recommended to assess accessibility
1168863516,way,surface,MISSING,Surface tag is recommended to assess accessibility
1168863987,way,surface,MISSING,Surface tag is recommended to assess accessibility
1168863989,way,surface,MISSING,Surface tag is recommended to assess accessibility
1168863990,way,surface,MISSING,Surface tag is recommended to assess accessibility
1168863992,way,surface,MISSING,Surface tag is recommended to assess accessibility
1168863993,way,surface,MISSING,Surface tag is recommended to assess accessibility
1168863995,way,surface,MISSING,Surface tag is recommended to assess accessibility
1172887351,way,surface,MISSING,Surface tag is recommended to assess accessibility
1172887353,way,surface,MISSING,Surface tag is recommended to assess accessibility
1172887354,way,surface,MISSING,Surface tag is recommended to assess accessibility
1172887356,way,surface,MISSING,Surface tag is recommended to assess accessibility
1173185722,way,surface,MISSING,Surface tag is recommended to assess accessibility
1173185724,way,surface,MISSING,Surface tag is recommended to assess accessibility
1173185726,way,surface,MISSING,Surface tag is recommended to assess accessibility
1173185728,way,surface,MISSING,Surface tag is recommended to assess accessibility
1173185730,way,surface,MISSING,Surface tag is recommended to assess accessibility
1173185732,way,surface,MISSING,Surface tag is recommended to assess accessibility
1173185734,way,surface,MISSING,Surface tag is recommended to assess accessibility
1173185736,way,surface,MISSING,Surface tag is recommended to assess accessibility
1173185738,way,surface,MISSING,Surface tag is recommended to assess accessibility
1173185740,way,surface,MISSING,Surface tag is recommended to assess accessibility
1173185746,way,surface,MISSING,Surface tag is recommended to assess accessibility
1173185747,way,surface,MISSING,Surface tag is recommended to assess accessibility
1173185749,way,surface,MISSING,Surface tag is recommended to assess accessibility
1173185750,way,surface,MISSING,Surface tag is recommended to assess accessibility
1173185754,way,surface,MISSING,Surface tag is recommended to assess accessibility
1173185755,way,surface,MISSING,Surface tag is recommended to assess accessibility
1173185758,way,surface,MISSING,Surface tag is recommended to assess accessibility
1173185760,way,surface,MISSING,Surface tag is recommended to assess accessibility
1173865480,way,surface,MISSING,Surface tag is recommended to assess accessibility
1173865481,way,surface,MISSING,Surface tag is recommended to assess accessibility
1173865483,way,surface,MISSING,Surface tag is recommended to assess accessibility
1173865484,way,surface,MISSING,Surface tag is recommended to assess accessibility
1173866563,way,surface,MISSING,Surface tag is recommended to assess accessibility
1173866564,way,surface,MISSING,Surface tag is recommended to assess accessibility
1173866565,way,surface,MISSING,Surface tag is recommended to assess accessibility
1173866566,way,surface,MISSING,Surface tag is recommended to assess accessibility
1173866567,way,surface,MISSING,Surface tag is recommended to assess accessibility
1173866568,way,surface,MISSING,Surface tag is recommended to assess accessibility
1173866570,way,surface,MISSING,Surface tag is recommended to assess accessibility
1173866571,way,surface,MISSING,Surface tag is recommended to assess accessibility
1173866572,way,surface,MISSING,Surface tag is recommended to assess accessibility
1173866573,way,surface,MISSING,Surface tag is recommended to assess accessibility
1173866574,way,surface,MISSING,Surface tag is recommended to assess accessibility
1173866578,way,surface,MISSING,Surface tag is recommended to assess accessibility
1173866579,way,surface,MISSING,Surface tag is recommended to assess accessibility
1173866580,way,surface,MISSING,Surface tag is recommended to assess accessibility
1173866581,way,surface,MISSING,Surface tag is recommended to assess accessibility
1173866582,way,surface,MISSING,Surface tag is recommended to assess accessibility
1174678682,way,surface,MISSING,Surface tag is recommended to assess accessibility
1174698079,way,surface,MISSING,Surface tag is recommended to assess accessibility
1174924334,way,surface,MISSING,Surface tag is recommended to assess accessibility
1174924336,way,surface,MISSING,Surface tag is recommended to assess accessibility
1174924338,way,surface,MISSING,Surface tag is recommended to assess accessibility
1174924621,way,surface,MISSING,Surface tag is recommended to assess accessibility
1174924623,way,surface,MISSING,Surface tag is recommended to assess accessibility
1175506483,way,surface,MISSING,Surface tag is recommended to assess accessibility
1175506488,way,surface,MISSING,Surface tag is recommended to assess accessibility
1175506490,way,surface,MISSING,Surface tag is recommended to assess accessibility
1175506491,way,surface,MISSING,Surface tag is recommended to assess accessibility
1175525122,way,surface,MISSING,Surface tag is recommended to assess accessibility
1175525123,way,surface,MISSING,Surface tag is recommended to assess accessibility
1175525124,way,surface,MISSING,Surface tag is recommended to assess accessibility
1175525125,way,surface,MISSING,Surface tag is recommended to assess accessibility
1175525126,way,surface,MISSING,Surface tag is recommended to assess accessibility
1175525127,way,surface,MISSING,Surface tag is recommended to assess accessibility
1175525128,way,surface,MISSING,Surface tag is recommended to assess accessibility
1175525129,way,surface,MISSING,Surface tag is recommended to assess accessibility
1175525130,way,surface,MISSING,Surface tag is recommended to assess accessibility
1175525132,way,surface,MISSING,Surface tag is recommended to assess accessibility
1175525134,way,surface,MISSING,Surface tag is recommended to assess accessibility
1175525137,way,surface,MISSING,Surface tag is recommended to assess accessibility
1175525139,way,surface,MISSING,Surface tag is recommended to assess accessibility
1175525141,way,surface,MISSING,Surface tag is recommended to assess accessibility
1177713993,way,surface,MISSING,Surface tag is recommended to assess accessibility
1177713995,way,surface,MISSING,Surface tag is recommended to assess accessibility
1177713998,way,surface,MISSING,Surface tag is recommended to assess accessibility
1177714000,way,surface,MISSING,Surface tag is recommended to assess accessibility
1177714002,way,surface,MISSING,Surface tag is recommended to assess accessibility
1177715524,way,surface,MISSING,Surface tag is recommended to assess accessibility
1177715528,way,surface,MISSING,Surface tag is recommended to assess accessibility
1177715529,way,surface,MISSING,Surface tag is recommended to assess accessibility
1177715530,way,surface,MISSING,Surface tag is recommended to assess accessibility
1177716174,way,surface,MISSING,Surface tag is recommended to assess accessibility
1177716175,way,surface,MISSING,Surface tag is recommended to assess accessibility
1178708782,way,surface,MISSING,Surface tag is recommended to assess accessibility
1179896318,way,surface,MISSING,Surface tag is recommended to assess accessibility
1180372322,way,surface,MISSING,Surface tag is recommended to assess accessibility
1180765340,way,surface,MISSING,Surface tag is recommended to assess accessibility
1180765341,way,surface,MISSING,Surface tag is recommended to assess accessibility
1180765342,way,surface,MISSING,Surface tag is recommended to assess accessibility
1180765343,way,surface,MISSING,Surface tag is recommended to assess accessibility
1184932383,way,surface,MISSING,Surface tag is recommended to assess accessibility
1187950322,way,surface,MISSING,Surface tag is recommended to assess accessibility
1189549308,way,surface,MISSING,Surface tag is recommended to assess accessibility
1189549309,way,surface,MISSING,Surface tag is recommended to assess accessibility
1189549310,way,surface,MISSING,Surface tag is recommended to assess accessibility
1189549315,way,surface,MISSING,Surface tag is recommended to assess accessibility
1189549316,way,surface,MISSING,Surface tag is recommended to assess accessibility
1189549319,way,surface,MISSING,Surface tag is recommended to assess accessibility
1189549321,way,surface,MISSING,Surface tag is recommended to assess accessibility
1189549322,way,surface,MISSING,Surface tag is recommended to assess accessibility
1189549324,way,surface,MISSING,Surface tag is recommended to assess accessibility
1189549325,way,surface,MISSING,Surface tag is recommended to assess accessibility
1189549328,way,surface,MISSING,Surface tag is recommended to assess accessibility
1189549330,way,surface,MISSING,Surface tag is recommended to assess accessibility
1194869730,way,surface,MISSING,Surface tag is recommended to assess accessibility
1194869731,way,surface,MISSING,Surface tag is recommended to assess accessibility
1195446318,way,surface,MISSING,Surface tag is recommended to assess accessibility
1195446343,way,surface,MISSING,Surface tag is recommended to assess accessibility
1195450690,way,surface,MISSING,Surface tag is recommended to assess accessibility
1195942031,way,surface,MISSING,Surface tag is recommended to assess accessibility
1195942033,way,surface,MISSING,Surface tag is recommended to assess accessibility
1195942034,way,surface,MISSING,Surface tag is recommended to assess accessibility
1195942035,way,surface,MISSING,Surface tag is recommended to assess accessibility
1195942037,way,surface,MISSING,Surface tag is recommended to assess accessibility
1195942038,way,surface,MISSING,Surface tag is recommended to assess accessibility
1195950226,way,surface,MISSING,Surface tag is recommended to assess accessibility
1195950230,way,surface,MISSING,Surface tag is recommended to assess accessibility
1195964071,way,surface,MISSING,Surface tag is recommended to assess accessibility
1195964074,way,surface,MISSING,Surface tag is recommended to assess accessibility
1196108584,way,surface,MISSING,Surface tag is recommended to assess accessibility
1196173824,way,surface,MISSING,Surface tag is recommended to assess accessibility
1196174606,way,surface,MISSING,Surface tag is recommended to assess accessibility
1196174607,way,surface,MISSING,Surface tag is recommended to assess accessibility
1196193202,way,surface,MISSING,Surface tag is recommended to assess accessibility
1196193203,way,surface,MISSING,Surface tag is recommended to assess accessibility
1196193207,way,surface,MISSING,Surface tag is recommended to assess accessibility
1196193214,way,surface,MISSING,Surface tag is recommended to assess accessibility
1196193215,way,surface,MISSING,Surface tag is recommended to assess accessibility
1196194735,way,surface,MISSING,Surface tag is recommended to assess accessibility
1196194737,way,surface,MISSING,Surface tag is recommended to assess accessibility
1196214733,way,surface,MISSING,Surface tag is recommended to assess accessibility
1196214735,way,surface,MISSING,Surface tag is recommended to assess accessibility
1197165042,way,surface,MISSING,Surface tag is recommended to assess accessibility
1199655724,way,surface,MISSING,Surface tag is recommended to assess accessibility
1200709246,way,surface,MISSING,Surface tag is recommended to assess accessibility
1200709247,way,surface,MISSING,Surface tag is recommended to assess accessibility
1201198847,way,surface,MISSING,Surface tag is recommended to assess accessibility
1201514058,way,surface,MISSING,Surface tag is recommended to assess accessibility
1201514059,way,surface,MISSING,Surface tag is recommended to assess accessibility
1201593468,way,surface,MISSING,Surface tag is recommended to assess accessibility
1201793048,way,surface,MISSING,Surface tag is recommended to assess accessibility
1201843693,way,surface,MISSING,Surface tag is recommended to assess accessibility
1201843695,way,surface,MISSING,Surface tag is recommended to assess accessibility
1201843697,way,surface,MISSING,Surface tag is recommended to assess accessibility
1201843699,way,surface,MISSING,Surface tag is recommended to assess accessibility
1201843700,way,surface,MISSING,Surface tag is recommended to assess accessibility
1201843701,way,surface,MISSING,Surface tag is recommended to assess accessibility
1201843702,way,surface,MISSING,Surface tag is recommended to assess accessibility
1201843705,way,surface,MISSING,Surface tag is recommended to assess accessibility
1201843710,way,surface,MISSING,Surface tag is recommended to assess accessibility
1201843713,way,surface,MISSING,Surface tag is recommended to assess accessibility
1201843716,way,surface,MISSING,Surface tag is recommended to assess accessibility
1201843720,way,surface,MISSING,Surface tag is recommended to assess accessibility
1201843722,way,surface,MISSING,Surface tag is recommended to assess accessibility
1201843723,way,surface,MISSING,Surface tag is recommended to assess accessibility
1203149934,way,surface,MISSING,Surface tag is recommended to assess accessibility
1203330884,way,surface,MISSING,Surface tag is recommended to assess accessibility
1203330897,way,surface,MISSING,Surface tag is recommended to assess accessibility
1203330904,way,surface,MISSING,Surface tag is recommended to assess accessibility
1203760904,way,surface,MISSING,Surface tag is recommended to assess accessibility
1203760906,way,surface,MISSING,Surface tag is recommended to assess accessibility
1203773841,way,surface,MISSING,Surface tag is recommended to assess accessibility
1203773848,way,surface,MISSING,Surface tag is recommended to assess accessibility
1204036411,way,surface,MISSING,Surface tag is recommended to assess accessibility
1204036412,way,surface,MISSING,Surface tag is recommended to assess accessibility
1204040852,way,surface,MISSING,Surface tag is recommended to assess accessibility
1204055720,way,surface,MISSING,Surface tag is recommended to assess accessibility
1204284881,way,surface,MISSING,Surface tag is recommended to assess accessibility
1204284882,way,surface,MISSING,Surface tag is recommended to assess accessibility
1205085715,way,surface,MISSING,Surface tag is recommended to assess accessibility
1206293049,way,surface,MISSING,Surface tag is recommended to assess accessibility
1207050191,way,surface,MISSING,Surface tag is recommended to assess accessibility
1207050192,way,surface,MISSING,Surface tag is recommended to assess accessibility
1207818988,way,surface,MISSING,Surface tag is recommended to assess accessibility
1208143337,way,surface,MISSING,Surface tag is recommended to assess accessibility
1208143339,way,surface,MISSING,Surface tag is recommended to assess accessibility
1208143341,way,surface,MISSING,Surface tag is recommended to assess accessibility
1208697311,way,surface,MISSING,Surface tag is recommended to assess accessibility
1208924404,way,surface,MISSING,Surface tag is recommended to assess accessibility
1208924418,way,surface,MISSING,Surface tag is recommended to assess accessibility
1208924419,way,surface,MISSING,Surface tag is recommended to assess accessibility
1209235367,way,surface,MISSING,Surface tag is recommended to assess accessibility
1209943413,way,surface,MISSING,Surface tag is recommended to assess accessibility
1209943415,way,surface,MISSING,Surface tag is recommended to assess accessibility
1209943417,way,surface,MISSING,Surface tag is recommended to assess accessibility
1210656275,way,surface,MISSING,Surface tag is recommended to assess accessibility
1210656278,way,surface,MISSING,Surface tag is recommended to assess accessibility
1210656283,way,surface,MISSING,Surface tag is recommended to assess accessibility
1210656803,way,surface,MISSING,Surface tag is recommended to assess accessibility
1210656807,way,surface,MISSING,Surface tag is recommended to assess accessibility
1210656808,way,surface,MISSING,Surface tag is recommended to assess accessibility
1210656810,way,surface,MISSING,Surface tag is recommended to assess accessibility
1210656812,way,surface,MISSING,Surface tag is recommended to assess accessibility
1210682061,way,surface,MISSING,Surface tag is recommended to assess accessibility
1210682062,way,surface,MISSING,Surface tag is recommended to assess accessibility
1210684311,way,surface,MISSING,Surface tag is recommended to assess accessibility
1210684313,way,surface,MISSING,Surface tag is recommended to assess accessibility
1210684315,way,surface,MISSING,Surface tag is recommended to assess accessibility
1210684317,way,surface,MISSING,Surface tag is recommended to assess accessibility
1210684323,way,surface,MISSING,Surface tag is recommended to assess accessibility
1210684324,way,surface,MISSING,Surface tag is recommended to assess accessibility
1210684647,way,surface,MISSING,Surface tag is recommended to assess accessibility
1210684649,way,surface,MISSING,Surface tag is recommended to assess accessibility
1210684651,way,surface,MISSING,Surface tag is recommended to assess accessibility
1210684652,way,surface,MISSING,Surface tag is recommended to assess accessibility
1210880069,way,surface,MISSING,Surface tag is recommended to assess accessibility
1210880070,way,surface,MISSING,Surface tag is recommended to assess accessibility
1210880075,way,surface,MISSING,Surface tag is recommended to assess accessibility
1211465367,way,surface,MISSING,Surface tag is recommended to assess accessibility
1211966850,way,surface,MISSING,Surface tag is recommended to assess accessibility
1211966851,way,surface,MISSING,Surface tag is recommended to assess accessibility
1211966852,way,surface,MISSING,Surface tag is recommended to assess accessibility
1211966903,way,surface,MISSING,Surface tag is recommended to assess accessibility
1211966904,way,surface,MISSING,Surface tag is recommended to assess accessibility
1212396572,way,surface,MISSING,Surface tag is recommended to assess accessibility
1212889551,way,surface,MISSING,Surface tag is recommended to assess accessibility
1216376919,way,surface,MISSING,Surface tag is recommended to assess accessibility
1216376920,way,surface,MISSING,Surface tag is recommended to assess accessibility
1218625434,way,surface,MISSING,Surface tag is recommended to assess accessibility
1218652753,way,surface,MISSING,Surface tag is recommended to assess accessibility
1220452787,way,surface,MISSING,Surface tag is recommended to assess accessibility
1220558551,way,surface,MISSING,Surface tag is recommended to assess accessibility
1220558552,way,surface,MISSING,Surface tag is recommended to assess accessibility
1220642785,way,surface,MISSING,Surface tag is recommended to assess accessibility
1220642787,way,surface,MISSING,Surface tag is recommended to assess accessibility
1220642789,way,surface,MISSING,Surface tag is recommended to assess accessibility
1220642790,way,surface,MISSING,Surface tag is recommended to assess accessibility
1220642792,way,surface,MISSING,Surface tag is recommended to assess accessibility
1220642793,way,surface,MISSING,Surface tag is recommended to assess accessibility
1220642795,way,surface,MISSING,Surface tag is recommended to assess accessibility
1221568224,way,surface,MISSING,Surface tag is recommended to assess accessibility
1221650305,way,surface,MISSING,Surface tag is recommended to assess accessibility
1221650306,way,surface,MISSING,Surface tag is recommended to assess accessibility
1221888736,way,surface,MISSING,Surface tag is recommended to assess accessibility
1221888738,way,surface,MISSING,Surface tag is recommended to assess accessibility
1222377564,way,surface,MISSING,Surface tag is recommended to assess accessibility
1223267581,way,surface,MISSING,Surface tag is recommended to assess accessibility
1223267584,way,surface,MISSING,Surface tag is recommended to assess accessibility
1223267585,way,surface,MISSING,Surface tag is recommended to assess accessibility
1223267588,way,surface,MISSING,Surface tag is recommended to assess accessibility
1223267595,way,surface,MISSING,Surface tag is recommended to assess accessibility
1223267600,way,surface,MISSING,Surface tag is recommended to assess accessibility
1223267602,way,surface,MISSING,Surface tag is recommended to assess accessibility
1223267603,way,surface,MISSING,Surface tag is recommended to assess accessibility
1223275221,way,surface,MISSING,Surface tag is recommended to assess accessibility
1223275222,way,surface,MISSING,Surface tag is recommended to assess accessibility
1223275224,way,surface,MISSING,Surface tag is recommended to assess accessibility
1223356233,way,surface,MISSING,Surface tag is recommended to assess accessibility
1223356235,way,surface,MISSING,Surface tag is recommended to assess accessibility
1223356237,way,surface,MISSING,Surface tag is recommended to assess accessibility
1223356238,way,surface,MISSING,Surface tag is recommended to assess accessibility
1223356242,way,surface,MISSING,Surface tag is recommended to assess accessibility
1223356408,way,surface,MISSING,Surface tag is recommended to assess accessibility
1223356438,way,surface,MISSING,Surface tag is recommended to assess accessibility
1223356440,way,surface,MISSING,Surface tag is recommended to assess accessibility
1223356443,way,surface,MISSING,Surface tag is recommended to assess accessibility
1223356444,way,surface,MISSING,Surface tag is recommended to assess accessibility
1223356446,way,surface,MISSING,Surface tag is recommended to assess accessibility
1223994760,way,surface,MISSING,Surface tag is recommended to assess accessibility
1224668776,way,surface,MISSING,Surface tag is recommended to assess accessibility
1224668778,way,surface,MISSING,Surface tag is recommended to assess accessibility
1224668988,way,surface,MISSING,Surface tag is recommended to assess accessibility
1224677443,way,surface,MISSING,Surface tag is recommended to assess accessibility
1224677446,way,surface,MISSING,Surface tag is recommended to assess accessibility
1224701832,way,surface,MISSING,Surface tag is recommended to assess accessibility
1224701835,way,surface,MISSING,Surface tag is recommended to assess accessibility
1224701849,way,surface,MISSING,Surface tag is recommended to assess accessibility
1224701851,way,surface,MISSING,Surface tag is recommended to assess accessibility
1224701853,way,surface,MISSING,Surface tag is recommended to assess accessibility
1224701857,way,surface,MISSING,Surface tag is recommended to assess accessibility
1224701860,way,surface,MISSING,Surface tag is recommended to assess accessibility
1224701862,way,surface,MISSING,Surface tag is recommended to assess accessibility
1224701869,way,surface,MISSING,Surface tag is recommended to assess accessibility
1224701891,way,surface,MISSING,Surface tag is recommended to assess accessibility
1224701903,way,surface,MISSING,Surface tag is recommended to assess accessibility
1224701905,way,surface,MISSING,Surface tag is recommended to assess accessibility
1224701906,way,surface,MISSING,Surface tag is recommended to assess accessibility
1224701908,way,surface,MISSING,Surface tag is recommended to assess accessibility
1224701911,way,surface,MISSING,Surface tag is recommended to assess accessibility
1224701912,way,surface,MISSING,Surface tag is recommended to assess accessibility
1224701913,way,surface,MISSING,Surface tag is recommended to assess accessibility
1224701917,way,surface,MISSING,Surface tag is recommended to assess accessibility
1224701928,way,surface,MISSING,Surface tag is recommended to assess accessibility
1224701930,way,surface,MISSING,Surface tag is recommended to assess accessibility
1224701954,way,surface,MISSING,Surface tag is recommended to assess accessibility
1224701959,way,surface,MISSING,Surface tag is recommended to assess accessibility
1224701960,way,surface,MISSING,Surface tag is recommended to assess accessibility
1224701963,way,surface,MISSING,Surface tag is recommended to assess accessibility
1224701994,way,surface,MISSING,Surface tag is recommended to assess accessibility
1224701995,way,surface,MISSING,Surface tag is recommended to assess accessibility
1224701997,way,surface,MISSING,Surface tag is recommended to assess accessibility
1224811182,way,surface,MISSING,Surface tag is recommended to assess accessibility
1224822233,way,surface,MISSING,Surface tag is recommended to assess accessibility
1224920700,way,surface,MISSING,Surface tag is recommended to assess accessibility
1224920726,way,surface,MISSING,Surface tag is recommended to assess accessibility
1224921003,way,surface,MISSING,Surface tag is recommended to assess accessibility
1224921005,way,surface,MISSING,Surface tag is recommended to assess accessibility
1224921007,way,surface,MISSING,Surface tag is recommended to assess accessibility
1224921008,way,surface,MISSING,Surface tag is recommended to assess accessibility
1224921010,way,surface,MISSING,Surface tag is recommended to assess accessibility
1224921013,way,surface,MISSING,Surface tag is recommended to assess accessibility
1224921014,way,surface,MISSING,Surface tag is recommended to assess accessibility
1224921018,way,surface,MISSING,Surface tag is recommended to assess accessibility
1224921022,way,surface,MISSING,Surface tag is recommended to assess accessibility
1224921023,way,surface,MISSING,Surface tag is recommended to assess accessibility
1224921028,way,surface,MISSING,Surface tag is recommended to assess accessibility
1225124040,way,surface,MISSING,Surface tag is recommended to assess accessibility
1225124046,way,surface,MISSING,Surface tag is recommended to assess accessibility
1225124050,way,surface,MISSING,Surface tag is recommended to assess accessibility
1226053745,way,surface,MISSING,Surface tag is recommended to assess accessibility
1226053747,way,surface,MISSING,Surface tag is recommended to assess accessibility
1228280500,way,surface,MISSING,Surface tag is recommended to assess accessibility
1228280501,way,surface,MISSING,Surface tag is recommended to assess accessibility
1228876770,way,surface,MISSING,Surface tag is recommended to assess accessibility
1228886003,way,surface,MISSING,Surface tag is recommended to assess accessibility
1228886005,way,surface,MISSING,Surface tag is recommended to assess accessibility
1228886011,way,surface,MISSING,Surface tag is recommended to assess accessibility
1228886016,way,surface,MISSING,Surface tag is recommended to assess accessibility
1228886023,way,surface,MISSING,Surface tag is recommended to assess accessibility
1228886028,way,surface,MISSING,Surface tag is recommended to assess accessibility
1228886029,way,surface,MISSING,Surface tag is recommended to assess accessibility
1228976155,way,surface,MISSING,Surface tag is recommended to assess accessibility
1228976156,way,surface,MISSING,Surface tag is recommended to assess accessibility
1228976157,way,surface,MISSING,Surface tag is recommended to assess accessibility
1228976158,way,surface,MISSING,Surface tag is recommended to assess accessibility
1230425080,way,surface,MISSING,Surface tag is recommended to assess accessibility
1230643294,way,surface,MISSING,Surface tag is recommended to assess accessibility
1230643308,way,surface,MISSING,Surface tag is recommended to assess accessibility
1230643309,way,surface,MISSING,Surface tag is recommended to assess accessibility
1230905044,way,surface,MISSING,Surface tag is recommended to assess accessibility
1230905046,way,surface,MISSING,Surface tag is recommended to assess accessibility
1230905048,way,surface,MISSING,Surface tag is recommended to assess accessibility
1230905050,way,surface,MISSING,Surface tag is recommended to assess accessibility
1230905051,way,surface,MISSING,Surface tag is recommended to assess accessibility
1230905053,way,surface,MISSING,Surface tag is recommended to assess accessibility
1231942748,way,surface,MISSING,Surface tag is recommended to assess accessibility
1231942749,way,surface,MISSING,Surface tag is recommended to assess accessibility
1231942750,way,surface,MISSING,Surface tag is recommended to assess accessibility
1231942751,way,surface,MISSING,Surface tag is recommended to assess accessibility
1231942752,way,surface,MISSING,Surface tag is recommended to assess accessibility
1231942753,way,surface,MISSING,Surface tag is recommended to assess accessibility
1231942754,way,surface,MISSING,Surface tag is recommended to assess accessibility
1231942755,way,surface,MISSING,Surface tag is recommended to assess accessibility
1231942769,way,surface,MISSING,Surface tag is recommended to assess accessibility
1231942770,way,surface,MISSING,Surface tag is recommended to assess accessibility
1231942771,way,surface,MISSING,Surface tag is recommended to assess accessibility
1232081799,way,surface,MISSING,Surface tag is recommended to assess accessibility
1232081800,way,surface,MISSING,Surface tag is recommended to assess accessibility
1232081808,way,surface,MISSING,Surface tag is recommended to assess accessibility
1232081809,way,surface,MISSING,Surface tag is recommended to assess accessibility
1232081810,way,surface,MISSING,Surface tag is recommended to assess accessibility
1232081811,way,surface,MISSING,Surface tag is recommended to assess accessibility
1232081816,way,surface,MISSING,Surface tag is recommended to assess accessibility
1232081817,way,surface,MISSING,Surface tag is recommended to assess accessibility
1232081818,way,surface,MISSING,Surface tag is recommended to assess accessibility
1232081819,way,surface,MISSING,Surface tag is recommended to assess accessibility
1232081820,way,surface,MISSING,Surface tag is recommended to assess accessibility
1232081822,way,surface,MISSING,Surface tag is recommended to assess accessibility
1232081841,way,surface,MISSING,Surface tag is recommended to assess accessibility
1232081842,way,surface,MISSING,Surface tag is recommended to assess accessibility
1232081843,way,surface,MISSING,Surface tag is recommended to assess accessibility
1232081844,way,surface,MISSING,Surface tag is recommended to assess accessibility
1232528480,way,surface,MISSING,Surface tag is recommended to assess accessibility
1232528513,way,surface,MISSING,Surface tag is recommended to assess accessibility
1232697612,way,surface,MISSING,Surface tag is recommended to assess accessibility
1232697613,way,surface,MISSING,Surface tag is recommended to assess accessibility
1232794070,way,surface,MISSING,Surface tag is recommended to assess accessibility
1232794072,way,surface,MISSING,Surface tag is recommended to assess accessibility
1232794073,way,surface,MISSING,Surface tag is recommended to assess accessibility
1232794075,way,surface,MISSING,Surface tag is recommended to assess accessibility
1232794077,way,surface,MISSING,Surface tag is recommended to assess accessibility
1232794078,way,surface,MISSING,Surface tag is recommended to assess accessibility
1232794079,way,surface,MISSING,Surface tag is recommended to assess accessibility
1232794080,way,surface,MISSING,Surface tag is recommended to assess accessibility
1232794082,way,surface,MISSING,Surface tag is recommended to assess accessibility
1232794091,way,surface,MISSING,Surface tag is recommended to assess accessibility
1233649267,way,surface,MISSING,Surface tag is recommended to assess accessibility
1233649268,way,surface,MISSING,Surface tag is recommended to assess accessibility
1233649270,way,surface,MISSING,Surface tag is recommended to assess accessibility
1233649271,way,surface,MISSING,Surface tag is recommended to assess accessibility
1233649273,way,surface,MISSING,Surface tag is recommended to assess accessibility
1233649274,way,surface,MISSING,Surface tag is recommended to assess accessibility
1233649278,way,surface,MISSING,Surface tag is recommended to assess accessibility
1234744100,way,surface,MISSING,Surface tag is recommended to assess accessibility
1234744102,way,surface,MISSING,Surface tag is recommended to assess accessibility
1234744107,way,surface,MISSING,Surface tag is recommended to assess accessibility
1234954713,way,surface,MISSING,Surface tag is recommended to assess accessibility
1234954714,way,surface,MISSING,Surface tag is recommended to assess accessibility
1234954715,way,surface,MISSING,Surface tag is recommended to assess accessibility
1234954737,way,surface,MISSING,Surface tag is recommended to assess accessibility
1234954738,way,surface,MISSING,Surface tag is recommended to assess accessibility
1234954810,way,surface,MISSING,Surface tag is recommended to assess accessibility
1235231018,way,surface,MISSING,Surface tag is recommended to assess accessibility
1235231019,way,surface,MISSING,Surface tag is recommended to assess accessibility
1235231021,way,surface,MISSING,Surface tag is recommended to assess accessibility
1235249302,way,surface,MISSING,Surface tag is recommended to assess accessibility
1235249303,way,surface,MISSING,Surface tag is recommended to assess accessibility
1235249304,way,surface,MISSING,Surface tag is recommended to assess accessibility
1235548744,way,surface,MISSING,Surface tag is recommended to assess accessibility
1235548745,way,surface,MISSING,Surface tag is recommended to assess accessibility
1235548747,way,surface,MISSING,Surface tag is recommended to assess accessibility
1235548750,way,surface,MISSING,Surface tag is recommended to assess accessibility
1235548754,way,surface,MISSING,Surface tag is recommended to assess accessibility
1235548756,way,surface,MISSING,Surface tag is recommended to assess accessibility
1235548759,way,surface,MISSING,Surface tag is recommended to assess accessibility
1236954801,way,surface,MISSING,Surface tag is recommended to assess accessibility
1236954802,way,surface,MISSING,Surface tag is recommended to assess accessibility
1236954804,way,surface,MISSING,Surface tag is recommended to assess accessibility
1236954805,way,surface,MISSING,Surface tag is recommended to assess accessibility
1236954806,way,surface,MISSING,Surface tag is recommended to assess accessibility
1236954807,way,surface,MISSING,Surface tag is recommended to assess accessibility
1237581452,way,surface,MISSING,Surface tag is recommended to assess accessibility
1237581463,way,surface,MISSING,Surface tag is recommended to assess accessibility
1237581464,way,surface,MISSING,Surface tag is recommended to assess accessibility
1238699561,way,surface,MISSING,Surface tag is recommended to assess accessibility
1239981338,way,surface,MISSING,Surface tag is recommended to assess accessibility
1239981345,way,surface,MISSING,Surface tag is recommended to assess accessibility
1240201326,way,surface,MISSING,Surface tag is recommended to assess accessibility
1240201327,way,surface,MISSING,Surface tag is recommended to assess accessibility
1240201328,way,surface,MISSING,Surface tag is recommended to assess accessibility
1240201352,way,surface,MISSING,Surface tag is recommended to assess accessibility
1240201353,way,surface,MISSING,Surface tag is recommended to assess accessibility
1240222663,way,surface,MISSING,Surface tag is recommended to assess accessibility
1240865443,way,surface,MISSING,Surface tag is recommended to assess accessibility
1242348662,way,surface,MISSING,Surface tag is recommended to assess accessibility
1243039469,way,surface,MISSING,Surface tag is recommended to assess accessibility
1244649462,way,surface,MISSING,Surface tag is recommended to assess accessibility
1244649464,way,surface,MISSING,Surface tag is recommended to assess accessibility
1244649466,way,surface,MISSING,Surface tag is recommended to assess accessibility
1244649467,way,surface,MISSING,Surface tag is recommended to assess accessibility
1244649468,way,surface,MISSING,Surface tag is recommended to assess accessibility
1244969586,way,surface,MISSING,Surface tag is recommended to assess accessibility
1244969589,way,surface,MISSING,Surface tag is recommended to assess accessibility
1244969590,way,surface,MISSING,Surface tag is recommended to assess accessibility
1244969593,way,surface,MISSING,Surface tag is recommended to assess accessibility
1244969594,way,surface,MISSING,Surface tag is recommended to assess accessibility
1244969595,way,surface,MISSING,Surface tag is recommended to assess accessibility
1244969596,way,surface,MISSING,Surface tag is recommended to assess accessibility
1245309186,way,surface,MISSING,Surface tag is recommended to assess accessibility
1246423882,way,surface,MISSING,Surface tag is recommended to assess accessibility
1246423898,way,surface,MISSING,Surface tag is recommended to assess accessibility
1248858572,way,surface,MISSING,Surface tag is recommended to assess accessibility
1248858573,way,surface,MISSING,Surface tag is recommended to assess accessibility
1251657859,way,surface,MISSING,Surface tag is recommended to assess accessibility
1252914454,way,surface,MISSING,Surface tag is recommended to assess accessibility
1254341659,way,surface,MISSING,Surface tag is recommended to assess accessibility
1254341669,way,surface,MISSING,Surface tag is recommended to assess accessibility
1261918327,way,surface,MISSING,Surface tag is recommended to assess accessibility
1263238543,way,surface,MISSING,Surface tag is recommended to assess accessibility
1263238568,way,surface,MISSING,Surface tag is recommended to assess accessibility
1263778474,way,surface,MISSING,Surface tag is recommended to assess accessibility
1263819600,way,surface,MISSING,Surface tag is recommended to assess accessibility
1263819603,way,surface,MISSING,Surface tag is recommended to assess accessibility
1263819605,way,surface,MISSING,Surface tag is recommended to assess accessibility
1263819607,way,surface,MISSING,Surface tag is recommended to assess accessibility
1263819608,way,surface,MISSING,Surface tag is recommended to assess accessibility
1263819616,way,surface,MISSING,Surface tag is recommended to assess accessibility
1263819658,way,surface,MISSING,Surface tag is recommended to assess accessibility
1263819660,way,surface,MISSING,Surface tag is recommended to assess accessibility
1263819662,way,surface,MISSING,Surface tag is recommended to assess accessibility
1263819664,way,surface,MISSING,Surface tag is recommended to assess accessibility
1263819669,way,surface,MISSING,Surface tag is recommended to assess accessibility
1263819673,way,surface,MISSING,Surface tag is recommended to assess accessibility
1263819677,way,surface,MISSING,Surface tag is recommended to assess accessibility
1263819679,way,surface,MISSING,Surface tag is recommended to assess accessibility
1263819683,way,surface,MISSING,Surface tag is recommended to assess accessibility
1263819685,way,surface,MISSING,Surface tag is recommended to assess accessibility
1263819687,way,surface,MISSING,Surface tag is recommended to assess accessibility
1263819689,way,surface,MISSING,Surface tag is recommended to assess accessibility
1263819691,way,surface,MISSING,Surface tag is recommended to assess accessibility
1263819695,way,surface,MISSING,Surface tag is recommended to assess accessibility
1263819698,way,surface,MISSING,Surface tag is recommended to assess accessibility
1263819699,way,surface,MISSING,Surface tag is recommended to assess accessibility
1263819701,way,surface,MISSING,Surface tag is recommended to assess accessibility
1263819703,way,surface,MISSING,Surface tag is recommended to assess accessibility
1263819705,way,surface,MISSING,Surface tag is recommended to assess accessibility
1263819707,way,surface,MISSING,Surface tag is recommended to assess accessibility
1263819710,way,surface,MISSING,Surface tag is recommended to assess accessibility
1263819712,way,surface,MISSING,Surface tag is recommended to assess accessibility
1263819715,way,surface,MISSING,Surface tag is recommended to assess accessibility
1263819718,way,surface,MISSING,Surface tag is recommended to assess accessibility
1263819726,way,surface,MISSING,Surface tag is recommended to assess accessibility
1273125150,way,surface,MISSING,Surface tag is recommended to assess accessibility
1276633955,way,surface,MISSING,Surface tag is recommended to assess accessibility
1280704715,way,surface,MISSING,Surface tag is recommended to assess accessibility
1283425134,way,surface,MISSING,Surface tag is recommended to assess accessibility
1283425135,way,surface,MISSING,Surface tag is recommended to assess accessibility
1283425136,way,surface,MISSING,Surface tag is recommended to assess accessibility
1283425137,way,surface,MISSING,Surface tag is recommended to assess accessibility
1283425138,way,surface,MISSING,Surface tag is recommended to assess accessibility
1283425140,way,surface,MISSING,Surface tag is recommended to assess accessibility
1283425141,way,surface,MISSING,Surface tag is recommended to assess accessibility
1283425142,way,surface,MISSING,Surface tag is recommended to assess accessibility
1283425143,way,surface,MISSING,Surface tag is recommended to assess accessibility
1283425145,way,surface,MISSING,Surface tag is recommended to assess accessibility
1283425148,way,surface,MISSING,Surface tag is recommended to assess accessibility
1283425149,way,surface,MISSING,Surface tag is recommended to assess accessibility
1283425150,way,surface,MISSING,Surface tag is recommended to assess accessibility
1283425151,way,surface,MISSING,Surface tag is recommended to assess accessibility
1283425152,way,surface,MISSING,Surface tag is recommended to assess accessibility
1283425153,way,surface,MISSING,Surface tag is recommended to assess accessibility
1283425154,way,surface,MISSING,Surface tag is recommended to assess accessibility
1283425155,way,surface,MISSING,Surface tag is recommended to assess accessibility
1286408345,way,surface,MISSING,Surface tag is recommended to assess accessibility
1316065016,way,surface,MISSING,Surface tag is recommended to assess accessibility
1316065018,way,surface,MISSING,Surface tag is recommended to assess accessibility
1316556490,way,surface,MISSING,Surface tag is recommended to assess accessibility
1316556495,way,surface,MISSING,Surface tag is recommended to assess accessibility
1317034792,way,surface,MISSING,Surface tag is recommended to assess accessibility
1317034803,way,surface,MISSING,Surface tag is recommended to assess accessibility
1318006305,way,surface,MISSING,Surface tag is recommended to assess accessibility
1319770195,way,surface,MISSING,Surface tag is recommended to assess accessibility
1319770196,way,surface,MISSING,Surface tag is recommended to assess accessibility
1319770198,way,surface,MISSING,Surface tag is recommended to assess accessibility
1320132856,way,surface,MISSING,Surface tag is recommended to assess accessibility
1320132857,way,surface,MISSING,Surface tag is recommended to assess accessibility
1324232786,way,surface,MISSING,Surface tag is recommended to assess accessibility
1332815997,way,surface,MISSING,Surface tag is recommended to assess accessibility
1333029778,way,surface,MISSING,Surface tag is recommended to assess accessibility
1333111591,way,surface,MISSING,Surface tag is recommended to assess accessibility
1333111592,way,surface,MISSING,Surface tag is recommended to assess accessibility
1333111593,way,surface,MISSING,Surface tag is recommended to assess accessibility
1333111594,way,surface,MISSING,Surface tag is recommended to assess accessibility
1333581278,way,surface,MISSING,Surface tag is recommended to assess accessibility
1334262081,way,surface,MISSING,Surface tag is recommended to assess accessibility
1334268689,way,surface,MISSING,Surface tag is recommended to assess accessibility
1335320233,way,surface,MISSING,Surface tag is recommended to assess accessibility
1335320234,way,surface,MISSING,Surface tag is recommended to assess accessibility
1335320235,way,surface,MISSING,Surface tag is recommended to assess accessibility
1335702544,way,surface,MISSING,Surface tag is recommended to assess accessibility
1335875084,way,surface,MISSING,Surface tag is recommended to assess accessibility
1335875085,way,surface,MISSING,Surface tag is recommended to assess accessibility
1335875087,way,surface,MISSING,Surface tag is recommended to assess accessibility
1335875088,way,surface,MISSING,Surface tag is recommended to assess accessibility
1335875089,way,surface,MISSING,Surface tag is recommended to assess accessibility
1335898589,way,surface,MISSING,Surface tag is recommended to assess accessibility
1335898590,way,surface,MISSING,Surface tag is recommended to assess accessibility
1335898593,way,surface,MISSING,Surface tag is recommended to assess accessibility
1335898594,way,surface,MISSING,Surface tag is recommended to assess accessibility
1335898595,way,surface,MISSING,Surface tag is recommended to assess accessibility
1335898596,way,surface,MISSING,Surface tag is recommended to assess accessibility
1335898597,way,surface,MISSING,Surface tag is recommended to assess accessibility
1335911086,way,surface,MISSING,Surface tag is recommended to assess accessibility
1335911089,way,surface,MISSING,Surface tag is recommended to assess accessibility
1336345338,way,surface,MISSING,Surface tag is recommended to assess accessibility
1336369581,way,surface,MISSING,Surface tag is recommended to assess accessibility
1336369587,way,surface,MISSING,Surface tag is recommended to assess accessibility
1336398246,way,surface,MISSING,Surface tag is recommended to assess accessibility
1336420392,way,surface,MISSING,Surface tag is recommended to assess accessibility
1336420393,way,surface,MISSING,Surface tag is recommended to assess accessibility
1336420394,way,surface,MISSING,Surface tag is recommended to assess accessibility
1336420396,way,surface,MISSING,Surface tag is recommended to assess accessibility
1336420397,way,surface,MISSING,Surface tag is recommended to assess accessibility
1336517498,way,surface,MISSING,Surface tag is recommended to assess accessibility
1336675567,way,surface,MISSING,Surface tag is recommended to assess accessibility
1336675571,way,surface,MISSING,Surface tag is recommended to assess accessibility
1336750483,way,surface,MISSING,Surface tag is recommended to assess accessibility
1337753021,way,surface,MISSING,Surface tag is recommended to assess accessibility
1337753022,way,surface,MISSING,Surface tag is recommended to assess accessibility
1337753024,way,surface,MISSING,Surface tag is recommended to assess accessibility
1337753025,way,surface,MISSING,Surface tag is recommended to assess accessibility
1337753026,way,surface,MISSING,Surface tag is recommended to assess accessibility
1337792208,way,surface,MISSING,Surface tag is recommended to assess accessibility
1337792209,way,surface,MISSING,Surface tag is recommended to assess accessibility
1338024145,way,surface,MISSING,Surface tag is recommended to assess accessibility
1338127024,way,surface,MISSING,Surface tag is recommended to assess accessibility
1338792273,way,surface,MISSING,Surface tag is recommended to assess accessibility
1338792274,way,surface,MISSING,Surface tag is recommended to assess accessibility
1338792733,way,surface,MISSING,Surface tag is recommended to assess accessibility
1339495682,way,surface,MISSING,Surface tag is recommended to assess accessibility
1339672751,way,surface,MISSING,Surface tag is recommended to assess accessibility
1339879570,way,surface,MISSING,Surface tag is recommended to assess accessibility
1339888718,way,surface,MISSING,Surface tag is recommended to assess accessibility
1339917009,way,surface,MISSING,Surface tag is recommended to assess accessibility
1339927511,way,surface,MISSING,Surface tag is recommended to assess accessibility
1340206696,way,surface,MISSING,Surface tag is recommended to assess accessibility
1340214175,way,surface,MISSING,Surface tag is recommended to assess accessibility
1340215502,way,surface,MISSING,Surface tag is recommended to assess accessibility
1340215503,way,surface,MISSING,Surface tag is recommended to assess accessibility
1340215504,way,surface,MISSING,Surface tag is recommended to assess accessibility
1340215505,way,surface,MISSING,Surface tag is recommended to assess accessibility
1340215506,way,surface,MISSING,Surface tag is recommended to assess accessibility
1340215507,way,surface,MISSING,Surface tag is recommended to assess accessibility
1340219261,way,surface,MISSING,Surface tag is recommended to assess accessibility
1340219262,way,surface,MISSING,Surface tag is recommended to assess accessibility
1340219263,way,surface,MISSING,Surface tag is recommended to assess accessibility
1340219264,way,surface,MISSING,Surface tag is recommended to assess accessibility
1340238250,way,surface,MISSING,Surface tag is recommended to assess accessibility
1340238251,way,surface,MISSING,Surface tag is recommended to assess accessibility
1340238252,way,surface,MISSING,Surface tag is recommended to assess accessibility
1340238253,way,surface,MISSING,Surface tag is recommended to assess accessibility
1340240325,way,surface,MISSING,Surface tag is recommended to assess accessibility
1340240326,way,surface,MISSING,Surface tag is recommended to assess accessibility
1340344429,way,surface,MISSING,Surface tag is recommended to assess accessibility
1340402763,way,surface,MISSING,Surface tag is recommended to assess accessibility
1340402764,way,surface,MISSING,Surface tag is recommended to assess accessibility
1340403864,way,surface,MISSING,Surface tag is recommended to assess accessibility
1340422208,way,surface,MISSING,Surface tag is recommended to assess accessibility
1340422209,way,surface,MISSING,Surface tag is recommended to assess accessibility
1340422210,way,surface,MISSING,Surface tag is recommended to assess accessibility
1340422703,way,surface,MISSING,Surface tag is recommended to assess accessibility
1340422704,way,surface,MISSING,Surface tag is recommended to assess accessibility
1340422705,way,surface,MISSING,Surface tag is recommended to assess accessibility
1340422706,way,surface,MISSING,Surface tag is recommended to assess accessibility
1340422707,way,surface,MISSING,Surface tag is recommended to assess accessibility
1340464556,way,surface,MISSING,Surface tag is recommended to assess accessibility
1340464558,way,surface,MISSING,Surface tag is recommended to assess accessibility
1340464559,way,surface,MISSING,Surface tag is recommended to assess accessibility
1340464560,way,surface,MISSING,Surface tag is recommended to assess accessibility
1340464561,way,surface,MISSING,Surface tag is recommended to assess accessibility
1340472788,way,surface,MISSING,Surface tag is recommended to assess accessibility
1340487227,way,surface,MISSING,Surface tag is recommended to assess accessibility
1340494583,way,surface,MISSING,Surface tag is recommended to assess accessibility
1340494584,way,surface,MISSING,Surface tag is recommended to assess accessibility
1340494585,way,surface,MISSING,Surface tag is recommended to assess accessibility
1340502785,way,surface,MISSING,Surface tag is recommended to assess accessibility
1340600721,way,surface,MISSING,Surface tag is recommended to assess accessibility
1340610926,way,surface,MISSING,Surface tag is recommended to assess accessibility
1340612142,way,surface,MISSING,Surface tag is recommended to assess accessibility
1341141045,way,surface,MISSING,Surface tag is recommended to assess accessibility
1341141046,way,surface,MISSING,Surface tag is recommended to assess accessibility
1341141047,way,surface,MISSING,Surface tag is recommended to assess accessibility
1341141048,way,surface,MISSING,Surface tag is recommended to assess accessibility
1341141049,way,surface,MISSING,Surface tag is recommended to assess accessibility
1341141050,way,surface,MISSING,Surface tag is recommended to assess accessibility
1341141051,way,surface,MISSING,Surface tag is recommended to assess accessibility
1341142482,way,surface,MISSING,Surface tag is recommended to assess accessibility
1341160449,way,surface,MISSING,Surface tag is recommended to assess accessibility
1341166113,way,surface,MISSING,Surface tag is recommended to assess accessibility
1341166114,way,surface,MISSING,Surface tag is recommended to assess accessibility
1341166115,way,surface,MISSING,Surface tag is recommended to assess accessibility
1341166116,way,surface,MISSING,Surface tag is recommended to assess accessibility
1341166117,way,surface,MISSING,Surface tag is recommended to assess accessibility
1341166118,way,surface,MISSING,Surface tag is recommended to assess accessibility
1341166119,way,surface,MISSING,Surface tag is recommended to assess accessibility
1341166120,way,surface,MISSING,Surface tag is recommended to assess accessibility
1341166121,way,surface,MISSING,Surface tag is recommended to assess accessibility
1341166122,way,surface,MISSING,Surface tag is recommended to assess accessibility
1341166123,way,surface,MISSING,Surface tag is recommended to assess accessibility
1341166124,way,surface,MISSING,Surface tag is recommended to assess accessibility
1341166125,way,surface,MISSING,Surface tag is recommended to assess accessibility
1341166126,way,surface,MISSING,Surface tag is recommended to assess accessibility
1341166128,way,surface,MISSING,Surface tag is recommended to assess accessibility
1341166130,way,surface,MISSING,Surface tag is recommended to assess accessibility
1341166133,way,surface,MISSING,Surface tag is recommended to assess accessibility
1341166134,way,surface,MISSING,Surface tag is recommended to assess accessibility
1341166135,way,surface,MISSING,Surface tag is recommended to assess accessibility
1341166136,way,surface,MISSING,Surface tag is recommended to assess accessibility
1341166137,way,surface,MISSING,Surface tag is recommended to assess accessibility
1341166138,way,surface,MISSING,Surface tag is recommended to assess accessibility
1341166139,way,surface,MISSING,Surface tag is recommended to assess accessibility
1341166140,way,surface,MISSING,Surface tag is recommended to assess accessibility
1341166141,way,surface,MISSING,Surface tag is recommended to assess accessibility
1341166142,way,surface,MISSING,Surface tag is recommended to assess accessibility
1341166143,way,surface,MISSING,Surface tag is recommended to assess accessibility
1341166144,way,surface,MISSING,Surface tag is recommended to assess accessibility
1341166145,way,surface,MISSING,Surface tag is recommended to assess accessibility
1341166146,way,surface,MISSING,Surface tag is recommended to assess accessibility
1341166147,way,surface,MISSING,Surface tag is recommended to assess accessibility
1341198551,way,surface,MISSING,Surface tag is recommended to assess accessibility
1341198552,way,surface,MISSING,Surface tag is recommended to assess accessibility
1341198553,way,surface,MISSING,Surface tag is recommended to assess accessibility
1341198554,way,surface,MISSING,Surface tag is recommended to assess accessibility
1341206923,way,surface,MISSING,Surface tag is recommended to assess accessibility
1341206924,way,surface,MISSING,Surface tag is recommended to assess accessibility
1341208687,way,surface,MISSING,Surface tag is recommended to assess accessibility
1341208688,way,surface,MISSING,Surface tag is recommended to assess accessibility
1341212759,way,surface,MISSING,Surface tag is recommended to assess accessibility
1341229265,way,surface,MISSING,Surface tag is recommended to assess accessibility
1341229266,way,surface,MISSING,Surface tag is recommended to assess accessibility
1341229267,way,surface,MISSING,Surface tag is recommended to assess accessibility
1341232417,way,surface,MISSING,Surface tag is recommended to assess accessibility
1341232418,way,surface,MISSING,Surface tag is recommended to assess accessibility
1341232419,way,surface,MISSING,Surface tag is recommended to assess accessibility
1341232420,way,surface,MISSING,Surface tag is recommended to assess accessibility
1341232421,way,surface,MISSING,Surface tag is recommended to assess accessibility
1341232422,way,surface,MISSING,Surface tag is recommended to assess accessibility
1341232423,way,surface,MISSING,Surface tag is recommended to assess accessibility
1341232424,way,surface,MISSING,Surface tag is recommended to assess accessibility
1341232425,way,surface,MISSING,Surface tag is recommended to assess accessibility
1341232426,way,surface,MISSING,Surface tag is recommended to assess accessibility
1341232427,way,surface,MISSING,Surface tag is recommended to assess accessibility
1341347476,way,surface,MISSING,Surface tag is recommended to assess accessibility
1341428874,way,surface,MISSING,Surface tag is recommended to assess accessibility
1341429471,way,surface,MISSING,Surface tag is recommended to assess accessibility
1341429472,way,surface,MISSING,Surface tag is recommended to assess accessibility
1341432527,way,surface,MISSING,Surface tag is recommended to assess accessibility
1341437596,way,surface,MISSING,Surface tag is recommended to assess accessibility
1341437597,way,surface,MISSING,Surface tag is recommended to assess accessibility
1341437598,way,surface,MISSING,Surface tag is recommended to assess accessibility
1341443968,way,surface,MISSING,Surface tag is recommended to assess accessibility
1341448260,way,surface,MISSING,Surface tag is recommended to assess accessibility
1341451369,way,surface,MISSING,Surface tag is recommended to assess accessibility
1341451370,way,surface,MISSING,Surface tag is recommended to assess accessibility
1341456576,way,surface,MISSING,Surface tag is recommended to assess accessibility
1341456577,way,surface,MISSING,Surface tag is recommended to assess accessibility
1341456578,way,surface,MISSING,Surface tag is recommended to assess accessibility
1341456579,way,surface,MISSING,Surface tag is recommended to assess accessibility
1341456580,way,surface,MISSING,Surface tag is recommended to assess accessibility
1341456581,way,surface,MISSING,Surface tag is recommended to assess accessibility
1341456582,way,surface,MISSING,Surface tag is recommended to assess accessibility
1341457289,way,surface,MISSING,Surface tag is recommended to assess accessibility
1341457290,way,surface,MISSING,Surface tag is recommended to assess accessibility
1341460850,way,surface,MISSING,Surface tag is recommended to assess accessibility
1341460851,way,surface,MISSING,Surface tag is recommended to assess accessibility
1341461716,way,surface,MISSING,Surface tag is recommended to assess accessibility
1341465693,way,surface,MISSING,Surface tag is recommended to assess accessibility
1341465694,way,surface,MISSING,Surface tag is recommended to assess accessibility
1341465695,way,surface,MISSING,Surface tag is recommended to assess accessibility
1341465696,way,surface,MISSING,Surface tag is recommended to assess accessibility
1341467164,way,surface,MISSING,Surface tag is recommended to assess accessibility
1341468743,way,surface,MISSING,Surface tag is recommended to assess accessibility
1341468744,way,surface,MISSING,Surface tag is recommended to assess accessibility
1341468745,way,surface,MISSING,Surface tag is recommended to assess accessibility
1341468746,way,surface,MISSING,Surface tag is recommended to assess accessibility
1341470124,way,surface,MISSING,Surface tag is recommended to assess accessibility
1341470125,way,surface,MISSING,Surface tag is recommended to assess accessibility
1341470126,way,surface,MISSING,Surface tag is recommended to assess accessibility
1341470127,way,surface,MISSING,Surface tag is recommended to assess accessibility
1341471823,way,surface,MISSING,Surface tag is recommended to assess accessibility
1341474788,way,surface,MISSING,Surface tag is recommended to assess accessibility
1341474789,way,surface,MISSING,Surface tag is recommended to assess accessibility
1341478777,way,surface,MISSING,Surface tag is recommended to assess accessibility
1341478778,way,surface,MISSING,Surface tag is recommended to assess accessibility
1341478779,way,surface,MISSING,Surface tag is recommended to assess accessibility
1341478788,way,surface,MISSING,Surface tag is recommended to assess accessibility
1341478789,way,surface,MISSING,Surface tag is recommended to assess accessibility
1341478790,way,surface,MISSING,Surface tag is recommended to assess accessibility
1341478793,way,surface,MISSING,Surface tag is recommended to assess accessibility
1341478794,way,surface,MISSING,Surface tag is recommended to assess accessibility
1341478796,way,surface,MISSING,Surface tag is recommended to assess accessibility
1341478797,way,surface,MISSING,Surface tag is recommended to assess accessibility
1341489580,way,surface,MISSING,Surface tag is recommended to assess accessibility
1341489581,way,surface,MISSING,Surface tag is recommended to assess accessibility
1341489583,way,surface,MISSING,Surface tag is recommended to assess accessibility
1341489584,way,surface,MISSING,Surface tag is recommended to assess accessibility
1341489585,way,surface,MISSING,Surface tag is recommended to assess accessibility
1341489586,way,surface,MISSING,Surface tag is recommended to assess accessibility
1341491042,way,surface,MISSING,Surface tag is recommended to assess accessibility
1341577590,way,surface,MISSING,Surface tag is recommended to assess accessibility
1341577591,way,surface,MISSING,Surface tag is recommended to assess accessibility
1341659388,way,surface,MISSING,Surface tag is recommended to assess accessibility
1341660178,way,surface,MISSING,Surface tag is recommended to assess accessibility
1341661224,way,surface,MISSING,Surface tag is recommended to assess accessibility
1341661225,way,surface,MISSING,Surface tag is recommended to assess accessibility
1341662428,way,surface,MISSING,Surface tag is recommended to assess accessibility
1341662429,way,surface,MISSING,Surface tag is recommended to assess accessibility
1341663335,way,surface,MISSING,Surface tag is recommended to assess accessibility
1341663336,way,surface,MISSING,Surface tag is recommended to assess accessibility
1341664012,way,surface,MISSING,Surface tag is recommended to assess accessibility
1341664014,way,surface,MISSING,Surface tag is recommended to assess accessibility
1341664770,way,surface,MISSING,Surface tag is recommended to assess accessibility
1341664771,way,surface,MISSING,Surface tag is recommended to assess accessibility
1341664774,way,surface,MISSING,Surface tag is recommended to assess accessibility
1341664775,way,surface,MISSING,Surface tag is recommended to assess accessibility
1341664777,way,surface,MISSING,Surface tag is recommended to assess accessibility
1341664778,way,surface,MISSING,Surface tag is recommended to assess accessibility
1341665321,way,surface,MISSING,Surface tag is recommended to assess accessibility
1341665514,way,surface,MISSING,Surface tag is recommended to assess accessibility
1341669052,way,surface,MISSING,Surface tag is recommended to assess accessibility
1341673662,way,surface,MISSING,Surface tag is recommended to assess accessibility
1341680803,way,surface,MISSING,Surface tag is recommended to assess accessibility
1341680804,way,surface,MISSING,Surface tag is recommended to assess accessibility
1341682960,way,surface,MISSING,Surface tag is recommended to assess accessibility
1341682961,way,surface,MISSING,Surface tag is recommended to assess accessibility
1341691346,way,surface,MISSING,Surface tag is recommended to assess accessibility
1341691347,way,surface,MISSING,Surface tag is recommended to assess accessibility
1341693354,way,surface,MISSING,Surface tag is recommended to assess accessibility
1341693357,way,surface,MISSING,Surface tag is recommended to assess accessibility
1341722206,way,surface,MISSING,Surface tag is recommended to assess accessibility
1341722207,way,surface,MISSING,Surface tag is recommended to assess accessibility
1341722208,way,surface,MISSING,Surface tag is recommended to assess accessibility
1341722209,way,surface,MISSING,Surface tag is recommended to assess accessibility
1341722210,way,surface,MISSING,Surface tag is recommended to assess accessibility
1341722211,way,surface,MISSING,Surface tag is recommended to assess accessibility
1341724145,way,surface,MISSING,Surface tag is recommended to assess accessibility
1341726442,way,surface,MISSING,Surface tag is recommended to assess accessibility
1341726444,way,surface,MISSING,Surface tag is recommended to assess accessibility
1341726445,way,surface,MISSING,Surface tag is recommended to assess accessibility
1341730094,way,surface,MISSING,Surface tag is recommended to assess accessibility
1341730095,way,surface,MISSING,Surface tag is recommended to assess accessibility
1341730096,way,surface,MISSING,Surface tag is recommended to assess accessibility
1341730097,way,surface,MISSING,Surface tag is recommended to assess accessibility
1341730098,way,surface,MISSING,Surface tag is recommended to assess accessibility
1341730103,way,surface,MISSING,Surface tag is recommended to assess accessibility
1341740540,way,surface,MISSING,Surface tag is recommended to assess accessibility
1341742516,way,surface,MISSING,Surface tag is recommended to assess accessibility
1341745456,way,surface,MISSING,Surface tag is recommended to assess accessibility
1341745457,way,surface,MISSING,Surface tag is recommended to assess accessibility
1341749380,way,surface,MISSING,Surface tag is recommended to assess accessibility
1341755950,way,surface,MISSING,Surface tag is recommended to assess accessibility
1341755953,way,surface,MISSING,Surface tag is recommended to assess accessibility
1341756431,way,surface,MISSING,Surface tag is recommended to assess accessibility
1341756432,way,surface,MISSING,Surface tag is recommended to assess accessibility
1341967408,way,surface,MISSING,Surface tag is recommended to assess accessibility
1341970914,way,surface,MISSING,Surface tag is recommended to assess accessibility
1341970915,way,surface,MISSING,Surface tag is recommended to assess accessibility
1341970916,way,surface,MISSING,Surface tag is recommended to assess accessibility
1341970917,way,surface,MISSING,Surface tag is recommended to assess accessibility
1341970918,way,surface,MISSING,Surface tag is recommended to assess accessibility
1341970919,way,surface,MISSING,Surface tag is recommended to assess accessibility
1341971609,way,surface,MISSING,Surface tag is recommended to assess accessibility
1341972470,way,surface,MISSING,Surface tag is recommended to assess accessibility
1341972483,way,surface,MISSING,Surface tag is recommended to assess accessibility
1341972484,way,surface,MISSING,Surface tag is recommended to assess accessibility
1341972485,way,surface,MISSING,Surface tag is recommended to assess accessibility
1341973459,way,surface,MISSING,Surface tag is recommended to assess accessibility
1341973460,way,surface,MISSING,Surface tag is recommended to assess accessibility
1341973463,way,surface,MISSING,Surface tag is recommended to assess accessibility
1341975214,way,surface,MISSING,Surface tag is recommended to assess accessibility
1341975466,way,surface,MISSING,Surface tag is recommended to assess accessibility
1341975467,way,surface,MISSING,Surface tag is recommended to assess accessibility
1341975469,way,surface,MISSING,Surface tag is recommended to assess accessibility
1341975470,way,surface,MISSING,Surface tag is recommended to assess accessibility
1341978368,way,surface,MISSING,Surface tag is recommended to assess accessibility
1341978429,way,surface,MISSING,Surface tag is recommended to assess accessibility
1341980698,way,surface,MISSING,Surface tag is recommended to assess accessibility
1341982469,way,surface,MISSING,Surface tag is recommended to assess accessibility
1341985537,way,surface,MISSING,Surface tag is recommended to assess accessibility
1341985538,way,surface,MISSING,Surface tag is recommended to assess accessibility
1341987256,way,surface,MISSING,Surface tag is recommended to assess accessibility
1341987257,way,surface,MISSING,Surface tag is recommended to assess accessibility
1341987260,way,surface,MISSING,Surface tag is recommended to assess accessibility
1341987261,way,surface,MISSING,Surface tag is recommended to assess accessibility
1341990467,way,surface,MISSING,Surface tag is recommended to assess accessibility
1341990470,way,surface,MISSING,Surface tag is recommended to assess accessibility
1341990471,way,surface,MISSING,Surface tag is recommended to assess accessibility
1341990472,way,surface,MISSING,Surface tag is recommended to assess accessibility
1341990475,way,surface,MISSING,Surface tag is recommended to assess accessibility
1341991898,way,surface,MISSING,Surface tag is recommended to assess accessibility
1341991901,way,surface,MISSING,Surface tag is recommended to assess accessibility
1341993318,way,surface,MISSING,Surface tag is recommended to assess accessibility
1341993319,way,surface,MISSING,Surface tag is recommended to assess accessibility
1341993320,way,surface,MISSING,Surface tag is recommended to assess accessibility
1341993321,way,surface,MISSING,Surface tag is recommended to assess accessibility
1341993322,way,surface,MISSING,Surface tag is recommended to assess accessibility
1341993323,way,surface,MISSING,Surface tag is recommended to assess accessibility
1342035958,way,surface,MISSING,Surface tag is recommended to assess accessibility
1342035959,way,surface,MISSING,Surface tag is recommended to assess accessibility
1342035960,way,surface,MISSING,Surface tag is recommended to assess accessibility
1342035961,way,surface,MISSING,Surface tag is recommended to assess accessibility
1342035962,way,surface,MISSING,Surface tag is recommended to assess accessibility
1342035963,way,surface,MISSING,Surface tag is recommended to assess accessibility
1342036294,way,surface,MISSING,Surface tag is recommended to assess accessibility
1342036295,way,surface,MISSING,Surface tag is recommended to assess accessibility
1342036296,way,surface,MISSING,Surface tag is recommended to assess accessibility
1342036297,way,surface,MISSING,Surface tag is recommended to assess accessibility
1342042398,way,surface,MISSING,Surface tag is recommended to assess accessibility
1342046953,way,surface,MISSING,Surface tag is recommended to assess accessibility
1342046954,way,surface,MISSING,Surface tag is recommended to assess accessibility
1342051559,way,surface,MISSING,Surface tag is recommended to assess accessibility
1342051560,way,surface,MISSING,Surface tag is recommended to assess accessibility
1342051561,way,surface,MISSING,Surface tag is recommended to assess accessibility
1342054607,way,surface,MISSING,Surface tag is recommended to assess accessibility
1342054608,way,surface,MISSING,Surface tag is recommended to assess accessibility
1342055614,way,surface,MISSING,Surface tag is recommended to assess accessibility
1342059449,way,surface,MISSING,Surface tag is recommended to assess accessibility
1342059450,way,surface,MISSING,Surface tag is recommended to assess accessibility
1342059451,way,surface,MISSING,Surface tag is recommended to assess accessibility
1342061219,way,surface,MISSING,Surface tag is recommended to assess accessibility
1342061220,way,surface,MISSING,Surface tag is recommended to assess accessibility
1342284676,way,surface,MISSING,Surface tag is recommended to assess accessibility
1342284702,way,surface,MISSING,Surface tag is recommended to assess accessibility
1342286948,way,surface,MISSING,Surface tag is recommended to assess accessibility
1342286949,way,surface,MISSING,Surface tag is recommended to assess accessibility
1342286950,way,surface,MISSING,Surface tag is recommended to assess accessibility
1342288032,way,surface,MISSING,Surface tag is recommended to assess accessibility
1342288033,way,surface,MISSING,Surface tag is recommended to assess accessibility
1342288034,way,surface,MISSING,Surface tag is recommended to assess accessibility
1342288035,way,surface,MISSING,Surface tag is recommended to assess accessibility
1342288038,way,surface,MISSING,Surface tag is recommended to assess accessibility
1342289936,way,surface,MISSING,Surface tag is recommended to assess accessibility
1342291634,way,surface,MISSING,Surface tag is recommended to assess accessibility
1342291635,way,surface,MISSING,Surface tag is recommended to assess accessibility
1342291636,way,surface,MISSING,Surface tag is recommended to assess accessibility
1342294309,way,surface,MISSING,Surface tag is recommended to assess accessibility
1342294310,way,surface,MISSING,Surface tag is recommended to assess accessibility
1342294311,way,surface,MISSING,Surface tag is recommended to assess accessibility
1342294312,way,surface,MISSING,Surface tag is recommended to assess accessibility
1342294313,way,surface,MISSING,Surface tag is recommended to assess accessibility
1342294314,way,surface,MISSING,Surface tag is recommended to assess accessibility
1342294990,way,surface,MISSING,Surface tag is recommended to assess accessibility
1342298667,way,surface,MISSING,Surface tag is recommended to assess accessibility
1342298668,way,surface,MISSING,Surface tag is recommended to assess accessibility
1342298805,way,surface,MISSING,Surface tag is recommended to assess accessibility
1342298806,way,surface,MISSING,Surface tag is recommended to assess accessibility
1342298807,way,surface,MISSING,Surface tag is recommended to assess accessibility
1342298808,way,surface,MISSING,Surface tag is recommended to assess accessibility
1342302395,way,surface,MISSING,Surface tag is recommended to assess accessibility
1342304585,way,surface,MISSING,Surface tag is recommended to assess accessibility
1342307949,way,surface,MISSING,Surface tag is recommended to assess accessibility
1342307950,way,surface,MISSING,Surface tag is recommended to assess accessibility
1342311786,way,surface,MISSING,Surface tag is recommended to assess accessibility
1342312118,way,surface,MISSING,Surface tag is recommended to assess accessibility
1342312119,way,surface,MISSING,Surface tag is recommended to assess accessibility
1342312120,way,surface,MISSING,Surface tag is recommended to assess accessibility
1342312121,way,surface,MISSING,Surface tag is recommended to assess accessibility
1342316857,way,surface,MISSING,Surface tag is recommended to assess accessibility
1342317871,way,surface,MISSING,Surface tag is recommended to assess accessibility
1342317872,way,surface,MISSING,Surface tag is recommended to assess accessibility
1342317873,way,surface,MISSING,Surface tag is recommended to assess accessibility
1342318395,way,surface,MISSING,Surface tag is recommended to assess accessibility
1342318396,way,surface,MISSING,Surface tag is recommended to assess accessibility
1342323053,way,surface,MISSING,Surface tag is recommended to assess accessibility
1342323054,way,surface,MISSING,Surface tag is recommended to assess accessibility
1342323927,way,surface,MISSING,Surface tag is recommended to assess accessibility
1342359425,way,surface,MISSING,Surface tag is recommended to assess accessibility
1342359426,way,surface,MISSING,Surface tag is recommended to assess accessibility
1342359816,way,surface,MISSING,Surface tag is recommended to assess accessibility
1342359821,way,surface,MISSING,Surface tag is recommended to assess accessibility
1342359879,way,surface,MISSING,Surface tag is recommended to assess accessibility
1342360089,way,surface,MISSING,Surface tag is recommended to assess accessibility
1342360090,way,surface,MISSING,Surface tag is recommended to assess accessibility
1342360091,way,surface,MISSING,Surface tag is recommended to assess accessibility
1342360092,way,surface,MISSING,Surface tag is recommended to assess accessibility
1342360093,way,surface,MISSING,Surface tag is recommended to assess accessibility
1342361328,way,surface,MISSING,Surface tag is recommended to assess accessibility
1342361329,way,surface,MISSING,Surface tag is recommended to assess accessibility
1342361330,way,surface,MISSING,Surface tag is recommended to assess accessibility
1342361331,way,surface,MISSING,Surface tag is recommended to assess accessibility
1342361332,way,surface,MISSING,Surface tag is recommended to assess accessibility
1342371000,way,surface,MISSING,Surface tag is recommended to assess accessibility
1342371001,way,surface,MISSING,Surface tag is recommended to assess accessibility
1342371002,way,surface,MISSING,Surface tag is recommended to assess accessibility
1342371015,way,surface,MISSING,Surface tag is recommended to assess accessibility
1342371016,way,surface,MISSING,Surface tag is recommended to assess accessibility
1342371017,way,surface,MISSING,Surface tag is recommended to assess accessibility
1342371425,way,surface,MISSING,Surface tag is recommended to assess accessibility
1342372095,way,surface,MISSING,Surface tag is recommended to assess accessibility
1342372096,way,surface,MISSING,Surface tag is recommended to assess accessibility
1342373095,way,surface,MISSING,Surface tag is recommended to assess accessibility
1342373096,way,surface,MISSING,Surface tag is recommended to assess accessibility
1342374567,way,surface,MISSING,Surface tag is recommended to assess accessibility
1342374568,way,surface,MISSING,Surface tag is recommended to assess accessibility
1342374569,way,surface,MISSING,Surface tag is recommended to assess accessibility
1342374852,way,surface,MISSING,Surface tag is recommended to assess accessibility
1342378535,way,surface,MISSING,Surface tag is recommended to assess accessibility
1342378654,way,surface,MISSING,Surface tag is recommended to assess accessibility
1342378655,way,surface,MISSING,Surface tag is recommended to assess accessibility
1342378656,way,surface,MISSING,Surface tag is recommended to assess accessibility
1342378657,way,surface,MISSING,Surface tag is recommended to assess accessibility
1342378658,way,surface,MISSING,Surface tag is recommended to assess accessibility
1342378659,way,surface,MISSING,Surface tag is recommended to assess accessibility
1342380714,way,surface,MISSING,Surface tag is recommended to assess accessibility
1342380715,way,surface,MISSING,Surface tag is recommended to assess accessibility
1342380716,way,surface,MISSING,Surface tag is recommended to assess accessibility
1342381175,way,surface,MISSING,Surface tag is recommended to assess accessibility
1342433692,way,surface,MISSING,Surface tag is recommended to assess accessibility
1342439974,way,surface,MISSING,Surface tag is recommended to assess accessibility
1342439975,way,surface,MISSING,Surface tag is recommended to assess accessibility
1342451922,way,surface,MISSING,Surface tag is recommended to assess accessibility
1342451923,way,surface,MISSING,Surface tag is recommended to assess accessibility
1342451924,way,surface,MISSING,Surface tag is recommended to assess accessibility
1342478387,way,surface,MISSING,Surface tag is recommended to assess accessibility
1342479506,way,surface,MISSING,Surface tag is recommended to assess accessibility
1342479507,way,surface,MISSING,Surface tag is recommended to assess accessibility
1343238724,way,surface,MISSING,Surface tag is recommended to assess accessibility
1343263430,way,surface,MISSING,Surface tag is recommended to assess accessibility
1343263438,way,surface,MISSING,Surface tag is recommended to assess accessibility
1343263441,way,surface,MISSING,Surface tag is recommended to assess accessibility
1343264345,way,surface,MISSING,Surface tag is recommended to assess accessibility
1343266378,way,surface,MISSING,Surface tag is recommended to assess accessibility
1343266379,way,surface,MISSING,Surface tag is recommended to assess accessibility
1343266388,way,surface,MISSING,Surface tag is recommended to assess accessibility
1343267540,way,surface,MISSING,Surface tag is recommended to assess accessibility
1343269404,way,surface,MISSING,Surface tag is recommended to assess accessibility
1343270407,way,surface,MISSING,Surface tag is recommended to assess accessibility
1343273257,way,surface,MISSING,Surface tag is recommended to assess accessibility
1343273540,way,surface,MISSING,Surface tag is recommended to assess accessibility
1343274268,way,surface,MISSING,Surface tag is recommended to assess accessibility
1343274269,way,surface,MISSING,Surface tag is recommended to assess accessibility
1343296858,way,surface,MISSING,Surface tag is recommended to assess accessibility
1343299171,way,surface,MISSING,Surface tag is recommended to assess accessibility
1343301367,way,surface,MISSING,Surface tag is recommended to assess accessibility
1343301368,way,surface,MISSING,Surface tag is recommended to assess accessibility
1343301369,way,surface,MISSING,Surface tag is recommended to assess accessibility
1343332824,way,surface,MISSING,Surface tag is recommended to assess accessibility
1343332825,way,surface,MISSING,Surface tag is recommended to assess accessibility
1343337931,way,surface,MISSING,Surface tag is recommended to assess accessibility
1343337932,way,surface,MISSING,Surface tag is recommended to assess accessibility
1343339689,way,surface,MISSING,Surface tag is recommended to assess accessibility
1343339921,way,surface,MISSING,Surface tag is recommended to assess accessibility
1343339922,way,surface,MISSING,Surface tag is recommended to assess accessibility
1343339928,way,surface,MISSING,Surface tag is recommended to assess accessibility
1343339929,way,surface,MISSING,Surface tag is recommended to assess accessibility
1343344666,way,surface,MISSING,Surface tag is recommended to assess accessibility
1343344996,way,surface,MISSING,Surface tag is recommended to assess accessibility
1343345374,way,surface,MISSING,Surface tag is recommended to assess accessibility
1343345375,way,surface,MISSING,Surface tag is recommended to assess accessibility
1343350530,way,surface,MISSING,Surface tag is recommended to assess accessibility
1343350531,way,surface,MISSING,Surface tag is recommended to assess accessibility
1343350532,way,surface,MISSING,Surface tag is recommended to assess accessibility
1343350835,way,surface,MISSING,Surface tag is recommended to assess accessibility
1343350836,way,surface,MISSING,Surface tag is recommended to assess accessibility
1343350862,way,surface,MISSING,Surface tag is recommended to assess accessibility
1343372764,way,surface,MISSING,Surface tag is recommended to assess accessibility
1343372765,way,surface,MISSING,Surface tag is recommended to assess accessibility
1343372766,way,surface,MISSING,Surface tag is recommended to assess accessibility
1343374067,way,surface,MISSING,Surface tag is recommended to assess accessibility
1343376508,way,surface,MISSING,Surface tag is recommended to assess accessibility
1343376509,way,surface,MISSING,Surface tag is recommended to assess accessibility
1343376885,way,surface,MISSING,Surface tag is recommended to assess accessibility
1343376886,way,surface,MISSING,Surface tag is recommended to assess accessibility
1343377001,way,surface,MISSING,Surface tag is recommended to assess accessibility
1343377019,way,surface,MISSING,Surface tag is recommended to assess accessibility
1343378170,way,surface,MISSING,Surface tag is recommended to assess accessibility
1343378171,way,surface,MISSING,Surface tag is recommended to assess accessibility
1343387428,way,surface,MISSING,Surface tag is recommended to assess accessibility
1343387429,way,surface,MISSING,Surface tag is recommended to assess accessibility
1343387430,way,surface,MISSING,Surface tag is recommended to assess accessibility
1343388039,way,surface,MISSING,Surface tag is recommended to assess accessibility
1343388047,way,surface,MISSING,Surface tag is recommended to assess accessibility
1343388048,way,surface,MISSING,Surface tag is recommended to assess accessibility
1343388049,way,surface,MISSING,Surface tag is recommended to assess accessibility
1343388393,way,surface,MISSING,Surface tag is recommended to assess accessibility
1343388394,way,surface,MISSING,Surface tag is recommended to assess accessibility
1343388395,way,surface,MISSING,Surface tag is recommended to assess accessibility
1343400411,way,surface,MISSING,Surface tag is recommended to assess accessibility
1343400414,way,surface,MISSING,Surface tag is recommended to assess accessibility
1343400955,way,surface,MISSING,Surface tag is recommended to assess accessibility
1343403378,way,surface,MISSING,Surface tag is recommended to assess accessibility
1343403380,way,surface,MISSING,Surface tag is recommended to assess accessibility
1343403381,way,surface,MISSING,Surface tag is recommended to assess accessibility
1343404515,way,surface,MISSING,Surface tag is recommended to assess accessibility
1343404848,way,surface,MISSING,Surface tag is recommended to assess accessibility
1343408402,way,surface,MISSING,Surface tag is recommended to assess accessibility
1343408403,way,surface,MISSING,Surface tag is recommended to assess accessibility
1343409674,way,surface,MISSING,Surface tag is recommended to assess accessibility
1343413929,way,surface,MISSING,Surface tag is recommended to assess accessibility
1343413930,way,surface,MISSING,Surface tag is recommended to assess accessibility
1343415912,way,surface,MISSING,Surface tag is recommended to assess accessibility
1343415913,way,surface,MISSING,Surface tag is recommended to assess accessibility
1343417612,way,surface,MISSING,Surface tag is recommended to assess accessibility
1343417613,way,surface,MISSING,Surface tag is recommended to assess accessibility
1343417614,way,surface,MISSING,Surface tag is recommended to assess accessibility
1343437442,way,surface,MISSING,Surface tag is recommended to assess accessibility
1343438053,way,surface,MISSING,Surface tag is recommended to assess accessibility
1343438054,way,surface,MISSING,Surface tag is recommended to assess accessibility
1343440387,way,surface,MISSING,Surface tag is recommended to assess accessibility
1343440426,way,surface,MISSING,Surface tag is recommended to assess accessibility
1343440427,way,surface,MISSING,Surface tag is recommended to assess accessibility
1343440428,way,surface,MISSING,Surface tag is recommended to assess accessibility
1343442275,way,surface,MISSING,Surface tag is recommended to assess accessibility
1343442276,way,surface,MISSING,Surface tag is recommended to assess accessibility
1343444112,way,surface,MISSING,Surface tag is recommended to assess accessibility
1343445150,way,surface,MISSING,Surface tag is recommended to assess accessibility
1343445151,way,surface,MISSING,Surface tag is recommended to assess accessibility
1343446459,way,surface,MISSING,Surface tag is recommended to assess accessibility
1343446460,way,surface,MISSING,Surface tag is recommended to assess accessibility
1343446992,way,surface,MISSING,Surface tag is recommended to assess accessibility
1343446994,way,surface,MISSING,Surface tag is recommended to assess accessibility
1343446995,way,surface,MISSING,Surface tag is recommended to assess accessibility
1343450145,way,surface,MISSING,Surface tag is recommended to assess accessibility
1343455811,way,surface,MISSING,Surface tag is recommended to assess accessibility
1343455813,way,surface,MISSING,Surface tag is recommended to assess accessibility
1343463610,way,surface,MISSING,Surface tag is recommended to assess accessibility
1343463612,way,surface,MISSING,Surface tag is recommended to assess accessibility
1343463613,way,surface,MISSING,Surface tag is recommended to assess accessibility
1343464850,way,surface,MISSING,Surface tag is recommended to assess accessibility
1343465760,way,surface,MISSING,Surface tag is recommended to assess accessibility
1343465761,way,surface,MISSING,Surface tag is recommended to assess accessibility
1343466023,way,surface,MISSING,Surface tag is recommended to assess accessibility
1343466026,way,surface,MISSING,Surface tag is recommended to assess accessibility
1343468173,way,surface,MISSING,Surface tag is recommended to assess accessibility
1343468174,way,surface,MISSING,Surface tag is recommended to assess accessibility
1343468175,way,surface,MISSING,Surface tag is recommended to assess accessibility
1343468925,way,surface,MISSING,Surface tag is recommended to assess accessibility
1343470246,way,surface,MISSING,Surface tag is recommended to assess accessibility
1343470247,way,surface,MISSING,Surface tag is recommended to assess accessibility
1343470248,way,surface,MISSING,Surface tag is recommended to assess accessibility
1343472405,way,surface,MISSING,Surface tag is recommended to assess accessibility
1343472406,way,surface,MISSING,Surface tag is recommended to assess accessibility
1343475005,way,surface,MISSING,Surface tag is recommended to assess accessibility
1343475265,way,surface,MISSING,Surface tag is recommended to assess accessibility
1343475266,way,surface,MISSING,Surface tag is recommended to assess accessibility
1343475267,way,surface,MISSING,Surface tag is recommended to assess accessibility
1343475521,way,surface,MISSING,Surface tag is recommended to assess accessibility
1343476233,way,surface,MISSING,Surface tag is recommended to assess accessibility
1343477396,way,surface,MISSING,Surface tag is recommended to assess accessibility
1343477399,way,surface,MISSING,Surface tag is recommended to assess accessibility
1343477400,way,surface,MISSING,Surface tag is recommended to assess accessibility
1343477401,way,surface,MISSING,Surface tag is recommended to assess accessibility
1343477402,way,surface,MISSING,Surface tag is recommended to assess accessibility
1343480660,way,surface,MISSING,Surface tag is recommended to assess accessibility
1343480957,way,surface,MISSING,Surface tag is recommended to assess accessibility
1343481094,way,surface,MISSING,Surface tag is recommended to assess accessibility
1343481095,way,surface,MISSING,Surface tag is recommended to assess accessibility
1343481096,way,surface,MISSING,Surface tag is recommended to assess accessibility
1343481116,way,surface,MISSING,Surface tag is recommended to assess accessibility
1343482129,way,surface,MISSING,Surface tag is recommended to assess accessibility
1343482130,way,surface,MISSING,Surface tag is recommended to assess accessibility
1343486409,way,surface,MISSING,Surface tag is recommended to assess accessibility
1343486449,way,surface,MISSING,Surface tag is recommended to assess accessibility
1343486450,way,surface,MISSING,Surface tag is recommended to assess accessibility
1343487096,way,surface,MISSING,Surface tag is recommended to assess accessibility
1343487097,way,surface,MISSING,Surface tag is recommended to assess accessibility
1343487676,way,surface,MISSING,Surface tag is recommended to assess accessibility
1343489097,way,surface,MISSING,Surface tag is recommended to assess accessibility
1343489548,way,surface,MISSING,Surface tag is recommended to assess accessibility
1343489549,way,surface,MISSING,Surface tag is recommended to assess accessibility
1343489550,way,surface,MISSING,Surface tag is recommended to assess accessibility
1343490181,way,surface,MISSING,Surface tag is recommended to assess accessibility
1343490429,way,surface,MISSING,Surface tag is recommended to assess accessibility
1343504450,way,surface,MISSING,Surface tag is recommended to assess accessibility
1343505239,way,surface,MISSING,Surface tag is recommended to assess accessibility
1343507557,way,surface,MISSING,Surface tag is recommended to assess accessibility
1343507558,way,surface,MISSING,Surface tag is recommended to assess accessibility
1343507559,way,surface,MISSING,Surface tag is recommended to assess accessibility
1343509633,way,surface,MISSING,Surface tag is recommended to assess accessibility
1343510311,way,surface,MISSING,Surface tag is recommended to assess accessibility
1343515597,way,surface,MISSING,Surface tag is recommended to assess accessibility
1343515600,way,surface,MISSING,Surface tag is recommended to assess accessibility
1343517405,way,surface,MISSING,Surface tag is recommended to assess accessibility
1343520244,way,surface,MISSING,Surface tag is recommended to assess accessibility
1343520828,way,surface,MISSING,Surface tag is recommended to assess accessibility
1343520829,way,surface,MISSING,Surface tag is recommended to assess accessibility
1343521451,way,surface,MISSING,Surface tag is recommended to assess accessibility
1343521452,way,surface,MISSING,Surface tag is recommended to assess accessibility
1343521455,way,surface,MISSING,Surface tag is recommended to assess accessibility
1343521456,way,surface,MISSING,Surface tag is recommended to assess accessibility
1343521457,way,surface,MISSING,Surface tag is recommended to assess accessibility
1343522364,way,surface,MISSING,Surface tag is recommended to assess accessibility
1343524530,way,surface,MISSING,Surface tag is recommended to assess accessibility
1343524531,way,surface,MISSING,Surface tag is recommended to assess accessibility
1343524532,way,surface,MISSING,Surface tag is recommended to assess accessibility
1343524533,way,surface,MISSING,Surface tag is recommended to assess accessibility
1343524534,way,surface,MISSING,Surface tag is recommended to assess accessibility
1343524535,way,surface,MISSING,Surface tag is recommended to assess accessibility
1343532582,way,surface,MISSING,Surface tag is recommended to assess accessibility
1343533716,way,surface,MISSING,Surface tag is recommended to assess accessibility
1343536263,way,surface,MISSING,Surface tag is recommended to assess accessibility
1343538963,way,surface,MISSING,Surface tag is recommended to assess accessibility
1343538964,way,surface,MISSING,Surface tag is recommended to assess accessibility
1343539059,way,surface,MISSING,Surface tag is recommended to assess accessibility
1343539069,way,surface,MISSING,Surface tag is recommended to assess accessibility
1343540160,way,surface,MISSING,Surface tag is recommended to assess accessibility
1343540161,way,surface,MISSING,Surface tag is recommended to assess accessibility
1343540790,way,surface,MISSING,Surface tag is recommended to assess accessibility
1343540791,way,surface,MISSING,Surface tag is recommended to assess accessibility
1343540793,way,surface,MISSING,Surface tag is recommended to assess accessibility
1343540794,way,surface,MISSING,Surface tag is recommended to assess accessibility
1343543512,way,surface,MISSING,Surface tag is recommended to assess accessibility
1343549553,way,surface,MISSING,Surface tag is recommended to assess accessibility
1343549667,way,surface,MISSING,Surface tag is recommended to assess accessibility
1343550559,way,surface,MISSING,Surface tag is recommended to assess accessibility
1343550560,way,surface,MISSING,Surface tag is recommended to assess accessibility
1343551207,way,surface,MISSING,Surface tag is recommended to assess accessibility
1343551208,way,surface,MISSING,Surface tag is recommended to assess accessibility
1343551247,way,surface,MISSING,Surface tag is recommended to assess accessibility
1343551248,way,surface,MISSING,Surface tag is recommended to assess accessibility
1343551765,way,surface,MISSING,Surface tag is recommended to assess accessibility
1343555883,way,surface,MISSING,Surface tag is recommended to assess accessibility
1343555884,way,surface,MISSING,Surface tag is recommended to assess accessibility
1343555885,way,surface,MISSING,Surface tag is recommended to assess accessibility
1343613606,way,surface,MISSING,Surface tag is recommended to assess accessibility
1343613607,way,surface,MISSING,Surface tag is recommended to assess accessibility
1343613608,way,surface,MISSING,Surface tag is recommended to assess accessibility
1343613609,way,surface,MISSING,Surface tag is recommended to assess accessibility
1343615199,way,surface,MISSING,Surface tag is recommended to assess accessibility
1343617002,way,surface,MISSING,Surface tag is recommended to assess accessibility
1343619613,way,surface,MISSING,Surface tag is recommended to assess accessibility
1343619614,way,surface,MISSING,Surface tag is recommended to assess accessibility
1343620527,way,surface,MISSING,Surface tag is recommended to assess accessibility
1343620528,way,surface,MISSING,Surface tag is recommended to assess accessibility
1343621149,way,surface,MISSING,Surface tag is recommended to assess accessibility
1343621150,way,surface,MISSING,Surface tag is recommended to assess accessibility
1343622902,way,surface,MISSING,Surface tag is recommended to assess accessibility
1343629137,way,surface,MISSING,Surface tag is recommended to assess accessibility
1343629138,way,surface,MISSING,Surface tag is recommended to assess accessibility
1343629139,way,surface,MISSING,Surface tag is recommended to assess accessibility
1343631563,way,surface,MISSING,Surface tag is recommended to assess accessibility
1343631564,way,surface,MISSING,Surface tag is recommended to assess accessibility
1343635146,way,surface,MISSING,Surface tag is recommended to assess accessibility
1343635147,way,surface,MISSING,Surface tag is recommended to assess accessibility
1343635148,way,surface,MISSING,Surface tag is recommended to assess accessibility
1343635149,way,surface,MISSING,Surface tag is recommended to assess accessibility
1343635150,way,surface,MISSING,Surface tag is recommended to assess accessibility
1343635345,way,surface,MISSING,Surface tag is recommended to assess accessibility
1343637980,way,surface,MISSING,Surface tag is recommended to assess accessibility
1343637981,way,surface,MISSING,Surface tag is recommended to assess accessibility
1343637982,way,surface,MISSING,Surface tag is recommended to assess accessibility
1343656325,way,surface,MISSING,Surface tag is recommended to assess accessibility
1343669102,way,surface,MISSING,Surface tag is recommended to assess accessibility
1343669103,way,surface,MISSING,Surface tag is recommended to assess accessibility
1343956573,way,surface,MISSING,Surface tag is recommended to assess accessibility
1343956574,way,surface,MISSING,Surface tag is recommended to assess accessibility
1346516741,way,surface,MISSING,Surface tag is recommended to assess accessibility
1357880686,way,surface,MISSING,Surface tag is recommended to assess accessibility
1357894410,way,surface,MISSING,Surface tag is recommended to assess accessibility
1358713917,way,surface,MISSING,Surface tag is recommended to assess accessibility
1358713918,way,surface,MISSING,Surface tag is recommended to assess accessibility
1358890875,way,surface,MISSING,Surface tag is recommended to assess accessibility
1358890876,way,surface,MISSING,Surface tag is recommended to assess accessibility
1359716669,way,surface,MISSING,Surface tag is recommended to assess accessibility
1359716671,way,surface,MISSING,Surface tag is recommended to assess accessibility
1360683264,way,surface,MISSING,Surface tag is recommended to assess accessibility
1360688012,way,surface,MISSING,Surface tag is recommended to assess accessibility
1360717580,way,surface,MISSING,Surface tag is recommended to assess accessibility
1360717583,way,surface,MISSING,Surface tag is recommended to assess accessibility
1360717585,way,surface,MISSING,Surface tag is recommended to assess accessibility
1360966432,way,surface,MISSING,Surface tag is recommended to assess accessibility
1360989553,way,surface,MISSING,Surface tag is recommended to assess accessibility
1360989554,way,surface,MISSING,Surface tag is recommended to assess accessibility
1360989555,way,surface,MISSING,Surface tag is recommended to assess accessibility
1361024221,way,surface,MISSING,Surface tag is recommended to assess accessibility
1361032702,way,surface,MISSING,Surface tag is recommended to assess accessibility
1361033352,way,surface,MISSING,Surface tag is recommended to assess accessibility
1361033353,way,surface,MISSING,Surface tag is recommended to assess accessibility
1374206559,way,surface,MISSING,Surface tag is recommended to assess accessibility
1374215311,way,surface,MISSING,Surface tag is recommended to assess accessibility
1374215312,way,surface,MISSING,Surface tag is recommended to assess accessibility
1374215313,way,surface,MISSING,Surface tag is recommended to assess accessibility
1374215314,way,surface,MISSING,Surface tag is recommended to assess accessibility
1374215321,way,surface,MISSING,Surface tag is recommended to assess accessibility
1374215322,way,surface,MISSING,Surface tag is recommended to assess accessibility
1374215323,way,surface,MISSING,Surface tag is recommended to assess accessibility
1374215324,way,surface,MISSING,Surface tag is recommended to assess accessibility
1374215325,way,surface,MISSING,Surface tag is recommended to assess accessibility
1374215326,way,surface,MISSING,Surface tag is recommended to assess accessibility
1374215327,way,surface,MISSING,Surface tag is recommended to assess accessibility
1374215328,way,surface,MISSING,Surface tag is recommended to assess accessibility
1375938838,way,surface,MISSING,Surface tag is recommended to assess accessibility
1375938840,way,surface,MISSING,Surface tag is recommended to assess accessibility
1375938841,way,surface,MISSING,Surface tag is recommended to assess accessibility
1375938842,way,surface,MISSING,Surface tag is recommended to assess accessibility
1375938843,way,surface,MISSING,Surface tag is recommended to assess accessibility
1378112922,way,surface,MISSING,Surface tag is recommended to assess accessibility
1378424484,way,surface,MISSING,Surface tag is recommended to assess accessibility
1378424485,way,surface,MISSING,Surface tag is recommended to assess accessibility
1382604480,way,surface,MISSING,Surface tag is recommended to assess accessibility
1384422386,way,surface,MISSING,Surface tag is recommended to assess accessibility
1384427758,way,surface,MISSING,Surface tag is recommended to assess accessibility
1384427759,way,surface,MISSING,Surface tag is recommended to assess accessibility
1384427762,way,surface,MISSING,Surface tag is recommended to assess accessibility
1384427763,way,surface,MISSING,Surface tag is recommended to assess accessibility
1384751173,way,surface,MISSING,Surface tag is recommended to assess accessibility
1384751175,way,surface,MISSING,Surface tag is recommended to assess accessibility
1384800793,way,surface,MISSING,Surface tag is recommended to assess accessibility
1384800794,way,surface,MISSING,Surface tag is recommended to assess accessibility
1384800795,way,surface,MISSING,Surface tag is recommended to assess accessibility
1384800796,way,surface,MISSING,Surface tag is recommended to assess accessibility
1385132630,way,surface,MISSING,Surface tag is recommended to assess accessibility
1385132632,way,surface,MISSING,Surface tag is recommended to assess accessibility
1385132633,way,surface,MISSING,Surface tag is recommended to assess accessibility
1385132634,way,surface,MISSING,Surface tag is recommended to assess accessibility
1385132637,way,surface,MISSING,Surface tag is recommended to assess accessibility
1385158804,way,surface,MISSING,Surface tag is recommended to assess accessibility
1385158805,way,surface,MISSING,Surface tag is recommended to assess accessibility
1385158806,way,surface,MISSING,Surface tag is recommended to assess accessibility
1385158807,way,surface,MISSING,Surface tag is recommended to assess accessibility
1385158808,way,surface,MISSING,Surface tag is recommended to assess accessibility
1385158809,way,surface,MISSING,Surface tag is recommended to assess accessibility
1385158810,way,surface,MISSING,Surface tag is recommended to assess accessibility
1385178902,way,surface,MISSING,Surface tag is recommended to assess accessibility
1385178903,way,surface,MISSING,Surface tag is recommended to assess accessibility
1385178905,way,surface,MISSING,Surface tag is recommended to assess accessibility
1385178906,way,surface,MISSING,Surface tag is recommended to assess accessibility
1385178908,way,surface,MISSING,Surface tag is recommended to assess accessibility
1385178909,way,surface,MISSING,Surface tag is recommended to assess accessibility
1385178911,way,surface,MISSING,Surface tag is recommended to assess accessibility
1385178912,way,surface,MISSING,Surface tag is recommended to assess accessibility
1385178916,way,surface,MISSING,Surface tag is recommended to assess accessibility
1385178917,way,surface,MISSING,Surface tag is recommended to assess accessibility
1385178918,way,surface,MISSING,Surface tag is recommended to assess accessibility
1385178920,way,surface,MISSING,Surface tag is recommended to assess accessibility
1385191147,way,surface,MISSING,Surface tag is recommended to assess accessibility
1385191148,way,surface,MISSING,Surface tag is recommended to assess accessibility
1385211073,way,surface,MISSING,Surface tag is recommended to assess accessibility
1385211074,way,surface,MISSING,Surface tag is recommended to assess accessibility
1385221177,way,surface,MISSING,Surface tag is recommended to assess accessibility
1386025409,way,surface,MISSING,Surface tag is recommended to assess accessibility
1386025410,way,surface,MISSING,Surface tag is recommended to assess accessibility
1386281773,way,surface,MISSING,Surface tag is recommended to assess accessibility
1386315532,way,surface,MISSING,Surface tag is recommended to assess accessibility
1386315533,way,surface,MISSING,Surface tag is recommended to assess accessibility
1386315534,way,surface,MISSING,Surface tag is recommended to assess accessibility
1386315535,way,surface,MISSING,Surface tag is recommended to assess accessibility
1386315537,way,surface,MISSING,Surface tag is recommended to assess accessibility
1386315538,way,surface,MISSING,Surface tag is recommended to assess accessibility
1386315539,way,surface,MISSING,Surface tag is recommended to assess accessibility
1386351188,way,surface,MISSING,Surface tag is recommended to assess accessibility
1386351189,way,surface,MISSING,Surface tag is recommended to assess accessibility
1386351191,way,surface,MISSING,Surface tag is recommended to assess accessibility
1386351192,way,surface,MISSING,Surface tag is recommended to assess accessibility
1386657824,way,surface,MISSING,Surface tag is recommended to assess accessibility
1386658012,way,surface,MISSING,Surface tag is recommended to assess accessibility
1386673969,way,surface,MISSING,Surface tag is recommended to assess accessibility
1386754996,way,surface,MISSING,Surface tag is recommended to assess accessibility
1386754997,way,surface,MISSING,Surface tag is recommended to assess accessibility
1386754998,way,surface,MISSING,Surface tag is recommended to assess accessibility
1386766952,way,surface,MISSING,Surface tag is recommended to assess accessibility
1386766954,way,surface,MISSING,Surface tag is recommended to assess accessibility
1386779171,way,surface,MISSING,Surface tag is recommended to assess accessibility
1387073304,way,surface,MISSING,Surface tag is recommended to assess accessibility
1387106427,way,surface,MISSING,Surface tag is recommended to assess accessibility
1387108878,way,surface,MISSING,Surface tag is recommended to assess accessibility
1387108879,way,surface,MISSING,Surface tag is recommended to assess accessibility
1387337170,way,surface,MISSING,Surface tag is recommended to assess accessibility
1389186032,way,surface,MISSING,Surface tag is recommended to assess accessibility
1391711175,way,surface,MISSING,Surface tag is recommended to assess accessibility
1391711176,way,surface,MISSING,Surface tag is recommended to assess accessibility
1391711177,way,surface,MISSING,Surface tag is recommended to assess accessibility
1391711178,way,surface,MISSING,Surface tag is recommended to assess accessibility
1391711179,way,surface,MISSING,Surface tag is recommended to assess accessibility
1391863717,way,surface,MISSING,Surface tag is recommended to assess accessibility
1391863718,way,surface,MISSING,Surface tag is recommended to assess accessibility
1391863721,way,surface,MISSING,Surface tag is recommended to assess accessibility
1391863722,way,surface,MISSING,Surface tag is recommended to assess accessibility
1391879854,way,surface,MISSING,Surface tag is recommended to assess accessibility
1391917659,way,surface,MISSING,Surface tag is recommended to assess accessibility
1391917660,way,surface,MISSING,Surface tag is recommended to assess accessibility
1391917661,way,surface,MISSING,Surface tag is recommended to assess accessibility
1391917662,way,surface,MISSING,Surface tag is recommended to assess accessibility
1391917663,way,surface,MISSING,Surface tag is recommended to assess accessibility
1391917664,way,surface,MISSING,Surface tag is recommended to assess accessibility
1393140186,way,surface,MISSING,Surface tag is recommended to assess accessibility
1393140190,way,surface,MISSING,Surface tag is recommended to assess accessibility
1393140191,way,surface,MISSING,Surface tag is recommended to assess accessibility
1393140192,way,surface,MISSING,Surface tag is recommended to assess accessibility
1393140194,way,surface,MISSING,Surface tag is recommended to assess accessibility
1393140196,way,surface,MISSING,Surface tag is recommended to assess accessibility
1393435582,way,surface,MISSING,Surface tag is recommended to assess accessibility
1393435584,way,surface,MISSING,Surface tag is recommended to assess accessibility
1393435585,way,surface,MISSING,Surface tag is recommended to assess accessibility
1393454519,way,surface,MISSING,Surface tag is recommended to assess accessibility
1393454520,way,surface,MISSING,Surface tag is recommended to assess accessibility
1393454523,way,surface,MISSING,Surface tag is recommended to assess accessibility
1393454524,way,surface,MISSING,Surface tag is recommended to assess accessibility
1393454527,way,surface,MISSING,Surface tag is recommended to assess accessibility
1393454528,way,surface,MISSING,Surface tag is recommended to assess accessibility
1393454529,way,surface,MISSING,Surface tag is recommended to assess accessibility
1393454533,way,surface,MISSING,Surface tag is recommended to assess accessibility
1393454534,way,surface,MISSING,Surface tag is recommended to assess accessibility
1393454535,way,surface,MISSING,Surface tag is recommended to assess accessibility
1393454536,way,surface,MISSING,Surface tag is recommended to assess accessibility
1393454539,way,surface,MISSING,Surface tag is recommended to assess accessibility
1393454540,way,surface,MISSING,Surface tag is recommended to assess accessibility
1393454543,way,surface,MISSING,Surface tag is recommended to assess accessibility
1393454544,way,surface,MISSING,Surface tag is recommended to assess accessibility
1393454547,way,surface,MISSING,Surface tag is recommended to assess accessibility
1393454548,way,surface,MISSING,Surface tag is recommended to assess accessibility
1393454551,way,surface,MISSING,Surface tag is recommended to assess accessibility
1393454552,way,surface,MISSING,Surface tag is recommended to assess accessibility
1393454555,way,surface,MISSING,Surface tag is recommended to assess accessibility
1393454556,way,surface,MISSING,Surface tag is recommended to assess accessibility
1393454559,way,surface,MISSING,Surface tag is recommended to assess accessibility
1393454560,way,surface,MISSING,Surface tag is recommended to assess accessibility
1393475453,way,surface,MISSING,Surface tag is recommended to assess accessibility
1394870680,way,surface,MISSING,Surface tag is recommended to assess accessibility
1410439057,way,surface,MISSING,Surface tag is recommended to assess accessibility
1410439058,way,surface,MISSING,Surface tag is recommended to assess accessibility
1410439060,way,surface,MISSING,Surface tag is recommended to assess accessibility
1410439062,way,surface,MISSING,Surface tag is recommended to assess accessibility
1410439064,way,surface,MISSING,Surface tag is recommended to assess accessibility
1410439066,way,surface,MISSING,Surface tag is recommended to assess accessibility
1410439068,way,surface,MISSING,Surface tag is recommended to assess accessibility
1410439069,way,surface,MISSING,Surface tag is recommended to assess accessibility
1410439862,way,surface,MISSING,Surface tag is recommended to assess accessibility
1410455545,way,surface,MISSING,Surface tag is recommended to assess accessibility
1410712764,way,surface,MISSING,Surface tag is recommended to assess accessibility
1410712766,way,surface,MISSING,Surface tag is recommended to assess accessibility
1410712767,way,surface,MISSING,Surface tag is recommended to assess accessibility
1410712768,way,surface,MISSING,Surface tag is recommended to assess accessibility
1410712772,way,surface,MISSING,Surface tag is recommended to assess accessibility
1410712774,way,surface,MISSING,Surface tag is recommended to assess accessibility
1410712775,way,surface,MISSING,Surface tag is recommended to assess accessibility
1410712777,way,surface,MISSING,Surface tag is recommended to assess accessibility
1410712778,way,surface,MISSING,Surface tag is recommended to assess accessibility
1410712780,way,surface,MISSING,Surface tag is recommended to assess accessibility
1410712781,way,surface,MISSING,Surface tag is recommended to assess accessibility
1410712782,way,surface,MISSING,Surface tag is recommended to assess accessibility
1410712783,way,surface,MISSING,Surface tag is recommended to assess accessibility
1410712789,way,surface,MISSING,Surface tag is recommended to assess accessibility
1410712790,way,surface,MISSING,Surface tag is recommended to assess accessibility
1410712792,way,surface,MISSING,Surface tag is recommended to assess accessibility
1410809479,way,surface,MISSING,Surface tag is recommended to assess accessibility
1410809480,way,surface,MISSING,Surface tag is recommended to assess accessibility
1410839891,way,surface,MISSING,Surface tag is recommended to assess accessibility
1410839893,way,surface,MISSING,Surface tag is recommended to assess accessibility
1411060943,way,surface,MISSING,Surface tag is recommended to assess accessibility
1411069453,way,surface,MISSING,Surface tag is recommended to assess accessibility
1411071484,way,surface,MISSING,Surface tag is recommended to assess accessibility
1411072487,way,surface,MISSING,Surface tag is recommended to assess accessibility
1411073947,way,surface,MISSING,Surface tag is recommended to assess accessibility
1411073948,way,surface,MISSING,Surface tag is recommended to assess accessibility
1411073949,way,surface,MISSING,Surface tag is recommended to assess accessibility
1411080412,way,surface,MISSING,Surface tag is recommended to assess accessibility
1411361540,way,surface,MISSING,Surface tag is recommended to assess accessibility
1411361541,way,surface,MISSING,Surface tag is recommended to assess accessibility
1411361546,way,surface,MISSING,Surface tag is recommended to assess accessibility
1411756577,way,surface,MISSING,Surface tag is recommended to assess accessibility
1411756582,way,surface,MISSING,Surface tag is recommended to assess accessibility
1411756583,way,surface,MISSING,Surface tag is recommended to assess accessibility
1411756584,way,surface,MISSING,Surface tag is recommended to assess accessibility
1411756585,way,surface,MISSING,Surface tag is recommended to assess accessibility
1411756587,way,surface,MISSING,Surface tag is recommended to assess accessibility
1411756597,way,surface,MISSING,Surface tag is recommended to assess accessibility
1411756600,way,surface,MISSING,Surface tag is recommended to assess accessibility
1411756601,way,surface,MISSING,Surface tag is recommended to assess accessibility
1411756602,way,surface,MISSING,Surface tag is recommended to assess accessibility
1411756603,way,surface,MISSING,Surface tag is recommended to assess accessibility
1411756604,way,surface,MISSING,Surface tag is recommended to assess accessibility
1411756605,way,surface,MISSING,Surface tag is recommended to assess accessibility
1411756606,way,surface,MISSING,Surface tag is recommended to assess accessibility
1413368442,way,surface,MISSING,Surface tag is recommended to assess accessibility
1413368443,way,surface,MISSING,Surface tag is recommended to assess accessibility
1413368444,way,surface,MISSING,Surface tag is recommended to assess accessibility
1413368449,way,surface,MISSING,Surface tag is recommended to assess accessibility
1413970983,way,surface,MISSING,Surface tag is recommended to assess accessibility
1413970985,way,surface,MISSING,Surface tag is recommended to assess accessibility
1414181084,way,surface,MISSING,Surface tag is recommended to assess accessibility
1414181085,way,surface,MISSING,Surface tag is recommended to assess accessibility
1414181090,way,surface,MISSING,Surface tag is recommended to assess accessibility
1414181092,way,surface,MISSING,Surface tag is recommended to assess accessibility
1414181094,way,surface,MISSING,Surface tag is recommended to assess accessibility
1414181096,way,surface,MISSING,Surface tag is recommended to assess accessibility
1414181098,way,surface,MISSING,Surface tag is recommended to assess accessibility
1414181104,way,surface,MISSING,Surface tag is recommended to assess accessibility
1415299752,way,surface,MISSING,Surface tag is recommended to assess accessibility
1415299754,way,surface,MISSING,Surface tag is recommended to assess accessibility
1415299755,way,surface,MISSING,Surface tag is recommended to assess accessibility
1415727145,way,surface,MISSING,Surface tag is recommended to assess accessibility
1415727146,way,surface,MISSING,Surface tag is recommended to assess accessibility
1415727148,way,surface,MISSING,Surface tag is recommended to assess accessibility
1416649235,way,surface,MISSING,Surface tag is recommended to assess accessibility
1416649236,way,surface,MISSING,Surface tag is recommended to assess accessibility
1416649237,way,surface,MISSING,Surface tag is recommended to assess accessibility
1416649238,way,surface,MISSING,Surface tag is recommended to assess accessibility
1416649239,way,surface,MISSING,Surface tag is recommended to assess accessibility
1416649240,way,surface,MISSING,Surface tag is recommended to assess accessibility
1418811394,way,surface,MISSING,Surface tag is recommended to assess accessibility
1418811395,way,surface,MISSING,Surface tag is recommended to assess accessibility
1418811423,way,surface,MISSING,Surface tag is recommended to assess accessibility
1420098931,way,surface,MISSING,Surface tag is recommended to assess accessibility
1420098932,way,surface,MISSING,Surface tag is recommended to assess accessibility
1420655331,way,surface,MISSING,Surface tag is recommended to assess accessibility
1421043520,way,surface,MISSING,Surface tag is recommended to assess accessibility
1422322873,way,surface,MISSING,Surface tag is recommended to assess accessibility
1422322879,way,surface,MISSING,Surface tag is recommended to assess accessibility
1422335033,way,surface,MISSING,Surface tag is recommended to assess accessibility
1422751445,way,surface,MISSING,Surface tag is recommended to assess accessibility
1423281225,way,surface,MISSING,Surface tag is recommended to assess accessibility
1423357140,way,surface,MISSING,Surface tag is recommended to assess accessibility
1423361359,way,surface,MISSING,Surface tag is recommended to assess accessibility
1423486998,way,surface,MISSING,Surface tag is recommended to assess accessibility
1423486999,way,surface,MISSING,Surface tag is recommended to assess accessibility
1423558110,way,surface,MISSING,Surface tag is recommended to assess accessibility
1423603214,way,surface,MISSING,Surface tag is recommended to assess accessibility
1423609101,way,surface,MISSING,Surface tag is recommended to assess accessibility
1423630820,way,surface,MISSING,Surface tag is recommended to assess accessibility
1423635298,way,surface,MISSING,Surface tag is recommended to assess accessibility
1423636031,way,surface,MISSING,Surface tag is recommended to assess accessibility
1423646021,way,surface,MISSING,Surface tag is recommended to assess accessibility
1423846478,way,surface,MISSING,Surface tag is recommended to assess accessibility
1423846479,way,surface,MISSING,Surface tag is recommended to assess accessibility
1423865089,way,surface,MISSING,Surface tag is recommended to assess accessibility
1423869593,way,surface,MISSING,Surface tag is recommended to assess accessibility
1423888794,way,surface,MISSING,Surface tag is recommended to assess accessibility
1423888802,way,surface,MISSING,Surface tag is recommended to assess accessibility
1423897715,way,surface,MISSING,Surface tag is recommended to assess accessibility
1423897726,way,surface,MISSING,Surface tag is recommended to assess accessibility
1423897737,way,surface,MISSING,Surface tag is recommended to assess accessibility
1423897740,way,surface,MISSING,Surface tag is recommended to assess accessibility
1423939245,way,surface,MISSING,Surface tag is recommended to assess accessibility
1427247496,way,surface,MISSING,Surface tag is recommended to assess accessibility
1427247498,way,surface,MISSING,Surface tag is recommended to assess accessibility
1427922996,way,surface,MISSING,Surface tag is recommended to assess accessibility
1428900523,way,surface,MISSING,Surface tag is recommended to assess accessibility
1428933533,way,surface,MISSING,Surface tag is recommended to assess accessibility
1428933534,way,surface,MISSING,Surface tag is recommended to assess accessibility
1428933535,way,surface,MISSING,Surface tag is recommended to assess accessibility
1428933536,way,surface,MISSING,Surface tag is recommended to assess accessibility
1429144578,way,surface,MISSING,Surface tag is recommended to assess accessibility
1430121908,way,surface,MISSING,Surface tag is recommended to assess accessibility
1430121909,way,surface,MISSING,Surface tag is recommended to assess accessibility
1430126159,way,surface,MISSING,Surface tag is recommended to assess accessibility
1430127793,way,surface,MISSING,Surface tag is recommended to assess accessibility
1430150166,way,surface,MISSING,Surface tag is recommended to assess accessibility
1430150167,way,surface,MISSING,Surface tag is recommended to assess accessibility
1430154505,way,surface,MISSING,Surface tag is recommended to assess accessibility
1431795072,way,surface,MISSING,Surface tag is recommended to assess accessibility
1433964086,way,surface,MISSING,Surface tag is recommended to assess accessibility
1435778932,way,surface,MISSING,Surface tag is recommended to assess accessibility
1435778942,way,surface,MISSING,Surface tag is recommended to assess accessibility
1435778946,way,surface,MISSING,Surface tag is recommended to assess accessibility
1435778953,way,surface,MISSING,Surface tag is recommended to assess accessibility
1441954080,way,surface,MISSING,Surface tag is recommended to assess accessibility
1442213091,way,surface,MISSING,Surface tag is recommended to assess accessibility
1442213092,way,surface,MISSING,Surface tag is recommended to assess accessibility
1442213093,way,surface,MISSING,Surface tag is recommended to assess accessibility
1442213096,way,surface,MISSING,Surface tag is recommended to assess accessibility
1442213097,way,surface,MISSING,Surface tag is recommended to assess accessibility
1442213102,way,surface,MISSING,Surface tag is recommended to assess accessibility
1442213103,way,surface,MISSING,Surface tag is recommended to assess accessibility
1442213105,way,surface,MISSING,Surface tag is recommended to assess accessibility
1442753179,way,surface,MISSING,Surface tag is recommended to assess accessibility
1442753181,way,surface,MISSING,Surface tag is recommended to assess accessibility
1442753182,way,surface,MISSING,Surface tag is recommended to assess accessibility
1442753184,way,surface,MISSING,Surface tag is recommended to assess accessibility
1442753185,way,surface,MISSING,Surface tag is recommended to assess accessibility
1442753187,way,surface,MISSING,Surface tag is recommended to assess accessibility
1442753189,way,surface,MISSING,Surface tag is recommended to assess accessibility
1442753191,way,surface,MISSING,Surface tag is recommended to assess accessibility
1442768728,way,surface,MISSING,Surface tag is recommended to assess accessibility
1442951062,way,surface,MISSING,Surface tag is recommended to assess accessibility
1443331423,way,surface,MISSING,Surface tag is recommended to assess accessibility
1443331424,way,surface,MISSING,Surface tag is recommended to assess accessibility
1443331425,way,surface,MISSING,Surface tag is recommended to assess accessibility
1443331426,way,surface,MISSING,Surface tag is recommended to assess accessibility
1443331428,way,surface,MISSING,Surface tag is recommended to assess accessibility
1443331429,way,surface,MISSING,Surface tag is recommended to assess accessibility
1443331430,way,surface,MISSING,Surface tag is recommended to assess accessibility
1443331431,way,surface,MISSING,Surface tag is recommended to assess accessibility
1443331433,way,surface,MISSING,Surface tag is recommended to assess accessibility
1443331434,way,surface,MISSING,Surface tag is recommended to assess accessibility
1443331436,way,surface,MISSING,Surface tag is recommended to assess accessibility
1443331437,way,surface,MISSING,Surface tag is recommended to assess accessibility
1443331438,way,surface,MISSING,Surface tag is recommended to assess accessibility
1443331439,way,surface,MISSING,Surface tag is recommended to assess accessibility
1443331440,way,surface,MISSING,Surface tag is recommended to assess accessibility
1443331441,way,surface,MISSING,Surface tag is recommended to assess accessibility
1443331442,way,surface,MISSING,Surface tag is recommended to assess accessibility
1443331443,way,surface,MISSING,Surface tag is recommended to assess accessibility
1443331444,way,surface,MISSING,Surface tag is recommended to assess accessibility
1443331447,way,surface,MISSING,Surface tag is recommended to assess accessibility
1443331449,way,surface,MISSING,Surface tag is recommended to assess accessibility
1443360090,way,surface,MISSING,Surface tag is recommended to assess accessibility
1443360094,way,surface,MISSING,Surface tag is recommended to assess accessibility
1443589473,way,surface,MISSING,Surface tag is recommended to assess accessibility
1443589476,way,surface,MISSING,Surface tag is recommended to assess accessibility
1443589477,way,surface,MISSING,Surface tag is recommended to assess accessibility
1443589479,way,surface,MISSING,Surface tag is recommended to assess accessibility
1445462004,way,surface,MISSING,Surface tag is recommended to assess accessibility
1445462021,way,surface,MISSING,Surface tag is recommended to assess accessibility
1447836694,way,surface,MISSING,Surface tag is recommended to assess accessibility
1450166190,way,surface,MISSING,Surface tag is recommended to assess accessibility
1450175529,way,surface,MISSING,Surface tag is recommended to assess accessibility
1450770084,way,surface,MISSING,Surface tag is recommended to assess accessibility
1450770085,way,surface,MISSING,Surface tag is recommended to assess accessibility
1450770087,way,surface,MISSING,Surface tag is recommended to assess accessibility
1450770088,way,surface,MISSING,Surface tag is recommended to assess accessibility
1450770089,way,surface,MISSING,Surface tag is recommended to assess accessibility
1450770090,way,surface,MISSING,Surface tag is recommended to assess accessibility
1450770091,way,surface,MISSING,Surface tag is recommended to assess accessibility
1451568825,way,surface,MISSING,Surface tag is recommended to assess accessibility
1451583751,way,surface,MISSING,Surface tag is recommended to assess accessibility
1451583752,way,surface,MISSING,Surface tag is recommended to assess accessibility
1451583753,way,surface,MISSING,Surface tag is recommended to assess accessibility
1451583754,way,surface,MISSING,Surface tag is recommended to assess accessibility
1451583755,way,surface,MISSING,Surface tag is recommended to assess accessibility
1452255090,way,surface,MISSING,Surface tag is recommended to assess accessibility
1452492159,way,surface,MISSING,Surface tag is recommended to assess accessibility
1452492161,way,surface,MISSING,Surface tag is recommended to assess accessibility
1452552366,way,surface,MISSING,Surface tag is recommended to assess accessibility
1452555228,way,surface,MISSING,Surface tag is recommended to assess accessibility
1454300943,way,surface,MISSING,Surface tag is recommended to assess accessibility
1455857866,way,surface,MISSING,Surface tag is recommended to assess accessibility
1455857868,way,surface,MISSING,Surface tag is recommended to assess accessibility
1456334009,way,surface,MISSING,Surface tag is recommended to assess accessibility
1456334011,way,surface,MISSING,Surface tag is recommended to assess accessibility
1456334026,way,surface,MISSING,Surface tag is recommended to assess accessibility
1456334028,way,surface,MISSING,Surface tag is recommended to assess accessibility
1456799757,way,surface,MISSING,Surface tag is recommended to assess accessibility
1456799758,way,surface,MISSING,Surface tag is recommended to assess accessibility
1456799759,way,surface,MISSING,Surface tag is recommended to assess accessibility
1456799762,way,surface,MISSING,Surface tag is recommended to assess accessibility
1456799763,way,surface,MISSING,Surface tag is recommended to assess accessibility
1456805422,way,surface,MISSING,Surface tag is recommended to assess accessibility
1456805423,way,surface,MISSING,Surface tag is recommended to assess accessibility
1456805424,way,surface,MISSING,Surface tag is recommended to assess accessibility
1456805425,way,surface,MISSING,Surface tag is recommended to assess accessibility
1456805427,way,surface,MISSING,Surface tag is recommended to assess accessibility
1460471586,way,surface,MISSING,Surface tag is recommended to assess accessibility
1460568371,way,surface,MISSING,Surface tag is recommended to assess accessibility
1460729991,way,surface,MISSING,Surface tag is recommended to assess accessibility
1461316140,way,surface,MISSING,Surface tag is recommended to assess accessibility
1461818445,way,surface,MISSING,Surface tag is recommended to assess accessibility
1461851593,way,surface,MISSING,Surface tag is recommended to assess accessibility
1461876387,way,surface,MISSING,Surface tag is recommended to assess accessibility
1461876388,way,surface,MISSING,Surface tag is recommended to assess accessibility
1461883928,way,surface,MISSING,Surface tag is recommended to assess accessibility
1461883930,way,surface,MISSING,Surface tag is recommended to assess accessibility
1462513411,way,surface,MISSING,Surface tag is recommended to assess accessibility
1462805271,way,surface,MISSING,Surface tag is recommended to assess accessibility
1462805277,way,surface,MISSING,Surface tag is recommended to assess accessibility
1462870745,way,surface,MISSING,Surface tag is recommended to assess accessibility
1463695940,way,surface,MISSING,Surface tag is recommended to assess accessibility
1463729206,way,surface,MISSING,Surface tag is recommended to assess accessibility
1464320243,way,surface,MISSING,Surface tag is recommended to assess accessibility
1464320244,way,surface,MISSING,Surface tag is recommended to assess accessibility
1464322838,way,surface,MISSING,Surface tag is recommended to assess accessibility
1464322839,way,surface,MISSING,Surface tag is recommended to assess accessibility
1464330764,way,surface,MISSING,Surface tag is recommended to assess accessibility
1464599386,way,surface,MISSING,Surface tag is recommended to assess accessibility
1464599387,way,surface,MISSING,Surface tag is recommended to assess accessibility
1476291402,way,surface,MISSING,Surface tag is recommended to assess accessibility
1476291403,way,surface,MISSING,Surface tag is recommended to assess accessibility
1476291404,way,surface,MISSING,Surface tag is recommended to assess accessibility
1476291407,way,surface,MISSING,Surface tag is recommended to assess accessibility
1476291409,way,surface,MISSING,Surface tag is recommended to assess accessibility
1476343870,way,surface,MISSING,Surface tag is recommended to assess accessibility
1479056311,way,surface,MISSING,Surface tag is recommended to assess accessibility
1479485248,way,surface,MISSING,Surface tag is recommended to assess accessibility
1480009559,way,surface,MISSING,Surface tag is recommended to assess accessibility
1480009560,way,surface,MISSING,Surface tag is recommended to assess accessibility
1480009561,way,surface,MISSING,Surface tag is recommended to assess accessibility
1480009562,way,surface,MISSING,Surface tag is recommended to assess accessibility
1480009566,way,surface,MISSING,Surface tag is recommended to assess accessibility
1480009571,way,surface,MISSING,Surface tag is recommended to assess accessibility
1480009574,way,surface,MISSING,Surface tag is recommended to assess accessibility
1480009575,way,surface,MISSING,Surface tag is recommended to assess accessibility
1480009576,way,surface,MISSING,Surface tag is recommended to assess accessibility
1480009577,way,surface,MISSING,Surface tag is recommended to assess accessibility
1480009578,way,surface,MISSING,Surface tag is recommended to assess accessibility
1480009579,way,surface,MISSING,Surface tag is recommended to assess accessibility
1480009580,way,surface,MISSING,Surface tag is recommended to assess accessibility
1480009581,way,surface,MISSING,Surface tag is recommended to assess accessibility
1480415840,way,surface,MISSING,Surface tag is recommended to assess accessibility
1480415841,way,surface,MISSING,Surface tag is recommended to assess accessibility
1480415842,way,surface,MISSING,Surface tag is recommended to assess accessibility
1480415843,way,surface,MISSING,Surface tag is recommended to assess accessibility
1480415844,way,surface,MISSING,Surface tag is recommended to assess accessibility
1480415845,way,surface,MISSING,Surface tag is recommended to assess accessibility
1480415846,way,surface,MISSING,Surface tag is recommended to assess accessibility
1480415847,way,surface,MISSING,Surface tag is recommended to assess accessibility
1480415848,way,surface,MISSING,Surface tag is recommended to assess accessibility
1480415849,way,surface,MISSING,Surface tag is recommended to assess accessibility
1480415850,way,surface,MISSING,Surface tag is recommended to assess accessibility
1480977225,way,surface,MISSING,Surface tag is recommended to assess accessibility
1480977226,way,surface,MISSING,Surface tag is recommended to assess accessibility
1480977227,way,surface,MISSING,Surface tag is recommended to assess accessibility
1480977228,way,surface,MISSING,Surface tag is recommended to assess accessibility
1480977229,way,surface,MISSING,Surface tag is recommended to assess accessibility
1480977230,way,surface,MISSING,Surface tag is recommended to assess accessibility
1480977231,way,surface,MISSING,Surface tag is recommended to assess accessibility
1480977232,way,surface,MISSING,Surface tag is recommended to assess accessibility
1480977233,way,surface,MISSING,Surface tag is recommended to assess accessibility
1480977234,way,surface,MISSING,Surface tag is recommended to assess accessibility
1480977235,way,surface,MISSING,Surface tag is recommended to assess accessibility
1480977236,way,surface,MISSING,Surface tag is recommended to assess accessibility
1480977237,way,surface,MISSING,Surface tag is recommended to assess accessibility
1480977238,way,surface,MISSING,Surface tag is recommended to assess accessibility
1480977239,way,surface,MISSING,Surface tag is recommended to assess accessibility
1480977242,way,surface,MISSING,Surface tag is recommended to assess accessibility
1480977243,way,surface,MISSING,Surface tag is recommended to assess accessibility
1480977244,way,surface,MISSING,Surface tag is recommended to assess accessibility
1480977245,way,surface,MISSING,Surface tag is recommended to assess accessibility
1480977246,way,surface,MISSING,Surface tag is recommended to assess accessibility
1480977247,way,surface,MISSING,Surface tag is recommended to assess accessibility
1480977248,way,surface,MISSING,Surface tag is recommended to assess accessibility
1480977249,way,surface,MISSING,Surface tag is recommended to assess accessibility
1480977254,way,surface,MISSING,Surface tag is recommended to assess accessibility
1480981921,way,surface,MISSING,Surface tag is recommended to assess accessibility
1480981922,way,surface,MISSING,Surface tag is recommended to assess accessibility
1480981923,way,surface,MISSING,Surface tag is recommended to assess accessibility
1480981924,way,surface,MISSING,Surface tag is recommended to assess accessibility
1480981925,way,surface,MISSING,Surface tag is recommended to assess accessibility
1480988673,way,surface,MISSING,Surface tag is recommended to assess accessibility
1480988674,way,surface,MISSING,Surface tag is recommended to assess accessibility
1480988675,way,surface,MISSING,Surface tag is recommended to assess accessibility
1480988676,way,surface,MISSING,Surface tag is recommended to assess accessibility
1480988677,way,surface,MISSING,Surface tag is recommended to assess accessibility
1480988678,way,surface,MISSING,Surface tag is recommended to assess accessibility
1480988679,way,surface,MISSING,Surface tag is recommended to assess accessibility
1480988680,way,surface,MISSING,Surface tag is recommended to assess accessibility
1482753186,way,surface,MISSING,Surface tag is recommended to assess accessibility
1482753191,way,surface,MISSING,Surface tag is recommended to assess accessibility
1482753194,way,surface,MISSING,Surface tag is recommended to assess accessibility
1482753195,way,surface,MISSING,Surface tag is recommended to assess accessibility
1482753197,way,surface,MISSING,Surface tag is recommended to assess accessibility
1484090717,way,surface,MISSING,Surface tag is recommended to assess accessibility
1484090718,way,surface,MISSING,Surface tag is recommended to assess accessibility
1484090721,way,surface,MISSING,Surface tag is recommended to assess accessibility
1484090730,way,surface,MISSING,Surface tag is recommended to assess accessibility
1484762415,way,surface,MISSING,Surface tag is recommended to assess accessibility
1484762417,way,surface,MISSING,Surface tag is recommended to assess accessibility
1485747177,way,surface,MISSING,Surface tag is recommended to assess accessibility
1485747178,way,surface,MISSING,Surface tag is recommended to assess accessibility
1485747182,way,surface,MISSING,Surface tag is recommended to assess accessibility
1491062287,way,surface,MISSING,Surface tag is recommended to assess accessibility
1494338893,way,surface,MISSING,Surface tag is recommended to assess accessibility
1494338894,way,surface,MISSING,Surface tag is recommended to assess accessibility
1494338895,way,surface,MISSING,Surface tag is recommended to assess accessibility
1494905569,way,surface,MISSING,Surface tag is recommended to assess accessibility
1494905574,way,surface,MISSING,Surface tag is recommended to assess accessibility
1494905575,way,surface,MISSING,Surface tag is recommended to assess accessibility
1509721178,way,surface,MISSING,Surface tag is recommended to assess accessibility
1513271492,way,surface,MISSING,Surface tag is recommended to assess accessibility
1513276517,way,surface,MISSING,Surface tag is recommended to assess accessibility
1513869180,way,surface,MISSING,Surface tag is recommended to assess accessibility
1515747352,way,surface,MISSING,Surface tag is recommended to assess accessibility
1516695073,way,surface,MISSING,Surface tag is recommended to assess accessibility
1516695074,way,surface,MISSING,Surface tag is recommended to assess accessibility
1516695075,way,surface,MISSING,Surface tag is recommended to assess accessibility
1521214177,way,surface,MISSING,Surface tag is recommended to assess accessibility
1523859638,way,surface,MISSING,Surface tag is recommended to assess accessibility
1523859639,way,surface,MISSING,Surface tag is recommended to assess accessibility
1523859640,way,surface,MISSING,Surface tag is recommended to assess accessibility
1524221182,way,surface,MISSING,Surface tag is recommended to assess accessibility
1524221183,way,surface,MISSING,Surface tag is recommended to assess accessibility
1524221184,way,surface,MISSING,Surface tag is recommended to assess accessibility
1524221186,way,surface,MISSING,Surface tag is recommended to assess accessibility
1524221187,way,surface,MISSING,Surface tag is recommended to assess accessibility
1524221188,way,surface,MISSING,Surface tag is recommended to assess accessibility
1524221190,way,surface,MISSING,Surface tag is recommended to assess accessibility
1524221191,way,surface,MISSING,Surface tag is recommended to assess accessibility
1524221193,way,surface,MISSING,Surface tag is recommended to assess accessibility
1524221194,way,surface,MISSING,Surface tag is recommended to assess accessibility
1524221196,way,surface,MISSING,Surface tag is recommended to assess accessibility
1524221197,way,surface,MISSING,Surface tag is recommended to assess accessibility
1524221200,way,surface,MISSING,Surface tag is recommended to assess accessibility
1524221202,way,surface,MISSING,Surface tag is recommended to assess accessibility
1524221205,way,surface,MISSING,Surface tag is recommended to assess accessibility
1524221207,way,surface,MISSING,Surface tag is recommended to assess accessibility
1524221208,way,surface,MISSING,Surface tag is recommended to assess accessibility
1524221209,way,surface,MISSING,Surface tag is recommended to assess accessibility
1524221213,way,surface,MISSING,Surface tag is recommended to assess accessibility
1524221214,way,surface,MISSING,Surface tag is recommended to assess accessibility
1524221215,way,surface,MISSING,Surface tag is recommended to assess accessibility
1524221217,way,surface,MISSING,Surface tag is recommended to assess accessibility
1524221219,way,surface,MISSING,Surface tag is recommended to assess accessibility
1524221221,way,surface,MISSING,Surface tag is recommended to assess accessibility
1524221223,way,surface,MISSING,Surface tag is recommended to assess accessibility
1524221225,way,surface,MISSING,Surface tag is recommended to assess accessibility
1524221228,way,surface,MISSING,Surface tag is recommended to assess accessibility
1524998301,way,surface,MISSING,Surface tag is recommended to assess accessibility
1524998303,way,surface,MISSING,Surface tag is recommended to assess accessibility
1524998304,way,surface,MISSING,Surface tag is recommended to assess accessibility
1524998305,way,surface,MISSING,Surface tag is recommended to assess accessibility
1524998306,way,surface,MISSING,Surface tag is recommended to assess accessibility
1529944671,way,surface,MISSING,Surface tag is recommended to assess accessibility
1530523389,way,surface,MISSING,Surface tag is recommended to assess accessibility
1531125725,way,surface,MISSING,Surface tag is recommended to assess accessibility
1534223578,way,surface,MISSING,Surface tag is recommended to assess accessibility
1534223579,way,surface,MISSING,Surface tag is recommended to assess accessibility
1534223580,way,surface,MISSING,Surface tag is recommended to assess accessibility
1534223581,way,surface,MISSING,Surface tag is recommended to assess accessibility
1534223582,way,surface,MISSING,Surface tag is recommended to assess accessibility
1534223583,way,surface,MISSING,Surface tag is recommended to assess accessibility
1534223587,way,surface,MISSING,Surface tag is recommended to assess accessibility
1537091262,way,surface,MISSING,Surface tag is recommended to assess accessibility
1538971205,way,surface,MISSING,Surface tag is recommended to assess accessibility
1538991438,way,surface,MISSING,Surface tag is recommended to assess accessibility
1539077972,way,surface,MISSING,Surface tag is recommended to assess accessibility
1539552740,way,surface,MISSING,Surface tag is recommended to assess accessibility
1539652789,way,surface,MISSING,Surface tag is recommended to assess accessibility
1539685422,way,surface,MISSING,Surface tag is recommended to assess accessibility
1539685423,way,surface,MISSING,Surface tag is recommended to assess accessibility
1539939323,way,surface,MISSING,Surface tag is recommended to assess accessibility
1540946669,way,surface,MISSING,Surface tag is recommended to assess accessibility
1540954030,way,surface,MISSING,Surface tag is recommended to assess accessibility
1541228065,way,surface,MISSING,Surface tag is recommended to assess accessibility
1542788928,way,surface,MISSING,Surface tag is recommended to assess accessibility
1542788933,way,surface,MISSING,Surface tag is recommended to assess accessibility
1542794828,way,surface,MISSING,Surface tag is recommended to assess accessibility
1542794841,way,surface,MISSING,Surface tag is recommended to assess accessibility
1542794844,way,surface,MISSING,Surface tag is recommended to assess accessibility
1542794845,way,surface,MISSING,Surface tag is recommended to assess accessibility
1542794848,way,surface,MISSING,Surface tag is recommended to assess accessibility
1542794861,way,surface,MISSING,Surface tag is recommended to assess accessibility
1542794862,way,surface,MISSING,Surface tag is recommended to assess accessibility
1542808272,way,surface,MISSING,Surface tag is recommended to assess accessibility
1542808273,way,surface,MISSING,Surface tag is recommended to assess accessibility
1542810351,way,surface,MISSING,Surface tag is recommended to assess accessibility
1547686453,way,surface,MISSING,Surface tag is recommended to assess accessibility
1547748076,way,surface,MISSING,Surface tag is recommended to assess accessibility
1547748078,way,surface,MISSING,Surface tag is recommended to assess accessibility
1547791834,way,surface,MISSING,Surface tag is recommended to assess accessibility
1547823374,way,surface,MISSING,Surface tag is recommended to assess accessibility
1547824709,way,surface,MISSING,Surface tag is recommended to assess accessibility
1547824714,way,surface,MISSING,Surface tag is recommended to assess accessibility
1547825296,way,surface,MISSING,Surface tag is recommended to assess accessibility
1547825977,way,surface,MISSING,Surface tag is recommended to assess accessibility
1547827648,way,surface,MISSING,Surface tag is recommended to assess accessibility
1547827649,way,surface,MISSING,Surface tag is recommended to assess accessibility
1547835229,way,surface,MISSING,Surface tag is recommended to assess accessibility
1547835230,way,surface,MISSING,Surface tag is recommended to assess accessibility
1547837861,way,surface,MISSING,Surface tag is recommended to assess accessibility
1547838156,way,surface,MISSING,Surface tag is recommended to assess accessibility
1547850583,way,surface,MISSING,Surface tag is recommended to assess accessibility
1547850584,way,surface,MISSING,Surface tag is recommended to assess accessibility
1547854765,way,surface,MISSING,Surface tag is recommended to assess accessibility
1547857981,way,surface,MISSING,Surface tag is recommended to assess accessibility
1547857982,way,surface,MISSING,Surface tag is recommended to assess accessibility
1547900866,way,surface,MISSING,Surface tag is recommended to assess accessibility
1547900867,way,surface,MISSING,Surface tag is recommended to assess accessibility
1547903407,way,surface,MISSING,Surface tag is recommended to assess accessibility
1547933510,way,surface,MISSING,Surface tag is recommended to assess accessibility
1547936742,way,surface,MISSING,Surface tag is recommended to assess accessibility
1547981860,way,surface,MISSING,Surface tag is recommended to assess accessibility
1548005872,way,surface,MISSING,Surface tag is recommended to assess accessibility
1548503587,way,surface,MISSING,Surface tag is recommended to assess accessibility
1548504181,way,surface,MISSING,Surface tag is recommended to assess accessibility
1548504186,way,surface,MISSING,Surface tag is recommended to assess accessibility
1548511984,way,surface,MISSING,Surface tag is recommended to assess accessibility
1548511987,way,surface,MISSING,Surface tag is recommended to assess accessibility
1548516540,way,surface,MISSING,Surface tag is recommended to assess accessibility
1548516542,way,surface,MISSING,Surface tag is recommended to assess accessibility
1548524426,way,surface,MISSING,Surface tag is recommended to assess accessibility
1548524427,way,surface,MISSING,Surface tag is recommended to assess accessibility
1548545035,way,surface,MISSING,Surface tag is recommended to assess accessibility
1548545036,way,surface,MISSING,Surface tag is recommended to assess accessibility
1548545037,way,surface,MISSING,Surface tag is recommended to assess accessibility
1548545038,way,surface,MISSING,Surface tag is recommended to assess accessibility
1548549016,way,surface,MISSING,Surface tag is recommended to assess accessibility
1548603369,way,surface,MISSING,Surface tag is recommended to assess accessibility
1548893745,way,surface,MISSING,Surface tag is recommended to assess accessibility
1548893746,way,surface,MISSING,Surface tag is recommended to assess accessibility
1549011605,way,surface,MISSING,Surface tag is recommended to assess accessibility
1549011606,way,surface,MISSING,Surface tag is recommended to assess accessibility
1549062114,way,surface,MISSING,Surface tag is recommended to assess accessibility
1549062116,way,surface,MISSING,Surface tag is recommended to assess accessibility
1549062117,way,surface,MISSING,Surface tag is recommended to assess accessibility
1549062118,way,surface,MISSING,Surface tag is recommended to assess accessibility
1549097451,way,surface,MISSING,Surface tag is recommended to assess accessibility
1549097453,way,surface,MISSING,Surface tag is recommended to assess accessibility
1549129130,way,surface,MISSING,Surface tag is recommended to assess accessibility
1549129131,way,surface,MISSING,Surface tag is recommended to assess accessibility
1549130915,way,surface,MISSING,Surface tag is recommended to assess accessibility
1549130916,way,surface,MISSING,Surface tag is recommended to assess accessibility
1549152201,way,surface,MISSING,Surface tag is recommended to assess accessibility
1549152202,way,surface,MISSING,Surface tag is recommended to assess accessibility
1549159496,way,surface,MISSING,Surface tag is recommended to assess accessibility
1549159497,way,surface,MISSING,Surface tag is recommended to assess accessibility
1549177372,way,surface,MISSING,Surface tag is recommended to assess accessibility
1549236800,way,surface,MISSING,Surface tag is recommended to assess accessibility
1549236801,way,surface,MISSING,Surface tag is recommended to assess accessibility
1549236802,way,surface,MISSING,Surface tag is recommended to assess accessibility
1549236803,way,surface,MISSING,Surface tag is recommended to assess accessibility
1549246914,way,surface,MISSING,Surface tag is recommended to assess accessibility
1549246915,way,surface,MISSING,Surface tag is recommended to assess accessibility
1549256332,way,surface,MISSING,Surface tag is recommended to assess accessibility
1549256339,way,surface,MISSING,Surface tag is recommended to assess accessibility
1549256340,way,surface,MISSING,Surface tag is recommended to assess accessibility
1549256347,way,surface,MISSING,Surface tag is recommended to assess accessibility
1549256348,way,surface,MISSING,Surface tag is recommended to assess accessibility
1549256349,way,surface,MISSING,Surface tag is recommended to assess accessibility
1549256350,way,surface,MISSING,Surface tag is recommended to assess accessibility
1549256351,way,surface,MISSING,Surface tag is recommended to assess accessibility
1549262444,way,surface,MISSING,Surface tag is recommended to assess accessibility
1549262454,way,surface,MISSING,Surface tag is recommended to assess accessibility
1549262455,way,surface,MISSING,Surface tag is recommended to assess accessibility
1549262456,way,surface,MISSING,Surface tag is recommended to assess accessibility
1549397946,way,surface,MISSING,Surface tag is recommended to assess accessibility
1549397951,way,surface,MISSING,Surface tag is recommended to assess accessibility
1549397952,way,surface,MISSING,Surface tag is recommended to assess accessibility
1549439728,way,surface,MISSING,Surface tag is recommended to assess accessibility
1549444205,way,surface,MISSING,Surface tag is recommended to assess accessibility
1549444206,way,surface,MISSING,Surface tag is recommended to assess accessibility
1549444209,way,surface,MISSING,Surface tag is recommended to assess accessibility
1549450044,way,surface,MISSING,Surface tag is recommended to assess accessibility
1549450241,way,surface,MISSING,Surface tag is recommended to assess accessibility
1549450250,way,surface,MISSING,Surface tag is recommended to assess accessibility
1549450251,way,surface,MISSING,Surface tag is recommended to assess accessibility
1549450252,way,surface,MISSING,Surface tag is recommended to assess accessibility
1549450253,way,surface,MISSING,Surface tag is recommended to assess accessibility
1549450256,way,surface,MISSING,Surface tag is recommended to assess accessibility
1549450259,way,surface,MISSING,Surface tag is recommended to assess accessibility
1549452354,way,surface,MISSING,Surface tag is recommended to assess accessibility
1549452355,way,surface,MISSING,Surface tag is recommended to assess accessibility
1549550736,way,surface,MISSING,Surface tag is recommended to assess accessibility
1549550737,way,surface,MISSING,Surface tag is recommended to assess accessibility
1549569459,way,surface,MISSING,Surface tag is recommended to assess accessibility
1549569460,way,surface,MISSING,Surface tag is recommended to assess accessibility
1549615643,way,surface,MISSING,Surface tag is recommended to assess accessibility
1550001880,way,surface,MISSING,Surface tag is recommended to assess accessibility
1550001881,way,surface,MISSING,Surface tag is recommended to assess accessibility
1550262250,way,surface,MISSING,Surface tag is recommended to assess accessibility
1550262251,way,surface,MISSING,Surface tag is recommended to assess accessibility
1550262258,way,surface,MISSING,Surface tag is recommended to assess accessibility
1550276213,way,surface,MISSING,Surface tag is recommended to assess accessibility
1550295286,way,surface,MISSING,Surface tag is recommended to assess accessibility
1550301109,way,surface,MISSING,Surface tag is recommended to assess accessibility
1550301110,way,surface,MISSING,Surface tag is recommended to assess accessibility
1550306470,way,surface,MISSING,Surface tag is recommended to assess accessibility
1550306471,way,surface,MISSING,Surface tag is recommended to assess accessibility
1550306478,way,surface,MISSING,Surface tag is recommended to assess accessibility
1550306479,way,surface,MISSING,Surface tag is recommended to assess accessibility
1550306483,way,surface,MISSING,Surface tag is recommended to assess accessibility
1550306491,way,surface,MISSING,Surface tag is recommended to assess accessibility
1550306492,way,surface,MISSING,Surface tag is recommended to assess accessibility
1550664112,way,surface,MISSING,Surface tag is recommended to assess accessibility
1550664113,way,surface,MISSING,Surface tag is recommended to assess accessibility
1550946561,way,surface,MISSING,Surface tag is recommended to assess accessibility
1550946562,way,surface,MISSING,Surface tag is recommended to assess accessibility
1550946563,way,surface,MISSING,Surface tag is recommended to assess accessibility
1550946564,way,surface,MISSING,Surface tag is recommended to assess accessibility
1551024634,way,surface,MISSING,Surface tag is recommended to assess accessibility
1551271173,way,surface,MISSING,Surface tag is recommended to assess accessibility
