osm_id,feat_type,key,value,commentary
241235804,way,crossing,zebra,should use the tag 'crossing=uncontrolled' 
241248513,way,crossing,zebra,should use the tag 'crossing=uncontrolled' 
241255955,way,crossing,zebra,should use the tag 'crossing=uncontrolled' 
241255956,way,crossing,zebra,should use the tag 'crossing=uncontrolled' 
241255958,way,crossing,zebra,should use the tag 'crossing=uncontrolled' 
241256083,way,crossing,zebra,should use the tag 'crossing=uncontrolled' 
241256085,way,crossing,zebra,should use the tag 'crossing=uncontrolled' 
289468771,way,crossing,zebra,should use the tag 'crossing=uncontrolled' 
295038070,way,crossing,marked,should use the tag 'crossing=uncontrolled' 
295038071,way,crossing,marked,should use the tag 'crossing=uncontrolled' 
295038072,way,crossing,marked,should use the tag 'crossing=uncontrolled' 
295038074,way,crossing,marked,should use the tag 'crossing=uncontrolled' 
304452631,way,crossing,marked,should use the tag 'crossing=uncontrolled' 
391699882,way,crossing,zebra,should use the tag 'crossing=uncontrolled' 
391916275,way,crossing,zebra,should use the tag 'crossing=uncontrolled' 
391916276,way,crossing,zebra,should use the tag 'crossing=uncontrolled' 
391916277,way,crossing,zebra,should use the tag 'crossing=uncontrolled' 
391916473,way,crossing,zebra,should use the tag 'crossing=uncontrolled' 
391916474,way,crossing,zebra,should use the tag 'crossing=uncontrolled' 
391916475,way,crossing,zebra,should use the tag 'crossing=uncontrolled' 
391916476,way,crossing,zebra,should use the tag 'crossing=uncontrolled' 
391917554,way,crossing,zebra,should use the tag 'crossing=uncontrolled' 
391917556,way,crossing,zebra,should use the tag 'crossing=uncontrolled' 
391954048,way,crossing,zebra,should use the tag 'crossing=uncontrolled' 
392192581,way,crossing,zebra,should use the tag 'crossing=uncontrolled' 
392384355,way,crossing,zebra,should use the tag 'crossing=uncontrolled' 
392652329,way,crossing,zebra,should use the tag 'crossing=uncontrolled' 
392652338,way,crossing,zebra,should use the tag 'crossing=uncontrolled' 
392652339,way,crossing,zebra,should use the tag 'crossing=uncontrolled' 
393076960,way,crossing,zebra,should use the tag 'crossing=uncontrolled' 
393286252,way,crossing,zebra,should use the tag 'crossing=uncontrolled' 
393286253,way,crossing,zebra,should use the tag 'crossing=uncontrolled' 
393289572,way,crossing,zebra,should use the tag 'crossing=uncontrolled' 
393289573,way,crossing,zebra,should use the tag 'crossing=uncontrolled' 
393509408,way,crossing,zebra,should use the tag 'crossing=uncontrolled' 
393509434,way,crossing,zebra,should use the tag 'crossing=uncontrolled' 
393509437,way,crossing,zebra,should use the tag 'crossing=uncontrolled' 
393509452,way,crossing,zebra,should use the tag 'crossing=uncontrolled' 
393879923,way,crossing,zebra,should use the tag 'crossing=uncontrolled' 
393895169,way,crossing,zebra,should use the tag 'crossing=uncontrolled' 
393895171,way,crossing,zebra,should use the tag 'crossing=uncontrolled' 
394729791,way,crossing,zebra,should use the tag 'crossing=uncontrolled' 
394729792,way,crossing,zebra,should use the tag 'crossing=uncontrolled' 
394736563,way,crossing,zebra,should use the tag 'crossing=uncontrolled' 
394967459,way,crossing,zebra,should use the tag 'crossing=uncontrolled' 
394995220,way,crossing,zebra,should use the tag 'crossing=uncontrolled' 
394995221,way,crossing,zebra,should use the tag 'crossing=uncontrolled' 
394998311,way,crossing,zebra,should use the tag 'crossing=uncontrolled' 
394998312,way,crossing,zebra,should use the tag 'crossing=uncontrolled' 
395001658,way,crossing,zebra,should use the tag 'crossing=uncontrolled' 
395001659,way,crossing,zebra,should use the tag 'crossing=uncontrolled' 
395001661,way,crossing,zebra,should use the tag 'crossing=uncontrolled' 
395001662,way,crossing,zebra,should use the tag 'crossing=uncontrolled' 
396430315,way,crossing,zebra,should use the tag 'crossing=uncontrolled' 
396438029,way,crossing,zebra,should use the tag 'crossing=uncontrolled' 
396438511,way,crossing,zebra,should use the tag 'crossing=uncontrolled' 
396438512,way,crossing,zebra,should use the tag 'crossing=uncontrolled' 
396439309,way,crossing,zebra,should use the tag 'crossing=uncontrolled' 
397392667,way,crossing,zebra,should use the tag 'crossing=uncontrolled' 
397486726,way,crossing,zebra,should use the tag 'crossing=uncontrolled' 
397486732,way,crossing,zebra,should use the tag 'crossing=uncontrolled' 
397489942,way,crossing,zebra,should use the tag 'crossing=uncontrolled' 
397540709,way,crossing,zebra,should use the tag 'crossing=uncontrolled' 
397540710,way,crossing,zebra,should use the tag 'crossing=uncontrolled' 
397546638,way,crossing,zebra,should use the tag 'crossing=uncontrolled' 
397708110,way,crossing,zebra,should use the tag 'crossing=uncontrolled' 
397708112,way,crossing,zebra,should use the tag 'crossing=uncontrolled' 
397708116,way,crossing,zebra,should use the tag 'crossing=uncontrolled' 
397712415,way,crossing,zebra,should use the tag 'crossing=uncontrolled' 
397714332,way,crossing,zebra,should use the tag 'crossing=uncontrolled' 
397715240,way,crossing,zebra,should use the tag 'crossing=uncontrolled' 
397721435,way,crossing,zebra,should use the tag 'crossing=uncontrolled' 
397724669,way,crossing,marked,should use the tag 'crossing=uncontrolled' 
398849880,way,crossing,zebra,should use the tag 'crossing=uncontrolled' 
399538215,way,crossing,zebra,should use the tag 'crossing=uncontrolled' 
399538216,way,crossing,zebra,should use the tag 'crossing=uncontrolled' 
399539333,way,crossing,zebra,should use the tag 'crossing=uncontrolled' 
400425687,way,crossing,zebra,should use the tag 'crossing=uncontrolled' 
400425688,way,crossing,zebra,should use the tag 'crossing=uncontrolled' 
400426408,way,crossing,zebra,should use the tag 'crossing=uncontrolled' 
400448090,way,crossing,zebra,should use the tag 'crossing=uncontrolled' 
400602184,way,crossing,zebra,should use the tag 'crossing=uncontrolled' 
400613454,way,crossing,zebra,should use the tag 'crossing=uncontrolled' 
400616209,way,crossing,zebra,should use the tag 'crossing=uncontrolled' 
400877760,way,crossing,zebra,should use the tag 'crossing=uncontrolled' 
400888583,way,crossing,zebra,should use the tag 'crossing=uncontrolled' 
400891251,way,crossing,zebra,should use the tag 'crossing=uncontrolled' 
401025841,way,crossing,zebra,should use the tag 'crossing=uncontrolled' 
401025842,way,crossing,zebra,should use the tag 'crossing=uncontrolled' 
401029759,way,crossing,zebra,should use the tag 'crossing=uncontrolled' 
401029774,way,crossing,zebra,should use the tag 'crossing=uncontrolled' 
401029777,way,crossing,zebra,should use the tag 'crossing=uncontrolled' 
401289605,way,crossing,zebra,should use the tag 'crossing=uncontrolled' 
401291226,way,crossing,marked,should use the tag 'crossing=uncontrolled' 
401291228,way,crossing,marked,should use the tag 'crossing=uncontrolled' 
401299238,way,crossing,zebra,should use the tag 'crossing=uncontrolled' 
401299239,way,crossing,zebra,should use the tag 'crossing=uncontrolled' 
401299242,way,crossing,zebra,should use the tag 'crossing=uncontrolled' 
401299243,way,crossing,zebra,should use the tag 'crossing=uncontrolled' 
401299244,way,crossing,zebra,should use the tag 'crossing=uncontrolled' 
401299245,way,crossing,zebra,should use the tag 'crossing=uncontrolled' 
401492766,way,crossing,zebra,should use the tag 'crossing=uncontrolled' 
401492767,way,crossing,zebra,should use the tag 'crossing=uncontrolled' 
401492773,way,crossing,zebra,should use the tag 'crossing=uncontrolled' 
401494473,way,crossing,zebra,should use the tag 'crossing=uncontrolled' 
401497108,way,crossing,zebra,should use the tag 'crossing=uncontrolled' 
401497109,way,crossing,zebra,should use the tag 'crossing=uncontrolled' 
401689990,way,crossing,zebra,should use the tag 'crossing=uncontrolled' 
401689991,way,crossing,zebra,should use the tag 'crossing=uncontrolled' 
401689998,way,crossing,zebra,should use the tag 'crossing=uncontrolled' 
401689999,way,crossing,zebra,should use the tag 'crossing=uncontrolled' 
401693653,way,crossing,zebra,should use the tag 'crossing=uncontrolled' 
401693658,way,crossing,zebra,should use the tag 'crossing=uncontrolled' 
401693659,way,crossing,zebra,should use the tag 'crossing=uncontrolled' 
401693660,way,crossing,zebra,should use the tag 'crossing=uncontrolled' 
401693661,way,crossing,zebra,should use the tag 'crossing=uncontrolled' 
401780803,way,crossing,zebra,should use the tag 'crossing=uncontrolled' 
401780823,way,crossing,zebra,should use the tag 'crossing=uncontrolled' 
401833468,way,crossing,zebra,should use the tag 'crossing=uncontrolled' 
401833469,way,crossing,zebra,should use the tag 'crossing=uncontrolled' 
401833470,way,crossing,zebra,should use the tag 'crossing=uncontrolled' 
401833473,way,crossing,zebra,should use the tag 'crossing=uncontrolled' 
401846102,way,crossing,zebra,should use the tag 'crossing=uncontrolled' 
401860688,way,crossing,zebra,should use the tag 'crossing=uncontrolled' 
402156146,way,crossing,zebra,should use the tag 'crossing=uncontrolled' 
402156147,way,crossing,zebra,should use the tag 'crossing=uncontrolled' 
402156148,way,crossing,zebra,should use the tag 'crossing=uncontrolled' 
403120516,way,crossing,zebra,should use the tag 'crossing=uncontrolled' 
404262416,way,crossing,zebra,should use the tag 'crossing=uncontrolled' 
404391392,way,crossing,zebra,should use the tag 'crossing=uncontrolled' 
404435624,way,crossing,zebra,should use the tag 'crossing=uncontrolled' 
404435625,way,crossing,zebra,should use the tag 'crossing=uncontrolled' 
404435626,way,crossing,zebra,should use the tag 'crossing=uncontrolled' 
404435627,way,crossing,zebra,should use the tag 'crossing=uncontrolled' 
404628286,way,crossing,zebra,should use the tag 'crossing=uncontrolled' 
404628287,way,crossing,zebra,should use the tag 'crossing=uncontrolled' 
404628290,way,crossing,zebra,should use the tag 'crossing=uncontrolled' 
404628310,way,crossing,zebra,should use the tag 'crossing=uncontrolled' 
404628315,way,crossing,zebra,should use the tag 'crossing=uncontrolled' 
404628318,way,crossing,zebra,should use the tag 'crossing=uncontrolled' 
404628327,way,crossing,zebra,should use the tag 'crossing=uncontrolled' 
404628918,way,crossing,zebra,should use the tag 'crossing=uncontrolled' 
404630392,way,crossing,zebra,should use the tag 'crossing=uncontrolled' 
404630393,way,crossing,zebra,should use the tag 'crossing=uncontrolled' 
404631007,way,crossing,zebra,should use the tag 'crossing=uncontrolled' 
404631008,way,crossing,zebra,should use the tag 'crossing=uncontrolled' 
404631009,way,crossing,zebra,should use the tag 'crossing=uncontrolled' 
404631010,way,crossing,zebra,should use the tag 'crossing=uncontrolled' 
404631014,way,crossing,zebra,should use the tag 'crossing=uncontrolled' 
404631117,way,crossing,zebra,should use the tag 'crossing=uncontrolled' 
404633916,way,crossing,zebra,should use the tag 'crossing=uncontrolled' 
404633917,way,crossing,zebra,should use the tag 'crossing=uncontrolled' 
404634495,way,crossing,zebra,should use the tag 'crossing=uncontrolled' 
404635173,way,crossing,zebra,should use the tag 'crossing=uncontrolled' 
404635175,way,crossing,zebra,should use the tag 'crossing=uncontrolled' 
404636322,way,crossing,zebra,should use the tag 'crossing=uncontrolled' 
404636323,way,crossing,zebra,should use the tag 'crossing=uncontrolled' 
405561325,way,crossing,zebra,should use the tag 'crossing=uncontrolled' 
405561327,way,crossing,zebra,should use the tag 'crossing=uncontrolled' 
405561330,way,crossing,zebra,should use the tag 'crossing=uncontrolled' 
405561332,way,crossing,zebra,should use the tag 'crossing=uncontrolled' 
405561333,way,crossing,zebra,should use the tag 'crossing=uncontrolled' 
405561359,way,crossing,zebra,should use the tag 'crossing=uncontrolled' 
405561360,way,crossing,zebra,should use the tag 'crossing=uncontrolled' 
405562554,way,crossing,zebra,should use the tag 'crossing=uncontrolled' 
405562556,way,crossing,zebra,should use the tag 'crossing=uncontrolled' 
405562584,way,crossing,zebra,should use the tag 'crossing=uncontrolled' 
405562586,way,crossing,zebra,should use the tag 'crossing=uncontrolled' 
405562617,way,crossing,zebra,should use the tag 'crossing=uncontrolled' 
405562619,way,crossing,zebra,should use the tag 'crossing=uncontrolled' 
405574430,way,crossing,zebra,should use the tag 'crossing=uncontrolled' 
405575447,way,crossing,zebra,should use the tag 'crossing=uncontrolled' 
405875441,way,crossing,zebra,should use the tag 'crossing=uncontrolled' 
405875442,way,crossing,zebra,should use the tag 'crossing=uncontrolled' 
405875886,way,crossing,zebra,should use the tag 'crossing=uncontrolled' 
405894449,way,crossing,zebra,should use the tag 'crossing=uncontrolled' 
405903444,way,crossing,zebra,should use the tag 'crossing=uncontrolled' 
405903445,way,crossing,zebra,should use the tag 'crossing=uncontrolled' 
405903451,way,crossing,zebra,should use the tag 'crossing=uncontrolled' 
405913227,way,crossing,zebra,should use the tag 'crossing=uncontrolled' 
405913228,way,crossing,zebra,should use the tag 'crossing=uncontrolled' 
405913229,way,crossing,zebra,should use the tag 'crossing=uncontrolled' 
405913230,way,crossing,zebra,should use the tag 'crossing=uncontrolled' 
405913231,way,crossing,zebra,should use the tag 'crossing=uncontrolled' 
406008696,way,crossing,zebra,should use the tag 'crossing=uncontrolled' 
406037575,way,crossing,zebra,should use the tag 'crossing=uncontrolled' 
406262188,way,crossing,zebra,should use the tag 'crossing=uncontrolled' 
406262189,way,crossing,zebra,should use the tag 'crossing=uncontrolled' 
406262191,way,crossing,zebra,should use the tag 'crossing=uncontrolled' 
406264235,way,crossing,zebra,should use the tag 'crossing=uncontrolled' 
406264236,way,crossing,zebra,should use the tag 'crossing=uncontrolled' 
406267915,way,crossing,zebra,should use the tag 'crossing=uncontrolled' 
406622148,way,crossing,zebra,should use the tag 'crossing=uncontrolled' 
406622895,way,crossing,zebra,should use the tag 'crossing=uncontrolled' 
406622897,way,crossing,zebra,should use the tag 'crossing=uncontrolled' 
406622899,way,crossing,zebra,should use the tag 'crossing=uncontrolled' 
406622900,way,crossing,zebra,should use the tag 'crossing=uncontrolled' 
406622901,way,crossing,zebra,should use the tag 'crossing=uncontrolled' 
406629775,way,crossing,marked,should use the tag 'crossing=uncontrolled' 
406629776,way,crossing,marked,should use the tag 'crossing=uncontrolled' 
406629779,way,crossing,zebra,should use the tag 'crossing=uncontrolled' 
408467434,way,crossing,zebra,should use the tag 'crossing=uncontrolled' 
408467438,way,crossing,zebra,should use the tag 'crossing=uncontrolled' 
408468123,way,crossing,zebra,should use the tag 'crossing=uncontrolled' 
408468125,way,crossing,zebra,should use the tag 'crossing=uncontrolled' 
408468126,way,crossing,zebra,should use the tag 'crossing=uncontrolled' 
408468127,way,crossing,zebra,should use the tag 'crossing=uncontrolled' 
408906839,way,crossing,zebra,should use the tag 'crossing=uncontrolled' 
408906843,way,crossing,zebra,should use the tag 'crossing=uncontrolled' 
408917688,way,crossing,zebra,should use the tag 'crossing=uncontrolled' 
409855851,way,crossing,zebra,should use the tag 'crossing=uncontrolled' 
409855852,way,crossing,zebra,should use the tag 'crossing=uncontrolled' 
410082457,way,crossing,zebra,should use the tag 'crossing=uncontrolled' 
410083897,way,crossing,zebra,should use the tag 'crossing=uncontrolled' 
410089529,way,crossing,zebra,should use the tag 'crossing=uncontrolled' 
410708865,way,crossing,zebra,should use the tag 'crossing=uncontrolled' 
410713948,way,crossing,zebra,should use the tag 'crossing=uncontrolled' 
412144025,way,crossing,zebra,should use the tag 'crossing=uncontrolled' 
412147793,way,crossing,zebra,should use the tag 'crossing=uncontrolled' 
412147796,way,crossing,zebra,should use the tag 'crossing=uncontrolled' 
412260094,way,crossing,zebra,should use the tag 'crossing=uncontrolled' 
412296081,way,crossing,zebra,should use the tag 'crossing=uncontrolled' 
412296578,way,crossing,zebra,should use the tag 'crossing=uncontrolled' 
412300801,way,crossing,zebra,should use the tag 'crossing=uncontrolled' 
412300805,way,crossing,zebra,should use the tag 'crossing=uncontrolled' 
412300806,way,crossing,zebra,should use the tag 'crossing=uncontrolled' 
412482550,way,crossing,zebra,should use the tag 'crossing=uncontrolled' 
412506461,way,crossing,zebra,should use the tag 'crossing=uncontrolled' 
412506463,way,crossing,zebra,should use the tag 'crossing=uncontrolled' 
412573929,way,crossing,zebra,should use the tag 'crossing=uncontrolled' 
412573930,way,crossing,zebra,should use the tag 'crossing=uncontrolled' 
412573931,way,crossing,zebra,should use the tag 'crossing=uncontrolled' 
412574020,way,crossing,zebra,should use the tag 'crossing=uncontrolled' 
412574021,way,crossing,zebra,should use the tag 'crossing=uncontrolled' 
413030082,way,crossing,zebra,should use the tag 'crossing=uncontrolled' 
413035100,way,crossing,zebra,should use the tag 'crossing=uncontrolled' 
413035101,way,crossing,zebra,should use the tag 'crossing=uncontrolled' 
413039507,way,crossing,zebra,should use the tag 'crossing=uncontrolled' 
413045056,way,crossing,zebra,should use the tag 'crossing=uncontrolled' 
413045057,way,crossing,zebra,should use the tag 'crossing=uncontrolled' 
413045058,way,crossing,marked,should use the tag 'crossing=uncontrolled' 
413045059,way,crossing,zebra,should use the tag 'crossing=uncontrolled' 
413193307,way,crossing,zebra,should use the tag 'crossing=uncontrolled' 
413193610,way,crossing,zebra,should use the tag 'crossing=uncontrolled' 
413193731,way,crossing,zebra,should use the tag 'crossing=uncontrolled' 
413193897,way,crossing,zebra,should use the tag 'crossing=uncontrolled' 
413194323,way,crossing,zebra,should use the tag 'crossing=uncontrolled' 
413194696,way,crossing,zebra,should use the tag 'crossing=uncontrolled' 
413194855,way,crossing,zebra,should use the tag 'crossing=uncontrolled' 
413203503,way,crossing,zebra,should use the tag 'crossing=uncontrolled' 
413209385,way,crossing,zebra,should use the tag 'crossing=uncontrolled' 
413981820,way,crossing,marked,should use the tag 'crossing=uncontrolled' 
413983434,way,crossing,zebra,should use the tag 'crossing=uncontrolled' 
413983435,way,crossing,zebra,should use the tag 'crossing=uncontrolled' 
416304608,way,crossing,zebra,should use the tag 'crossing=uncontrolled' 
418199440,way,crossing,zebra,should use the tag 'crossing=uncontrolled' 
418199441,way,crossing,zebra,should use the tag 'crossing=uncontrolled' 
418200915,way,crossing,zebra,should use the tag 'crossing=uncontrolled' 
421580795,way,crossing,marked,should use the tag 'crossing=uncontrolled' 
421662772,way,crossing,zebra,should use the tag 'crossing=uncontrolled' 
421662774,way,crossing,zebra,should use the tag 'crossing=uncontrolled' 
421672567,way,crossing,zebra,should use the tag 'crossing=uncontrolled' 
421680549,way,crossing,zebra,should use the tag 'crossing=uncontrolled' 
421694328,way,crossing,zebra,should use the tag 'crossing=uncontrolled' 
421694329,way,crossing,zebra,should use the tag 'crossing=uncontrolled' 
421694330,way,crossing,zebra,should use the tag 'crossing=uncontrolled' 
421694353,way,crossing,zebra,should use the tag 'crossing=uncontrolled' 
421694803,way,crossing,zebra,should use the tag 'crossing=uncontrolled' 
421695349,way,crossing,zebra,should use the tag 'crossing=uncontrolled' 
421695359,way,crossing,zebra,should use the tag 'crossing=uncontrolled' 
421696078,way,crossing,zebra,should use the tag 'crossing=uncontrolled' 
430458312,way,crossing,marked,should use the tag 'crossing=uncontrolled' 
432035026,way,crossing,zebra,should use the tag 'crossing=uncontrolled' 
432812248,way,crossing,zebra,should use the tag 'crossing=uncontrolled' 
432812249,way,crossing,zebra,should use the tag 'crossing=uncontrolled' 
432812250,way,crossing,zebra,should use the tag 'crossing=uncontrolled' 
432812251,way,crossing,zebra,should use the tag 'crossing=uncontrolled' 
432812252,way,crossing,zebra,should use the tag 'crossing=uncontrolled' 
432812253,way,crossing,zebra,should use the tag 'crossing=uncontrolled' 
432963068,way,crossing,zebra,should use the tag 'crossing=uncontrolled' 
434583989,way,crossing,zebra,should use the tag 'crossing=uncontrolled' 
434692400,way,crossing,zebra,should use the tag 'crossing=uncontrolled' 
434797314,way,crossing,zebra,should use the tag 'crossing=uncontrolled' 
434797315,way,crossing,zebra,should use the tag 'crossing=uncontrolled' 
434797316,way,crossing,zebra,should use the tag 'crossing=uncontrolled' 
435369564,way,crossing,zebra,should use the tag 'crossing=uncontrolled' 
435975370,way,crossing,zebra,should use the tag 'crossing=uncontrolled' 
436187977,way,crossing,zebra,should use the tag 'crossing=uncontrolled' 
436590687,way,crossing,zebra,should use the tag 'crossing=uncontrolled' 
436917548,way,crossing,zebra,should use the tag 'crossing=uncontrolled' 
437053663,way,crossing,zebra,should use the tag 'crossing=uncontrolled' 
437053665,way,crossing,zebra,should use the tag 'crossing=uncontrolled' 
437055560,way,crossing,zebra,should use the tag 'crossing=uncontrolled' 
437069841,way,crossing,zebra,should use the tag 'crossing=uncontrolled' 
437069843,way,crossing,zebra,should use the tag 'crossing=uncontrolled' 
437069844,way,crossing,zebra,should use the tag 'crossing=uncontrolled' 
437069845,way,crossing,zebra,should use the tag 'crossing=uncontrolled' 
437180070,way,crossing,zebra,should use the tag 'crossing=uncontrolled' 
437180077,way,crossing,zebra,should use the tag 'crossing=uncontrolled' 
437180078,way,crossing,zebra,should use the tag 'crossing=uncontrolled' 
437191059,way,crossing,zebra,should use the tag 'crossing=uncontrolled' 
437212070,way,crossing,zebra,should use the tag 'crossing=uncontrolled' 
437395769,way,crossing,zebra,should use the tag 'crossing=uncontrolled' 
437636429,way,crossing,zebra,should use the tag 'crossing=uncontrolled' 
437636432,way,crossing,zebra,should use the tag 'crossing=uncontrolled' 
437636434,way,crossing,zebra,should use the tag 'crossing=uncontrolled' 
437636437,way,crossing,zebra,should use the tag 'crossing=uncontrolled' 
438480925,way,crossing,zebra,should use the tag 'crossing=uncontrolled' 
438480926,way,crossing,zebra,should use the tag 'crossing=uncontrolled' 
438489402,way,crossing,zebra,should use the tag 'crossing=uncontrolled' 
438496366,way,crossing,zebra,should use the tag 'crossing=uncontrolled' 
438496367,way,crossing,zebra,should use the tag 'crossing=uncontrolled' 
439241366,way,crossing,zebra,should use the tag 'crossing=uncontrolled' 
439602866,way,crossing,zebra,should use the tag 'crossing=uncontrolled' 
439602874,way,crossing,zebra,should use the tag 'crossing=uncontrolled' 
439602875,way,crossing,zebra,should use the tag 'crossing=uncontrolled' 
439818604,way,crossing,zebra,should use the tag 'crossing=uncontrolled' 
439818625,way,crossing,zebra,should use the tag 'crossing=uncontrolled' 
439818627,way,crossing,zebra,should use the tag 'crossing=uncontrolled' 
439818628,way,crossing,zebra,should use the tag 'crossing=uncontrolled' 
439818629,way,crossing,zebra,should use the tag 'crossing=uncontrolled' 
439818632,way,crossing,zebra,should use the tag 'crossing=uncontrolled' 
439818635,way,crossing,zebra,should use the tag 'crossing=uncontrolled' 
439941539,way,crossing,zebra,should use the tag 'crossing=uncontrolled' 
439941546,way,crossing,zebra,should use the tag 'crossing=uncontrolled' 
439941549,way,crossing,zebra,should use the tag 'crossing=uncontrolled' 
439941551,way,crossing,zebra,should use the tag 'crossing=uncontrolled' 
440122285,way,crossing,zebra,should use the tag 'crossing=uncontrolled' 
440244423,way,crossing,zebra,should use the tag 'crossing=uncontrolled' 
440541165,way,crossing,zebra,should use the tag 'crossing=uncontrolled' 
440541166,way,crossing,zebra,should use the tag 'crossing=uncontrolled' 
440874015,way,crossing,zebra,should use the tag 'crossing=uncontrolled' 
440874016,way,crossing,zebra,should use the tag 'crossing=uncontrolled' 
440874017,way,crossing,zebra,should use the tag 'crossing=uncontrolled' 
440974615,way,crossing,zebra,should use the tag 'crossing=uncontrolled' 
440974616,way,crossing,zebra,should use the tag 'crossing=uncontrolled' 
440974617,way,crossing,zebra,should use the tag 'crossing=uncontrolled' 
440974633,way,crossing,zebra,should use the tag 'crossing=uncontrolled' 
440977149,way,crossing,zebra,should use the tag 'crossing=uncontrolled' 
441001412,way,crossing,zebra,should use the tag 'crossing=uncontrolled' 
441014161,way,crossing,zebra,should use the tag 'crossing=uncontrolled' 
441049933,way,crossing,zebra,should use the tag 'crossing=uncontrolled' 
441952198,way,crossing,zebra,should use the tag 'crossing=uncontrolled' 
442220477,way,crossing,zebra,should use the tag 'crossing=uncontrolled' 
442220498,way,crossing,zebra,should use the tag 'crossing=uncontrolled' 
442220499,way,crossing,zebra,should use the tag 'crossing=uncontrolled' 
442227848,way,crossing,zebra,should use the tag 'crossing=uncontrolled' 
442469219,way,crossing,zebra,should use the tag 'crossing=uncontrolled' 
442469226,way,crossing,zebra,should use the tag 'crossing=uncontrolled' 
442475957,way,crossing,zebra,should use the tag 'crossing=uncontrolled' 
442681124,way,crossing,zebra,should use the tag 'crossing=uncontrolled' 
442681127,way,crossing,zebra,should use the tag 'crossing=uncontrolled' 
442685321,way,crossing,zebra,should use the tag 'crossing=uncontrolled' 
442685938,way,crossing,zebra,should use the tag 'crossing=uncontrolled' 
442779303,way,crossing,zebra,should use the tag 'crossing=uncontrolled' 
442779311,way,crossing,zebra,should use the tag 'crossing=uncontrolled' 
442786049,way,crossing,zebra,should use the tag 'crossing=uncontrolled' 
442786050,way,crossing,zebra,should use the tag 'crossing=uncontrolled' 
442786058,way,crossing,zebra,should use the tag 'crossing=uncontrolled' 
442788584,way,crossing,zebra,should use the tag 'crossing=uncontrolled' 
442788585,way,crossing,zebra,should use the tag 'crossing=uncontrolled' 
442788591,way,crossing,zebra,should use the tag 'crossing=uncontrolled' 
442788592,way,crossing,zebra,should use the tag 'crossing=uncontrolled' 
442867198,way,crossing,zebra,should use the tag 'crossing=uncontrolled' 
442867199,way,crossing,zebra,should use the tag 'crossing=uncontrolled' 
442872376,way,crossing,zebra,should use the tag 'crossing=uncontrolled' 
442872378,way,crossing,zebra,should use the tag 'crossing=uncontrolled' 
442938915,way,crossing,zebra,should use the tag 'crossing=uncontrolled' 
442975519,way,crossing,zebra,should use the tag 'crossing=uncontrolled' 
443448515,way,crossing,zebra,should use the tag 'crossing=uncontrolled' 
443448517,way,crossing,marked,should use the tag 'crossing=uncontrolled' 
443492407,way,crossing,marked,should use the tag 'crossing=uncontrolled' 
443492408,way,crossing,marked,should use the tag 'crossing=uncontrolled' 
443619704,way,crossing,zebra,should use the tag 'crossing=uncontrolled' 
443619705,way,crossing,zebra,should use the tag 'crossing=uncontrolled' 
443626518,way,crossing,zebra,should use the tag 'crossing=uncontrolled' 
443626535,way,crossing,zebra,should use the tag 'crossing=uncontrolled' 
443626537,way,crossing,zebra,should use the tag 'crossing=uncontrolled' 
443652067,way,crossing,zebra,should use the tag 'crossing=uncontrolled' 
443652074,way,crossing,zebra,should use the tag 'crossing=uncontrolled' 
444006028,way,crossing,marked,should use the tag 'crossing=uncontrolled' 
444278855,way,crossing,zebra,should use the tag 'crossing=uncontrolled' 
444278856,way,crossing,zebra,should use the tag 'crossing=uncontrolled' 
444285263,way,crossing,marked,should use the tag 'crossing=uncontrolled' 
444334443,way,crossing,zebra,should use the tag 'crossing=uncontrolled' 
444442647,way,crossing,zebra,should use the tag 'crossing=uncontrolled' 
444442649,way,crossing,zebra,should use the tag 'crossing=uncontrolled' 
444445012,way,crossing,zebra,should use the tag 'crossing=uncontrolled' 
444445014,way,crossing,zebra,should use the tag 'crossing=uncontrolled' 
444489485,way,crossing,zebra,should use the tag 'crossing=uncontrolled' 
444984898,way,crossing,zebra,should use the tag 'crossing=uncontrolled' 
445503054,way,crossing,zebra,should use the tag 'crossing=uncontrolled' 
445719139,way,crossing,zebra,should use the tag 'crossing=uncontrolled' 
445722465,way,crossing,zebra,should use the tag 'crossing=uncontrolled' 
445722466,way,crossing,zebra,should use the tag 'crossing=uncontrolled' 
445828924,way,crossing,zebra,should use the tag 'crossing=uncontrolled' 
445828925,way,crossing,zebra,should use the tag 'crossing=uncontrolled' 
445953463,way,crossing,zebra,should use the tag 'crossing=uncontrolled' 
446742635,way,crossing,zebra,should use the tag 'crossing=uncontrolled' 
447086057,way,crossing,zebra,should use the tag 'crossing=uncontrolled' 
447104349,way,crossing,zebra,should use the tag 'crossing=uncontrolled' 
447104350,way,crossing,zebra,should use the tag 'crossing=uncontrolled' 
447106626,way,crossing,zebra,should use the tag 'crossing=uncontrolled' 
447320231,way,crossing,zebra,should use the tag 'crossing=uncontrolled' 
447320235,way,crossing,zebra,should use the tag 'crossing=uncontrolled' 
447320236,way,crossing,zebra,should use the tag 'crossing=uncontrolled' 
447320241,way,crossing,zebra,should use the tag 'crossing=uncontrolled' 
447320246,way,crossing,zebra,should use the tag 'crossing=uncontrolled' 
447320248,way,crossing,zebra,should use the tag 'crossing=uncontrolled' 
447320249,way,crossing,zebra,should use the tag 'crossing=uncontrolled' 
447320251,way,crossing,zebra,should use the tag 'crossing=uncontrolled' 
447320253,way,crossing,zebra,should use the tag 'crossing=uncontrolled' 
447320254,way,crossing,zebra,should use the tag 'crossing=uncontrolled' 
447320281,way,crossing,zebra,should use the tag 'crossing=uncontrolled' 
448583365,way,crossing,zebra,should use the tag 'crossing=uncontrolled' 
448583368,way,crossing,zebra,should use the tag 'crossing=uncontrolled' 
448748334,way,crossing,zebra,should use the tag 'crossing=uncontrolled' 
448870898,way,crossing,zebra,should use the tag 'crossing=uncontrolled' 
448870899,way,crossing,zebra,should use the tag 'crossing=uncontrolled' 
449418429,way,crossing,marked,should use the tag 'crossing=uncontrolled' 
449587852,way,crossing,zebra,should use the tag 'crossing=uncontrolled' 
449590617,way,crossing,zebra,should use the tag 'crossing=uncontrolled' 
449754015,way,crossing,zebra,should use the tag 'crossing=uncontrolled' 
449975968,way,crossing,zebra,should use the tag 'crossing=uncontrolled' 
449975969,way,crossing,zebra,should use the tag 'crossing=uncontrolled' 
449975975,way,crossing,zebra,should use the tag 'crossing=uncontrolled' 
449975991,way,crossing,zebra,should use the tag 'crossing=uncontrolled' 
450129956,way,crossing,zebra,should use the tag 'crossing=uncontrolled' 
450129963,way,crossing,zebra,should use the tag 'crossing=uncontrolled' 
450258882,way,crossing,zebra,should use the tag 'crossing=uncontrolled' 
450258884,way,crossing,zebra,should use the tag 'crossing=uncontrolled' 
450261079,way,crossing,zebra,should use the tag 'crossing=uncontrolled' 
450261094,way,crossing,zebra,should use the tag 'crossing=uncontrolled' 
450512767,way,crossing,zebra,should use the tag 'crossing=uncontrolled' 
450512769,way,crossing,zebra,should use the tag 'crossing=uncontrolled' 
450512770,way,crossing,zebra,should use the tag 'crossing=uncontrolled' 
450512772,way,crossing,zebra,should use the tag 'crossing=uncontrolled' 
450610625,way,crossing,marked,should use the tag 'crossing=uncontrolled' 
451474800,way,crossing,zebra,should use the tag 'crossing=uncontrolled' 
451474805,way,crossing,zebra,should use the tag 'crossing=uncontrolled' 
451476314,way,crossing,zebra,should use the tag 'crossing=uncontrolled' 
451476315,way,crossing,zebra,should use the tag 'crossing=uncontrolled' 
451738806,way,crossing,zebra,should use the tag 'crossing=uncontrolled' 
451796575,way,crossing,zebra,should use the tag 'crossing=uncontrolled' 
451796576,way,crossing,zebra,should use the tag 'crossing=uncontrolled' 
452783391,way,crossing,zebra,should use the tag 'crossing=uncontrolled' 
452786686,way,crossing,zebra,should use the tag 'crossing=uncontrolled' 
452788655,way,crossing,zebra,should use the tag 'crossing=uncontrolled' 
452788656,way,crossing,zebra,should use the tag 'crossing=uncontrolled' 
453074708,way,crossing,zebra,should use the tag 'crossing=uncontrolled' 
453114493,way,crossing,zebra,should use the tag 'crossing=uncontrolled' 
453114540,way,crossing,zebra,should use the tag 'crossing=uncontrolled' 
453116320,way,crossing,zebra,should use the tag 'crossing=uncontrolled' 
453117557,way,crossing,zebra,should use the tag 'crossing=uncontrolled' 
453117562,way,crossing,zebra,should use the tag 'crossing=uncontrolled' 
453117563,way,crossing,zebra,should use the tag 'crossing=uncontrolled' 
453117564,way,crossing,zebra,should use the tag 'crossing=uncontrolled' 
453133655,way,crossing,zebra,should use the tag 'crossing=uncontrolled' 
453133667,way,crossing,zebra,should use the tag 'crossing=uncontrolled' 
453133678,way,crossing,zebra,should use the tag 'crossing=uncontrolled' 
454057669,way,crossing,zebra,should use the tag 'crossing=uncontrolled' 
454057676,way,crossing,zebra,should use the tag 'crossing=uncontrolled' 
454058481,way,crossing,zebra,should use the tag 'crossing=uncontrolled' 
454119505,way,crossing,zebra,should use the tag 'crossing=uncontrolled' 
454119506,way,crossing,zebra,should use the tag 'crossing=uncontrolled' 
454119534,way,crossing,zebra,should use the tag 'crossing=uncontrolled' 
454520872,way,crossing,zebra,should use the tag 'crossing=uncontrolled' 
454522736,way,crossing,zebra,should use the tag 'crossing=uncontrolled' 
454531166,way,crossing,zebra,should use the tag 'crossing=uncontrolled' 
454531894,way,crossing,zebra,should use the tag 'crossing=uncontrolled' 
454531895,way,crossing,zebra,should use the tag 'crossing=uncontrolled' 
454554148,way,crossing,zebra,should use the tag 'crossing=uncontrolled' 
454554149,way,crossing,zebra,should use the tag 'crossing=uncontrolled' 
454555642,way,crossing,zebra,should use the tag 'crossing=uncontrolled' 
454555644,way,crossing,zebra,should use the tag 'crossing=uncontrolled' 
454555645,way,crossing,zebra,should use the tag 'crossing=uncontrolled' 
454555647,way,crossing,zebra,should use the tag 'crossing=uncontrolled' 
454560310,way,crossing,zebra,should use the tag 'crossing=uncontrolled' 
454565027,way,crossing,zebra,should use the tag 'crossing=uncontrolled' 
454570696,way,crossing,zebra,should use the tag 'crossing=uncontrolled' 
454590922,way,crossing,zebra,should use the tag 'crossing=uncontrolled' 
454590957,way,crossing,zebra,should use the tag 'crossing=uncontrolled' 
457101298,way,crossing,zebra,should use the tag 'crossing=uncontrolled' 
457101318,way,crossing,zebra,should use the tag 'crossing=uncontrolled' 
457506119,way,crossing,zebra,should use the tag 'crossing=uncontrolled' 
457506132,way,crossing,zebra,should use the tag 'crossing=uncontrolled' 
457506133,way,crossing,zebra,should use the tag 'crossing=uncontrolled' 
458008847,way,crossing,zebra,should use the tag 'crossing=uncontrolled' 
458187886,way,crossing,zebra,should use the tag 'crossing=uncontrolled' 
458187898,way,crossing,zebra,should use the tag 'crossing=uncontrolled' 
458187901,way,crossing,zebra,should use the tag 'crossing=uncontrolled' 
458187909,way,crossing,marked,should use the tag 'crossing=uncontrolled' 
458187982,way,crossing,zebra,should use the tag 'crossing=uncontrolled' 
458188717,way,crossing,zebra,should use the tag 'crossing=uncontrolled' 
458188718,way,crossing,zebra,should use the tag 'crossing=uncontrolled' 
458188737,way,crossing,zebra,should use the tag 'crossing=uncontrolled' 
458582939,way,crossing,zebra,should use the tag 'crossing=uncontrolled' 
458588227,way,crossing,zebra,should use the tag 'crossing=uncontrolled' 
458789616,way,crossing,zebra,should use the tag 'crossing=uncontrolled' 
459071098,way,crossing,zebra,should use the tag 'crossing=uncontrolled' 
459071106,way,crossing,zebra,should use the tag 'crossing=uncontrolled' 
459071108,way,crossing,zebra,should use the tag 'crossing=uncontrolled' 
459071110,way,crossing,zebra,should use the tag 'crossing=uncontrolled' 
459071137,way,crossing,zebra,should use the tag 'crossing=uncontrolled' 
459071791,way,crossing,zebra,should use the tag 'crossing=uncontrolled' 
459071804,way,crossing,zebra,should use the tag 'crossing=uncontrolled' 
459076489,way,crossing,zebra,should use the tag 'crossing=uncontrolled' 
459076490,way,crossing,zebra,should use the tag 'crossing=uncontrolled' 
459257830,way,crossing,marked,should use the tag 'crossing=uncontrolled' 
459605830,way,crossing,zebra,should use the tag 'crossing=uncontrolled' 
459605832,way,crossing,zebra,should use the tag 'crossing=uncontrolled' 
459620335,way,crossing,zebra,should use the tag 'crossing=uncontrolled' 
459620340,way,crossing,zebra,should use the tag 'crossing=uncontrolled' 
459635668,way,crossing,zebra,should use the tag 'crossing=uncontrolled' 
459635669,way,crossing,zebra,should use the tag 'crossing=uncontrolled' 
459638178,way,crossing,zebra,should use the tag 'crossing=uncontrolled' 
459638653,way,crossing,zebra,should use the tag 'crossing=uncontrolled' 
459645589,way,crossing,zebra,should use the tag 'crossing=uncontrolled' 
459645592,way,crossing,zebra,should use the tag 'crossing=uncontrolled' 
460119439,way,crossing,zebra,should use the tag 'crossing=uncontrolled' 
460119440,way,crossing,zebra,should use the tag 'crossing=uncontrolled' 
460121848,way,crossing,zebra,should use the tag 'crossing=uncontrolled' 
460124082,way,crossing,zebra,should use the tag 'crossing=uncontrolled' 
460124090,way,crossing,zebra,should use the tag 'crossing=uncontrolled' 
460125568,way,crossing,zebra,should use the tag 'crossing=uncontrolled' 
460242899,way,crossing,zebra,should use the tag 'crossing=uncontrolled' 
460242900,way,crossing,zebra,should use the tag 'crossing=uncontrolled' 
460242918,way,crossing,zebra,should use the tag 'crossing=uncontrolled' 
460250201,way,crossing,zebra,should use the tag 'crossing=uncontrolled' 
460250202,way,crossing,zebra,should use the tag 'crossing=uncontrolled' 
460250227,way,crossing,zebra,should use the tag 'crossing=uncontrolled' 
460250239,way,crossing,zebra,should use the tag 'crossing=uncontrolled' 
460251304,way,crossing,zebra,should use the tag 'crossing=uncontrolled' 
460251305,way,crossing,zebra,should use the tag 'crossing=uncontrolled' 
460360108,way,crossing,zebra,should use the tag 'crossing=uncontrolled' 
460360136,way,crossing,zebra,should use the tag 'crossing=uncontrolled' 
460365475,way,crossing,zebra,should use the tag 'crossing=uncontrolled' 
460365481,way,crossing,zebra,should use the tag 'crossing=uncontrolled' 
460382416,way,crossing,zebra,should use the tag 'crossing=uncontrolled' 
460382417,way,crossing,zebra,should use the tag 'crossing=uncontrolled' 
460390371,way,crossing,zebra,should use the tag 'crossing=uncontrolled' 
460390418,way,crossing,zebra,should use the tag 'crossing=uncontrolled' 
460390419,way,crossing,zebra,should use the tag 'crossing=uncontrolled' 
460413601,way,crossing,marked,should use the tag 'crossing=uncontrolled' 
460417689,way,crossing,zebra,should use the tag 'crossing=uncontrolled' 
460417690,way,crossing,zebra,should use the tag 'crossing=uncontrolled' 
460419651,way,crossing,zebra,should use the tag 'crossing=uncontrolled' 
460421524,way,crossing,zebra,should use the tag 'crossing=uncontrolled' 
460421525,way,crossing,zebra,should use the tag 'crossing=uncontrolled' 
460421527,way,crossing,zebra,should use the tag 'crossing=uncontrolled' 
460422245,way,crossing,zebra,should use the tag 'crossing=uncontrolled' 
461264680,way,crossing,zebra,should use the tag 'crossing=uncontrolled' 
461264681,way,crossing,zebra,should use the tag 'crossing=uncontrolled' 
461264696,way,crossing,zebra,should use the tag 'crossing=uncontrolled' 
461269826,way,crossing,zebra,should use the tag 'crossing=uncontrolled' 
461269827,way,crossing,zebra,should use the tag 'crossing=uncontrolled' 
461269828,way,crossing,zebra,should use the tag 'crossing=uncontrolled' 
461269830,way,crossing,zebra,should use the tag 'crossing=uncontrolled' 
461269836,way,crossing,zebra,should use the tag 'crossing=uncontrolled' 
461269870,way,crossing,zebra,should use the tag 'crossing=uncontrolled' 
461275817,way,crossing,zebra,should use the tag 'crossing=uncontrolled' 
461275818,way,crossing,zebra,should use the tag 'crossing=uncontrolled' 
461275837,way,crossing,zebra,should use the tag 'crossing=uncontrolled' 
461275861,way,crossing,zebra,should use the tag 'crossing=uncontrolled' 
461275862,way,crossing,zebra,should use the tag 'crossing=uncontrolled' 
461441978,way,crossing,zebra,should use the tag 'crossing=uncontrolled' 
461442009,way,crossing,zebra,should use the tag 'crossing=uncontrolled' 
461442013,way,crossing,zebra,should use the tag 'crossing=uncontrolled' 
461442014,way,crossing,zebra,should use the tag 'crossing=uncontrolled' 
461442016,way,crossing,zebra,should use the tag 'crossing=uncontrolled' 
461442801,way,crossing,zebra,should use the tag 'crossing=uncontrolled' 
461442802,way,crossing,zebra,should use the tag 'crossing=uncontrolled' 
461590944,way,crossing,zebra,should use the tag 'crossing=uncontrolled' 
461600101,way,crossing,zebra,should use the tag 'crossing=uncontrolled' 
461617710,way,crossing,zebra,should use the tag 'crossing=uncontrolled' 
461617740,way,crossing,zebra,should use the tag 'crossing=uncontrolled' 
461617746,way,crossing,zebra,should use the tag 'crossing=uncontrolled' 
461998719,way,crossing,zebra,should use the tag 'crossing=uncontrolled' 
461998727,way,crossing,zebra,should use the tag 'crossing=uncontrolled' 
461998729,way,crossing,zebra,should use the tag 'crossing=uncontrolled' 
462447104,way,crossing,zebra,should use the tag 'crossing=uncontrolled' 
462447105,way,crossing,zebra,should use the tag 'crossing=uncontrolled' 
462448054,way,crossing,zebra,should use the tag 'crossing=uncontrolled' 
462448055,way,crossing,zebra,should use the tag 'crossing=uncontrolled' 
462448056,way,crossing,zebra,should use the tag 'crossing=uncontrolled' 
462449667,way,crossing,zebra,should use the tag 'crossing=uncontrolled' 
462456188,way,crossing,zebra,should use the tag 'crossing=uncontrolled' 
462456189,way,crossing,zebra,should use the tag 'crossing=uncontrolled' 
462456203,way,crossing,zebra,should use the tag 'crossing=uncontrolled' 
462456227,way,crossing,zebra,should use the tag 'crossing=uncontrolled' 
462457250,way,crossing,zebra,should use the tag 'crossing=uncontrolled' 
462457253,way,crossing,zebra,should use the tag 'crossing=uncontrolled' 
462460125,way,crossing,zebra,should use the tag 'crossing=uncontrolled' 
462460618,way,crossing,zebra,should use the tag 'crossing=uncontrolled' 
462460621,way,crossing,zebra,should use the tag 'crossing=uncontrolled' 
462480105,way,crossing,zebra,should use the tag 'crossing=uncontrolled' 
462693072,way,crossing,zebra,should use the tag 'crossing=uncontrolled' 
462694751,way,crossing,zebra,should use the tag 'crossing=uncontrolled' 
462694762,way,crossing,zebra,should use the tag 'crossing=uncontrolled' 
462694767,way,crossing,zebra,should use the tag 'crossing=uncontrolled' 
463341803,way,crossing,zebra,should use the tag 'crossing=uncontrolled' 
463345155,way,crossing,zebra,should use the tag 'crossing=uncontrolled' 
463767740,way,crossing,zebra,should use the tag 'crossing=uncontrolled' 
463768882,way,crossing,zebra,should use the tag 'crossing=uncontrolled' 
463772304,way,crossing,zebra,should use the tag 'crossing=uncontrolled' 
463772305,way,crossing,zebra,should use the tag 'crossing=uncontrolled' 
463984794,way,crossing,zebra,should use the tag 'crossing=uncontrolled' 
464204316,way,crossing,zebra,should use the tag 'crossing=uncontrolled' 
464204317,way,crossing,zebra,should use the tag 'crossing=uncontrolled' 
464226733,way,crossing,zebra,should use the tag 'crossing=uncontrolled' 
464589531,way,crossing,marked,should use the tag 'crossing=uncontrolled' 
464661763,way,crossing,zebra,should use the tag 'crossing=uncontrolled' 
464662736,way,crossing,zebra,should use the tag 'crossing=uncontrolled' 
464847433,way,crossing,zebra,should use the tag 'crossing=uncontrolled' 
464848021,way,crossing,zebra,should use the tag 'crossing=uncontrolled' 
464848022,way,crossing,zebra,should use the tag 'crossing=uncontrolled' 
465060075,way,crossing,zebra,should use the tag 'crossing=uncontrolled' 
465066858,way,crossing,zebra,should use the tag 'crossing=uncontrolled' 
465066864,way,crossing,zebra,should use the tag 'crossing=uncontrolled' 
465286483,way,crossing,zebra,should use the tag 'crossing=uncontrolled' 
465799390,way,crossing,zebra,should use the tag 'crossing=uncontrolled' 
465801664,way,crossing,zebra,should use the tag 'crossing=uncontrolled' 
465801665,way,crossing,zebra,should use the tag 'crossing=uncontrolled' 
465977775,way,crossing,zebra,should use the tag 'crossing=uncontrolled' 
465977776,way,crossing,zebra,should use the tag 'crossing=uncontrolled' 
466001725,way,crossing,zebra,should use the tag 'crossing=uncontrolled' 
466001730,way,crossing,zebra,should use the tag 'crossing=uncontrolled' 
466001736,way,crossing,zebra,should use the tag 'crossing=uncontrolled' 
466003094,way,crossing,zebra,should use the tag 'crossing=uncontrolled' 
466003095,way,crossing,zebra,should use the tag 'crossing=uncontrolled' 
467379972,way,crossing,zebra,should use the tag 'crossing=uncontrolled' 
467837338,way,crossing,zebra,should use the tag 'crossing=uncontrolled' 
467837339,way,crossing,zebra,should use the tag 'crossing=uncontrolled' 
469590862,way,crossing,zebra,should use the tag 'crossing=uncontrolled' 
470102202,way,crossing,zebra,should use the tag 'crossing=uncontrolled' 
470102205,way,crossing,zebra,should use the tag 'crossing=uncontrolled' 
470103801,way,crossing,zebra,should use the tag 'crossing=uncontrolled' 
470103803,way,crossing,zebra,should use the tag 'crossing=uncontrolled' 
470103804,way,crossing,zebra,should use the tag 'crossing=uncontrolled' 
470103806,way,crossing,zebra,should use the tag 'crossing=uncontrolled' 
470414792,way,crossing,zebra,should use the tag 'crossing=uncontrolled' 
470414797,way,crossing,zebra,should use the tag 'crossing=uncontrolled' 
470414798,way,crossing,zebra,should use the tag 'crossing=uncontrolled' 
470683211,way,crossing,zebra,should use the tag 'crossing=uncontrolled' 
470884636,way,crossing,zebra,should use the tag 'crossing=uncontrolled' 
470884638,way,crossing,zebra,should use the tag 'crossing=uncontrolled' 
470884640,way,crossing,zebra,should use the tag 'crossing=uncontrolled' 
470884641,way,crossing,zebra,should use the tag 'crossing=uncontrolled' 
470884644,way,crossing,zebra,should use the tag 'crossing=uncontrolled' 
470884645,way,crossing,zebra,should use the tag 'crossing=uncontrolled' 
470884648,way,crossing,zebra,should use the tag 'crossing=uncontrolled' 
470884650,way,crossing,zebra,should use the tag 'crossing=uncontrolled' 
470884651,way,crossing,zebra,should use the tag 'crossing=uncontrolled' 
470884665,way,crossing,zebra,should use the tag 'crossing=uncontrolled' 
470884666,way,crossing,zebra,should use the tag 'crossing=uncontrolled' 
470884667,way,crossing,zebra,should use the tag 'crossing=uncontrolled' 
470884670,way,crossing,zebra,should use the tag 'crossing=uncontrolled' 
470884671,way,crossing,zebra,should use the tag 'crossing=uncontrolled' 
470884672,way,crossing,zebra,should use the tag 'crossing=uncontrolled' 
470884674,way,crossing,zebra,should use the tag 'crossing=uncontrolled' 
470884675,way,crossing,marked,should use the tag 'crossing=uncontrolled' 
471288494,way,crossing,zebra,should use the tag 'crossing=uncontrolled' 
471288498,way,crossing,zebra,should use the tag 'crossing=uncontrolled' 
471296611,way,crossing,zebra,should use the tag 'crossing=uncontrolled' 
471667108,way,crossing,zebra,should use the tag 'crossing=uncontrolled' 
473691572,way,crossing,zebra,should use the tag 'crossing=uncontrolled' 
474917465,way,crossing,zebra,should use the tag 'crossing=uncontrolled' 
474917475,way,crossing,zebra,should use the tag 'crossing=uncontrolled' 
474925405,way,crossing,zebra,should use the tag 'crossing=uncontrolled' 
474925406,way,crossing,zebra,should use the tag 'crossing=uncontrolled' 
474927259,way,crossing,zebra,should use the tag 'crossing=uncontrolled' 
474927261,way,crossing,zebra,should use the tag 'crossing=uncontrolled' 
475657971,way,crossing,zebra,should use the tag 'crossing=uncontrolled' 
475988323,way,crossing,zebra,should use the tag 'crossing=uncontrolled' 
478955893,way,crossing,zebra,should use the tag 'crossing=uncontrolled' 
479927280,way,crossing,zebra,should use the tag 'crossing=uncontrolled' 
479927281,way,crossing,zebra,should use the tag 'crossing=uncontrolled' 
479927298,way,crossing,zebra,should use the tag 'crossing=uncontrolled' 
479953781,way,crossing,zebra,should use the tag 'crossing=uncontrolled' 
479953817,way,crossing,marked,should use the tag 'crossing=uncontrolled' 
479953818,way,crossing,zebra,should use the tag 'crossing=uncontrolled' 
481126076,way,crossing,zebra,should use the tag 'crossing=uncontrolled' 
481126081,way,crossing,zebra,should use the tag 'crossing=uncontrolled' 
481126088,way,crossing,zebra,should use the tag 'crossing=uncontrolled' 
481138096,way,crossing,zebra,should use the tag 'crossing=uncontrolled' 
482124647,way,crossing,zebra,should use the tag 'crossing=uncontrolled' 
485968630,way,crossing,zebra,should use the tag 'crossing=uncontrolled' 
493471641,way,crossing,zebra,should use the tag 'crossing=uncontrolled' 
493471643,way,crossing,zebra,should use the tag 'crossing=uncontrolled' 
493471645,way,crossing,zebra,should use the tag 'crossing=uncontrolled' 
493472350,way,crossing,zebra,should use the tag 'crossing=uncontrolled' 
493472351,way,crossing,zebra,should use the tag 'crossing=uncontrolled' 
493472352,way,crossing,zebra,should use the tag 'crossing=uncontrolled' 
499205792,way,crossing,zebra,should use the tag 'crossing=uncontrolled' 
501092551,way,crossing,zebra,should use the tag 'crossing=uncontrolled' 
501092553,way,crossing,zebra,should use the tag 'crossing=uncontrolled' 
501092556,way,crossing,zebra,should use the tag 'crossing=uncontrolled' 
501092557,way,crossing,zebra,should use the tag 'crossing=uncontrolled' 
501092558,way,crossing,zebra,should use the tag 'crossing=uncontrolled' 
501092564,way,crossing,zebra,should use the tag 'crossing=uncontrolled' 
502197227,way,crossing,zebra,should use the tag 'crossing=uncontrolled' 
502782341,way,crossing,marked,should use the tag 'crossing=uncontrolled' 
516475727,way,crossing,zebra,should use the tag 'crossing=uncontrolled' 
516640491,way,crossing,zebra,should use the tag 'crossing=uncontrolled' 
516640493,way,crossing,zebra,should use the tag 'crossing=uncontrolled' 
517110195,way,crossing,zebra,should use the tag 'crossing=uncontrolled' 
517110205,way,crossing,zebra,should use the tag 'crossing=uncontrolled' 
517110209,way,crossing,zebra,should use the tag 'crossing=uncontrolled' 
517112238,way,crossing,zebra,should use the tag 'crossing=uncontrolled' 
517479817,way,crossing,zebra,should use the tag 'crossing=uncontrolled' 
517479818,way,crossing,zebra,should use the tag 'crossing=uncontrolled' 
517486005,way,crossing,zebra,should use the tag 'crossing=uncontrolled' 
517486006,way,crossing,zebra,should use the tag 'crossing=uncontrolled' 
518158247,way,crossing,zebra,should use the tag 'crossing=uncontrolled' 
518158261,way,crossing,zebra,should use the tag 'crossing=uncontrolled' 
518158263,way,crossing,zebra,should use the tag 'crossing=uncontrolled' 
518158264,way,crossing,zebra,should use the tag 'crossing=uncontrolled' 
519450262,way,crossing,zebra,should use the tag 'crossing=uncontrolled' 
519450263,way,crossing,zebra,should use the tag 'crossing=uncontrolled' 
519450264,way,crossing,zebra,should use the tag 'crossing=uncontrolled' 
519450266,way,crossing,zebra,should use the tag 'crossing=uncontrolled' 
519450268,way,crossing,zebra,should use the tag 'crossing=uncontrolled' 
519450269,way,crossing,zebra,should use the tag 'crossing=uncontrolled' 
519450271,way,crossing,zebra,should use the tag 'crossing=uncontrolled' 
519450273,way,crossing,zebra,should use the tag 'crossing=uncontrolled' 
519450275,way,crossing,zebra,should use the tag 'crossing=uncontrolled' 
519450277,way,crossing,zebra,should use the tag 'crossing=uncontrolled' 
519450278,way,crossing,zebra,should use the tag 'crossing=uncontrolled' 
519450280,way,crossing,zebra,should use the tag 'crossing=uncontrolled' 
519450282,way,crossing,zebra,should use the tag 'crossing=uncontrolled' 
519450284,way,crossing,zebra,should use the tag 'crossing=uncontrolled' 
519450287,way,crossing,zebra,should use the tag 'crossing=uncontrolled' 
519450289,way,crossing,zebra,should use the tag 'crossing=uncontrolled' 
519450291,way,crossing,zebra,should use the tag 'crossing=uncontrolled' 
519450293,way,crossing,zebra,should use the tag 'crossing=uncontrolled' 
519450295,way,crossing,zebra,should use the tag 'crossing=uncontrolled' 
519450297,way,crossing,zebra,should use the tag 'crossing=uncontrolled' 
519450300,way,crossing,zebra,should use the tag 'crossing=uncontrolled' 
519450302,way,crossing,zebra,should use the tag 'crossing=uncontrolled' 
519450303,way,crossing,zebra,should use the tag 'crossing=uncontrolled' 
519450305,way,crossing,zebra,should use the tag 'crossing=uncontrolled' 
519450307,way,crossing,zebra,should use the tag 'crossing=uncontrolled' 
519450308,way,crossing,zebra,should use the tag 'crossing=uncontrolled' 
519450310,way,crossing,zebra,should use the tag 'crossing=uncontrolled' 
519450311,way,crossing,zebra,should use the tag 'crossing=uncontrolled' 
519450312,way,crossing,zebra,should use the tag 'crossing=uncontrolled' 
519450314,way,crossing,zebra,should use the tag 'crossing=uncontrolled' 
519450317,way,crossing,zebra,should use the tag 'crossing=uncontrolled' 
519450319,way,crossing,zebra,should use the tag 'crossing=uncontrolled' 
519450321,way,crossing,zebra,should use the tag 'crossing=uncontrolled' 
519450322,way,crossing,zebra,should use the tag 'crossing=uncontrolled' 
519450324,way,crossing,zebra,should use the tag 'crossing=uncontrolled' 
519450326,way,crossing,zebra,should use the tag 'crossing=uncontrolled' 
519450328,way,crossing,zebra,should use the tag 'crossing=uncontrolled' 
519451242,way,crossing,zebra,should use the tag 'crossing=uncontrolled' 
519451243,way,crossing,zebra,should use the tag 'crossing=uncontrolled' 
519451244,way,crossing,zebra,should use the tag 'crossing=uncontrolled' 
519451245,way,crossing,zebra,should use the tag 'crossing=uncontrolled' 
519451246,way,crossing,zebra,should use the tag 'crossing=uncontrolled' 
519451247,way,crossing,zebra,should use the tag 'crossing=uncontrolled' 
519451248,way,crossing,zebra,should use the tag 'crossing=uncontrolled' 
519451249,way,crossing,zebra,should use the tag 'crossing=uncontrolled' 
519451250,way,crossing,zebra,should use the tag 'crossing=uncontrolled' 
519451251,way,crossing,zebra,should use the tag 'crossing=uncontrolled' 
519451252,way,crossing,zebra,should use the tag 'crossing=uncontrolled' 
519451253,way,crossing,zebra,should use the tag 'crossing=uncontrolled' 
519451254,way,crossing,zebra,should use the tag 'crossing=uncontrolled' 
519451255,way,crossing,zebra,should use the tag 'crossing=uncontrolled' 
519451256,way,crossing,zebra,should use the tag 'crossing=uncontrolled' 
519451257,way,crossing,zebra,should use the tag 'crossing=uncontrolled' 
519451258,way,crossing,zebra,should use the tag 'crossing=uncontrolled' 
519451259,way,crossing,zebra,should use the tag 'crossing=uncontrolled' 
519451260,way,crossing,zebra,should use the tag 'crossing=uncontrolled' 
519451261,way,crossing,zebra,should use the tag 'crossing=uncontrolled' 
519451262,way,crossing,zebra,should use the tag 'crossing=uncontrolled' 
519451263,way,crossing,zebra,should use the tag 'crossing=uncontrolled' 
519451264,way,crossing,zebra,should use the tag 'crossing=uncontrolled' 
519451265,way,crossing,zebra,should use the tag 'crossing=uncontrolled' 
519451266,way,crossing,zebra,should use the tag 'crossing=uncontrolled' 
519451267,way,crossing,zebra,should use the tag 'crossing=uncontrolled' 
519451268,way,crossing,zebra,should use the tag 'crossing=uncontrolled' 
519451269,way,crossing,zebra,should use the tag 'crossing=uncontrolled' 
519451270,way,crossing,zebra,should use the tag 'crossing=uncontrolled' 
519451271,way,crossing,zebra,should use the tag 'crossing=uncontrolled' 
519451272,way,crossing,zebra,should use the tag 'crossing=uncontrolled' 
519451273,way,crossing,zebra,should use the tag 'crossing=uncontrolled' 
519451274,way,crossing,zebra,should use the tag 'crossing=uncontrolled' 
519451275,way,crossing,zebra,should use the tag 'crossing=uncontrolled' 
519451277,way,crossing,zebra,should use the tag 'crossing=uncontrolled' 
519451278,way,crossing,zebra,should use the tag 'crossing=uncontrolled' 
519451280,way,crossing,zebra,should use the tag 'crossing=uncontrolled' 
519451283,way,crossing,zebra,should use the tag 'crossing=uncontrolled' 
519451286,way,crossing,zebra,should use the tag 'crossing=uncontrolled' 
519691431,way,crossing,zebra,should use the tag 'crossing=uncontrolled' 
519696094,way,crossing,zebra,should use the tag 'crossing=uncontrolled' 
519702111,way,crossing,zebra,should use the tag 'crossing=uncontrolled' 
519702113,way,crossing,zebra,should use the tag 'crossing=uncontrolled' 
519734576,way,crossing,zebra,should use the tag 'crossing=uncontrolled' 
519734614,way,crossing,zebra,should use the tag 'crossing=uncontrolled' 
519734615,way,crossing,zebra,should use the tag 'crossing=uncontrolled' 
521127845,way,crossing,zebra,should use the tag 'crossing=uncontrolled' 
521127846,way,crossing,zebra,should use the tag 'crossing=uncontrolled' 
521127849,way,crossing,zebra,should use the tag 'crossing=uncontrolled' 
521127850,way,crossing,zebra,should use the tag 'crossing=uncontrolled' 
521376204,way,crossing,zebra,should use the tag 'crossing=uncontrolled' 
521376205,way,crossing,zebra,should use the tag 'crossing=uncontrolled' 
521377251,way,crossing,zebra,should use the tag 'crossing=uncontrolled' 
521699100,way,crossing,zebra,should use the tag 'crossing=uncontrolled' 
521947602,way,crossing,zebra,should use the tag 'crossing=uncontrolled' 
521947604,way,crossing,zebra,should use the tag 'crossing=uncontrolled' 
522222675,way,crossing,zebra,should use the tag 'crossing=uncontrolled' 
522236241,way,crossing,zebra,should use the tag 'crossing=uncontrolled' 
522236242,way,crossing,zebra,should use the tag 'crossing=uncontrolled' 
522236243,way,crossing,zebra,should use the tag 'crossing=uncontrolled' 
522240239,way,crossing,zebra,should use the tag 'crossing=uncontrolled' 
522292080,way,crossing,zebra,should use the tag 'crossing=uncontrolled' 
522292081,way,crossing,zebra,should use the tag 'crossing=uncontrolled' 
522294078,way,crossing,zebra,should use the tag 'crossing=uncontrolled' 
522300841,way,crossing,zebra,should use the tag 'crossing=uncontrolled' 
522300860,way,crossing,zebra,should use the tag 'crossing=uncontrolled' 
522300861,way,crossing,zebra,should use the tag 'crossing=uncontrolled' 
522713617,way,crossing,zebra,should use the tag 'crossing=uncontrolled' 
522713618,way,crossing,zebra,should use the tag 'crossing=uncontrolled' 
522713619,way,crossing,zebra,should use the tag 'crossing=uncontrolled' 
523501315,way,crossing,zebra,should use the tag 'crossing=uncontrolled' 
523501316,way,crossing,zebra,should use the tag 'crossing=uncontrolled' 
523501321,way,crossing,zebra,should use the tag 'crossing=uncontrolled' 
523506550,way,crossing,zebra,should use the tag 'crossing=uncontrolled' 
523506553,way,crossing,zebra,should use the tag 'crossing=uncontrolled' 
523506556,way,crossing,zebra,should use the tag 'crossing=uncontrolled' 
523510345,way,crossing,zebra,should use the tag 'crossing=uncontrolled' 
523510347,way,crossing,zebra,should use the tag 'crossing=uncontrolled' 
523510349,way,crossing,zebra,should use the tag 'crossing=uncontrolled' 
523510351,way,crossing,zebra,should use the tag 'crossing=uncontrolled' 
523510353,way,crossing,zebra,should use the tag 'crossing=uncontrolled' 
523510379,way,crossing,zebra,should use the tag 'crossing=uncontrolled' 
523516185,way,crossing,zebra,should use the tag 'crossing=uncontrolled' 
523516186,way,crossing,zebra,should use the tag 'crossing=uncontrolled' 
523519852,way,crossing,zebra,should use the tag 'crossing=uncontrolled' 
523519853,way,crossing,zebra,should use the tag 'crossing=uncontrolled' 
523519854,way,crossing,zebra,should use the tag 'crossing=uncontrolled' 
523519855,way,crossing,zebra,should use the tag 'crossing=uncontrolled' 
524449304,way,crossing,zebra,should use the tag 'crossing=uncontrolled' 
524449305,way,crossing,zebra,should use the tag 'crossing=uncontrolled' 
524449410,way,crossing,zebra,should use the tag 'crossing=uncontrolled' 
529048293,way,crossing,zebra,should use the tag 'crossing=uncontrolled' 
529048294,way,crossing,zebra,should use the tag 'crossing=uncontrolled' 
529057103,way,crossing,zebra,should use the tag 'crossing=uncontrolled' 
529060363,way,crossing,zebra,should use the tag 'crossing=uncontrolled' 
529060364,way,crossing,zebra,should use the tag 'crossing=uncontrolled' 
529062223,way,crossing,zebra,should use the tag 'crossing=uncontrolled' 
530395849,way,crossing,zebra,should use the tag 'crossing=uncontrolled' 
530395850,way,crossing,zebra,should use the tag 'crossing=uncontrolled' 
530395851,way,crossing,zebra,should use the tag 'crossing=uncontrolled' 
532053573,way,crossing,zebra,should use the tag 'crossing=uncontrolled' 
532061695,way,crossing,zebra,should use the tag 'crossing=uncontrolled' 
532844602,way,crossing,zebra,should use the tag 'crossing=uncontrolled' 
548907773,way,crossing,zebra,should use the tag 'crossing=uncontrolled' 
548908247,way,crossing,zebra,should use the tag 'crossing=uncontrolled' 
548910611,way,crossing,zebra,should use the tag 'crossing=uncontrolled' 
548910622,way,crossing,zebra,should use the tag 'crossing=uncontrolled' 
549066469,way,crossing,zebra,should use the tag 'crossing=uncontrolled' 
549066471,way,crossing,zebra,should use the tag 'crossing=uncontrolled' 
549351223,way,crossing,zebra,should use the tag 'crossing=uncontrolled' 
549351808,way,crossing,zebra,should use the tag 'crossing=uncontrolled' 
549550044,way,crossing,zebra,should use the tag 'crossing=uncontrolled' 
549566271,way,crossing,zebra,should use the tag 'crossing=uncontrolled' 
549569759,way,crossing,zebra,should use the tag 'crossing=uncontrolled' 
549569760,way,crossing,zebra,should use the tag 'crossing=uncontrolled' 
549570796,way,crossing,zebra,should use the tag 'crossing=uncontrolled' 
549570802,way,crossing,zebra,should use the tag 'crossing=uncontrolled' 
549572060,way,crossing,zebra,should use the tag 'crossing=uncontrolled' 
549576889,way,crossing,zebra,should use the tag 'crossing=uncontrolled' 
549576908,way,crossing,zebra,should use the tag 'crossing=uncontrolled' 
549606663,way,crossing,zebra,should use the tag 'crossing=uncontrolled' 
549606664,way,crossing,zebra,should use the tag 'crossing=uncontrolled' 
549609854,way,crossing,zebra,should use the tag 'crossing=uncontrolled' 
549609855,way,crossing,zebra,should use the tag 'crossing=uncontrolled' 
549612177,way,crossing,zebra,should use the tag 'crossing=uncontrolled' 
549615894,way,crossing,marked,should use the tag 'crossing=uncontrolled' 
549615895,way,crossing,marked,should use the tag 'crossing=uncontrolled' 
549626054,way,crossing,marked,should use the tag 'crossing=uncontrolled' 
549626055,way,crossing,marked,should use the tag 'crossing=uncontrolled' 
549743214,way,crossing,zebra,should use the tag 'crossing=uncontrolled' 
549743215,way,crossing,zebra,should use the tag 'crossing=uncontrolled' 
549743216,way,crossing,zebra,should use the tag 'crossing=uncontrolled' 
549752921,way,crossing,zebra,should use the tag 'crossing=uncontrolled' 
549752922,way,crossing,zebra,should use the tag 'crossing=uncontrolled' 
549759879,way,crossing,zebra,should use the tag 'crossing=uncontrolled' 
549759880,way,crossing,zebra,should use the tag 'crossing=uncontrolled' 
549760029,way,crossing,zebra,should use the tag 'crossing=uncontrolled' 
549761433,way,crossing,zebra,should use the tag 'crossing=uncontrolled' 
549763348,way,crossing,zebra,should use the tag 'crossing=uncontrolled' 
550168374,way,crossing,zebra,should use the tag 'crossing=uncontrolled' 
550168375,way,crossing,zebra,should use the tag 'crossing=uncontrolled' 
550264040,way,crossing,zebra,should use the tag 'crossing=uncontrolled' 
550421573,way,crossing,zebra,should use the tag 'crossing=uncontrolled' 
550444346,way,crossing,zebra,should use the tag 'crossing=uncontrolled' 
550980565,way,crossing,zebra,should use the tag 'crossing=uncontrolled' 
551126591,way,crossing,zebra,should use the tag 'crossing=uncontrolled' 
551128167,way,crossing,zebra,should use the tag 'crossing=uncontrolled' 
551128168,way,crossing,zebra,should use the tag 'crossing=uncontrolled' 
551128169,way,crossing,zebra,should use the tag 'crossing=uncontrolled' 
551128170,way,crossing,zebra,should use the tag 'crossing=uncontrolled' 
551270033,way,crossing,zebra,should use the tag 'crossing=uncontrolled' 
551270034,way,crossing,zebra,should use the tag 'crossing=uncontrolled' 
551270038,way,crossing,zebra,should use the tag 'crossing=uncontrolled' 
551969140,way,crossing,zebra,should use the tag 'crossing=uncontrolled' 
552668705,way,crossing,zebra,should use the tag 'crossing=uncontrolled' 
552668706,way,crossing,zebra,should use the tag 'crossing=uncontrolled' 
552668707,way,crossing,zebra,should use the tag 'crossing=uncontrolled' 
553362378,way,crossing,zebra,should use the tag 'crossing=uncontrolled' 
553362380,way,crossing,zebra,should use the tag 'crossing=uncontrolled' 
553555446,way,crossing,zebra,should use the tag 'crossing=uncontrolled' 
553573804,way,crossing,zebra,should use the tag 'crossing=uncontrolled' 
553573839,way,crossing,zebra,should use the tag 'crossing=uncontrolled' 
553573865,way,crossing,zebra,should use the tag 'crossing=uncontrolled' 
553576696,way,crossing,zebra,should use the tag 'crossing=uncontrolled' 
553576699,way,crossing,zebra,should use the tag 'crossing=uncontrolled' 
553607881,way,crossing,zebra,should use the tag 'crossing=uncontrolled' 
553607882,way,crossing,zebra,should use the tag 'crossing=uncontrolled' 
553611598,way,crossing,zebra,should use the tag 'crossing=uncontrolled' 
553613501,way,crossing,marked,should use the tag 'crossing=uncontrolled' 
553623458,way,crossing,marked,should use the tag 'crossing=uncontrolled' 
553625340,way,crossing,zebra,should use the tag 'crossing=uncontrolled' 
553626587,way,crossing,zebra,should use the tag 'crossing=uncontrolled' 
553626588,way,crossing,zebra,should use the tag 'crossing=uncontrolled' 
553629937,way,crossing,zebra,should use the tag 'crossing=uncontrolled' 
553629938,way,crossing,zebra,should use the tag 'crossing=uncontrolled' 
553845838,way,crossing,zebra,should use the tag 'crossing=uncontrolled' 
553845841,way,crossing,zebra,should use the tag 'crossing=uncontrolled' 
553845843,way,crossing,zebra,should use the tag 'crossing=uncontrolled' 
553847060,way,crossing,zebra,should use the tag 'crossing=uncontrolled' 
554666426,way,crossing,zebra,should use the tag 'crossing=uncontrolled' 
554666428,way,crossing,zebra,should use the tag 'crossing=uncontrolled' 
554672396,way,crossing,zebra,should use the tag 'crossing=uncontrolled' 
554672399,way,crossing,zebra,should use the tag 'crossing=uncontrolled' 
554868295,way,crossing,zebra,should use the tag 'crossing=uncontrolled' 
554868296,way,crossing,zebra,should use the tag 'crossing=uncontrolled' 
554868301,way,crossing,zebra,should use the tag 'crossing=uncontrolled' 
554868303,way,crossing,zebra,should use the tag 'crossing=uncontrolled' 
554868313,way,crossing,zebra,should use the tag 'crossing=uncontrolled' 
554872009,way,crossing,zebra,should use the tag 'crossing=uncontrolled' 
554928906,way,crossing,zebra,should use the tag 'crossing=uncontrolled' 
556052178,way,crossing,marked,should use the tag 'crossing=uncontrolled' 
556052180,way,crossing,marked,should use the tag 'crossing=uncontrolled' 
556521405,way,crossing,zebra,should use the tag 'crossing=uncontrolled' 
556521406,way,crossing,zebra,should use the tag 'crossing=uncontrolled' 
556521407,way,crossing,zebra,should use the tag 'crossing=uncontrolled' 
556523276,way,crossing,zebra,should use the tag 'crossing=uncontrolled' 
556523279,way,crossing,zebra,should use the tag 'crossing=uncontrolled' 
556524476,way,crossing,zebra,should use the tag 'crossing=uncontrolled' 
556527171,way,crossing,zebra,should use the tag 'crossing=uncontrolled' 
558862695,way,crossing,marked,should use the tag 'crossing=uncontrolled' 
558862956,way,crossing,marked,should use the tag 'crossing=uncontrolled' 
558862957,way,crossing,marked,should use the tag 'crossing=uncontrolled' 
559102370,way,crossing,zebra,should use the tag 'crossing=uncontrolled' 
559148005,way,crossing,zebra,should use the tag 'crossing=uncontrolled' 
559496218,way,crossing,zebra,should use the tag 'crossing=uncontrolled' 
559496220,way,crossing,zebra,should use the tag 'crossing=uncontrolled' 
559496222,way,crossing,zebra,should use the tag 'crossing=uncontrolled' 
559496231,way,crossing,zebra,should use the tag 'crossing=uncontrolled' 
559768977,way,crossing,zebra,should use the tag 'crossing=uncontrolled' 
559768978,way,crossing,zebra,should use the tag 'crossing=uncontrolled' 
559787383,way,crossing,zebra,should use the tag 'crossing=uncontrolled' 
560844898,way,crossing,zebra,should use the tag 'crossing=uncontrolled' 
561049823,way,crossing,zebra,should use the tag 'crossing=uncontrolled' 
561833542,way,crossing,zebra,should use the tag 'crossing=uncontrolled' 
561833564,way,crossing,zebra,should use the tag 'crossing=uncontrolled' 
562790950,way,crossing,zebra,should use the tag 'crossing=uncontrolled' 
563914710,way,crossing,zebra,should use the tag 'crossing=uncontrolled' 
563914711,way,crossing,zebra,should use the tag 'crossing=uncontrolled' 
563923940,way,crossing,zebra,should use the tag 'crossing=uncontrolled' 
563923942,way,crossing,zebra,should use the tag 'crossing=uncontrolled' 
563926378,way,crossing,zebra,should use the tag 'crossing=uncontrolled' 
563926379,way,crossing,zebra,should use the tag 'crossing=uncontrolled' 
563926384,way,crossing,zebra,should use the tag 'crossing=uncontrolled' 
563926394,way,crossing,zebra,should use the tag 'crossing=uncontrolled' 
563926398,way,crossing,zebra,should use the tag 'crossing=uncontrolled' 
563930350,way,crossing,zebra,should use the tag 'crossing=uncontrolled' 
563945108,way,crossing,zebra,should use the tag 'crossing=uncontrolled' 
563945109,way,crossing,zebra,should use the tag 'crossing=uncontrolled' 
563945114,way,crossing,zebra,should use the tag 'crossing=uncontrolled' 
563946122,way,crossing,zebra,should use the tag 'crossing=uncontrolled' 
563947285,way,crossing,zebra,should use the tag 'crossing=uncontrolled' 
563954691,way,crossing,zebra,should use the tag 'crossing=uncontrolled' 
563954692,way,crossing,zebra,should use the tag 'crossing=uncontrolled' 
563955245,way,crossing,zebra,should use the tag 'crossing=uncontrolled' 
564079836,way,crossing,zebra,should use the tag 'crossing=uncontrolled' 
564371473,way,crossing,zebra,should use the tag 'crossing=uncontrolled' 
564376535,way,crossing,zebra,should use the tag 'crossing=uncontrolled' 
565483815,way,crossing,zebra,should use the tag 'crossing=uncontrolled' 
565490120,way,crossing,zebra,should use the tag 'crossing=uncontrolled' 
568369895,way,crossing,zebra,should use the tag 'crossing=uncontrolled' 
568371022,way,crossing,zebra,should use the tag 'crossing=uncontrolled' 
568371023,way,crossing,zebra,should use the tag 'crossing=uncontrolled' 
568378757,way,crossing,zebra,should use the tag 'crossing=uncontrolled' 
568378760,way,crossing,zebra,should use the tag 'crossing=uncontrolled' 
568571727,way,crossing,zebra,should use the tag 'crossing=uncontrolled' 
569440823,way,crossing,zebra,should use the tag 'crossing=uncontrolled' 
569440825,way,crossing,zebra,should use the tag 'crossing=uncontrolled' 
569460028,way,crossing,zebra,should use the tag 'crossing=uncontrolled' 
569460029,way,crossing,zebra,should use the tag 'crossing=uncontrolled' 
569462709,way,crossing,zebra,should use the tag 'crossing=uncontrolled' 
569462710,way,crossing,zebra,should use the tag 'crossing=uncontrolled' 
569463215,way,crossing,zebra,should use the tag 'crossing=uncontrolled' 
569474620,way,crossing,zebra,should use the tag 'crossing=uncontrolled' 
569474621,way,crossing,zebra,should use the tag 'crossing=uncontrolled' 
569493976,way,crossing,zebra,should use the tag 'crossing=uncontrolled' 
570069502,way,crossing,zebra,should use the tag 'crossing=uncontrolled' 
570073213,way,crossing,zebra,should use the tag 'crossing=uncontrolled' 
570073214,way,crossing,zebra,should use the tag 'crossing=uncontrolled' 
570081301,way,crossing,zebra,should use the tag 'crossing=uncontrolled' 
570081302,way,crossing,zebra,should use the tag 'crossing=uncontrolled' 
570091395,way,crossing,marked,should use the tag 'crossing=uncontrolled' 
571089624,way,crossing,zebra,should use the tag 'crossing=uncontrolled' 
571817217,way,crossing,zebra,should use the tag 'crossing=uncontrolled' 
573330182,way,crossing,zebra,should use the tag 'crossing=uncontrolled' 
579071957,way,crossing,zebra,should use the tag 'crossing=uncontrolled' 
581503736,way,crossing,marked,should use the tag 'crossing=uncontrolled' 
587342175,way,crossing,zebra,should use the tag 'crossing=uncontrolled' 
589375184,way,crossing,zebra,should use the tag 'crossing=uncontrolled' 
589375185,way,crossing,zebra,should use the tag 'crossing=uncontrolled' 
589375187,way,crossing,zebra,should use the tag 'crossing=uncontrolled' 
589991989,way,crossing,zebra,should use the tag 'crossing=uncontrolled' 
589991990,way,crossing,zebra,should use the tag 'crossing=uncontrolled' 
589991991,way,crossing,zebra,should use the tag 'crossing=uncontrolled' 
591035995,way,crossing,zebra,should use the tag 'crossing=uncontrolled' 
599943828,way,crossing,marked,should use the tag 'crossing=uncontrolled' 
599943862,way,crossing,marked,should use the tag 'crossing=uncontrolled' 
600800265,way,crossing,zebra,should use the tag 'crossing=uncontrolled' 
601091078,way,crossing,zebra,should use the tag 'crossing=uncontrolled' 
601144361,way,crossing,marked,should use the tag 'crossing=uncontrolled' 
601144367,way,crossing,zebra,should use the tag 'crossing=uncontrolled' 
601790890,way,crossing,zebra,should use the tag 'crossing=uncontrolled' 
601790893,way,crossing,zebra,should use the tag 'crossing=uncontrolled' 
601790894,way,crossing,zebra,should use the tag 'crossing=uncontrolled' 
603218702,way,crossing,zebra,should use the tag 'crossing=uncontrolled' 
607803547,way,crossing,zebra,should use the tag 'crossing=uncontrolled' 
607803560,way,crossing,zebra,should use the tag 'crossing=uncontrolled' 
613421501,way,crossing,zebra,should use the tag 'crossing=uncontrolled' 
613421502,way,crossing,zebra,should use the tag 'crossing=uncontrolled' 
613421505,way,crossing,zebra,should use the tag 'crossing=uncontrolled' 
614083620,way,crossing,zebra,should use the tag 'crossing=uncontrolled' 
614083621,way,crossing,zebra,should use the tag 'crossing=uncontrolled' 
614083622,way,crossing,zebra,should use the tag 'crossing=uncontrolled' 
614583138,way,crossing,zebra,should use the tag 'crossing=uncontrolled' 
615356355,way,crossing,zebra,should use the tag 'crossing=uncontrolled' 
615414039,way,crossing,zebra,should use the tag 'crossing=uncontrolled' 
615999855,way,crossing,zebra,should use the tag 'crossing=uncontrolled' 
616000154,way,crossing,zebra,should use the tag 'crossing=uncontrolled' 
616000156,way,crossing,zebra,should use the tag 'crossing=uncontrolled' 
616176381,way,crossing,zebra,should use the tag 'crossing=uncontrolled' 
617246157,way,crossing,zebra,should use the tag 'crossing=uncontrolled' 
617438925,way,crossing,marked,should use the tag 'crossing=uncontrolled' 
617450153,way,crossing,zebra,should use the tag 'crossing=uncontrolled' 
617462941,way,crossing,marked,should use the tag 'crossing=uncontrolled' 
617638820,way,crossing,zebra,should use the tag 'crossing=uncontrolled' 
619852072,way,crossing,zebra,should use the tag 'crossing=uncontrolled' 
620124961,way,crossing,zebra,should use the tag 'crossing=uncontrolled' 
620124962,way,crossing,zebra,should use the tag 'crossing=uncontrolled' 
620124963,way,crossing,zebra,should use the tag 'crossing=uncontrolled' 
620124964,way,crossing,zebra,should use the tag 'crossing=uncontrolled' 
620124965,way,crossing,marked,should use the tag 'crossing=uncontrolled' 
620124966,way,crossing,marked,should use the tag 'crossing=uncontrolled' 
620124967,way,crossing,marked,should use the tag 'crossing=uncontrolled' 
620399649,way,crossing,zebra,should use the tag 'crossing=uncontrolled' 
620399650,way,crossing,zebra,should use the tag 'crossing=uncontrolled' 
620399651,way,crossing,zebra,should use the tag 'crossing=uncontrolled' 
620399652,way,crossing,zebra,should use the tag 'crossing=uncontrolled' 
620399653,way,crossing,zebra,should use the tag 'crossing=uncontrolled' 
620399654,way,crossing,zebra,should use the tag 'crossing=uncontrolled' 
620399656,way,crossing,zebra,should use the tag 'crossing=uncontrolled' 
620399658,way,crossing,zebra,should use the tag 'crossing=uncontrolled' 
620660339,way,crossing,zebra,should use the tag 'crossing=uncontrolled' 
620660340,way,crossing,marked,should use the tag 'crossing=uncontrolled' 
621550097,way,crossing,zebra,should use the tag 'crossing=uncontrolled' 
621621247,way,crossing,zebra,should use the tag 'crossing=uncontrolled' 
621621250,way,crossing,zebra,should use the tag 'crossing=uncontrolled' 
621821090,way,crossing,zebra,should use the tag 'crossing=uncontrolled' 
621821093,way,crossing,zebra,should use the tag 'crossing=uncontrolled' 
622546075,way,crossing,marked,should use the tag 'crossing=uncontrolled' 
622546076,way,crossing,marked,should use the tag 'crossing=uncontrolled' 
622546078,way,crossing,marked,should use the tag 'crossing=uncontrolled' 
622546079,way,crossing,marked,should use the tag 'crossing=uncontrolled' 
622546080,way,crossing,marked,should use the tag 'crossing=uncontrolled' 
622546081,way,crossing,marked,should use the tag 'crossing=uncontrolled' 
623894159,way,crossing,zebra,should use the tag 'crossing=uncontrolled' 
623947242,way,crossing,zebra,should use the tag 'crossing=uncontrolled' 
623947243,way,crossing,marked,should use the tag 'crossing=uncontrolled' 
623950325,way,crossing,zebra,should use the tag 'crossing=uncontrolled' 
624296377,way,crossing,marked,should use the tag 'crossing=uncontrolled' 
624296379,way,crossing,marked,should use the tag 'crossing=uncontrolled' 
624296380,way,crossing,marked,should use the tag 'crossing=uncontrolled' 
625393459,way,crossing,zebra,should use the tag 'crossing=uncontrolled' 
626437623,way,crossing,zebra,should use the tag 'crossing=uncontrolled' 
626437624,way,crossing,zebra,should use the tag 'crossing=uncontrolled' 
626437626,way,crossing,zebra,should use the tag 'crossing=uncontrolled' 
626437627,way,crossing,zebra,should use the tag 'crossing=uncontrolled' 
626437628,way,crossing,zebra,should use the tag 'crossing=uncontrolled' 
626437642,way,crossing,zebra,should use the tag 'crossing=uncontrolled' 
626437643,way,crossing,zebra,should use the tag 'crossing=uncontrolled' 
626437644,way,crossing,zebra,should use the tag 'crossing=uncontrolled' 
626437645,way,crossing,zebra,should use the tag 'crossing=uncontrolled' 
626437646,way,crossing,zebra,should use the tag 'crossing=uncontrolled' 
626437647,way,crossing,zebra,should use the tag 'crossing=uncontrolled' 
626437656,way,crossing,zebra,should use the tag 'crossing=uncontrolled' 
626507782,way,crossing,zebra,should use the tag 'crossing=uncontrolled' 
626514223,way,crossing,zebra,should use the tag 'crossing=uncontrolled' 
626516008,way,crossing,zebra,should use the tag 'crossing=uncontrolled' 
626516011,way,crossing,zebra,should use the tag 'crossing=uncontrolled' 
627185583,way,crossing,zebra,should use the tag 'crossing=uncontrolled' 
627261485,way,crossing,zebra,should use the tag 'crossing=uncontrolled' 
627394488,way,crossing,zebra,should use the tag 'crossing=uncontrolled' 
627394497,way,crossing,zebra,should use the tag 'crossing=uncontrolled' 
627394503,way,crossing,zebra,should use the tag 'crossing=uncontrolled' 
627403999,way,crossing,zebra,should use the tag 'crossing=uncontrolled' 
627699877,way,crossing,zebra,should use the tag 'crossing=uncontrolled' 
627799859,way,crossing,zebra,should use the tag 'crossing=uncontrolled' 
627802649,way,crossing,zebra,should use the tag 'crossing=uncontrolled' 
627802652,way,crossing,zebra,should use the tag 'crossing=uncontrolled' 
627802656,way,crossing,zebra,should use the tag 'crossing=uncontrolled' 
628137528,way,crossing,zebra,should use the tag 'crossing=uncontrolled' 
628831996,way,crossing,zebra,should use the tag 'crossing=uncontrolled' 
629701710,way,crossing,zebra,should use the tag 'crossing=uncontrolled' 
629701711,way,crossing,zebra,should use the tag 'crossing=uncontrolled' 
629703337,way,crossing,zebra,should use the tag 'crossing=uncontrolled' 
629703339,way,crossing,zebra,should use the tag 'crossing=uncontrolled' 
630359411,way,crossing,zebra,should use the tag 'crossing=uncontrolled' 
631984163,way,crossing,zebra,should use the tag 'crossing=uncontrolled' 
631984165,way,crossing,zebra,should use the tag 'crossing=uncontrolled' 
632310297,way,crossing,zebra,should use the tag 'crossing=uncontrolled' 
634011449,way,crossing,zebra,should use the tag 'crossing=uncontrolled' 
636329600,way,crossing,zebra,should use the tag 'crossing=uncontrolled' 
639832916,way,crossing,zebra,should use the tag 'crossing=uncontrolled' 
648234094,way,crossing,zebra,should use the tag 'crossing=uncontrolled' 
650797389,way,crossing,zebra,should use the tag 'crossing=uncontrolled' 
650797390,way,crossing,zebra,should use the tag 'crossing=uncontrolled' 
651384746,way,crossing,zebra,should use the tag 'crossing=uncontrolled' 
651394050,way,crossing,zebra,should use the tag 'crossing=uncontrolled' 
651394054,way,crossing,zebra,should use the tag 'crossing=uncontrolled' 
651394056,way,crossing,zebra,should use the tag 'crossing=uncontrolled' 
651394057,way,crossing,zebra,should use the tag 'crossing=uncontrolled' 
651394058,way,crossing,zebra,should use the tag 'crossing=uncontrolled' 
651394059,way,crossing,zebra,should use the tag 'crossing=uncontrolled' 
652975724,way,crossing,marked,should use the tag 'crossing=uncontrolled' 
653650082,way,crossing,zebra,should use the tag 'crossing=uncontrolled' 
654083078,way,crossing,marked,should use the tag 'crossing=uncontrolled' 
654821438,way,crossing,marked,should use the tag 'crossing=uncontrolled' 
655037601,way,crossing,marked,should use the tag 'crossing=uncontrolled' 
655095980,way,crossing,marked,should use the tag 'crossing=uncontrolled' 
655104332,way,crossing,marked,should use the tag 'crossing=uncontrolled' 
655113309,way,crossing,marked,should use the tag 'crossing=uncontrolled' 
655223927,way,crossing,marked,should use the tag 'crossing=uncontrolled' 
655223929,way,crossing,marked,should use the tag 'crossing=uncontrolled' 
657975690,way,crossing,marked,should use the tag 'crossing=uncontrolled' 
657975691,way,crossing,marked,should use the tag 'crossing=uncontrolled' 
657975692,way,crossing,marked,should use the tag 'crossing=uncontrolled' 
657975701,way,crossing,marked,should use the tag 'crossing=uncontrolled' 
657975702,way,crossing,marked,should use the tag 'crossing=uncontrolled' 
657975703,way,crossing,marked,should use the tag 'crossing=uncontrolled' 
657975704,way,crossing,marked,should use the tag 'crossing=uncontrolled' 
670787100,way,crossing,zebra,should use the tag 'crossing=uncontrolled' 
672347248,way,crossing,marked,should use the tag 'crossing=uncontrolled' 
672347249,way,crossing,marked,should use the tag 'crossing=uncontrolled' 
674171821,way,crossing,marked,should use the tag 'crossing=uncontrolled' 
674284789,way,crossing,marked,should use the tag 'crossing=uncontrolled' 
674441691,way,crossing,marked,should use the tag 'crossing=uncontrolled' 
675314766,way,crossing,marked,should use the tag 'crossing=uncontrolled' 
675314768,way,crossing,marked,should use the tag 'crossing=uncontrolled' 
675314774,way,crossing,marked,should use the tag 'crossing=uncontrolled' 
675314786,way,crossing,marked,should use the tag 'crossing=uncontrolled' 
675314788,way,crossing,zebra,should use the tag 'crossing=uncontrolled' 
675314790,way,crossing,zebra,should use the tag 'crossing=uncontrolled' 
675314791,way,crossing,marked,should use the tag 'crossing=uncontrolled' 
675314799,way,crossing,zebra,should use the tag 'crossing=uncontrolled' 
675314803,way,crossing,marked,should use the tag 'crossing=uncontrolled' 
675314805,way,crossing,marked,should use the tag 'crossing=uncontrolled' 
676662974,way,crossing,zebra,should use the tag 'crossing=uncontrolled' 
682557925,way,crossing,marked,should use the tag 'crossing=uncontrolled' 
685925944,way,crossing,marked,should use the tag 'crossing=uncontrolled' 
688667368,way,crossing,marked,should use the tag 'crossing=uncontrolled' 
688667370,way,crossing,marked,should use the tag 'crossing=uncontrolled' 
689787987,way,crossing,marked,should use the tag 'crossing=uncontrolled' 
690606351,way,crossing,marked,should use the tag 'crossing=uncontrolled' 
690606352,way,crossing,marked,should use the tag 'crossing=uncontrolled' 
690606353,way,crossing,marked,should use the tag 'crossing=uncontrolled' 
690606356,way,crossing,marked,should use the tag 'crossing=uncontrolled' 
692350557,way,crossing,marked,should use the tag 'crossing=uncontrolled' 
692350562,way,crossing,marked,should use the tag 'crossing=uncontrolled' 
692351991,way,crossing,marked,should use the tag 'crossing=uncontrolled' 
692351993,way,crossing,marked,should use the tag 'crossing=uncontrolled' 
692351994,way,crossing,marked,should use the tag 'crossing=uncontrolled' 
692355358,way,crossing,marked,should use the tag 'crossing=uncontrolled' 
692355359,way,crossing,marked,should use the tag 'crossing=uncontrolled' 
692355364,way,crossing,marked,should use the tag 'crossing=uncontrolled' 
692355365,way,crossing,marked,should use the tag 'crossing=uncontrolled' 
692432862,way,crossing,marked,should use the tag 'crossing=uncontrolled' 
692432863,way,crossing,marked,should use the tag 'crossing=uncontrolled' 
693124922,way,crossing,zebra,should use the tag 'crossing=uncontrolled' 
699320939,way,crossing,marked,should use the tag 'crossing=uncontrolled' 
699320942,way,crossing,marked,should use the tag 'crossing=uncontrolled' 
700429885,way,crossing,marked,should use the tag 'crossing=uncontrolled' 
705831678,way,crossing,marked,should use the tag 'crossing=uncontrolled' 
709687462,way,crossing,marked,should use the tag 'crossing=uncontrolled' 
717248552,way,crossing,marked,should use the tag 'crossing=uncontrolled' 
718431619,way,crossing,marked,should use the tag 'crossing=uncontrolled' 
718431620,way,crossing,marked,should use the tag 'crossing=uncontrolled' 
718431621,way,crossing,marked,should use the tag 'crossing=uncontrolled' 
724089675,way,crossing,marked,should use the tag 'crossing=uncontrolled' 
747956220,way,crossing,marked,should use the tag 'crossing=uncontrolled' 
747956233,way,crossing,marked,should use the tag 'crossing=uncontrolled' 
747956234,way,crossing,marked,should use the tag 'crossing=uncontrolled' 
753030492,way,crossing,marked,should use the tag 'crossing=uncontrolled' 
754343041,way,crossing,marked,should use the tag 'crossing=uncontrolled' 
754343042,way,crossing,marked,should use the tag 'crossing=uncontrolled' 
754343043,way,crossing,marked,should use the tag 'crossing=uncontrolled' 
754343045,way,crossing,marked,should use the tag 'crossing=uncontrolled' 
754343048,way,crossing,marked,should use the tag 'crossing=uncontrolled' 
754343049,way,crossing,marked,should use the tag 'crossing=uncontrolled' 
754343050,way,crossing,marked,should use the tag 'crossing=uncontrolled' 
754343051,way,crossing,marked,should use the tag 'crossing=uncontrolled' 
755020172,way,crossing,zebra,should use the tag 'crossing=uncontrolled' 
755021806,way,crossing,zebra,should use the tag 'crossing=uncontrolled' 
755021902,way,crossing,zebra,should use the tag 'crossing=uncontrolled' 
755021903,way,crossing,zebra,should use the tag 'crossing=uncontrolled' 
755022767,way,crossing,zebra,should use the tag 'crossing=uncontrolled' 
755022768,way,crossing,zebra,should use the tag 'crossing=uncontrolled' 
755033492,way,crossing,zebra,should use the tag 'crossing=uncontrolled' 
755034612,way,crossing,zebra,should use the tag 'crossing=uncontrolled' 
755034613,way,crossing,zebra,should use the tag 'crossing=uncontrolled' 
755034614,way,crossing,zebra,should use the tag 'crossing=uncontrolled' 
755034749,way,crossing,zebra,should use the tag 'crossing=uncontrolled' 
755034897,way,crossing,zebra,should use the tag 'crossing=uncontrolled' 
755034898,way,crossing,zebra,should use the tag 'crossing=uncontrolled' 
755036015,way,crossing,zebra,should use the tag 'crossing=uncontrolled' 
755209677,way,crossing,marked,should use the tag 'crossing=uncontrolled' 
756076585,way,crossing,zebra,should use the tag 'crossing=uncontrolled' 
756100236,way,crossing,zebra,should use the tag 'crossing=uncontrolled' 
756100439,way,crossing,zebra,should use the tag 'crossing=uncontrolled' 
756100440,way,crossing,zebra,should use the tag 'crossing=uncontrolled' 
756100441,way,crossing,zebra,should use the tag 'crossing=uncontrolled' 
756101760,way,crossing,zebra,should use the tag 'crossing=uncontrolled' 
756328504,way,crossing,zebra,should use the tag 'crossing=uncontrolled' 
756328905,way,crossing,zebra,should use the tag 'crossing=uncontrolled' 
756336728,way,crossing,zebra,should use the tag 'crossing=uncontrolled' 
756756156,way,crossing,zebra,should use the tag 'crossing=uncontrolled' 
756760164,way,crossing,zebra,should use the tag 'crossing=uncontrolled' 
756760165,way,crossing,zebra,should use the tag 'crossing=uncontrolled' 
756761540,way,crossing,zebra,should use the tag 'crossing=uncontrolled' 
756761750,way,crossing,zebra,should use the tag 'crossing=uncontrolled' 
756761751,way,crossing,zebra,should use the tag 'crossing=uncontrolled' 
756761903,way,crossing,zebra,should use the tag 'crossing=uncontrolled' 
756761904,way,crossing,zebra,should use the tag 'crossing=uncontrolled' 
756762209,way,crossing,zebra,should use the tag 'crossing=uncontrolled' 
756762210,way,crossing,zebra,should use the tag 'crossing=uncontrolled' 
756762327,way,crossing,zebra,should use the tag 'crossing=uncontrolled' 
756773741,way,crossing,zebra,should use the tag 'crossing=uncontrolled' 
757042896,way,crossing,zebra,should use the tag 'crossing=uncontrolled' 
757044109,way,crossing,zebra,should use the tag 'crossing=uncontrolled' 
757044110,way,crossing,zebra,should use the tag 'crossing=uncontrolled' 
757058812,way,crossing,zebra,should use the tag 'crossing=uncontrolled' 
757058813,way,crossing,zebra,should use the tag 'crossing=uncontrolled' 
757058814,way,crossing,zebra,should use the tag 'crossing=uncontrolled' 
757060540,way,crossing,zebra,should use the tag 'crossing=uncontrolled' 
757060618,way,crossing,zebra,should use the tag 'crossing=uncontrolled' 
757070824,way,crossing,zebra,should use the tag 'crossing=uncontrolled' 
757085973,way,crossing,zebra,should use the tag 'crossing=uncontrolled' 
757085974,way,crossing,zebra,should use the tag 'crossing=uncontrolled' 
757087059,way,crossing,zebra,should use the tag 'crossing=uncontrolled' 
757095162,way,crossing,zebra,should use the tag 'crossing=uncontrolled' 
757102192,way,crossing,zebra,should use the tag 'crossing=uncontrolled' 
757102648,way,crossing,zebra,should use the tag 'crossing=uncontrolled' 
757102649,way,crossing,zebra,should use the tag 'crossing=uncontrolled' 
757430734,way,crossing,zebra,should use the tag 'crossing=uncontrolled' 
757430735,way,crossing,zebra,should use the tag 'crossing=uncontrolled' 
757431234,way,crossing,zebra,should use the tag 'crossing=uncontrolled' 
757431235,way,crossing,zebra,should use the tag 'crossing=uncontrolled' 
757433497,way,crossing,zebra,should use the tag 'crossing=uncontrolled' 
758163439,way,crossing,zebra,should use the tag 'crossing=uncontrolled' 
758559053,way,crossing,marked,should use the tag 'crossing=uncontrolled' 
758559056,way,crossing,marked,should use the tag 'crossing=uncontrolled' 
758559057,way,crossing,marked,should use the tag 'crossing=uncontrolled' 
758559058,way,crossing,marked,should use the tag 'crossing=uncontrolled' 
758559059,way,crossing,marked,should use the tag 'crossing=uncontrolled' 
758559060,way,crossing,marked,should use the tag 'crossing=uncontrolled' 
758559062,way,crossing,marked,should use the tag 'crossing=uncontrolled' 
758562497,way,crossing,marked,should use the tag 'crossing=uncontrolled' 
758562498,way,crossing,marked,should use the tag 'crossing=uncontrolled' 
759024498,way,crossing,marked,should use the tag 'crossing=uncontrolled' 
759024499,way,crossing,zebra,should use the tag 'crossing=uncontrolled' 
759024500,way,crossing,zebra,should use the tag 'crossing=uncontrolled' 
759030319,way,crossing,marked,should use the tag 'crossing=uncontrolled' 
759030320,way,crossing,marked,should use the tag 'crossing=uncontrolled' 
759030321,way,crossing,marked,should use the tag 'crossing=uncontrolled' 
759030578,way,crossing,marked,should use the tag 'crossing=uncontrolled' 
759030579,way,crossing,marked,should use the tag 'crossing=uncontrolled' 
759034125,way,crossing,zebra,should use the tag 'crossing=uncontrolled' 
759034126,way,crossing,zebra,should use the tag 'crossing=uncontrolled' 
759034127,way,crossing,zebra,should use the tag 'crossing=uncontrolled' 
759036942,way,crossing,zebra,should use the tag 'crossing=uncontrolled' 
759039006,way,crossing,zebra,should use the tag 'crossing=uncontrolled' 
759039007,way,crossing,zebra,should use the tag 'crossing=uncontrolled' 
759039008,way,crossing,zebra,should use the tag 'crossing=uncontrolled' 
759039445,way,crossing,zebra,should use the tag 'crossing=uncontrolled' 
759039446,way,crossing,zebra,should use the tag 'crossing=uncontrolled' 
759288127,way,crossing,marked,should use the tag 'crossing=uncontrolled' 
760205920,way,crossing,marked,should use the tag 'crossing=uncontrolled' 
762069635,way,crossing,zebra,should use the tag 'crossing=uncontrolled' 
762088679,way,crossing,zebra,should use the tag 'crossing=uncontrolled' 
762115920,way,crossing,zebra,should use the tag 'crossing=uncontrolled' 
762115921,way,crossing,zebra,should use the tag 'crossing=uncontrolled' 
762120442,way,crossing,zebra,should use the tag 'crossing=uncontrolled' 
762124709,way,crossing,zebra,should use the tag 'crossing=uncontrolled' 
762578170,way,crossing,marked,should use the tag 'crossing=uncontrolled' 
762578171,way,crossing,marked,should use the tag 'crossing=uncontrolled' 
762578172,way,crossing,marked,should use the tag 'crossing=uncontrolled' 
762578173,way,crossing,marked,should use the tag 'crossing=uncontrolled' 
762578174,way,crossing,marked,should use the tag 'crossing=uncontrolled' 
762578175,way,crossing,marked,should use the tag 'crossing=uncontrolled' 
762578176,way,crossing,marked,should use the tag 'crossing=uncontrolled' 
762578177,way,crossing,marked,should use the tag 'crossing=uncontrolled' 
769538817,way,crossing,marked,should use the tag 'crossing=uncontrolled' 
769538818,way,crossing,marked,should use the tag 'crossing=uncontrolled' 
769538819,way,crossing,marked,should use the tag 'crossing=uncontrolled' 
769538820,way,crossing,marked,should use the tag 'crossing=uncontrolled' 
769538825,way,crossing,marked,should use the tag 'crossing=uncontrolled' 
769538826,way,crossing,marked,should use the tag 'crossing=uncontrolled' 
769654481,way,crossing,marked,should use the tag 'crossing=uncontrolled' 
769654482,way,crossing,marked,should use the tag 'crossing=uncontrolled' 
769654483,way,crossing,marked,should use the tag 'crossing=uncontrolled' 
769654485,way,crossing,marked,should use the tag 'crossing=uncontrolled' 
769654486,way,crossing,marked,should use the tag 'crossing=uncontrolled' 
769683321,way,crossing,marked,should use the tag 'crossing=uncontrolled' 
769695449,way,crossing,marked,should use the tag 'crossing=uncontrolled' 
769695450,way,crossing,marked,should use the tag 'crossing=uncontrolled' 
769695451,way,crossing,marked,should use the tag 'crossing=uncontrolled' 
769695452,way,crossing,marked,should use the tag 'crossing=uncontrolled' 
769695453,way,crossing,marked,should use the tag 'crossing=uncontrolled' 
769695454,way,crossing,marked,should use the tag 'crossing=uncontrolled' 
769695455,way,crossing,marked,should use the tag 'crossing=uncontrolled' 
769766516,way,crossing,marked,should use the tag 'crossing=uncontrolled' 
770553952,way,crossing,marked,should use the tag 'crossing=uncontrolled' 
770951711,way,crossing,marked,should use the tag 'crossing=uncontrolled' 
772354578,way,crossing,zebra,should use the tag 'crossing=uncontrolled' 
776514152,way,crossing,marked,should use the tag 'crossing=uncontrolled' 
776514153,way,crossing,marked,should use the tag 'crossing=uncontrolled' 
776514154,way,crossing,marked,should use the tag 'crossing=uncontrolled' 
776514155,way,crossing,marked,should use the tag 'crossing=uncontrolled' 
778408551,way,crossing,marked,should use the tag 'crossing=uncontrolled' 
789694758,way,crossing,zebra,should use the tag 'crossing=uncontrolled' 
812698603,way,crossing,marked,should use the tag 'crossing=uncontrolled' 
819259040,way,crossing,marked,should use the tag 'crossing=uncontrolled' 
819259041,way,crossing,marked,should use the tag 'crossing=uncontrolled' 
819259042,way,crossing,marked,should use the tag 'crossing=uncontrolled' 
819259043,way,crossing,marked,should use the tag 'crossing=uncontrolled' 
819259061,way,crossing,marked,should use the tag 'crossing=uncontrolled' 
819259062,way,crossing,marked,should use the tag 'crossing=uncontrolled' 
819259063,way,crossing,marked,should use the tag 'crossing=uncontrolled' 
819259064,way,crossing,marked,should use the tag 'crossing=uncontrolled' 
819259065,way,crossing,marked,should use the tag 'crossing=uncontrolled' 
819259086,way,crossing,marked,should use the tag 'crossing=uncontrolled' 
819259087,way,crossing,marked,should use the tag 'crossing=uncontrolled' 
819259088,way,crossing,marked,should use the tag 'crossing=uncontrolled' 
819259090,way,crossing,marked,should use the tag 'crossing=uncontrolled' 
819259091,way,crossing,marked,should use the tag 'crossing=uncontrolled' 
819544658,way,crossing,marked,should use the tag 'crossing=uncontrolled' 
819544659,way,crossing,marked,should use the tag 'crossing=uncontrolled' 
819544660,way,crossing,marked,should use the tag 'crossing=uncontrolled' 
819544661,way,crossing,marked,should use the tag 'crossing=uncontrolled' 
820788009,way,crossing,marked,should use the tag 'crossing=uncontrolled' 
820805210,way,crossing,marked,should use the tag 'crossing=uncontrolled' 
825461852,way,crossing,marked,should use the tag 'crossing=uncontrolled' 
825992467,way,crossing,marked,should use the tag 'crossing=uncontrolled' 
825992468,way,crossing,marked,should use the tag 'crossing=uncontrolled' 
825992470,way,crossing,marked,should use the tag 'crossing=uncontrolled' 
827878310,way,crossing,marked,should use the tag 'crossing=uncontrolled' 
827878312,way,crossing,marked,should use the tag 'crossing=uncontrolled' 
827885800,way,crossing,marked,should use the tag 'crossing=uncontrolled' 
827885801,way,crossing,marked,should use the tag 'crossing=uncontrolled' 
827885802,way,crossing,marked,should use the tag 'crossing=uncontrolled' 
827887822,way,crossing,marked,should use the tag 'crossing=uncontrolled' 
827887823,way,crossing,marked,should use the tag 'crossing=uncontrolled' 
827887824,way,crossing,marked,should use the tag 'crossing=uncontrolled' 
827887825,way,crossing,marked,should use the tag 'crossing=uncontrolled' 
827887826,way,crossing,marked,should use the tag 'crossing=uncontrolled' 
829738375,way,crossing,marked,should use the tag 'crossing=uncontrolled' 
830169417,way,crossing,marked,should use the tag 'crossing=uncontrolled' 
830169418,way,crossing,marked,should use the tag 'crossing=uncontrolled' 
832653647,way,crossing,marked,should use the tag 'crossing=uncontrolled' 
832653648,way,crossing,marked,should use the tag 'crossing=uncontrolled' 
832653649,way,crossing,marked,should use the tag 'crossing=uncontrolled' 
832653650,way,crossing,marked,should use the tag 'crossing=uncontrolled' 
832653651,way,crossing,marked,should use the tag 'crossing=uncontrolled' 
832653652,way,crossing,marked,should use the tag 'crossing=uncontrolled' 
832653653,way,crossing,marked,should use the tag 'crossing=uncontrolled' 
832653654,way,crossing,marked,should use the tag 'crossing=uncontrolled' 
832653655,way,crossing,marked,should use the tag 'crossing=uncontrolled' 
832653656,way,crossing,marked,should use the tag 'crossing=uncontrolled' 
832653657,way,crossing,marked,should use the tag 'crossing=uncontrolled' 
832653658,way,crossing,marked,should use the tag 'crossing=uncontrolled' 
832653659,way,crossing,marked,should use the tag 'crossing=uncontrolled' 
832653660,way,crossing,marked,should use the tag 'crossing=uncontrolled' 
832653661,way,crossing,marked,should use the tag 'crossing=uncontrolled' 
832653662,way,crossing,marked,should use the tag 'crossing=uncontrolled' 
832653663,way,crossing,marked,should use the tag 'crossing=uncontrolled' 
832653664,way,crossing,marked,should use the tag 'crossing=uncontrolled' 
832653665,way,crossing,marked,should use the tag 'crossing=uncontrolled' 
832653666,way,crossing,marked,should use the tag 'crossing=uncontrolled' 
832653667,way,crossing,marked,should use the tag 'crossing=uncontrolled' 
832653668,way,crossing,marked,should use the tag 'crossing=uncontrolled' 
832653669,way,crossing,marked,should use the tag 'crossing=uncontrolled' 
832653670,way,crossing,marked,should use the tag 'crossing=uncontrolled' 
832653671,way,crossing,marked,should use the tag 'crossing=uncontrolled' 
832653672,way,crossing,marked,should use the tag 'crossing=uncontrolled' 
832653673,way,crossing,marked,should use the tag 'crossing=uncontrolled' 
832653674,way,crossing,marked,should use the tag 'crossing=uncontrolled' 
832653675,way,crossing,marked,should use the tag 'crossing=uncontrolled' 
832653676,way,crossing,marked,should use the tag 'crossing=uncontrolled' 
832653677,way,crossing,marked,should use the tag 'crossing=uncontrolled' 
832654098,way,crossing,marked,should use the tag 'crossing=uncontrolled' 
833936656,way,crossing,marked,should use the tag 'crossing=uncontrolled' 
834767694,way,crossing,marked,should use the tag 'crossing=uncontrolled' 
834767695,way,crossing,marked,should use the tag 'crossing=uncontrolled' 
834767699,way,crossing,marked,should use the tag 'crossing=uncontrolled' 
834767700,way,crossing,marked,should use the tag 'crossing=uncontrolled' 
834843135,way,crossing,marked,should use the tag 'crossing=uncontrolled' 
836148019,way,crossing,marked,should use the tag 'crossing=uncontrolled' 
841113896,way,crossing,marked,should use the tag 'crossing=uncontrolled' 
843237362,way,crossing,marked,should use the tag 'crossing=uncontrolled' 
843237363,way,crossing,marked,should use the tag 'crossing=uncontrolled' 
870881926,way,crossing,zebra,should use the tag 'crossing=uncontrolled' 
871928503,way,crossing,marked,should use the tag 'crossing=uncontrolled' 
877548479,way,crossing,marked,should use the tag 'crossing=uncontrolled' 
877548480,way,crossing,marked,should use the tag 'crossing=uncontrolled' 
881157344,way,crossing,marked,should use the tag 'crossing=uncontrolled' 
889954699,way,crossing,marked,should use the tag 'crossing=uncontrolled' 
891745923,way,crossing,marked,should use the tag 'crossing=uncontrolled' 
892486898,way,crossing,marked,should use the tag 'crossing=uncontrolled' 
893234646,way,crossing,marked,should use the tag 'crossing=uncontrolled' 
893234649,way,crossing,marked,should use the tag 'crossing=uncontrolled' 
893234650,way,crossing,marked,should use the tag 'crossing=uncontrolled' 
893234651,way,crossing,marked,should use the tag 'crossing=uncontrolled' 
893234653,way,crossing,marked,should use the tag 'crossing=uncontrolled' 
893234654,way,crossing,marked,should use the tag 'crossing=uncontrolled' 
893234655,way,crossing,marked,should use the tag 'crossing=uncontrolled' 
893234656,way,crossing,marked,should use the tag 'crossing=uncontrolled' 
893234658,way,crossing,marked,should use the tag 'crossing=uncontrolled' 
893234659,way,crossing,marked,should use the tag 'crossing=uncontrolled' 
893234660,way,crossing,marked,should use the tag 'crossing=uncontrolled' 
893234661,way,crossing,marked,should use the tag 'crossing=uncontrolled' 
893234662,way,crossing,marked,should use the tag 'crossing=uncontrolled' 
893234663,way,crossing,marked,should use the tag 'crossing=uncontrolled' 
893234667,way,crossing,marked,should use the tag 'crossing=uncontrolled' 
893246162,way,crossing,marked,should use the tag 'crossing=uncontrolled' 
893575720,way,crossing,marked,should use the tag 'crossing=uncontrolled' 
893575721,way,crossing,marked,should use the tag 'crossing=uncontrolled' 
893575722,way,crossing,marked,should use the tag 'crossing=uncontrolled' 
893575723,way,crossing,marked,should use the tag 'crossing=uncontrolled' 
893575724,way,crossing,marked,should use the tag 'crossing=uncontrolled' 
893575725,way,crossing,marked,should use the tag 'crossing=uncontrolled' 
893575726,way,crossing,marked,should use the tag 'crossing=uncontrolled' 
893575732,way,crossing,marked,should use the tag 'crossing=uncontrolled' 
893575733,way,crossing,marked,should use the tag 'crossing=uncontrolled' 
893575768,way,crossing,marked,should use the tag 'crossing=uncontrolled' 
894438014,way,crossing,marked,should use the tag 'crossing=uncontrolled' 
901017020,way,crossing,marked,should use the tag 'crossing=uncontrolled' 
901017021,way,crossing,marked,should use the tag 'crossing=uncontrolled' 
901017022,way,crossing,marked,should use the tag 'crossing=uncontrolled' 
901017023,way,crossing,marked,should use the tag 'crossing=uncontrolled' 
915607889,way,crossing,marked,should use the tag 'crossing=uncontrolled' 
915607890,way,crossing,marked,should use the tag 'crossing=uncontrolled' 
936575402,way,crossing,zebra,should use the tag 'crossing=uncontrolled' 
936575404,way,crossing,zebra,should use the tag 'crossing=uncontrolled' 
936578535,way,crossing,marked,should use the tag 'crossing=uncontrolled' 
936578537,way,crossing,marked,should use the tag 'crossing=uncontrolled' 
936578539,way,crossing,marked,should use the tag 'crossing=uncontrolled' 
936578541,way,crossing,marked,should use the tag 'crossing=uncontrolled' 
940636961,way,crossing,zebra,should use the tag 'crossing=uncontrolled' 
940636962,way,crossing,zebra,should use the tag 'crossing=uncontrolled' 
940636964,way,crossing,zebra,should use the tag 'crossing=uncontrolled' 
943413657,way,crossing,marked,should use the tag 'crossing=uncontrolled' 
944292790,way,crossing,marked,should use the tag 'crossing=uncontrolled' 
944292796,way,crossing,marked,should use the tag 'crossing=uncontrolled' 
944292797,way,crossing,marked,should use the tag 'crossing=uncontrolled' 
956462021,way,crossing,zebra,should use the tag 'crossing=uncontrolled' 
958531563,way,crossing,marked,should use the tag 'crossing=uncontrolled' 
958549583,way,crossing,marked,should use the tag 'crossing=uncontrolled' 
958709131,way,crossing,marked,should use the tag 'crossing=uncontrolled' 
958709132,way,crossing,marked,should use the tag 'crossing=uncontrolled' 
958709133,way,crossing,marked,should use the tag 'crossing=uncontrolled' 
961143437,way,crossing,zebra,should use the tag 'crossing=uncontrolled' 
961143443,way,crossing,zebra,should use the tag 'crossing=uncontrolled' 
961143449,way,crossing,zebra,should use the tag 'crossing=uncontrolled' 
961143450,way,crossing,marked,should use the tag 'crossing=uncontrolled' 
961143476,way,crossing,marked,should use the tag 'crossing=uncontrolled' 
961212107,way,crossing,zebra,should use the tag 'crossing=uncontrolled' 
961212109,way,crossing,marked,should use the tag 'crossing=uncontrolled' 
961828750,way,crossing,zebra,should use the tag 'crossing=uncontrolled' 
962078989,way,crossing,zebra,should use the tag 'crossing=uncontrolled' 
962078991,way,crossing,zebra,should use the tag 'crossing=uncontrolled' 
962078994,way,crossing,zebra,should use the tag 'crossing=uncontrolled' 
962326432,way,crossing,zebra,should use the tag 'crossing=uncontrolled' 
962326434,way,crossing,zebra,should use the tag 'crossing=uncontrolled' 
962326436,way,crossing,zebra,should use the tag 'crossing=uncontrolled' 
962326438,way,crossing,zebra,should use the tag 'crossing=uncontrolled' 
962374816,way,crossing,zebra,should use the tag 'crossing=uncontrolled' 
962375821,way,crossing,zebra,should use the tag 'crossing=uncontrolled' 
963306764,way,crossing,zebra,should use the tag 'crossing=uncontrolled' 
963311046,way,crossing,marked,should use the tag 'crossing=uncontrolled' 
963311048,way,crossing,marked,should use the tag 'crossing=uncontrolled' 
963311050,way,crossing,marked,should use the tag 'crossing=uncontrolled' 
963311052,way,crossing,marked,should use the tag 'crossing=uncontrolled' 
963314070,way,crossing,marked,should use the tag 'crossing=uncontrolled' 
963314075,way,crossing,marked,should use the tag 'crossing=uncontrolled' 
963531246,way,crossing,zebra,should use the tag 'crossing=uncontrolled' 
963531247,way,crossing,zebra,should use the tag 'crossing=uncontrolled' 
963534152,way,crossing,marked,should use the tag 'crossing=uncontrolled' 
963534552,way,crossing,zebra,should use the tag 'crossing=uncontrolled' 
963820008,way,crossing,marked,should use the tag 'crossing=uncontrolled' 
963820009,way,crossing,marked,should use the tag 'crossing=uncontrolled' 
963820011,way,crossing,marked,should use the tag 'crossing=uncontrolled' 
963820961,way,crossing,marked,should use the tag 'crossing=uncontrolled' 
963820962,way,crossing,marked,should use the tag 'crossing=uncontrolled' 
963822576,way,crossing,marked,should use the tag 'crossing=uncontrolled' 
963823440,way,crossing,marked,should use the tag 'crossing=uncontrolled' 
964042838,way,crossing,marked,should use the tag 'crossing=uncontrolled' 
964183775,way,crossing,zebra,should use the tag 'crossing=uncontrolled' 
964183778,way,crossing,zebra,should use the tag 'crossing=uncontrolled' 
964439517,way,crossing,marked,should use the tag 'crossing=uncontrolled' 
964469142,way,crossing,marked,should use the tag 'crossing=uncontrolled' 
969278304,way,crossing,zebra,should use the tag 'crossing=uncontrolled' 
969278306,way,crossing,zebra,should use the tag 'crossing=uncontrolled' 
969278310,way,crossing,zebra,should use the tag 'crossing=uncontrolled' 
969279395,way,crossing,marked,should use the tag 'crossing=uncontrolled' 
969279397,way,crossing,marked,should use the tag 'crossing=uncontrolled' 
969279400,way,crossing,marked,should use the tag 'crossing=uncontrolled' 
969279401,way,crossing,marked,should use the tag 'crossing=uncontrolled' 
969279404,way,crossing,marked,should use the tag 'crossing=uncontrolled' 
969280572,way,crossing,marked,should use the tag 'crossing=uncontrolled' 
969969388,way,crossing,zebra,should use the tag 'crossing=uncontrolled' 
970251164,way,crossing,marked,should use the tag 'crossing=uncontrolled' 
970516930,way,crossing,marked,should use the tag 'crossing=uncontrolled' 
973900387,way,crossing,zebra,should use the tag 'crossing=uncontrolled' 
973900391,way,crossing,zebra,should use the tag 'crossing=uncontrolled' 
975724476,way,crossing,zebra,should use the tag 'crossing=uncontrolled' 
981069239,way,crossing,zebra,should use the tag 'crossing=uncontrolled' 
981069240,way,crossing,zebra,should use the tag 'crossing=uncontrolled' 
983786356,way,crossing,zebra,should use the tag 'crossing=uncontrolled' 
983787786,way,crossing,zebra,should use the tag 'crossing=uncontrolled' 
983787789,way,crossing,zebra,should use the tag 'crossing=uncontrolled' 
984422230,way,crossing,zebra,should use the tag 'crossing=uncontrolled' 
984422233,way,crossing,zebra,should use the tag 'crossing=uncontrolled' 
984422234,way,crossing,zebra,should use the tag 'crossing=uncontrolled' 
984573711,way,crossing,zebra,should use the tag 'crossing=uncontrolled' 
984573714,way,crossing,zebra,should use the tag 'crossing=uncontrolled' 
984573716,way,crossing,zebra,should use the tag 'crossing=uncontrolled' 
984594995,way,crossing,zebra,should use the tag 'crossing=uncontrolled' 
984594997,way,crossing,zebra,should use the tag 'crossing=uncontrolled' 
984595000,way,crossing,zebra,should use the tag 'crossing=uncontrolled' 
984595004,way,crossing,zebra,should use the tag 'crossing=uncontrolled' 
984595005,way,crossing,zebra,should use the tag 'crossing=uncontrolled' 
984595006,way,crossing,zebra,should use the tag 'crossing=uncontrolled' 
984595009,way,crossing,zebra,should use the tag 'crossing=uncontrolled' 
984595518,way,crossing,zebra,should use the tag 'crossing=uncontrolled' 
984595520,way,crossing,zebra,should use the tag 'crossing=uncontrolled' 
984595523,way,crossing,zebra,should use the tag 'crossing=uncontrolled' 
984762004,way,crossing,zebra,should use the tag 'crossing=uncontrolled' 
984762006,way,crossing,zebra,should use the tag 'crossing=uncontrolled' 
984762009,way,crossing,zebra,should use the tag 'crossing=uncontrolled' 
984762011,way,crossing,zebra,should use the tag 'crossing=uncontrolled' 
984762013,way,crossing,zebra,should use the tag 'crossing=uncontrolled' 
984764291,way,crossing,zebra,should use the tag 'crossing=uncontrolled' 
984764294,way,crossing,zebra,should use the tag 'crossing=uncontrolled' 
984764297,way,crossing,zebra,should use the tag 'crossing=uncontrolled' 
984802630,way,crossing,zebra,should use the tag 'crossing=uncontrolled' 
984802644,way,crossing,zebra,should use the tag 'crossing=uncontrolled' 
984802646,way,crossing,zebra,should use the tag 'crossing=uncontrolled' 
984802649,way,crossing,zebra,should use the tag 'crossing=uncontrolled' 
984803295,way,crossing,zebra,should use the tag 'crossing=uncontrolled' 
984803296,way,crossing,zebra,should use the tag 'crossing=uncontrolled' 
984803298,way,crossing,zebra,should use the tag 'crossing=uncontrolled' 
984803974,way,crossing,zebra,should use the tag 'crossing=uncontrolled' 
984805669,way,crossing,marked,should use the tag 'crossing=uncontrolled' 
984805671,way,crossing,marked,should use the tag 'crossing=uncontrolled' 
984805674,way,crossing,marked,should use the tag 'crossing=uncontrolled' 
984805677,way,crossing,marked,should use the tag 'crossing=uncontrolled' 
984805679,way,crossing,marked,should use the tag 'crossing=uncontrolled' 
984805685,way,crossing,marked,should use the tag 'crossing=uncontrolled' 
984805686,way,crossing,marked,should use the tag 'crossing=uncontrolled' 
984805758,way,crossing,marked,should use the tag 'crossing=uncontrolled' 
984805908,way,crossing,zebra,should use the tag 'crossing=uncontrolled' 
984805910,way,crossing,zebra,should use the tag 'crossing=uncontrolled' 
984805913,way,crossing,zebra,should use the tag 'crossing=uncontrolled' 
985030959,way,crossing,zebra,should use the tag 'crossing=uncontrolled' 
985030961,way,crossing,zebra,should use the tag 'crossing=uncontrolled' 
985030964,way,crossing,zebra,should use the tag 'crossing=uncontrolled' 
985030966,way,crossing,zebra,should use the tag 'crossing=uncontrolled' 
985030968,way,crossing,zebra,should use the tag 'crossing=uncontrolled' 
985030971,way,crossing,zebra,should use the tag 'crossing=uncontrolled' 
985030972,way,crossing,zebra,should use the tag 'crossing=uncontrolled' 
985030974,way,crossing,zebra,should use the tag 'crossing=uncontrolled' 
985030977,way,crossing,zebra,should use the tag 'crossing=uncontrolled' 
985365942,way,crossing,zebra,should use the tag 'crossing=uncontrolled' 
986490778,way,crossing,zebra,should use the tag 'crossing=uncontrolled' 
986490781,way,crossing,zebra,should use the tag 'crossing=uncontrolled' 
987008504,way,crossing,zebra,should use the tag 'crossing=uncontrolled' 
987008506,way,crossing,zebra,should use the tag 'crossing=uncontrolled' 
987009526,way,crossing,zebra,should use the tag 'crossing=uncontrolled' 
987009528,way,crossing,zebra,should use the tag 'crossing=uncontrolled' 
987009531,way,crossing,zebra,should use the tag 'crossing=uncontrolled' 
987009533,way,crossing,zebra,should use the tag 'crossing=uncontrolled' 
987009535,way,crossing,zebra,should use the tag 'crossing=uncontrolled' 
987213276,way,crossing,zebra,should use the tag 'crossing=uncontrolled' 
987261075,way,crossing,marked,should use the tag 'crossing=uncontrolled' 
987261076,way,crossing,marked,should use the tag 'crossing=uncontrolled' 
990237069,way,crossing,marked,should use the tag 'crossing=uncontrolled' 
990237071,way,crossing,marked,should use the tag 'crossing=uncontrolled' 
991341434,way,crossing,zebra,should use the tag 'crossing=uncontrolled' 
991341436,way,crossing,zebra,should use the tag 'crossing=uncontrolled' 
991341439,way,crossing,zebra,should use the tag 'crossing=uncontrolled' 
991572031,way,crossing,zebra,should use the tag 'crossing=uncontrolled' 
991572032,way,crossing,zebra,should use the tag 'crossing=uncontrolled' 
991572034,way,crossing,zebra,should use the tag 'crossing=uncontrolled' 
991573128,way,crossing,zebra,should use the tag 'crossing=uncontrolled' 
991857643,way,crossing,zebra,should use the tag 'crossing=uncontrolled' 
992104209,way,crossing,zebra,should use the tag 'crossing=uncontrolled' 
992104212,way,crossing,zebra,should use the tag 'crossing=uncontrolled' 
992571140,way,crossing,zebra,should use the tag 'crossing=uncontrolled' 
992571141,way,crossing,zebra,should use the tag 'crossing=uncontrolled' 
992571143,way,crossing,zebra,should use the tag 'crossing=uncontrolled' 
992571144,way,crossing,zebra,should use the tag 'crossing=uncontrolled' 
992571146,way,crossing,zebra,should use the tag 'crossing=uncontrolled' 
992571148,way,crossing,zebra,should use the tag 'crossing=uncontrolled' 
993346774,way,crossing,zebra,should use the tag 'crossing=uncontrolled' 
993560644,way,crossing,zebra,should use the tag 'crossing=uncontrolled' 
993560646,way,crossing,zebra,should use the tag 'crossing=uncontrolled' 
996760797,way,crossing,marked,should use the tag 'crossing=uncontrolled' 
997565188,way,crossing,zebra,should use the tag 'crossing=uncontrolled' 
997565189,way,crossing,zebra,should use the tag 'crossing=uncontrolled' 
997565191,way,crossing,zebra,should use the tag 'crossing=uncontrolled' 
997565193,way,crossing,zebra,should use the tag 'crossing=uncontrolled' 
997565197,way,crossing,zebra,should use the tag 'crossing=uncontrolled' 
997565199,way,crossing,zebra,should use the tag 'crossing=uncontrolled' 
997565200,way,crossing,zebra,should use the tag 'crossing=uncontrolled' 
997565202,way,crossing,zebra,should use the tag 'crossing=uncontrolled' 
997565204,way,crossing,zebra,should use the tag 'crossing=uncontrolled' 
1000670249,way,crossing,marked,should use the tag 'crossing=uncontrolled' 
1000670250,way,crossing,marked,should use the tag 'crossing=uncontrolled' 
1000670259,way,crossing,marked,should use the tag 'crossing=uncontrolled' 
1000670260,way,crossing,marked,should use the tag 'crossing=uncontrolled' 
1002453627,way,crossing,marked,should use the tag 'crossing=uncontrolled' 
1002453628,way,crossing,marked,should use the tag 'crossing=uncontrolled' 
1004514667,way,crossing,marked,should use the tag 'crossing=uncontrolled' 
1005240474,way,crossing,marked,should use the tag 'crossing=uncontrolled' 
1005247223,way,crossing,marked,should use the tag 'crossing=uncontrolled' 
1005268384,way,crossing,marked,should use the tag 'crossing=uncontrolled' 
1005268385,way,crossing,marked,should use the tag 'crossing=uncontrolled' 
1005288464,way,crossing,marked,should use the tag 'crossing=uncontrolled' 
1005364762,way,crossing,zebra,should use the tag 'crossing=uncontrolled' 
1007154783,way,crossing,zebra,should use the tag 'crossing=uncontrolled' 
1008690315,way,crossing,zebra,should use the tag 'crossing=uncontrolled' 
1008724010,way,crossing,marked,should use the tag 'crossing=uncontrolled' 
1008724011,way,crossing,marked,should use the tag 'crossing=uncontrolled' 
1009348259,way,crossing,marked,should use the tag 'crossing=uncontrolled' 
1010805240,way,crossing,zebra,should use the tag 'crossing=uncontrolled' 
1010805241,way,crossing,zebra,should use the tag 'crossing=uncontrolled' 
1010805242,way,crossing,zebra,should use the tag 'crossing=uncontrolled' 
1010805243,way,crossing,zebra,should use the tag 'crossing=uncontrolled' 
1010805290,way,crossing,marked,should use the tag 'crossing=uncontrolled' 
1010822448,way,crossing,zebra,should use the tag 'crossing=uncontrolled' 
1010822452,way,crossing,zebra,should use the tag 'crossing=uncontrolled' 
1010822454,way,crossing,zebra,should use the tag 'crossing=uncontrolled' 
1010822455,way,crossing,zebra,should use the tag 'crossing=uncontrolled' 
1010822456,way,crossing,zebra,should use the tag 'crossing=uncontrolled' 
1011127098,way,crossing,zebra,should use the tag 'crossing=uncontrolled' 
1011127108,way,crossing,zebra,should use the tag 'crossing=uncontrolled' 
1011127110,way,crossing,zebra,should use the tag 'crossing=uncontrolled' 
1011127115,way,crossing,zebra,should use the tag 'crossing=uncontrolled' 
1011266985,way,crossing,marked,should use the tag 'crossing=uncontrolled' 
1011272649,way,crossing,marked,should use the tag 'crossing=uncontrolled' 
1011577695,way,crossing,zebra,should use the tag 'crossing=uncontrolled' 
1012605225,way,crossing,zebra,should use the tag 'crossing=uncontrolled' 
1015929428,way,crossing,marked,should use the tag 'crossing=uncontrolled' 
1016945057,way,crossing,marked,should use the tag 'crossing=uncontrolled' 
1016945058,way,crossing,marked,should use the tag 'crossing=uncontrolled' 
1016945059,way,crossing,marked,should use the tag 'crossing=uncontrolled' 
1017191651,way,crossing,zebra,should use the tag 'crossing=uncontrolled' 
1017191654,way,crossing,zebra,should use the tag 'crossing=uncontrolled' 
1017191656,way,crossing,zebra,should use the tag 'crossing=uncontrolled' 
1017191660,way,crossing,zebra,should use the tag 'crossing=uncontrolled' 
1017191663,way,crossing,zebra,should use the tag 'crossing=uncontrolled' 
1017191665,way,crossing,zebra,should use the tag 'crossing=uncontrolled' 
1017191667,way,crossing,zebra,should use the tag 'crossing=uncontrolled' 
1017388400,way,crossing,marked,should use the tag 'crossing=uncontrolled' 
1017714325,way,crossing,marked,should use the tag 'crossing=uncontrolled' 
1018156620,way,crossing,zebra,should use the tag 'crossing=uncontrolled' 
1018162266,way,crossing,marked,should use the tag 'crossing=uncontrolled' 
1020725923,way,crossing,zebra,should use the tag 'crossing=uncontrolled' 
1021325972,way,crossing,zebra,should use the tag 'crossing=uncontrolled' 
1022731913,way,crossing,zebra,should use the tag 'crossing=uncontrolled' 
1022731920,way,crossing,zebra,should use the tag 'crossing=uncontrolled' 
1023108072,way,crossing,zebra,should use the tag 'crossing=uncontrolled' 
1023108073,way,crossing,zebra,should use the tag 'crossing=uncontrolled' 
1023108075,way,crossing,marked,should use the tag 'crossing=uncontrolled' 
1024007223,way,crossing,marked,should use the tag 'crossing=uncontrolled' 
1024360360,way,crossing,zebra,should use the tag 'crossing=uncontrolled' 
1024600569,way,crossing,zebra,should use the tag 'crossing=uncontrolled' 
1024600571,way,crossing,zebra,should use the tag 'crossing=uncontrolled' 
1024600575,way,crossing,zebra,should use the tag 'crossing=uncontrolled' 
1024600577,way,crossing,zebra,should use the tag 'crossing=uncontrolled' 
1024600578,way,crossing,zebra,should use the tag 'crossing=uncontrolled' 
1024600579,way,crossing,zebra,should use the tag 'crossing=uncontrolled' 
1024600581,way,crossing,zebra,should use the tag 'crossing=uncontrolled' 
1026599168,way,crossing,zebra,should use the tag 'crossing=uncontrolled' 
1029442133,way,crossing,zebra,should use the tag 'crossing=uncontrolled' 
1030563166,way,crossing,zebra,should use the tag 'crossing=uncontrolled' 
1030978215,way,crossing,marked,should use the tag 'crossing=uncontrolled' 
1031550042,way,crossing,zebra,should use the tag 'crossing=uncontrolled' 
1034703011,way,crossing,zebra,should use the tag 'crossing=uncontrolled' 
1034703013,way,crossing,zebra,should use the tag 'crossing=uncontrolled' 
1034703015,way,crossing,zebra,should use the tag 'crossing=uncontrolled' 
1049824032,way,crossing,zebra,should use the tag 'crossing=uncontrolled' 
1049824033,way,crossing,zebra,should use the tag 'crossing=uncontrolled' 
1049824036,way,crossing,zebra,should use the tag 'crossing=uncontrolled' 
1052899112,way,crossing,zebra,should use the tag 'crossing=uncontrolled' 
1053078307,way,crossing,marked,should use the tag 'crossing=uncontrolled' 
1055559549,way,crossing,zebra,should use the tag 'crossing=uncontrolled' 
1055559551,way,crossing,zebra,should use the tag 'crossing=uncontrolled' 
1055559553,way,crossing,zebra,should use the tag 'crossing=uncontrolled' 
1055559554,way,crossing,zebra,should use the tag 'crossing=uncontrolled' 
1073438559,way,crossing,marked,should use the tag 'crossing=uncontrolled' 
1073438560,way,crossing,marked,should use the tag 'crossing=uncontrolled' 
1074838702,way,crossing,marked,should use the tag 'crossing=uncontrolled' 
1075389412,way,crossing,zebra,should use the tag 'crossing=uncontrolled' 
1075389413,way,crossing,zebra,should use the tag 'crossing=uncontrolled' 
1075389415,way,crossing,zebra,should use the tag 'crossing=uncontrolled' 
1075389417,way,crossing,zebra,should use the tag 'crossing=uncontrolled' 
1077548486,way,crossing,zebra,should use the tag 'crossing=uncontrolled' 
1077557852,way,crossing,zebra,should use the tag 'crossing=uncontrolled' 
1077557854,way,crossing,zebra,should use the tag 'crossing=uncontrolled' 
1077557855,way,crossing,zebra,should use the tag 'crossing=uncontrolled' 
1077557856,way,crossing,zebra,should use the tag 'crossing=uncontrolled' 
1077557857,way,crossing,zebra,should use the tag 'crossing=uncontrolled' 
1077557859,way,crossing,zebra,should use the tag 'crossing=uncontrolled' 
1078886746,way,crossing,zebra,should use the tag 'crossing=uncontrolled' 
1078886748,way,crossing,zebra,should use the tag 'crossing=uncontrolled' 
1078886750,way,crossing,zebra,should use the tag 'crossing=uncontrolled' 
1078931385,way,crossing,zebra,should use the tag 'crossing=uncontrolled' 
1078931416,way,crossing,zebra,should use the tag 'crossing=uncontrolled' 
1078931425,way,crossing,zebra,should use the tag 'crossing=uncontrolled' 
1080158841,way,crossing,zebra,should use the tag 'crossing=uncontrolled' 
1080158847,way,crossing,zebra,should use the tag 'crossing=uncontrolled' 
1080158850,way,crossing,zebra,should use the tag 'crossing=uncontrolled' 
1080158852,way,crossing,zebra,should use the tag 'crossing=uncontrolled' 
1080158854,way,crossing,zebra,should use the tag 'crossing=uncontrolled' 
1080158856,way,crossing,zebra,should use the tag 'crossing=uncontrolled' 
1080158857,way,crossing,zebra,should use the tag 'crossing=uncontrolled' 
1080173536,way,crossing,zebra,should use the tag 'crossing=uncontrolled' 
1080173539,way,crossing,zebra,should use the tag 'crossing=uncontrolled' 
1080173543,way,crossing,zebra,should use the tag 'crossing=uncontrolled' 
1080173545,way,crossing,zebra,should use the tag 'crossing=uncontrolled' 
1080173549,way,crossing,zebra,should use the tag 'crossing=uncontrolled' 
1080173552,way,crossing,zebra,should use the tag 'crossing=uncontrolled' 
1080173554,way,crossing,zebra,should use the tag 'crossing=uncontrolled' 
1080173556,way,crossing,zebra,should use the tag 'crossing=uncontrolled' 
1080173559,way,crossing,zebra,should use the tag 'crossing=uncontrolled' 
1080173561,way,crossing,zebra,should use the tag 'crossing=uncontrolled' 
1080173562,way,crossing,zebra,should use the tag 'crossing=uncontrolled' 
1080173563,way,crossing,zebra,should use the tag 'crossing=uncontrolled' 
1080173564,way,crossing,zebra,should use the tag 'crossing=uncontrolled' 
1083379843,way,crossing,zebra,should use the tag 'crossing=uncontrolled' 
1083405604,way,crossing,zebra,should use the tag 'crossing=uncontrolled' 
1083405609,way,crossing,zebra,should use the tag 'crossing=uncontrolled' 
1083405611,way,crossing,zebra,should use the tag 'crossing=uncontrolled' 
1083405612,way,crossing,zebra,should use the tag 'crossing=uncontrolled' 
1086100520,way,crossing,zebra,should use the tag 'crossing=uncontrolled' 
1087647942,way,crossing,zebra,should use the tag 'crossing=uncontrolled' 
1090001805,way,crossing,marked,should use the tag 'crossing=uncontrolled' 
1090001806,way,crossing,marked,should use the tag 'crossing=uncontrolled' 
1090001820,way,crossing,marked,should use the tag 'crossing=uncontrolled' 
1090001826,way,crossing,marked,should use the tag 'crossing=uncontrolled' 
1090637212,way,crossing,zebra,should use the tag 'crossing=uncontrolled' 
1090656497,way,crossing,zebra,should use the tag 'crossing=uncontrolled' 
1090656506,way,crossing,zebra,should use the tag 'crossing=uncontrolled' 
1091144730,way,crossing,zebra,should use the tag 'crossing=uncontrolled' 
1091144734,way,crossing,zebra,should use the tag 'crossing=uncontrolled' 
1091144737,way,crossing,zebra,should use the tag 'crossing=uncontrolled' 
1091994114,way,crossing,zebra,should use the tag 'crossing=uncontrolled' 
1091995412,way,crossing,zebra,should use the tag 'crossing=uncontrolled' 
1092012764,way,crossing,zebra,should use the tag 'crossing=uncontrolled' 
1092012773,way,crossing,zebra,should use the tag 'crossing=uncontrolled' 
1092012775,way,crossing,zebra,should use the tag 'crossing=uncontrolled' 
1092012777,way,crossing,zebra,should use the tag 'crossing=uncontrolled' 
1092012778,way,crossing,zebra,should use the tag 'crossing=uncontrolled' 
1092012781,way,crossing,zebra,should use the tag 'crossing=uncontrolled' 
1092012785,way,crossing,zebra,should use the tag 'crossing=uncontrolled' 
1092013276,way,crossing,zebra,should use the tag 'crossing=uncontrolled' 
1092013277,way,crossing,zebra,should use the tag 'crossing=uncontrolled' 
1092013279,way,crossing,zebra,should use the tag 'crossing=uncontrolled' 
1092013282,way,crossing,zebra,should use the tag 'crossing=uncontrolled' 
1092013284,way,crossing,zebra,should use the tag 'crossing=uncontrolled' 
1092013286,way,crossing,zebra,should use the tag 'crossing=uncontrolled' 
1092013288,way,crossing,zebra,should use the tag 'crossing=uncontrolled' 
1092013289,way,crossing,zebra,should use the tag 'crossing=uncontrolled' 
1092013291,way,crossing,zebra,should use the tag 'crossing=uncontrolled' 
1092019362,way,crossing,zebra,should use the tag 'crossing=uncontrolled' 
1092019369,way,crossing,zebra,should use the tag 'crossing=uncontrolled' 
1092019371,way,crossing,zebra,should use the tag 'crossing=uncontrolled' 
1092020621,way,crossing,zebra,should use the tag 'crossing=uncontrolled' 
1092028170,way,crossing,zebra,should use the tag 'crossing=uncontrolled' 
1092028171,way,crossing,zebra,should use the tag 'crossing=uncontrolled' 
1092028173,way,crossing,zebra,should use the tag 'crossing=uncontrolled' 
1092028175,way,crossing,zebra,should use the tag 'crossing=uncontrolled' 
1092028176,way,crossing,zebra,should use the tag 'crossing=uncontrolled' 
1092028177,way,crossing,zebra,should use the tag 'crossing=uncontrolled' 
1092028179,way,crossing,zebra,should use the tag 'crossing=uncontrolled' 
1092028181,way,crossing,zebra,should use the tag 'crossing=uncontrolled' 
1092028188,way,crossing,zebra,should use the tag 'crossing=uncontrolled' 
1092028198,way,crossing,zebra,should use the tag 'crossing=uncontrolled' 
1092028200,way,crossing,zebra,should use the tag 'crossing=uncontrolled' 
1092028202,way,crossing,zebra,should use the tag 'crossing=uncontrolled' 
1092028204,way,crossing,zebra,should use the tag 'crossing=uncontrolled' 
1092028206,way,crossing,zebra,should use the tag 'crossing=uncontrolled' 
1092028210,way,crossing,zebra,should use the tag 'crossing=uncontrolled' 
1092028212,way,crossing,zebra,should use the tag 'crossing=uncontrolled' 
1092028214,way,crossing,zebra,should use the tag 'crossing=uncontrolled' 
1092028216,way,crossing,zebra,should use the tag 'crossing=uncontrolled' 
1092028218,way,crossing,zebra,should use the tag 'crossing=uncontrolled' 
1092028235,way,crossing,zebra,should use the tag 'crossing=uncontrolled' 
1092028237,way,crossing,zebra,should use the tag 'crossing=uncontrolled' 
1092028240,way,crossing,zebra,should use the tag 'crossing=uncontrolled' 
1092028242,way,crossing,zebra,should use the tag 'crossing=uncontrolled' 
1092235167,way,crossing,marked,should use the tag 'crossing=uncontrolled' 
1092235168,way,crossing,marked,should use the tag 'crossing=uncontrolled' 
1092235169,way,crossing,marked,should use the tag 'crossing=uncontrolled' 
1092235171,way,crossing,marked,should use the tag 'crossing=uncontrolled' 
1092235174,way,crossing,marked,should use the tag 'crossing=uncontrolled' 
1092249923,way,crossing,zebra,should use the tag 'crossing=uncontrolled' 
1092256367,way,crossing,zebra,should use the tag 'crossing=uncontrolled' 
1092256368,way,crossing,zebra,should use the tag 'crossing=uncontrolled' 
1092256370,way,crossing,zebra,should use the tag 'crossing=uncontrolled' 
1092256372,way,crossing,zebra,should use the tag 'crossing=uncontrolled' 
1092258471,way,crossing,zebra,should use the tag 'crossing=uncontrolled' 
1092258473,way,crossing,zebra,should use the tag 'crossing=uncontrolled' 
1092258476,way,crossing,zebra,should use the tag 'crossing=uncontrolled' 
1092258478,way,crossing,zebra,should use the tag 'crossing=uncontrolled' 
1092258480,way,crossing,zebra,should use the tag 'crossing=uncontrolled' 
1092258482,way,crossing,zebra,should use the tag 'crossing=uncontrolled' 
1092258484,way,crossing,zebra,should use the tag 'crossing=uncontrolled' 
1092260815,way,crossing,zebra,should use the tag 'crossing=uncontrolled' 
1092260818,way,crossing,zebra,should use the tag 'crossing=uncontrolled' 
1092260820,way,crossing,zebra,should use the tag 'crossing=uncontrolled' 
1092533918,way,crossing,zebra,should use the tag 'crossing=uncontrolled' 
1092533920,way,crossing,zebra,should use the tag 'crossing=uncontrolled' 
1092533922,way,crossing,zebra,should use the tag 'crossing=uncontrolled' 
1092533925,way,crossing,zebra,should use the tag 'crossing=uncontrolled' 
1092533927,way,crossing,zebra,should use the tag 'crossing=uncontrolled' 
1093019247,way,crossing,zebra,should use the tag 'crossing=uncontrolled' 
1093019248,way,crossing,zebra,should use the tag 'crossing=uncontrolled' 
1093019250,way,crossing,zebra,should use the tag 'crossing=uncontrolled' 
1093019252,way,crossing,zebra,should use the tag 'crossing=uncontrolled' 
1093019254,way,crossing,zebra,should use the tag 'crossing=uncontrolled' 
1093019255,way,crossing,zebra,should use the tag 'crossing=uncontrolled' 
1093019257,way,crossing,zebra,should use the tag 'crossing=uncontrolled' 
1093276556,way,crossing,marked,should use the tag 'crossing=uncontrolled' 
1093276557,way,crossing,marked,should use the tag 'crossing=uncontrolled' 
1093276563,way,crossing,marked,should use the tag 'crossing=uncontrolled' 
1093276564,way,crossing,marked,should use the tag 'crossing=uncontrolled' 
1093276601,way,crossing,marked,should use the tag 'crossing=uncontrolled' 
1093276609,way,crossing,marked,should use the tag 'crossing=uncontrolled' 
1093276610,way,crossing,marked,should use the tag 'crossing=uncontrolled' 
1093276614,way,crossing,marked,should use the tag 'crossing=uncontrolled' 
1093276622,way,crossing,marked,should use the tag 'crossing=uncontrolled' 
1095034775,way,crossing,marked,should use the tag 'crossing=uncontrolled' 
1098964578,way,crossing,marked,should use the tag 'crossing=uncontrolled' 
1098964579,way,crossing,marked,should use the tag 'crossing=uncontrolled' 
1099470416,way,crossing,marked,should use the tag 'crossing=uncontrolled' 
1099778704,way,crossing,marked,should use the tag 'crossing=uncontrolled' 
1099778712,way,crossing,marked,should use the tag 'crossing=uncontrolled' 
1100733540,way,crossing,zebra,should use the tag 'crossing=uncontrolled' 
1100984442,way,crossing,zebra,should use the tag 'crossing=uncontrolled' 
1100984443,way,crossing,zebra,should use the tag 'crossing=uncontrolled' 
1100984444,way,crossing,zebra,should use the tag 'crossing=uncontrolled' 
1100984446,way,crossing,zebra,should use the tag 'crossing=uncontrolled' 
1100984452,way,crossing,marked,should use the tag 'crossing=uncontrolled' 
1100984454,way,crossing,marked,should use the tag 'crossing=uncontrolled' 
1100984457,way,crossing,marked,should use the tag 'crossing=uncontrolled' 
1100984458,way,crossing,marked,should use the tag 'crossing=uncontrolled' 
1100984459,way,crossing,marked,should use the tag 'crossing=uncontrolled' 
1100984466,way,crossing,marked,should use the tag 'crossing=uncontrolled' 
1100984473,way,crossing,zebra,should use the tag 'crossing=uncontrolled' 
1100984478,way,crossing,marked,should use the tag 'crossing=uncontrolled' 
1100984483,way,crossing,marked,should use the tag 'crossing=uncontrolled' 
1100984484,way,crossing,marked,should use the tag 'crossing=uncontrolled' 
1101285758,way,crossing,zebra,should use the tag 'crossing=uncontrolled' 
1101285761,way,crossing,zebra,should use the tag 'crossing=uncontrolled' 
1101285762,way,crossing,zebra,should use the tag 'crossing=uncontrolled' 
1101285766,way,crossing,marked,should use the tag 'crossing=uncontrolled' 
1101355353,way,crossing,marked,should use the tag 'crossing=uncontrolled' 
1101355356,way,crossing,marked,should use the tag 'crossing=uncontrolled' 
1101816234,way,crossing,marked,should use the tag 'crossing=uncontrolled' 
1101816242,way,crossing,marked,should use the tag 'crossing=uncontrolled' 
1102260453,way,crossing,zebra,should use the tag 'crossing=uncontrolled' 
1102264971,way,crossing,marked,should use the tag 'crossing=uncontrolled' 
1102394576,way,crossing,marked,should use the tag 'crossing=uncontrolled' 
1102400524,way,crossing,marked,should use the tag 'crossing=uncontrolled' 
1103753284,way,crossing,zebra,should use the tag 'crossing=uncontrolled' 
1103753286,way,crossing,zebra,should use the tag 'crossing=uncontrolled' 
1103770665,way,crossing,marked,should use the tag 'crossing=uncontrolled' 
1103770666,way,crossing,marked,should use the tag 'crossing=uncontrolled' 
1103770668,way,crossing,marked,should use the tag 'crossing=uncontrolled' 
1104543785,way,crossing,zebra,should use the tag 'crossing=uncontrolled' 
1104543786,way,crossing,zebra,should use the tag 'crossing=uncontrolled' 
1104713375,way,crossing,marked,should use the tag 'crossing=uncontrolled' 
1104713376,way,crossing,marked,should use the tag 'crossing=uncontrolled' 
1104713377,way,crossing,marked,should use the tag 'crossing=uncontrolled' 
1105424603,way,crossing,zebra,should use the tag 'crossing=uncontrolled' 
1105424606,way,crossing,zebra,should use the tag 'crossing=uncontrolled' 
1105424609,way,crossing,zebra,should use the tag 'crossing=uncontrolled' 
1105426742,way,crossing,zebra,should use the tag 'crossing=uncontrolled' 
1105426745,way,crossing,zebra,should use the tag 'crossing=uncontrolled' 
1105426749,way,crossing,marked,should use the tag 'crossing=uncontrolled' 
1105969399,way,crossing,marked,should use the tag 'crossing=uncontrolled' 
1105969401,way,crossing,marked,should use the tag 'crossing=uncontrolled' 
1105969411,way,crossing,marked,should use the tag 'crossing=uncontrolled' 
1105969413,way,crossing,marked,should use the tag 'crossing=uncontrolled' 
1105969414,way,crossing,marked,should use the tag 'crossing=uncontrolled' 
1105969417,way,crossing,marked,should use the tag 'crossing=uncontrolled' 
1105969429,way,crossing,marked,should use the tag 'crossing=uncontrolled' 
1105969430,way,crossing,marked,should use the tag 'crossing=uncontrolled' 
1107035928,way,crossing,marked,should use the tag 'crossing=uncontrolled' 
1107035955,way,crossing,marked,should use the tag 'crossing=uncontrolled' 
1107035969,way,crossing,marked,should use the tag 'crossing=uncontrolled' 
1109874862,way,crossing,zebra,should use the tag 'crossing=uncontrolled' 
1109874864,way,crossing,marked,should use the tag 'crossing=uncontrolled' 
1109874877,way,crossing,marked,should use the tag 'crossing=uncontrolled' 
1109874878,way,crossing,zebra,should use the tag 'crossing=uncontrolled' 
1109874881,way,crossing,zebra,should use the tag 'crossing=uncontrolled' 
1109874887,way,crossing,zebra,should use the tag 'crossing=uncontrolled' 
1109874888,way,crossing,zebra,should use the tag 'crossing=uncontrolled' 
1109874890,way,crossing,zebra,should use the tag 'crossing=uncontrolled' 
1110167628,way,crossing,marked,should use the tag 'crossing=uncontrolled' 
1110167634,way,crossing,zebra,should use the tag 'crossing=uncontrolled' 
1110167638,way,crossing,zebra,should use the tag 'crossing=uncontrolled' 
1110170337,way,crossing,zebra,should use the tag 'crossing=uncontrolled' 
1110170340,way,crossing,zebra,should use the tag 'crossing=uncontrolled' 
1110170342,way,crossing,zebra,should use the tag 'crossing=uncontrolled' 
1110170343,way,crossing,zebra,should use the tag 'crossing=uncontrolled' 
1110619404,way,crossing,zebra,should use the tag 'crossing=uncontrolled' 
1110901898,way,crossing,zebra,should use the tag 'crossing=uncontrolled' 
1111175186,way,crossing,zebra,should use the tag 'crossing=uncontrolled' 
1111203625,way,crossing,zebra,should use the tag 'crossing=uncontrolled' 
1111203647,way,crossing,zebra,should use the tag 'crossing=uncontrolled' 
1111816963,way,crossing,zebra,should use the tag 'crossing=uncontrolled' 
1111816965,way,crossing,zebra,should use the tag 'crossing=uncontrolled' 
1111816966,way,crossing,zebra,should use the tag 'crossing=uncontrolled' 
1112264665,way,crossing,zebra,should use the tag 'crossing=uncontrolled' 
1115131632,way,crossing,zebra,should use the tag 'crossing=uncontrolled' 
1115131643,way,crossing,zebra,should use the tag 'crossing=uncontrolled' 
1115131647,way,crossing,zebra,should use the tag 'crossing=uncontrolled' 
1115411802,way,crossing,zebra,should use the tag 'crossing=uncontrolled' 
1115411804,way,crossing,zebra,should use the tag 'crossing=uncontrolled' 
1115411805,way,crossing,zebra,should use the tag 'crossing=uncontrolled' 
1115411807,way,crossing,zebra,should use the tag 'crossing=uncontrolled' 
1115411809,way,crossing,zebra,should use the tag 'crossing=uncontrolled' 
1115411811,way,crossing,zebra,should use the tag 'crossing=uncontrolled' 
1115411813,way,crossing,zebra,should use the tag 'crossing=uncontrolled' 
1115793106,way,crossing,zebra,should use the tag 'crossing=uncontrolled' 
1115793113,way,crossing,zebra,should use the tag 'crossing=uncontrolled' 
1117725345,way,crossing,zebra,should use the tag 'crossing=uncontrolled' 
1117725348,way,crossing,zebra,should use the tag 'crossing=uncontrolled' 
1117966389,way,crossing,zebra,should use the tag 'crossing=uncontrolled' 
1118195695,way,crossing,zebra,should use the tag 'crossing=uncontrolled' 
1118195697,way,crossing,zebra,should use the tag 'crossing=uncontrolled' 
1118195698,way,crossing,zebra,should use the tag 'crossing=uncontrolled' 
1118195701,way,crossing,zebra,should use the tag 'crossing=uncontrolled' 
1118195704,way,crossing,zebra,should use the tag 'crossing=uncontrolled' 
1118195706,way,crossing,zebra,should use the tag 'crossing=uncontrolled' 
1120235436,way,crossing,zebra,should use the tag 'crossing=uncontrolled' 
1120235439,way,crossing,zebra,should use the tag 'crossing=uncontrolled' 
1120235441,way,crossing,zebra,should use the tag 'crossing=uncontrolled' 
1121584383,way,crossing,zebra,should use the tag 'crossing=uncontrolled' 
1121584385,way,crossing,zebra,should use the tag 'crossing=uncontrolled' 
1122160891,way,crossing,zebra,should use the tag 'crossing=uncontrolled' 
1122160893,way,crossing,zebra,should use the tag 'crossing=uncontrolled' 
1122169923,way,crossing,zebra,should use the tag 'crossing=uncontrolled' 
1122524974,way,crossing,zebra,should use the tag 'crossing=uncontrolled' 
1122524978,way,crossing,zebra,should use the tag 'crossing=uncontrolled' 
1122524979,way,crossing,zebra,should use the tag 'crossing=uncontrolled' 
1122524980,way,crossing,zebra,should use the tag 'crossing=uncontrolled' 
1122525357,way,crossing,zebra,should use the tag 'crossing=uncontrolled' 
1122525743,way,crossing,zebra,should use the tag 'crossing=uncontrolled' 
1122525744,way,crossing,zebra,should use the tag 'crossing=uncontrolled' 
1122525745,way,crossing,zebra,should use the tag 'crossing=uncontrolled' 
1122525746,way,crossing,zebra,should use the tag 'crossing=uncontrolled' 
1122526740,way,crossing,zebra,should use the tag 'crossing=uncontrolled' 
1122526741,way,crossing,zebra,should use the tag 'crossing=uncontrolled' 
1122526743,way,crossing,zebra,should use the tag 'crossing=uncontrolled' 
1122528964,way,crossing,zebra,should use the tag 'crossing=uncontrolled' 
1124309918,way,crossing,marked,should use the tag 'crossing=uncontrolled' 
1124309919,way,crossing,marked,should use the tag 'crossing=uncontrolled' 
1124309920,way,crossing,marked,should use the tag 'crossing=uncontrolled' 
1124309921,way,crossing,marked,should use the tag 'crossing=uncontrolled' 
1124309924,way,crossing,marked,should use the tag 'crossing=uncontrolled' 
1124317780,way,crossing,zebra,should use the tag 'crossing=uncontrolled' 
1124317781,way,crossing,zebra,should use the tag 'crossing=uncontrolled' 
1127375787,way,crossing,zebra,should use the tag 'crossing=uncontrolled' 
1127375788,way,crossing,zebra,should use the tag 'crossing=uncontrolled' 
1127375790,way,crossing,zebra,should use the tag 'crossing=uncontrolled' 
1127375792,way,crossing,zebra,should use the tag 'crossing=uncontrolled' 
1127375795,way,crossing,zebra,should use the tag 'crossing=uncontrolled' 
1127375797,way,crossing,zebra,should use the tag 'crossing=uncontrolled' 
1127375799,way,crossing,zebra,should use the tag 'crossing=uncontrolled' 
1127621745,way,crossing,zebra,should use the tag 'crossing=uncontrolled' 
1127621746,way,crossing,zebra,should use the tag 'crossing=uncontrolled' 
1128083677,way,crossing,zebra,should use the tag 'crossing=uncontrolled' 
1130761531,way,crossing,zebra,should use the tag 'crossing=uncontrolled' 
1130761533,way,crossing,zebra,should use the tag 'crossing=uncontrolled' 
1130761536,way,crossing,zebra,should use the tag 'crossing=uncontrolled' 
1130761539,way,crossing,zebra,should use the tag 'crossing=uncontrolled' 
1130761540,way,crossing,zebra,should use the tag 'crossing=uncontrolled' 
1130761542,way,crossing,zebra,should use the tag 'crossing=uncontrolled' 
1130761543,way,crossing,zebra,should use the tag 'crossing=uncontrolled' 
1130761544,way,crossing,zebra,should use the tag 'crossing=uncontrolled' 
1130761790,way,crossing,zebra,should use the tag 'crossing=uncontrolled' 
1130761792,way,crossing,zebra,should use the tag 'crossing=uncontrolled' 
1130761794,way,crossing,zebra,should use the tag 'crossing=uncontrolled' 
1130761795,way,crossing,zebra,should use the tag 'crossing=uncontrolled' 
1130765812,way,crossing,zebra,should use the tag 'crossing=uncontrolled' 
1130765829,way,crossing,zebra,should use the tag 'crossing=uncontrolled' 
1130766398,way,crossing,zebra,should use the tag 'crossing=uncontrolled' 
1130766400,way,crossing,zebra,should use the tag 'crossing=uncontrolled' 
1130766401,way,crossing,zebra,should use the tag 'crossing=uncontrolled' 
1130766403,way,crossing,zebra,should use the tag 'crossing=uncontrolled' 
1130766404,way,crossing,zebra,should use the tag 'crossing=uncontrolled' 
1130766406,way,crossing,zebra,should use the tag 'crossing=uncontrolled' 
1130766408,way,crossing,zebra,should use the tag 'crossing=uncontrolled' 
1130768655,way,crossing,zebra,should use the tag 'crossing=uncontrolled' 
1130773006,way,crossing,zebra,should use the tag 'crossing=uncontrolled' 
1130773008,way,crossing,zebra,should use the tag 'crossing=uncontrolled' 
1130773010,way,crossing,zebra,should use the tag 'crossing=uncontrolled' 
1130773011,way,crossing,zebra,should use the tag 'crossing=uncontrolled' 
1130773013,way,crossing,zebra,should use the tag 'crossing=uncontrolled' 
1130773015,way,crossing,zebra,should use the tag 'crossing=uncontrolled' 
1130773017,way,crossing,zebra,should use the tag 'crossing=uncontrolled' 
1135849763,way,crossing,zebra,should use the tag 'crossing=uncontrolled' 
1135849765,way,crossing,zebra,should use the tag 'crossing=uncontrolled' 
1135849766,way,crossing,zebra,should use the tag 'crossing=uncontrolled' 
1136103224,way,crossing,zebra,should use the tag 'crossing=uncontrolled' 
1136103226,way,crossing,zebra,should use the tag 'crossing=uncontrolled' 
1136103229,way,crossing,zebra,should use the tag 'crossing=uncontrolled' 
1136103230,way,crossing,zebra,should use the tag 'crossing=uncontrolled' 
1136103233,way,crossing,zebra,should use the tag 'crossing=uncontrolled' 
1136103235,way,crossing,zebra,should use the tag 'crossing=uncontrolled' 
1136103237,way,crossing,zebra,should use the tag 'crossing=uncontrolled' 
1136103238,way,crossing,zebra,should use the tag 'crossing=uncontrolled' 
1136103239,way,crossing,zebra,should use the tag 'crossing=uncontrolled' 
1136104594,way,crossing,zebra,should use the tag 'crossing=uncontrolled' 
1136104595,way,crossing,zebra,should use the tag 'crossing=uncontrolled' 
1146809275,way,crossing,zebra,should use the tag 'crossing=uncontrolled' 
1146809276,way,crossing,zebra,should use the tag 'crossing=uncontrolled' 
1146809277,way,crossing,zebra,should use the tag 'crossing=uncontrolled' 
1146809278,way,crossing,zebra,should use the tag 'crossing=uncontrolled' 
1146813875,way,crossing,zebra,should use the tag 'crossing=uncontrolled' 
1148052918,way,crossing,zebra,should use the tag 'crossing=uncontrolled' 
1148071731,way,crossing,zebra,should use the tag 'crossing=uncontrolled' 
1148280708,way,crossing,zebra,should use the tag 'crossing=uncontrolled' 
1148280709,way,crossing,zebra,should use the tag 'crossing=uncontrolled' 
1148674165,way,crossing,zebra,should use the tag 'crossing=uncontrolled' 
1148986833,way,crossing,zebra,should use the tag 'crossing=uncontrolled' 
1150007046,way,crossing,marked,should use the tag 'crossing=uncontrolled' 
1150214822,way,crossing,marked,should use the tag 'crossing=uncontrolled' 
1150825131,way,crossing,zebra,should use the tag 'crossing=uncontrolled' 
1150825608,way,crossing,zebra,should use the tag 'crossing=uncontrolled' 
1151035697,way,crossing,zebra,should use the tag 'crossing=uncontrolled' 
1151038390,way,crossing,zebra,should use the tag 'crossing=uncontrolled' 
1151038391,way,crossing,zebra,should use the tag 'crossing=uncontrolled' 
1152311676,way,crossing,zebra,should use the tag 'crossing=uncontrolled' 
1152311677,way,crossing,zebra,should use the tag 'crossing=uncontrolled' 
1152311678,way,crossing,zebra,should use the tag 'crossing=uncontrolled' 
1152422009,way,crossing,marked,should use the tag 'crossing=uncontrolled' 
1152422010,way,crossing,marked,should use the tag 'crossing=uncontrolled' 
1152521634,way,crossing,zebra,should use the tag 'crossing=uncontrolled' 
1152521636,way,crossing,marked,should use the tag 'crossing=uncontrolled' 
1152527125,way,crossing,marked,should use the tag 'crossing=uncontrolled' 
1152536679,way,crossing,zebra,should use the tag 'crossing=uncontrolled' 
1154083358,way,crossing,zebra,should use the tag 'crossing=uncontrolled' 
1156063029,way,crossing,zebra,should use the tag 'crossing=uncontrolled' 
1156161934,way,crossing,zebra,should use the tag 'crossing=uncontrolled' 
1159308741,way,crossing,zebra,should use the tag 'crossing=uncontrolled' 
1159538313,way,crossing,zebra,should use the tag 'crossing=uncontrolled' 
1159538315,way,crossing,zebra,should use the tag 'crossing=uncontrolled' 
1159538316,way,crossing,zebra,should use the tag 'crossing=uncontrolled' 
1159538792,way,crossing,zebra,should use the tag 'crossing=uncontrolled' 
1160819086,way,crossing,marked,should use the tag 'crossing=uncontrolled' 
1160819111,way,crossing,zebra,should use the tag 'crossing=uncontrolled' 
1161260091,way,crossing,zebra,should use the tag 'crossing=uncontrolled' 
1161260092,way,crossing,zebra,should use the tag 'crossing=uncontrolled' 
1162661904,way,crossing,zebra,should use the tag 'crossing=uncontrolled' 
1162725448,way,crossing,zebra,should use the tag 'crossing=uncontrolled' 
1163758362,way,crossing,marked,should use the tag 'crossing=uncontrolled' 
1163758363,way,crossing,marked,should use the tag 'crossing=uncontrolled' 
1163758366,way,crossing,zebra,should use the tag 'crossing=uncontrolled' 
1163758372,way,crossing,zebra,should use the tag 'crossing=uncontrolled' 
1163758373,way,crossing,zebra,should use the tag 'crossing=uncontrolled' 
1163758377,way,crossing,zebra,should use the tag 'crossing=uncontrolled' 
1164064322,way,crossing,marked,should use the tag 'crossing=uncontrolled' 
1164064324,way,crossing,marked,should use the tag 'crossing=uncontrolled' 
1164064326,way,crossing,marked,should use the tag 'crossing=uncontrolled' 
1174698079,way,crossing,zebra,should use the tag 'crossing=uncontrolled' 
1174924334,way,crossing,zebra,should use the tag 'crossing=uncontrolled' 
1174924336,way,crossing,zebra,should use the tag 'crossing=uncontrolled' 
1174924338,way,crossing,zebra,should use the tag 'crossing=uncontrolled' 
1175506483,way,crossing,zebra,should use the tag 'crossing=uncontrolled' 
1175525128,way,crossing,zebra,should use the tag 'crossing=uncontrolled' 
1175525129,way,crossing,zebra,should use the tag 'crossing=uncontrolled' 
1180372319,way,crossing,zebra,should use the tag 'crossing=uncontrolled' 
1180372322,way,crossing,zebra,should use the tag 'crossing=uncontrolled' 
1189549308,way,crossing,zebra,should use the tag 'crossing=uncontrolled' 
1189549309,way,crossing,zebra,should use the tag 'crossing=uncontrolled' 
1189549310,way,crossing,zebra,should use the tag 'crossing=uncontrolled' 
1189549315,way,crossing,zebra,should use the tag 'crossing=uncontrolled' 
1189549316,way,crossing,zebra,should use the tag 'crossing=uncontrolled' 
1189549319,way,crossing,zebra,should use the tag 'crossing=uncontrolled' 
1189549321,way,crossing,zebra,should use the tag 'crossing=uncontrolled' 
1189549322,way,crossing,zebra,should use the tag 'crossing=uncontrolled' 
1189549328,way,crossing,zebra,should use the tag 'crossing=uncontrolled' 
1190527262,way,crossing,marked,should use the tag 'crossing=uncontrolled' 
1190527265,way,crossing,marked,should use the tag 'crossing=uncontrolled' 
1195446318,way,crossing,zebra,should use the tag 'crossing=uncontrolled' 
1195450690,way,crossing,zebra,should use the tag 'crossing=uncontrolled' 
1196174607,way,crossing,zebra,should use the tag 'crossing=uncontrolled' 
1201843720,way,crossing,zebra,should use the tag 'crossing=uncontrolled' 
1201843722,way,crossing,zebra,should use the tag 'crossing=uncontrolled' 
1201843723,way,crossing,zebra,should use the tag 'crossing=uncontrolled' 
1212396578,way,crossing,zebra,should use the tag 'crossing=uncontrolled' 
1212396579,way,crossing,zebra,should use the tag 'crossing=uncontrolled' 
1212396580,way,crossing,zebra,should use the tag 'crossing=uncontrolled' 
1223356235,way,crossing,zebra,should use the tag 'crossing=uncontrolled' 
1223356242,way,crossing,zebra,should use the tag 'crossing=uncontrolled' 
1223994760,way,crossing,marked,should use the tag 'crossing=uncontrolled' 
1224701835,way,crossing,zebra,should use the tag 'crossing=uncontrolled' 
1224701911,way,crossing,zebra,should use the tag 'crossing=uncontrolled' 
1224701912,way,crossing,zebra,should use the tag 'crossing=uncontrolled' 
1224701913,way,crossing,zebra,should use the tag 'crossing=uncontrolled' 
1228280500,way,crossing,zebra,should use the tag 'crossing=uncontrolled' 
1228280501,way,crossing,zebra,should use the tag 'crossing=uncontrolled' 
1273125150,way,crossing,zebra,should use the tag 'crossing=uncontrolled' 
1294572151,way,crossing,zebra,should use the tag 'crossing=uncontrolled' 
1294572152,way,crossing,zebra,should use the tag 'crossing=uncontrolled' 
1316556473,way,crossing,zebra,should use the tag 'crossing=uncontrolled' 
1316556476,way,crossing,zebra,should use the tag 'crossing=uncontrolled' 
1333581278,way,crossing,zebra,should use the tag 'crossing=uncontrolled' 
1335591045,way,crossing,marked,should use the tag 'crossing=uncontrolled' 
1337753021,way,crossing,zebra,should use the tag 'crossing=uncontrolled' 
1337753026,way,crossing,zebra,should use the tag 'crossing=uncontrolled' 
1337810763,way,crossing,zebra,should use the tag 'crossing=uncontrolled' 
1343543516,way,crossing,zebra,should use the tag 'crossing=uncontrolled' 
1343543517,way,crossing,zebra,should use the tag 'crossing=uncontrolled' 
1343620528,way,crossing,marked,should use the tag 'crossing=uncontrolled' 
1360717580,way,crossing,zebra,should use the tag 'crossing=uncontrolled' 
1360717583,way,crossing,zebra,should use the tag 'crossing=uncontrolled' 
1360717585,way,crossing,zebra,should use the tag 'crossing=uncontrolled' 
1374897600,way,crossing,zebra,should use the tag 'crossing=uncontrolled' 
1374897602,way,crossing,zebra,should use the tag 'crossing=uncontrolled' 
1374897604,way,crossing,zebra,should use the tag 'crossing=uncontrolled' 
1374897607,way,crossing,zebra,should use the tag 'crossing=uncontrolled' 
1375938841,way,crossing,zebra,should use the tag 'crossing=uncontrolled' 
1375938842,way,crossing,zebra,should use the tag 'crossing=uncontrolled' 
1375938843,way,crossing,zebra,should use the tag 'crossing=uncontrolled' 
1375946549,way,crossing,zebra,should use the tag 'crossing=uncontrolled' 
1375946551,way,crossing,zebra,should use the tag 'crossing=uncontrolled' 
1375946552,way,crossing,zebra,should use the tag 'crossing=uncontrolled' 
1375946553,way,crossing,zebra,should use the tag 'crossing=uncontrolled' 
1378424484,way,crossing,zebra,should use the tag 'crossing=uncontrolled' 
1378424485,way,crossing,zebra,should use the tag 'crossing=uncontrolled' 
1384751172,way,crossing,marked,should use the tag 'crossing=uncontrolled' 
1385132634,way,crossing,zebra,should use the tag 'crossing=uncontrolled' 
1385132637,way,crossing,zebra,should use the tag 'crossing=uncontrolled' 
1386315534,way,crossing,zebra,should use the tag 'crossing=uncontrolled' 
1386315535,way,crossing,zebra,should use the tag 'crossing=uncontrolled' 
1386673969,way,crossing,zebra,should use the tag 'crossing=uncontrolled' 
1391879846,way,crossing,zebra,should use the tag 'crossing=uncontrolled' 
1391879849,way,crossing,zebra,should use the tag 'crossing=uncontrolled' 
1391879851,way,crossing,zebra,should use the tag 'crossing=uncontrolled' 
1391879853,way,crossing,zebra,should use the tag 'crossing=uncontrolled' 
1393140186,way,crossing,zebra,should use the tag 'crossing=uncontrolled' 
1393140194,way,crossing,zebra,should use the tag 'crossing=uncontrolled' 
1410439058,way,crossing,zebra,should use the tag 'crossing=uncontrolled' 
1410439060,way,crossing,zebra,should use the tag 'crossing=uncontrolled' 
1410439062,way,crossing,zebra,should use the tag 'crossing=uncontrolled' 
1410439064,way,crossing,zebra,should use the tag 'crossing=uncontrolled' 
1410439066,way,crossing,zebra,should use the tag 'crossing=uncontrolled' 
1410439068,way,crossing,zebra,should use the tag 'crossing=uncontrolled' 
1410439069,way,crossing,zebra,should use the tag 'crossing=uncontrolled' 
1410439862,way,crossing,zebra,should use the tag 'crossing=uncontrolled' 
1410455545,way,crossing,zebra,should use the tag 'crossing=uncontrolled' 
1410712766,way,crossing,zebra,should use the tag 'crossing=uncontrolled' 
1410712767,way,crossing,zebra,should use the tag 'crossing=uncontrolled' 
1410712781,way,crossing,zebra,should use the tag 'crossing=uncontrolled' 
1410712787,way,crossing,zebra,should use the tag 'crossing=uncontrolled' 
1410712788,way,crossing,zebra,should use the tag 'crossing=uncontrolled' 
1410712790,way,crossing,zebra,should use the tag 'crossing=uncontrolled' 
1414181084,way,crossing,zebra,should use the tag 'crossing=uncontrolled' 
1414181090,way,crossing,zebra,should use the tag 'crossing=uncontrolled' 
1414181094,way,crossing,zebra,should use the tag 'crossing=uncontrolled' 
1415727145,way,crossing,zebra,should use the tag 'crossing=uncontrolled' 
1420098931,way,crossing,marked,should use the tag 'crossing=uncontrolled' 
1420098932,way,crossing,marked,should use the tag 'crossing=uncontrolled' 
1423560663,way,crossing,zebra,should use the tag 'crossing=uncontrolled' 
1442768728,way,crossing,zebra,should use the tag 'crossing=uncontrolled' 
1445309718,way,crossing,zebra,should use the tag 'crossing=uncontrolled' 
1460729991,way,crossing,zebra,should use the tag 'crossing=uncontrolled' 
1491062287,way,crossing,zebra,should use the tag 'crossing=uncontrolled' 
1521214177,way,crossing,zebra,should use the tag 'crossing=uncontrolled' 
1524221202,way,crossing,zebra,should use the tag 'crossing=uncontrolled' 
1524998303,way,crossing,zebra,should use the tag 'crossing=uncontrolled' 
1547933510,way,crossing,zebra,should use the tag 'crossing=uncontrolled' 
1548005872,way,crossing,zebra,should use the tag 'crossing=uncontrolled' 
1549177372,way,crossing,zebra,should use the tag 'crossing=uncontrolled' 
1549450049,way,crossing,zebra,should use the tag 'crossing=uncontrolled' 
